row_id,paper_id,seed,fold,y_true,y_pred
row-0000003,citation::andracchio charles r and john c aydelott comparison of flame spreading over thin flat surfaces in normal gravity and weightlessness in an oxygen environment nasa technical memorandum nasa tm x 1992 1970,42,0,0.056,0.05500600285675792
row-0000004,citation::andracchio charles r and john c aydelott comparison of flame spreading over thin flat surfaces in normal gravity and weightlessness in an oxygen environment nasa technical memorandum nasa tm x 1992 1970,42,0,0.036,0.052754937703245734
row-0000005,citation::andracchio charles r and john c aydelott comparison of flame spreading over thin flat surfaces in normal gravity and weightlessness in an oxygen environment nasa technical memorandum nasa tm x 1992 1970,42,0,0.06,0.05500600285675792
row-0000006,citation::andracchio charles r and john c aydelott comparison of flame spreading over thin flat surfaces in normal gravity and weightlessness in an oxygen environment nasa technical memorandum nasa tm x 1992 1970,42,0,0.042,0.052754937703245734
row-0000008,citation::andracchio charles r and john c aydelott comparison of flame spreading over thin flat surfaces in normal gravity and weightlessness in an oxygen environment nasa technical memorandum nasa tm x 1992 1970,42,0,0.043,0.052754937703245734
row-0000009,citation::andracchio charles r and john c aydelott comparison of flame spreading over thin flat surfaces in normal gravity and weightlessness in an oxygen environment nasa technical memorandum nasa tm x 1992 1970,42,0,0.03,0.028140192065766345
row-0000010,citation::andracchio charles r and john c aydelott comparison of flame spreading over thin flat surfaces in normal gravity and weightlessness in an oxygen environment nasa technical memorandum nasa tm x 1992 1970,42,0,0.022,0.026053907441203894
row-0000011,citation::andracchio charles r and john c aydelott comparison of flame spreading over thin flat surfaces in normal gravity and weightlessness in an oxygen environment nasa technical memorandum nasa tm x 1992 1970,42,0,0.035,0.028140192065766345
row-0000012,citation::andracchio charles r and john c aydelott comparison of flame spreading over thin flat surfaces in normal gravity and weightlessness in an oxygen environment nasa technical memorandum nasa tm x 1992 1970,42,0,0.023,0.026053907441203894
row-0000013,citation::andracchio charles r and john c aydelott comparison of flame spreading over thin flat surfaces in normal gravity and weightlessness in an oxygen environment nasa technical memorandum nasa tm x 1992 1970,42,0,0.032,0.028140192065766345
row-0000015,citation::andracchio charles r and john c aydelott comparison of flame spreading over thin flat surfaces in normal gravity and weightlessness in an oxygen environment nasa technical memorandum nasa tm x 1992 1970,42,0,0.098,0.05049428581311491
row-0000016,citation::andracchio charles r and john c aydelott comparison of flame spreading over thin flat surfaces in normal gravity and weightlessness in an oxygen environment nasa technical memorandum nasa tm x 1992 1970,42,0,0.09,0.04889942261139129
row-0000017,citation::andracchio charles r and john c aydelott comparison of flame spreading over thin flat surfaces in normal gravity and weightlessness in an oxygen environment nasa technical memorandum nasa tm x 1992 1970,42,0,0.106,0.05049428581311491
row-0000018,citation::andracchio charles r and john c aydelott comparison of flame spreading over thin flat surfaces in normal gravity and weightlessness in an oxygen environment nasa technical memorandum nasa tm x 1992 1970,42,0,0.087,0.04889942261139129
row-0000021,citation::andracchio charles r and john c aydelott comparison of flame spreading over thin flat surfaces in normal gravity and weightlessness in an oxygen environment nasa technical memorandum nasa tm x 1992 1970,42,0,0.105,0.03068979209090274
row-0000022,citation::andracchio charles r and john c aydelott comparison of flame spreading over thin flat surfaces in normal gravity and weightlessness in an oxygen environment nasa technical memorandum nasa tm x 1992 1970,42,0,0.093,0.029341591633603673
row-0000023,citation::andracchio charles r and john c aydelott comparison of flame spreading over thin flat surfaces in normal gravity and weightlessness in an oxygen environment nasa technical memorandum nasa tm x 1992 1970,42,0,0.116,0.03068979209090274
row-0000024,citation::andracchio charles r and john c aydelott comparison of flame spreading over thin flat surfaces in normal gravity and weightlessness in an oxygen environment nasa technical memorandum nasa tm x 1992 1970,42,0,0.099,0.029341591633603673
row-0000025,citation::andracchio charles r and john c aydelott comparison of flame spreading over thin flat surfaces in normal gravity and weightlessness in an oxygen environment nasa technical memorandum nasa tm x 1992 1970,42,0,0.102,0.03068979209090274
row-0000027,citation::andracchio charles r and john c aydelott comparison of flame spreading over thin flat surfaces in normal gravity and weightlessness in an oxygen environment nasa technical memorandum nasa tm x 1992 1970,42,0,0.02,0.015871752528511383
row-0000028,citation::andracchio charles r and john c aydelott comparison of flame spreading over thin flat surfaces in normal gravity and weightlessness in an oxygen environment nasa technical memorandum nasa tm x 1992 1970,42,0,0.015,0.01393318468597846
row-0000029,citation::andracchio charles r and john c aydelott comparison of flame spreading over thin flat surfaces in normal gravity and weightlessness in an oxygen environment nasa technical memorandum nasa tm x 1992 1970,42,0,0.023,0.015871752528511383
row-0000030,citation::andracchio charles r and john c aydelott comparison of flame spreading over thin flat surfaces in normal gravity and weightlessness in an oxygen environment nasa technical memorandum nasa tm x 1992 1970,42,0,0.012,0.01393318468597846
row-0000266,doi::10.5802/crmeca.149,42,0,0.0011,0.001351373209215779
row-0000267,doi::10.5802/crmeca.149,42,0,0.00125,0.0013699410748365562
row-0000268,doi::10.5802/crmeca.149,42,0,0.0014,0.001419042889618901
row-0000269,doi::10.5802/crmeca.149,42,0,0.0015,0.0015097913976582
row-0000270,doi::10.5802/crmeca.149,42,0,0.00145,0.001453083278432059
row-0000272,doi::10.5802/crmeca.149,42,0,0.0009,0.0008491456752083285
row-0000273,doi::10.5802/crmeca.149,42,0,0.0016,0.0014638857590134177
row-0000274,doi::10.5802/crmeca.149,42,0,0.0013,0.0013699410748365562
row-0000275,doi::10.5802/crmeca.149,42,0,0.0009,0.0008941017126211955
row-0000276,doi::10.5802/crmeca.149,42,0,0.0018,0.001622097912751834
row-0000278,doi::10.5802/crmeca.149,42,0,0.0012,0.00107365846682744
row-0000279,doi::10.5802/crmeca.149,42,0,0.00195,0.0017182464434038313
row-0000281,doi::10.5802/crmeca.149,42,0,0.0013,0.001122572644952492
row-0000282,doi::10.5802/crmeca.149,42,0,0.00115,0.0013559537317215065
row-0000283,doi::10.5802/crmeca.149,42,0,0.00112,0.001351373209215779
row-0000284,doi::10.5802/crmeca.149,42,0,0.00107,0.0013322944525090649
row-0000285,doi::10.5802/crmeca.149,42,0,0.00127,0.0013743954865924415
row-0000286,doi::10.5802/crmeca.149,42,0,0.00126,0.0013699410748365562
row-0000287,doi::10.5802/crmeca.149,42,0,0.00116,0.0013499114737357263
row-0000288,doi::10.5802/crmeca.149,42,0,0.00137,0.0013883200839770737
row-0000289,doi::10.5802/crmeca.149,42,0,0.00137,0.001419042889618901
row-0000290,doi::10.5802/crmeca.149,42,0,0.00136,0.0013640041286685591
row-0000291,doi::10.5802/crmeca.149,42,0,0.0015,0.0014807037734784288
row-0000292,doi::10.5802/crmeca.149,42,0,0.0014,0.0015097913976582
row-0000293,doi::10.5802/crmeca.149,42,0,0.00137,0.0014657554742411505
row-0000447,doi::10.1016/j.combustflame.2020.09.003,42,0,0.0014,0.0014189225701348755
row-0000448,doi::10.1016/j.combustflame.2020.09.003,42,0,0.00136,0.001387970168010687
row-0000449,doi::10.1016/j.combustflame.2020.09.003,42,0,0.00143,0.0013875259274493909
row-0000450,doi::10.1016/j.combustflame.2020.09.003,42,0,0.00142,0.0013865674813994197
row-0000451,doi::10.1016/j.combustflame.2020.09.003,42,0,0.00139,0.0013836519181092345
row-0000452,doi::10.1016/j.combustflame.2020.09.003,42,0,0.00138,0.0013640041286685591
row-0000553,doi::10.1016/j.proci.2018.06.022,42,0,0.00021,0.0008635805734593938
row-0000554,doi::10.1016/j.proci.2018.06.022,42,0,0.00024,0.00042110401903353424
row-0000555,doi::10.1016/j.proci.2018.06.022,42,0,0.00018,0.0003953067716349317
row-0000556,doi::10.1016/j.proci.2018.06.022,42,0,0.00015,0.0003934907415141445
row-0000557,doi::10.1016/j.proci.2018.06.022,42,0,4e-05,0.00039261265696776375
row-0000558,doi::10.1016/j.proci.2018.06.022,42,0,3e-05,0.000392186496195057
row-0000559,doi::10.1016/j.proci.2018.06.022,42,0,3e-05,0.0003921088491362334
row-0000561,doi::10.1016/j.proci.2018.06.022,42,0,0.00013,0.00017427328382173027
row-0000562,doi::10.1016/j.proci.2018.06.022,42,0,0.00014,9.04739454021335e-05
row-0000563,doi::10.1016/j.proci.2018.06.022,42,0,0.00011,9.37713435066621e-05
row-0000564,doi::10.1016/j.proci.2018.06.022,42,0,9e-05,9.261219004151841e-05
row-0000565,doi::10.1016/j.proci.2018.06.022,42,0,8e-05,9.136544804759305e-05
row-0000566,doi::10.1016/j.proci.2018.06.022,42,0,5e-05,8.912371092587858e-05
row-0000567,doi::10.1016/j.proci.2018.06.022,42,0,3e-05,8.448018790203867e-05
row-0000568,doi::10.1016/j.proci.2018.06.022,42,0,2e-05,8.410117855899676e-05
row-0000569,doi::10.1016/j.proci.2018.06.022,42,0,2e-05,8.381526599532953e-05
row-0000570,doi::10.1016/j.proci.2018.06.022,42,0,1e-05,8.381526599532953e-05
row-0000571,doi::10.1016/j.proci.2018.06.022,42,0,0.0001,0.00018566346612583284
row-0000572,doi::10.1016/j.proci.2018.06.022,42,0,0.00011,8.932273125953988e-05
row-0000573,doi::10.1016/j.proci.2018.06.022,42,0,9e-05,9.222537748622905e-05
row-0000574,doi::10.1016/j.proci.2018.06.022,42,0,7e-05,8.845428898163081e-05
row-0000575,doi::10.1016/j.proci.2018.06.022,42,0,4e-05,8.23180514378783e-05
row-0000576,doi::10.1016/j.proci.2018.06.022,42,0,3e-05,8.11475732789922e-05
row-0000577,doi::10.1016/j.proci.2018.06.022,42,0,2e-05,8.167368439010331e-05
row-0000578,doi::10.1016/j.proci.2018.06.022,42,0,2e-05,8.167368439010331e-05
row-0000579,doi::10.1016/j.proci.2018.06.022,42,0,1e-05,8.167368439010331e-05
row-0000580,doi::10.1016/j.proci.2018.06.022,42,0,1e-05,8.167368439010331e-05
row-0000581,doi::10.1016/j.proci.2018.06.022,42,0,9e-05,0.00017708088402014087
row-0000582,doi::10.1016/j.proci.2018.06.022,42,0,9e-05,7.9761667556018e-05
row-0000583,doi::10.1016/j.proci.2018.06.022,42,0,9e-05,7.979041601318743e-05
row-0000584,doi::10.1016/j.proci.2018.06.022,42,0,9e-05,8.105393699134859e-05
row-0000585,doi::10.1016/j.proci.2018.06.022,42,0,9e-05,8.084481235031196e-05
row-0000586,doi::10.1016/j.proci.2018.06.022,42,0,8e-05,7.982105816810218e-05
row-0000587,doi::10.1016/j.proci.2018.06.022,42,0,6e-05,7.503725523194057e-05
row-0000588,doi::10.1016/j.proci.2018.06.022,42,0,5e-05,7.104064075315782e-05
row-0000589,doi::10.1016/j.proci.2018.06.022,42,0,5e-05,6.974802072690081e-05
row-0000590,doi::10.1016/j.proci.2018.06.022,42,0,4e-05,6.769561968061659e-05
row-0000591,doi::10.1016/j.proci.2018.06.022,42,0,4e-05,6.749792780386589e-05
row-0000592,doi::10.1016/j.proci.2018.06.022,42,0,3e-05,6.749792780386589e-05
row-0000593,doi::10.1016/j.proci.2018.06.022,42,0,3e-05,6.8024038914977e-05
row-0000594,doi::10.1016/j.proci.2018.06.022,42,0,2e-05,6.8024038914977e-05
row-0000595,doi::10.1016/j.proci.2018.06.022,42,0,2e-05,6.8024038914977e-05
row-0000596,doi::10.1016/j.proci.2018.06.022,42,0,2e-05,6.8024038914977e-05
row-0000597,doi::10.1016/j.proci.2018.06.022,42,0,1e-05,6.8024038914977e-05
row-0000598,doi::10.1016/j.proci.2018.06.022,42,0,1e-05,6.8024038914977e-05
row-0000600,doi::10.1016/j.proci.2018.06.022,42,0,3e-05,0.0002021907837414162
row-0000601,doi::10.1016/j.proci.2018.06.022,42,0,4e-05,0.00010204247391169425
row-0000602,doi::10.1016/j.proci.2018.06.022,42,0,6e-05,8.253776551070672e-05
row-0000603,doi::10.1016/j.proci.2018.06.022,42,0,7e-05,7.244522480566872e-05
row-0000604,doi::10.1016/j.proci.2018.06.022,42,0,8e-05,6.783123003740382e-05
row-0000605,doi::10.1016/j.proci.2018.06.022,42,0,4e-05,0.000202112917708721
row-0000606,doi::10.1016/j.proci.2018.06.022,42,0,4e-05,0.00010195292316187495
row-0000607,doi::10.1016/j.proci.2018.06.022,42,0,6e-05,8.236685677769414e-05
row-0000608,doi::10.1016/j.proci.2018.06.022,42,0,7e-05,7.237239430867107e-05
row-0000609,doi::10.1016/j.proci.2018.06.022,42,0,7e-05,6.80155856875923e-05
row-0000610,doi::10.1016/j.proci.2018.06.022,42,0,6e-05,0.00021692672991266074
row-0000611,doi::10.1016/j.proci.2018.06.022,42,0,8e-05,0.00011595687922613138
row-0000612,doi::10.1016/j.proci.2018.06.022,42,0,0.0001,9.670659915352931e-05
row-0000613,doi::10.1016/j.proci.2018.06.022,42,0,0.00012,8.676393690254615e-05
row-0000614,doi::10.1016/j.proci.2018.06.022,42,0,0.00013,8.228444971003882e-05
row-0000615,doi::10.1016/j.proci.2018.06.022,42,0,4e-05,0.0002115457103505834
row-0000616,doi::10.1016/j.proci.2018.06.022,42,0,5e-05,0.00011161386376688513
row-0000617,doi::10.1016/j.proci.2018.06.022,42,0,7e-05,9.208752586500633e-05
row-0000618,doi::10.1016/j.proci.2018.06.022,42,0,8e-05,8.216775313773363e-05
row-0000619,doi::10.1016/j.proci.2018.06.022,42,0,9e-05,7.761357620347591e-05
row-0000621,doi::10.1016/j.proci.2018.06.022,42,0,4e-05,4.5490959047238705e-05
row-0000622,doi::10.1016/j.proci.2018.06.022,42,0,6e-05,4.443212957605628e-05
row-0000623,doi::10.1016/j.proci.2018.06.022,42,0,7e-05,4.1834430007467154e-05
row-0000624,doi::10.1016/j.proci.2018.06.022,42,0,0.0001,4.1890954890753796e-05
row-0000626,doi::10.1016/j.proci.2018.06.022,42,0,3e-05,5.115595192960821e-05
row-0000627,doi::10.1016/j.proci.2018.06.022,42,0,6e-05,5.096816405082034e-05
row-0000628,doi::10.1016/j.proci.2018.06.022,42,0,7e-05,5.131771518892486e-05
row-0000629,doi::10.1016/j.proci.2018.06.022,42,0,0.0001,5.162568713109229e-05
row-0000630,doi::10.1016/j.proci.2018.06.022,42,0,0.00011,7.260199230394209e-05
row-0000632,doi::10.1016/j.proci.2018.06.022,42,0,3e-05,5.1485741667267e-05
row-0000633,doi::10.1016/j.proci.2018.06.022,42,0,6e-05,5.181122472054556e-05
row-0000634,doi::10.1016/j.proci.2018.06.022,42,0,8e-05,7.269694537685496e-05
row-0000635,doi::10.1016/j.proci.2018.06.022,42,0,0.00011,7.982105816810218e-05
row-0002297,citation::meyer florian jan hei meier hans christoph ries and christian eigenbrod sooting behavior in concurrent and upward burning of cylindrical pmma samples 52nd international conference on environmental systems ices 2023 171 calgary canada 16 20 july 2023,42,0,0.00274,0.0004630048791931364
row-0002298,citation::meyer florian jan hei meier hans christoph ries and christian eigenbrod sooting behavior in concurrent and upward burning of cylindrical pmma samples 52nd international conference on environmental systems ices 2023 171 calgary canada 16 20 july 2023,42,0,0.00212,0.00044879296197608955
row-0002299,citation::meyer florian jan hei meier hans christoph ries and christian eigenbrod sooting behavior in concurrent and upward burning of cylindrical pmma samples 52nd international conference on environmental systems ices 2023 171 calgary canada 16 20 july 2023,42,0,0.00138,0.0292661011247147
row-0002300,citation::meyer florian jan hei meier hans christoph ries and christian eigenbrod sooting behavior in concurrent and upward burning of cylindrical pmma samples 52nd international conference on environmental systems ices 2023 171 calgary canada 16 20 july 2023,42,0,0.00197,0.029254047450361923
row-0002301,citation::meyer florian jan hei meier hans christoph ries and christian eigenbrod sooting behavior in concurrent and upward burning of cylindrical pmma samples 52nd international conference on environmental systems ices 2023 171 calgary canada 16 20 july 2023,42,0,0.00123,0.02926303115508518
row-0002302,citation::meyer florian jan hei meier hans christoph ries and christian eigenbrod sooting behavior in concurrent and upward burning of cylindrical pmma samples 52nd international conference on environmental systems ices 2023 171 calgary canada 16 20 july 2023,42,0,0.00189,0.029250382372397903
row-0002699,citation::friedman robert brian jackson and sandra olson testing and selection of fire resistant materials for spacecraft use nasa technical memorandum 2000 209773 mar 2000 nasa sti program office glenn research center cleveland ohio,42,0,0.0053,0.007658266833451525
row-0002700,citation::friedman robert brian jackson and sandra olson testing and selection of fire resistant materials for spacecraft use nasa technical memorandum 2000 209773 mar 2000 nasa sti program office glenn research center cleveland ohio,42,0,0.0055,0.007658266833451525
row-0002701,citation::friedman robert brian jackson and sandra olson testing and selection of fire resistant materials for spacecraft use nasa technical memorandum 2000 209773 mar 2000 nasa sti program office glenn research center cleveland ohio,42,0,0.0054,0.007658266833451525
row-0002702,citation::friedman robert brian jackson and sandra olson testing and selection of fire resistant materials for spacecraft use nasa technical memorandum 2000 209773 mar 2000 nasa sti program office glenn research center cleveland ohio,42,0,0.0056,0.008894537704803755
row-0002703,citation::friedman robert brian jackson and sandra olson testing and selection of fire resistant materials for spacecraft use nasa technical memorandum 2000 209773 mar 2000 nasa sti program office glenn research center cleveland ohio,42,0,0.0109,0.010226280779944212
row-0002704,citation::friedman robert brian jackson and sandra olson testing and selection of fire resistant materials for spacecraft use nasa technical memorandum 2000 209773 mar 2000 nasa sti program office glenn research center cleveland ohio,42,0,0.0126,0.010912208495404804
row-0002705,citation::friedman robert brian jackson and sandra olson testing and selection of fire resistant materials for spacecraft use nasa technical memorandum 2000 209773 mar 2000 nasa sti program office glenn research center cleveland ohio,42,0,0.0174,0.011547007652558425
row-0002706,citation::friedman robert brian jackson and sandra olson testing and selection of fire resistant materials for spacecraft use nasa technical memorandum 2000 209773 mar 2000 nasa sti program office glenn research center cleveland ohio,42,0,0.0181,0.011547007652558425
row-0002707,citation::friedman robert brian jackson and sandra olson testing and selection of fire resistant materials for spacecraft use nasa technical memorandum 2000 209773 mar 2000 nasa sti program office glenn research center cleveland ohio,42,0,0.0186,0.011547007652558425
row-0002708,citation::friedman robert brian jackson and sandra olson testing and selection of fire resistant materials for spacecraft use nasa technical memorandum 2000 209773 mar 2000 nasa sti program office glenn research center cleveland ohio,42,0,0.0172,0.011547007652558425
row-0002709,citation::friedman robert brian jackson and sandra olson testing and selection of fire resistant materials for spacecraft use nasa technical memorandum 2000 209773 mar 2000 nasa sti program office glenn research center cleveland ohio,42,0,0.0188,0.011547007652558425
row-0002710,citation::friedman robert brian jackson and sandra olson testing and selection of fire resistant materials for spacecraft use nasa technical memorandum 2000 209773 mar 2000 nasa sti program office glenn research center cleveland ohio,42,0,0.0184,0.011547007652558425
row-0002711,citation::friedman robert brian jackson and sandra olson testing and selection of fire resistant materials for spacecraft use nasa technical memorandum 2000 209773 mar 2000 nasa sti program office glenn research center cleveland ohio,42,0,0.0217,0.017449628436858173
row-0002712,citation::friedman robert brian jackson and sandra olson testing and selection of fire resistant materials for spacecraft use nasa technical memorandum 2000 209773 mar 2000 nasa sti program office glenn research center cleveland ohio,42,0,0.0263,0.021293994398344368
row-0002713,citation::friedman robert brian jackson and sandra olson testing and selection of fire resistant materials for spacecraft use nasa technical memorandum 2000 209773 mar 2000 nasa sti program office glenn research center cleveland ohio,42,0,0.0267,0.021293994398344368
row-0002714,citation::friedman robert brian jackson and sandra olson testing and selection of fire resistant materials for spacecraft use nasa technical memorandum 2000 209773 mar 2000 nasa sti program office glenn research center cleveland ohio,42,0,0.0285,0.021293994398344368
row-0002716,citation::friedman robert brian jackson and sandra olson testing and selection of fire resistant materials for spacecraft use nasa technical memorandum 2000 209773 mar 2000 nasa sti program office glenn research center cleveland ohio,42,0,0.0286,0.021293994398344368
row-0002717,citation::friedman robert brian jackson and sandra olson testing and selection of fire resistant materials for spacecraft use nasa technical memorandum 2000 209773 mar 2000 nasa sti program office glenn research center cleveland ohio,42,0,0.0272,0.021293994398344368
row-0002718,citation::friedman robert brian jackson and sandra olson testing and selection of fire resistant materials for spacecraft use nasa technical memorandum 2000 209773 mar 2000 nasa sti program office glenn research center cleveland ohio,42,0,0.0378,0.02865667428037163
row-0002719,citation::friedman robert brian jackson and sandra olson testing and selection of fire resistant materials for spacecraft use nasa technical memorandum 2000 209773 mar 2000 nasa sti program office glenn research center cleveland ohio,42,0,0.0389,0.02865667428037163
row-0002720,citation::friedman robert brian jackson and sandra olson testing and selection of fire resistant materials for spacecraft use nasa technical memorandum 2000 209773 mar 2000 nasa sti program office glenn research center cleveland ohio,42,0,0.0494,0.037421669169868735
row-0002721,citation::friedman robert brian jackson and sandra olson testing and selection of fire resistant materials for spacecraft use nasa technical memorandum 2000 209773 mar 2000 nasa sti program office glenn research center cleveland ohio,42,0,0.0455,0.037421669169868735
row-0002722,citation::friedman robert brian jackson and sandra olson testing and selection of fire resistant materials for spacecraft use nasa technical memorandum 2000 209773 mar 2000 nasa sti program office glenn research center cleveland ohio,42,0,0.0611,0.04656182565596333
row-0002723,citation::friedman robert brian jackson and sandra olson testing and selection of fire resistant materials for spacecraft use nasa technical memorandum 2000 209773 mar 2000 nasa sti program office glenn research center cleveland ohio,42,0,0.0613,0.04656182565596333
row-0002724,citation::friedman robert brian jackson and sandra olson testing and selection of fire resistant materials for spacecraft use nasa technical memorandum 2000 209773 mar 2000 nasa sti program office glenn research center cleveland ohio,42,0,0.0709,0.047911160943339956
row-0002725,citation::friedman robert brian jackson and sandra olson testing and selection of fire resistant materials for spacecraft use nasa technical memorandum 2000 209773 mar 2000 nasa sti program office glenn research center cleveland ohio,42,0,0.0674,0.047911160943339956
row-0002726,citation::friedman robert brian jackson and sandra olson testing and selection of fire resistant materials for spacecraft use nasa technical memorandum 2000 209773 mar 2000 nasa sti program office glenn research center cleveland ohio,42,0,0.005,0.006306870954710498
row-0002727,citation::friedman robert brian jackson and sandra olson testing and selection of fire resistant materials for spacecraft use nasa technical memorandum 2000 209773 mar 2000 nasa sti program office glenn research center cleveland ohio,42,0,0.0061,0.0063024696594424015
row-0002728,citation::friedman robert brian jackson and sandra olson testing and selection of fire resistant materials for spacecraft use nasa technical memorandum 2000 209773 mar 2000 nasa sti program office glenn research center cleveland ohio,42,0,0.0075,0.0076633836158113205
row-0002729,citation::friedman robert brian jackson and sandra olson testing and selection of fire resistant materials for spacecraft use nasa technical memorandum 2000 209773 mar 2000 nasa sti program office glenn research center cleveland ohio,42,0,0.0112,0.007853982652099627
row-0002730,citation::friedman robert brian jackson and sandra olson testing and selection of fire resistant materials for spacecraft use nasa technical memorandum 2000 209773 mar 2000 nasa sti program office glenn research center cleveland ohio,42,0,0.0155,0.010620749496554883
row-0002731,citation::friedman robert brian jackson and sandra olson testing and selection of fire resistant materials for spacecraft use nasa technical memorandum 2000 209773 mar 2000 nasa sti program office glenn research center cleveland ohio,42,0,0.0139,0.010620749496554883
row-0002732,citation::friedman robert brian jackson and sandra olson testing and selection of fire resistant materials for spacecraft use nasa technical memorandum 2000 209773 mar 2000 nasa sti program office glenn research center cleveland ohio,42,0,0.0154,0.010620749496554883
row-0002733,citation::friedman robert brian jackson and sandra olson testing and selection of fire resistant materials for spacecraft use nasa technical memorandum 2000 209773 mar 2000 nasa sti program office glenn research center cleveland ohio,42,0,0.0138,0.010620749496554883
row-0002734,citation::friedman robert brian jackson and sandra olson testing and selection of fire resistant materials for spacecraft use nasa technical memorandum 2000 209773 mar 2000 nasa sti program office glenn research center cleveland ohio,42,0,0.0192,0.012058124980098426
row-0002735,citation::friedman robert brian jackson and sandra olson testing and selection of fire resistant materials for spacecraft use nasa technical memorandum 2000 209773 mar 2000 nasa sti program office glenn research center cleveland ohio,42,0,0.0297,0.02190998435125717
row-0002736,citation::friedman robert brian jackson and sandra olson testing and selection of fire resistant materials for spacecraft use nasa technical memorandum 2000 209773 mar 2000 nasa sti program office glenn research center cleveland ohio,42,0,0.0357,0.029295999679946384
row-0002737,citation::friedman robert brian jackson and sandra olson testing and selection of fire resistant materials for spacecraft use nasa technical memorandum 2000 209773 mar 2000 nasa sti program office glenn research center cleveland ohio,42,0,0.0428,0.03771745329150413
row-0002738,citation::friedman robert brian jackson and sandra olson testing and selection of fire resistant materials for spacecraft use nasa technical memorandum 2000 209773 mar 2000 nasa sti program office glenn research center cleveland ohio,42,0,0.0518,0.0468627626648279
row-0002739,citation::friedman robert brian jackson and sandra olson testing and selection of fire resistant materials for spacecraft use nasa technical memorandum 2000 209773 mar 2000 nasa sti program office glenn research center cleveland ohio,42,0,0.0575,0.0468627626648279
row-0002740,citation::friedman robert brian jackson and sandra olson testing and selection of fire resistant materials for spacecraft use nasa technical memorandum 2000 209773 mar 2000 nasa sti program office glenn research center cleveland ohio,42,0,0.0751,0.04824566654311363
row-0002741,citation::friedman robert brian jackson and sandra olson testing and selection of fire resistant materials for spacecraft use nasa technical memorandum 2000 209773 mar 2000 nasa sti program office glenn research center cleveland ohio,42,0,0.0025,0.007549848749804849
row-0002742,citation::friedman robert brian jackson and sandra olson testing and selection of fire resistant materials for spacecraft use nasa technical memorandum 2000 209773 mar 2000 nasa sti program office glenn research center cleveland ohio,42,0,0.004,0.007326387040373807
row-0002743,citation::friedman robert brian jackson and sandra olson testing and selection of fire resistant materials for spacecraft use nasa technical memorandum 2000 209773 mar 2000 nasa sti program office glenn research center cleveland ohio,42,0,0.0036,0.007413023714001382
row-0002744,citation::friedman robert brian jackson and sandra olson testing and selection of fire resistant materials for spacecraft use nasa technical memorandum 2000 209773 mar 2000 nasa sti program office glenn research center cleveland ohio,42,0,0.0047,0.008187844121806663
row-0002745,citation::friedman robert brian jackson and sandra olson testing and selection of fire resistant materials for spacecraft use nasa technical memorandum 2000 209773 mar 2000 nasa sti program office glenn research center cleveland ohio,42,0,0.0063,0.008187844121806663
row-0002746,citation::friedman robert brian jackson and sandra olson testing and selection of fire resistant materials for spacecraft use nasa technical memorandum 2000 209773 mar 2000 nasa sti program office glenn research center cleveland ohio,42,0,0.0054,0.008187844121806663
row-0002747,citation::friedman robert brian jackson and sandra olson testing and selection of fire resistant materials for spacecraft use nasa technical memorandum 2000 209773 mar 2000 nasa sti program office glenn research center cleveland ohio,42,0,0.0142,0.01827490143199391
row-0002748,citation::friedman robert brian jackson and sandra olson testing and selection of fire resistant materials for spacecraft use nasa technical memorandum 2000 209773 mar 2000 nasa sti program office glenn research center cleveland ohio,42,0,0.0129,0.01827490143199391
row-0002749,citation::friedman robert brian jackson and sandra olson testing and selection of fire resistant materials for spacecraft use nasa technical memorandum 2000 209773 mar 2000 nasa sti program office glenn research center cleveland ohio,42,0,0.0155,0.01827490143199391
row-0002750,citation::friedman robert brian jackson and sandra olson testing and selection of fire resistant materials for spacecraft use nasa technical memorandum 2000 209773 mar 2000 nasa sti program office glenn research center cleveland ohio,42,0,0.02,0.02751584196087485
row-0002751,citation::friedman robert brian jackson and sandra olson testing and selection of fire resistant materials for spacecraft use nasa technical memorandum 2000 209773 mar 2000 nasa sti program office glenn research center cleveland ohio,42,0,0.0219,0.02751584196087485
row-0002752,citation::friedman robert brian jackson and sandra olson testing and selection of fire resistant materials for spacecraft use nasa technical memorandum 2000 209773 mar 2000 nasa sti program office glenn research center cleveland ohio,42,0,0.0226,0.03154077296324698
row-0002753,citation::friedman robert brian jackson and sandra olson testing and selection of fire resistant materials for spacecraft use nasa technical memorandum 2000 209773 mar 2000 nasa sti program office glenn research center cleveland ohio,42,0,0.0342,0.03154077296324698
row-0002754,citation::friedman robert brian jackson and sandra olson testing and selection of fire resistant materials for spacecraft use nasa technical memorandum 2000 209773 mar 2000 nasa sti program office glenn research center cleveland ohio,42,0,0.0344,0.03679667356903036
row-0002755,citation::friedman robert brian jackson and sandra olson testing and selection of fire resistant materials for spacecraft use nasa technical memorandum 2000 209773 mar 2000 nasa sti program office glenn research center cleveland ohio,42,0,0.0355,0.03679667356903036
row-0002756,citation::friedman robert brian jackson and sandra olson testing and selection of fire resistant materials for spacecraft use nasa technical memorandum 2000 209773 mar 2000 nasa sti program office glenn research center cleveland ohio,42,0,0.0459,0.03741327936361579
row-0002757,citation::friedman robert brian jackson and sandra olson testing and selection of fire resistant materials for spacecraft use nasa technical memorandum 2000 209773 mar 2000 nasa sti program office glenn research center cleveland ohio,42,0,0.0272,0.03741327936361579
row-0002758,citation::friedman robert brian jackson and sandra olson testing and selection of fire resistant materials for spacecraft use nasa technical memorandum 2000 209773 mar 2000 nasa sti program office glenn research center cleveland ohio,42,0,0.0028,0.006290437890211633
row-0002759,citation::friedman robert brian jackson and sandra olson testing and selection of fire resistant materials for spacecraft use nasa technical memorandum 2000 209773 mar 2000 nasa sti program office glenn research center cleveland ohio,42,0,0.0033,0.006290437890211633
row-0002760,citation::friedman robert brian jackson and sandra olson testing and selection of fire resistant materials for spacecraft use nasa technical memorandum 2000 209773 mar 2000 nasa sti program office glenn research center cleveland ohio,42,0,0.0032,0.0063024696594424015
row-0002762,citation::friedman robert brian jackson and sandra olson testing and selection of fire resistant materials for spacecraft use nasa technical memorandum 2000 209773 mar 2000 nasa sti program office glenn research center cleveland ohio,42,0,0.0059,0.007853982652099627
row-0002763,citation::friedman robert brian jackson and sandra olson testing and selection of fire resistant materials for spacecraft use nasa technical memorandum 2000 209773 mar 2000 nasa sti program office glenn research center cleveland ohio,42,0,0.0067,0.007853982652099627
row-0002764,citation::friedman robert brian jackson and sandra olson testing and selection of fire resistant materials for spacecraft use nasa technical memorandum 2000 209773 mar 2000 nasa sti program office glenn research center cleveland ohio,42,0,0.0068,0.007853982652099627
row-0002766,citation::friedman robert brian jackson and sandra olson testing and selection of fire resistant materials for spacecraft use nasa technical memorandum 2000 209773 mar 2000 nasa sti program office glenn research center cleveland ohio,42,0,0.0085,0.010620749496554883
row-0002767,citation::friedman robert brian jackson and sandra olson testing and selection of fire resistant materials for spacecraft use nasa technical memorandum 2000 209773 mar 2000 nasa sti program office glenn research center cleveland ohio,42,0,0.0094,0.010620749496554883
row-0002768,citation::friedman robert brian jackson and sandra olson testing and selection of fire resistant materials for spacecraft use nasa technical memorandum 2000 209773 mar 2000 nasa sti program office glenn research center cleveland ohio,42,0,0.0091,0.010620749496554883
row-0002769,citation::friedman robert brian jackson and sandra olson testing and selection of fire resistant materials for spacecraft use nasa technical memorandum 2000 209773 mar 2000 nasa sti program office glenn research center cleveland ohio,42,0,0.0121,0.012058124980098426
row-0002770,citation::friedman robert brian jackson and sandra olson testing and selection of fire resistant materials for spacecraft use nasa technical memorandum 2000 209773 mar 2000 nasa sti program office glenn research center cleveland ohio,42,0,0.018,0.02190998435125717
row-0002771,citation::friedman robert brian jackson and sandra olson testing and selection of fire resistant materials for spacecraft use nasa technical memorandum 2000 209773 mar 2000 nasa sti program office glenn research center cleveland ohio,42,0,0.0172,0.02190998435125717
row-0002772,citation::friedman robert brian jackson and sandra olson testing and selection of fire resistant materials for spacecraft use nasa technical memorandum 2000 209773 mar 2000 nasa sti program office glenn research center cleveland ohio,42,0,0.0228,0.029295999679946384
row-0002773,citation::friedman robert brian jackson and sandra olson testing and selection of fire resistant materials for spacecraft use nasa technical memorandum 2000 209773 mar 2000 nasa sti program office glenn research center cleveland ohio,42,0,0.029,0.03771745329150413
row-0002774,citation::friedman robert brian jackson and sandra olson testing and selection of fire resistant materials for spacecraft use nasa technical memorandum 2000 209773 mar 2000 nasa sti program office glenn research center cleveland ohio,42,0,0.0334,0.0468627626648279
row-0002775,citation::friedman robert brian jackson and sandra olson testing and selection of fire resistant materials for spacecraft use nasa technical memorandum 2000 209773 mar 2000 nasa sti program office glenn research center cleveland ohio,42,0,0.0386,0.04824566654311363
row-0002778,citation::friedman robert brian jackson and sandra olson testing and selection of fire resistant materials for spacecraft use nasa technical memorandum 2000 209773 mar 2000 nasa sti program office glenn research center cleveland ohio,42,0,0.0384,0.02865667428037163
row-0002780,citation::friedman robert brian jackson and sandra olson testing and selection of fire resistant materials for spacecraft use nasa technical memorandum 2000 209773 mar 2000 nasa sti program office glenn research center cleveland ohio,42,0,0.021,0.02865667428037163
row-0002846,doi::10.1016/s0082-0784(89)80132-8,42,0,0.0054,0.007711254756013555
row-0002847,doi::10.1016/s0082-0784(89)80132-8,42,0,0.0087,0.008504513993930136
row-0002848,doi::10.1016/s0082-0784(89)80132-8,42,0,0.0035,0.007270372100726354
row-0002849,doi::10.1016/s0082-0784(89)80132-8,42,0,0.004,0.007745345614921234
row-0002850,doi::10.1016/s0082-0784(89)80132-8,42,0,0.0064,0.008480026254317909
row-0002851,doi::10.1016/s0082-0784(89)80132-8,42,0,0.0021,0.0069725081569842005
row-0002852,doi::10.1016/s0082-0784(89)80132-8,42,0,0.0027,0.0069252724808927515
row-0002853,doi::10.1016/s0082-0784(89)80132-8,42,0,0.0036,0.007524979070077398
row-0002854,doi::10.1016/s0082-0784(89)80132-8,42,0,0.0019,0.007440504234604825
row-0002891,doi::10.1080/00102209108951711,42,0,0.01694,0.00844618123753762
row-0002892,doi::10.1080/00102209108951711,42,0,0.0202,0.010085967665490168
row-0002893,doi::10.1080/00102209108951711,42,0,0.0203,0.010700969667552955
row-0002894,doi::10.1080/00102209108951711,42,0,0.01959,0.01059524944387685
row-0002895,doi::10.1080/00102209108951711,42,0,0.01884,0.010560367019217805
row-0002896,doi::10.1080/00102209108951711,42,0,0.01888,0.009866833434544451
row-0002897,doi::10.1080/00102209108951711,42,0,0.01084,0.007993257489821728
row-0002898,doi::10.1080/00102209108951711,42,0,0.0114,0.00755360269436693
row-0002899,doi::10.1080/00102209108951711,42,0,0.01276,0.0075421157658538
row-0002900,doi::10.1080/00102209108951711,42,0,0.01485,0.007293476999959881
row-0002901,doi::10.1080/00102209108951711,42,0,0.0144,0.007312311341876965
row-0002902,doi::10.1080/00102209108951711,42,0,0.01417,0.007185696442161929
row-0002903,doi::10.1080/00102209108951711,42,0,0.01401,0.007312311341876965
row-0002904,doi::10.1080/00102209108951711,42,0,0.01327,0.0073239884757917975
row-0002905,doi::10.1080/00102209108951711,42,0,0.01286,0.007303076866914977
row-0002906,doi::10.1080/00102209108951711,42,0,0.00307,0.006524923858616798
row-0002907,doi::10.1080/00102209108951711,42,0,0.00639,0.0074646947035867
row-0002908,doi::10.1080/00102209108951711,42,0,0.00845,0.007236238683766327
row-0002909,doi::10.1080/00102209108951711,42,0,0.0192,0.010790933598169202
row-0002910,doi::10.1080/00102209108951711,42,0,0.0188,0.009866833434544451
row-0002911,doi::10.1080/00102209108951711,42,0,0.0194,0.010752884057594397
row-0002912,doi::10.1080/00102209108951711,42,0,0.0156,0.008242236062565704
row-0002913,doi::10.1080/00102209108951711,42,0,0.0112,0.008022943203788041
row-0002914,doi::10.1080/00102209108951711,42,0,0.0132,0.00732190270090492
row-0002915,doi::10.1080/00102209108951711,42,0,0.0148,0.007293699021974962
row-0002916,doi::10.1080/00102209108951711,42,0,0.0108,0.007549911972317607
row-0002917,doi::10.1080/00102209108951711,42,0,0.0075,0.006995470008708699
row-0002918,doi::10.1080/00102209108951711,42,0,0.0073,0.007256062479949462
row-0002919,doi::10.1080/00102209108951711,42,0,0.0083,0.007236460705781408
row-0002920,doi::10.1080/00102209108951711,42,0,0.003,0.006259987486885867
row-0003073,doi::10.1016/j.combustflame.2018.10.012,42,0,0.00529,0.0022178138088481047
row-0003074,doi::10.1016/j.combustflame.2018.10.012,42,0,0.00289,0.002220694249776923
row-0003075,doi::10.1016/j.combustflame.2018.10.012,42,0,0.00187,0.002006033828337297
row-0003076,doi::10.1016/j.combustflame.2018.10.012,42,0,0.00136,0.0017721043158684387
row-0003077,doi::10.1016/j.combustflame.2018.10.012,42,0,0.00116,0.0017209520780360574
row-0003078,doi::10.1016/j.combustflame.2018.10.012,42,0,0.00314,0.0022202593234168693
row-0003079,doi::10.1016/j.combustflame.2018.10.012,42,0,0.00209,0.00222161491644359
row-0003080,doi::10.1016/j.combustflame.2018.10.012,42,0,0.00056,0.00172973225576659
row-0003081,doi::10.1016/j.combustflame.2018.10.012,42,0,0.00086,0.0017320752381386403
row-0003082,doi::10.1016/j.combustflame.2018.10.012,42,0,0.001,0.0017607832813400545
row-0003083,doi::10.1016/j.combustflame.2018.10.012,42,0,0.00114,0.0022270515228950336
row-0003084,doi::10.1016/j.combustflame.2018.10.012,42,0,0.00113,0.003346505655854421
row-0003085,doi::10.1016/j.combustflame.2018.10.012,42,0,0.00141,0.0030695598987422155
row-0003086,doi::10.1016/j.combustflame.2018.10.012,42,0,0.00153,0.0034577143553735064
row-0003087,doi::10.1016/j.combustflame.2018.10.012,42,0,0.00157,0.005740501563497911
row-0003088,doi::10.1016/j.combustflame.2018.10.012,42,0,0.00116,0.04176511495226933
row-0003089,doi::10.1016/j.combustflame.2018.10.012,42,0,0.00228,0.007355810815827573
row-0003090,doi::10.1016/j.combustflame.2018.10.012,42,0,0.00172,0.0073575700781446625
row-0003091,doi::10.1016/j.combustflame.2018.10.012,42,0,0.00123,0.010338680406592053
row-0003092,doi::10.1016/j.combustflame.2018.10.012,42,0,0.00094,0.012654959977782109
row-0003093,doi::10.1016/j.combustflame.2018.10.012,42,0,0.00254,0.003946053114986704
row-0003094,doi::10.1016/j.combustflame.2018.10.012,42,0,0.00204,0.00395168287052743
row-0003095,doi::10.1080/00102200490276773,42,0,0.0019,0.0009836561245512058
row-0003096,doi::10.1080/00102200490276773,42,0,0.0032,0.0008902788226579644
row-0003097,doi::10.1080/00102200490276773,42,0,0.0045,0.0009253204671865251
row-0003098,doi::10.1080/00102200490276773,42,0,0.012,0.0011195478575537334
row-0003099,doi::10.1080/00102200490276773,42,0,0.012,0.0010912699807421394
row-0003100,doi::10.1080/00102200490276773,42,0,0.012,0.0010983962680305589
row-0003101,doi::10.1080/00102200490276773,42,0,0.012,0.0010983174585067492
row-0003102,doi::10.1080/00102200490276773,42,0,0.013,0.0010983174585067492
row-0003103,doi::10.1080/00102200490276773,42,0,0.014,0.0010983174585067492
row-0003104,doi::10.1080/00102200490276773,42,0,0.014,0.0010983174585067492
row-0003105,doi::10.1080/00102200490276773,42,0,0.015,0.0010983174585067492
row-0003106,doi::10.1080/00102200490276773,42,0,0.016,0.0010983174585067492
row-0003107,doi::10.1080/00102200490276773,42,0,0.017,0.0010983174585067492
row-0003108,doi::10.1080/00102200490276773,42,0,0.018,0.0011074198827491738
row-0003109,doi::10.1080/00102200490276773,42,0,0.019,0.0011074198827491738
row-0003110,doi::10.1080/00102200490276773,42,0,0.02,0.0011074198827491738
row-0003111,doi::10.1080/00102200490276773,42,0,0.022,0.0011074198827491738
row-0003112,doi::10.1080/00102200490276773,42,0,0.024,0.0011074198827491738
row-0003113,doi::10.1080/00102200490276773,42,0,0.026,0.0011074198827491738
row-0003114,doi::10.1080/00102200490276773,42,0,0.027,0.0011074198827491738
row-0003115,doi::10.1080/00102200490276773,42,0,0.028,0.0011074198827491738
row-0003116,doi::10.1080/00102200490276773,42,0,0.026,0.0011074198827491738
row-0003117,doi::10.1080/00102200490276773,42,0,0.024,0.0011074198827491738
row-0003118,doi::10.1080/00102200490276773,42,0,0.02,0.0011074198827491738
row-0003119,doi::10.1080/00102200490276773,42,0,0.016,0.0011074198827491738
row-0003120,doi::10.1080/00102200490276773,42,0,0.013,0.0011074198827491738
row-0003121,doi::10.1080/00102200490276773,42,0,0.011,0.0011074198827491738
row-0003122,doi::10.1080/00102200490276773,42,0,0.022,0.014625316446007206
row-0003123,doi::10.1080/00102200490276773,42,0,0.023,0.01460603956592764
row-0003124,doi::10.1080/00102200490276773,42,0,0.023,0.014613884841070311
row-0003125,doi::10.1080/00102200490276773,42,0,0.023,0.014613884841070311
row-0003126,doi::10.1080/00102200490276773,42,0,0.023,0.014613884841070311
row-0003127,doi::10.1080/00102200490276773,42,0,0.024,0.014613884841070311
row-0003128,doi::10.1080/00102200490276773,42,0,0.025,0.014613884841070311
row-0003129,doi::10.1080/00102200490276773,42,0,0.025,0.014613884841070311
row-0003130,doi::10.1080/00102200490276773,42,0,0.027,0.014613884841070311
row-0003131,doi::10.1080/00102200490276773,42,0,0.03,0.014613884841070311
row-0003132,doi::10.1080/00102200490276773,42,0,0.031,0.014613884841070311
row-0003133,doi::10.1080/00102200490276773,42,0,0.032,0.014613884841070311
row-0003134,doi::10.1080/00102200490276773,42,0,0.034,0.014613884841070311
row-0003135,doi::10.1080/00102200490276773,42,0,0.036,0.014613884841070311
row-0003136,doi::10.1080/00102200490276773,42,0,0.039,0.014622987265312736
row-0003137,doi::10.1080/00102200490276773,42,0,0.045,0.014622987265312736
row-0003138,doi::10.1080/00102200490276773,42,0,0.051,0.014622987265312736
row-0003139,doi::10.1080/00102200490276773,42,0,0.056,0.014622987265312736
row-0003140,doi::10.1080/00102200490276773,42,0,0.059,0.014622987265312736
row-0003141,doi::10.1080/00102200490276773,42,0,0.062,0.014622987265312736
row-0003142,doi::10.1080/00102200490276773,42,0,0.062,0.014622987265312736
row-0003143,doi::10.1080/00102200490276773,42,0,0.062,0.014622987265312736
row-0003144,doi::10.1080/00102200490276773,42,0,0.059,0.014622987265312736
row-0003145,doi::10.1080/00102200490276773,42,0,0.05,0.014622987265312736
row-0003146,doi::10.1080/00102200490276773,42,0,0.043,0.014622987265312736
row-0003147,doi::10.1080/00102200490276773,42,0,0.031,0.014622987265312736
row-0003148,doi::10.1080/00102200490276773,42,0,0.004,0.01093466939673689
row-0003426,citation::s nchez tarifa c and b l zaro experiments conducted on combustion at microgravity in the texus 38 sounding rocket results and conclusions first international symposium on microgravity research and applications on physical sciences and biotechnology 2000,42,0,0.00038,0.0009418878153809403
row-0003427,citation::s nchez tarifa c and b l zaro experiments conducted on combustion at microgravity in the texus 38 sounding rocket results and conclusions first international symposium on microgravity research and applications on physical sciences and biotechnology 2000,42,0,0.00072,0.0009927802353872166
row-0003428,citation::s nchez tarifa c and b l zaro experiments conducted on combustion at microgravity in the texus 38 sounding rocket results and conclusions first international symposium on microgravity research and applications on physical sciences and biotechnology 2000,42,0,0.00069,0.0010385025160889714
row-0003429,citation::s nchez tarifa c and b l zaro experiments conducted on combustion at microgravity in the texus 38 sounding rocket results and conclusions first international symposium on microgravity research and applications on physical sciences and biotechnology 2000,42,0,0.00068,0.001029345617392674
row-0003430,citation::s nchez tarifa c and b l zaro experiments conducted on combustion at microgravity in the texus 38 sounding rocket results and conclusions first international symposium on microgravity research and applications on physical sciences and biotechnology 2000,42,0,0.00081,0.00098824226661299
row-0003431,citation::s nchez tarifa c and g l pez juste a study of the combustion problems of solid materials at conditions existing in space stations esa sp 433 1999,42,0,0.001,0.0010017645559980317
row-0003432,citation::s nchez tarifa c and g l pez juste a study of the combustion problems of solid materials at conditions existing in space stations esa sp 433 1999,42,0,0.0006,0.0009587157090172199
row-0003433,citation::s nchez tarifa c and g l pez juste a study of the combustion problems of solid materials at conditions existing in space stations esa sp 433 1999,42,0,0.0002,0.0009587157090172199
row-0003434,citation::s nchez tarifa c and g l pez juste a study of the combustion problems of solid materials at conditions existing in space stations esa sp 433 1999,42,0,0.00018,0.0009275560898672412
row-0003435,citation::s nchez tarifa c and g l pez juste a study of the combustion problems of solid materials at conditions existing in space stations esa sp 433 1999,42,0,0.00109,0.0009529950222912876
row-0003436,citation::s nchez tarifa c and g l pez juste a study of the combustion problems of solid materials at conditions existing in space stations esa sp 433 1999,42,0,0.0007,0.0008778031300043593
row-0003437,citation::s nchez tarifa c and g l pez juste a study of the combustion problems of solid materials at conditions existing in space stations esa sp 433 1999,42,0,0.0011,0.00092250377332396
row-0003438,citation::s nchez tarifa c and g l pez juste a study of the combustion problems of solid materials at conditions existing in space stations esa sp 433 1999,42,0,0.00085,0.0008369248462964298
row-0003439,citation::s nchez tarifa c and g l pez juste a study of the combustion problems of solid materials at conditions existing in space stations esa sp 433 1999,42,0,0.0002,0.0009401356253927928
row-0003440,citation::s nchez tarifa c and g l pez juste a study of the combustion problems of solid materials at conditions existing in space stations esa sp 433 1999,42,0,0.0006,0.0009810974315260738
row-0003441,citation::s nchez tarifa c and g l pez juste a study of the combustion problems of solid materials at conditions existing in space stations esa sp 433 1999,42,0,0.00105,0.0010255432567570935
row-0003626,doi::10.1016/j.proci.2014.07.017,42,0,1e-05,0.00242790243380878
row-0003627,doi::10.1016/j.proci.2014.07.017,42,0,1e-05,0.002351685035942662
row-0003628,doi::10.1016/j.proci.2014.07.017,42,0,1e-05,0.002351685035942662
row-0003629,doi::10.1016/j.proci.2014.07.017,42,0,0.0002,0.002351685035942662
row-0003630,doi::10.1016/j.proci.2014.07.017,42,0,0.00023,0.002351685035942662
row-0003631,doi::10.1016/j.proci.2014.07.017,42,0,0.00043,0.002351685035942662
row-0003632,doi::10.1016/j.proci.2014.07.017,42,0,0.00047,0.002351685035942662
row-0003633,doi::10.1016/j.proci.2014.07.017,42,0,0.00045,0.002351685035942662
row-0003634,doi::10.1016/j.proci.2014.07.017,42,0,0.00044,0.002351685035942662
row-0003635,doi::10.1016/j.proci.2014.07.017,42,0,0.00071,0.002351685035942662
row-0003636,doi::10.1016/j.proci.2014.07.017,42,0,0.00078,0.002351685035942662
row-0003637,doi::10.1016/j.proci.2014.07.017,42,0,0.00085,0.002351685035942662
row-0003638,doi::10.1016/j.proci.2014.07.017,42,0,0.00079,0.0024298586050928105
row-0003639,doi::10.1016/j.proci.2014.07.017,42,0,0.00101,0.0024298586050928105
row-0003640,doi::10.1016/j.proci.2014.07.017,42,0,0.00122,0.0024298586050928105
row-0003641,doi::10.1016/j.proci.2014.07.017,42,0,0.00125,0.002351685035942662
row-0003642,doi::10.1016/j.proci.2014.07.017,42,0,0.00134,0.0024298586050928105
row-0003643,doi::10.1016/j.proci.2014.07.017,42,0,0.00117,0.0024298586050928105
row-0003644,doi::10.1016/j.proci.2014.07.017,42,0,0.00115,0.0024298586050928105
row-0003645,doi::10.1016/j.proci.2014.07.017,42,0,0.00146,0.0024298586050928105
row-0003646,doi::10.1016/j.proci.2014.07.017,42,0,0.00164,0.0024298586050928105
row-0003647,doi::10.1016/j.proci.2014.07.017,42,0,0.00163,0.0024298586050928105
row-0003648,doi::10.1016/j.proci.2014.07.017,42,0,0.00269,0.0025177194930858415
row-0003649,doi::10.1016/j.proci.2014.07.017,42,0,0.00573,0.003086073389088836
row-0003650,doi::10.1016/j.proci.2014.07.017,42,0,0.0001,0.0012813744599494466
row-0003651,doi::10.1016/j.proci.2014.07.017,42,0,2e-05,0.0012813744599494466
row-0003652,doi::10.1016/j.proci.2014.07.017,42,0,2e-05,0.0012813744599494466
row-0003653,doi::10.1016/j.proci.2014.07.017,42,0,0.00048,0.0012813744599494466
row-0003654,doi::10.1016/j.proci.2014.07.017,42,0,0.00089,0.0012813744599494466
row-0003655,doi::10.1016/j.proci.2014.07.017,42,0,0.0008,0.0012813744599494466
row-0003656,doi::10.1016/j.proci.2014.07.017,42,0,0.00069,0.0012795581087133
row-0003657,doi::10.1016/j.proci.2014.07.017,42,0,0.00085,0.0012802909369961282
row-0003658,doi::10.1016/j.proci.2014.07.017,42,0,0.00107,0.0012816124783495118
row-0003659,doi::10.1016/j.proci.2014.07.017,42,0,0.00111,0.0012795581087133
row-0003660,doi::10.1016/j.proci.2014.07.017,42,0,0.0015,0.0012795581087133
row-0003661,doi::10.1016/j.proci.2014.07.017,42,0,0.00195,0.001287252756548915
row-0003662,doi::10.1016/j.proci.2014.07.017,42,0,0.00295,0.0012907488570831748
row-0003663,doi::10.1016/j.proci.2014.07.017,42,0,0.00324,0.001432910925873712
row-0003664,doi::10.1016/j.proci.2014.07.017,42,0,0.00361,0.0014397839857795284
row-0003665,doi::10.1016/j.proci.2014.07.017,42,0,0.00313,0.0017546022964504211
row-0003666,doi::10.1016/j.proci.2014.07.017,42,0,0.00316,0.0020284780924347727
row-0003667,doi::10.1016/j.proci.2014.07.017,42,0,0.00314,0.0020400602548723357
row-0003668,doi::10.1016/j.proci.2014.07.017,42,0,0.00387,0.002065174629517127
row-0003669,doi::10.1016/j.proci.2014.07.017,42,0,0.00359,0.00222245788186038
row-0003670,doi::10.1016/j.proci.2014.07.017,42,0,0.00447,0.0022743843882258585
row-0003671,doi::10.1016/j.proci.2014.07.017,42,0,0.00443,0.00229477268024002
row-0003672,doi::10.1016/j.proci.2014.07.017,42,0,0.0039,0.0023302285090621338
row-0003673,doi::10.1016/j.proci.2014.07.017,42,0,0.00429,0.002355183338839873
row-0003674,doi::10.1016/j.proci.2014.07.017,42,0,0.00428,0.0025348726655403794
row-0003675,doi::10.1016/j.proci.2014.07.017,42,0,0.00428,0.0023651282010416167
row-0003676,doi::10.1016/j.proci.2014.07.017,42,0,0.00529,0.0025571187175253774
row-0003677,doi::10.1016/j.proci.2014.07.017,42,0,1e-05,0.0023043824568961336
row-0003678,doi::10.1016/j.proci.2014.07.017,42,0,1e-05,0.0023157754176891254
row-0003679,doi::10.1016/j.proci.2014.07.017,42,0,1e-05,0.0023157754176891254
row-0003680,doi::10.1016/j.proci.2014.07.017,42,0,0.0002,0.0023157754176891254
row-0003681,doi::10.1016/j.proci.2014.07.017,42,0,0.00022,0.002431853705214722
row-0003682,doi::10.1016/j.proci.2014.07.017,42,0,0.00029,0.002431853705214722
row-0003683,doi::10.1016/j.proci.2014.07.017,42,0,0.00033,0.00243266507273609
row-0003684,doi::10.1016/j.proci.2014.07.017,42,0,0.00047,0.002431853705214722
row-0003685,doi::10.1016/j.proci.2014.07.017,42,0,0.00044,0.002431853705214722
row-0003686,doi::10.1016/j.proci.2014.07.017,42,0,0.00057,0.002431853705214722
row-0003687,doi::10.1016/j.proci.2014.07.017,42,0,0.00048,0.002431853705214722
row-0003688,doi::10.1016/j.proci.2014.07.017,42,0,0.00079,0.002431853705214722
row-0003689,doi::10.1016/j.proci.2014.07.017,42,0,0.00089,0.002431853705214722
row-0003690,doi::10.1016/j.proci.2014.07.017,42,0,0.00101,0.00243266507273609
row-0003691,doi::10.1016/j.proci.2014.07.017,42,0,0.00115,0.002431853705214722
row-0003692,doi::10.1016/j.proci.2014.07.017,42,0,0.00115,0.0024358433188899358
row-0003693,doi::10.1016/j.proci.2014.07.017,42,0,0.0009,0.0024358433188899358
row-0003694,doi::10.1016/j.proci.2014.07.017,42,0,0.00096,0.0024419507860525204
row-0003695,doi::10.1016/j.proci.2014.07.017,42,0,0.00104,0.0024419507860525204
row-0003696,doi::10.1016/j.proci.2014.07.017,42,0,0.00153,0.0024358433188899358
row-0003697,doi::10.1016/j.proci.2014.07.017,42,0,0.00171,0.0024358433188899358
row-0003698,doi::10.1016/j.proci.2014.07.017,42,0,0.00173,0.0024419507860525204
row-0003699,doi::10.1016/j.proci.2014.07.017,42,0,0.00152,0.0024444277121502727
row-0003700,doi::10.1016/j.proci.2014.07.017,42,0,0.00145,0.0024478642056567665
row-0003701,doi::10.1016/j.proci.2014.07.017,42,0,0.00185,0.0024478642056567665
row-0003702,doi::10.1016/j.proci.2014.07.017,42,0,0.00185,0.0024478642056567665
row-0003703,doi::10.1016/j.proci.2014.07.017,42,0,0.00209,0.0024518359608262496
row-0003704,doi::10.1016/j.proci.2014.07.017,42,0,0.00222,0.0024497077938920604
row-0003705,doi::10.1016/j.proci.2014.07.017,42,0,0.00253,0.0026114912314452784
row-0003711,doi::10.1016/j.proci.2014.07.017,42,0,0.00049,0.0012080284098863706
row-0003715,doi::10.1016/j.proci.2014.07.017,42,0,0.0011,0.0011950818942838936
row-0003716,doi::10.1016/j.proci.2014.07.017,42,0,0.00081,0.0011901891076098697
row-0003717,doi::10.1016/j.proci.2014.07.017,42,0,0.00067,0.0011916380791354877
row-0003718,doi::10.1016/j.proci.2014.07.017,42,0,0.0005,0.0011901891076098697
row-0003720,doi::10.1016/j.proci.2014.07.017,42,0,0.00045,0.0011901891076098697
row-0003722,doi::10.1016/j.proci.2014.07.017,42,0,0.00038,0.0011901891076098697
row-0003726,doi::10.1016/j.proci.2014.07.017,42,0,0.0017,0.0013001608132214295
row-0003727,doi::10.1016/j.proci.2014.07.017,42,0,0.00115,0.0011751244985894293
row-0003728,doi::10.1016/j.proci.2014.07.017,42,0,0.00079,0.0011751244985894293
row-0003729,doi::10.1016/j.proci.2014.07.017,42,0,0.00078,0.0011751244985894293
row-0003730,doi::10.1016/j.proci.2014.07.017,42,0,0.0008,0.0011751244985894293
row-0003731,doi::10.1016/j.proci.2014.07.017,42,0,0.00063,0.0011765598030196785
row-0003732,doi::10.1016/j.proci.2014.07.017,42,0,0.0005,0.0011765598030196785
row-0003735,doi::10.1016/j.proci.2014.07.017,42,0,0.001,0.0011644718046959037
row-0003736,doi::10.1016/j.proci.2014.07.017,42,0,0.00083,0.0011660744059320506
row-0003737,doi::10.1016/j.proci.2014.07.017,42,0,0.00083,0.0011660744059320506
row-0003738,doi::10.1016/j.proci.2014.07.017,42,0,0.00063,0.0011660744059320506
row-0003742,doi::10.1016/j.proci.2014.07.017,42,0,0.00209,0.0013024617130194662
row-0003743,doi::10.1016/j.proci.2014.07.017,42,0,0.00162,0.0011876053406788918
row-0003744,doi::10.1016/j.proci.2014.07.017,42,0,0.00119,0.0011820431047295053
row-0003745,doi::10.1016/j.proci.2014.07.017,42,0,0.00026,0.0011838594559656515
row-0003747,doi::10.1016/j.proci.2014.07.017,42,0,0.00117,0.002170817403667364
row-0003748,doi::10.1016/j.proci.2014.07.017,42,0,0.00106,0.002160235526416561
row-0003749,doi::10.1016/j.proci.2014.07.017,42,0,0.00065,0.0019734517222256397
row-0003751,doi::10.1016/j.proci.2014.07.017,42,0,0.00048,0.0019536839463324606
row-0003753,doi::10.1016/j.proci.2014.07.017,42,0,0.00142,0.0024272531109574055
row-0003754,doi::10.1016/j.proci.2014.07.017,42,0,0.00113,0.0022982156726031214
row-0003755,doi::10.1016/j.proci.2014.07.017,42,0,0.00097,0.002283132196169391
row-0003756,doi::10.1016/j.proci.2014.07.017,42,0,0.00075,0.0021267833752324334
row-0003757,doi::10.1016/j.proci.2014.07.017,42,0,0.00046,0.0020822402804921416
row-0003758,doi::10.1016/j.proci.2014.07.017,42,0,0.00031,0.0020822402804921416
row-0003759,doi::10.1016/j.proci.2014.07.017,42,0,0.00035,0.0020822402804921416
row-0003761,doi::10.1016/j.proci.2014.07.017,42,0,0.00188,0.0024206816411083327
row-0003762,doi::10.1016/j.proci.2014.07.017,42,0,0.00117,0.0022630303625276096
row-0003763,doi::10.1016/j.proci.2014.07.017,42,0,0.00113,0.0022556903408557827
row-0003764,doi::10.1016/j.proci.2014.07.017,42,0,0.0008,0.002047054970416629
row-0003765,doi::10.1016/j.proci.2014.07.017,42,0,0.00046,0.002070977308078966
row-0003768,doi::10.1016/j.proci.2014.07.017,42,0,0.00144,0.0024070315735123297
row-0003769,doi::10.1016/j.proci.2014.07.017,42,0,0.00096,0.0024053273247372545
row-0003770,doi::10.1016/j.proci.2014.07.017,42,0,0.00088,0.002391021073070285
row-0003771,doi::10.1016/j.proci.2014.07.017,42,0,0.00056,0.0023957834257176376
row-0003772,doi::10.1016/j.proci.2014.07.017,42,0,0.00048,0.002278916832610218
row-0004217,citation::takahashi shuhei et al effect of ambient gas on flame spread over a solid material in microgravity journal of the japanese society for microgravity application vol 24 no 3 2007 pp 225 230,42,0,0.012,0.004293041897422238
row-0004218,citation::takahashi shuhei et al effect of ambient gas on flame spread over a solid material in microgravity journal of the japanese society for microgravity application vol 24 no 3 2007 pp 225 230,42,0,0.0108,0.0068011278528679695
row-0004219,citation::takahashi shuhei et al effect of ambient gas on flame spread over a solid material in microgravity journal of the japanese society for microgravity application vol 24 no 3 2007 pp 225 230,42,0,0.0105,0.004293041897422238
row-0004220,citation::takahashi shuhei et al effect of ambient gas on flame spread over a solid material in microgravity journal of the japanese society for microgravity application vol 24 no 3 2007 pp 225 230,42,0,0.0083,0.0036477457732988785
row-0004221,citation::takahashi shuhei et al effect of ambient gas on flame spread over a solid material in microgravity journal of the japanese society for microgravity application vol 24 no 3 2007 pp 225 230,42,0,0.0053,0.004026146841539153
row-0004222,citation::takahashi shuhei et al effect of ambient gas on flame spread over a solid material in microgravity journal of the japanese society for microgravity application vol 24 no 3 2007 pp 225 230,42,0,0.0083,0.0056330513931676035
row-0004223,citation::takahashi shuhei et al effect of ambient gas on flame spread over a solid material in microgravity journal of the japanese society for microgravity application vol 24 no 3 2007 pp 225 230,42,0,0.0074,0.0056330513931676035
row-0004224,citation::takahashi shuhei et al effect of ambient gas on flame spread over a solid material in microgravity journal of the japanese society for microgravity application vol 24 no 3 2007 pp 225 230,42,0,0.0073,0.00245346741710585
row-0004225,citation::takahashi shuhei et al effect of ambient gas on flame spread over a solid material in microgravity journal of the japanese society for microgravity application vol 24 no 3 2007 pp 225 230,42,0,0.0068,0.00245346741710585
row-0004226,citation::takahashi shuhei et al effect of ambient gas on flame spread over a solid material in microgravity journal of the japanese society for microgravity application vol 24 no 3 2007 pp 225 230,42,0,0.005,0.002259515079605487
row-0004227,citation::takahashi shuhei et al effect of ambient gas on flame spread over a solid material in microgravity journal of the japanese society for microgravity application vol 24 no 3 2007 pp 225 230,42,0,0.0017,0.0022871087398021917
row-0004228,citation::takahashi shuhei et al effect of ambient gas on flame spread over a solid material in microgravity journal of the japanese society for microgravity application vol 24 no 3 2007 pp 225 230,42,0,0.0032,0.0017094909263443202
row-0004229,citation::takahashi shuhei et al effect of ambient gas on flame spread over a solid material in microgravity journal of the japanese society for microgravity application vol 24 no 3 2007 pp 225 230,42,0,0.002,0.0013216903767510882
row-0004230,doi::10.1016/j.proci.2018.06.022,42,0,0.0016,0.0013216903767510882
row-0004231,doi::10.1016/j.proci.2018.06.022,42,0,0.0014,0.00551250427830096
row-0004232,doi::10.1016/j.proci.2018.06.022,42,0,0.0001,0.0017917919061854705
row-0004233,doi::10.1016/j.proci.2018.06.022,42,0,0.00504,0.01101952637250596
row-0004234,doi::10.1016/j.proci.2018.06.022,42,0,0.00353,0.01099456845277985
row-0004235,doi::10.1016/j.proci.2018.06.022,42,0,0.00292,0.010906102578658986
row-0004236,doi::10.1016/j.proci.2018.06.022,42,0,0.00274,0.010906102578658986
row-0004237,doi::10.1016/j.proci.2018.06.022,42,0,0.00277,0.0066936268020660146
row-0004238,doi::10.1016/j.proci.2018.06.022,42,0,0.00258,0.0066936268020660146
row-0004239,doi::10.1016/j.proci.2018.06.022,42,0,0.00335,0.0066936268020660146
row-0004240,doi::10.1016/j.proci.2018.06.022,42,0,0.0027,0.010877985856511998
row-0004241,doi::10.1016/j.proci.2018.06.022,42,0,0.00256,0.010877985856511998
row-0004242,doi::10.1016/j.proci.2018.06.022,42,0,0.00371,0.010878523065038498
row-0004243,doi::10.1016/j.proci.2018.06.022,42,0,0.0043,0.010878523065038498
row-0004244,doi::10.1016/j.proci.2018.06.022,42,0,0.00479,0.010914012622332278
row-0004245,doi::10.1016/j.proci.2018.06.022,42,0,0.00554,0.0109401151765234
row-0004246,doi::10.1016/j.proci.2018.06.022,42,0,0.00407,0.004525701443778143
row-0004247,doi::10.1016/j.proci.2018.06.022,42,0,0.00346,0.0043767539666189235
row-0004248,doi::10.1016/j.proci.2018.06.022,42,0,0.00281,0.004279836299266783
row-0004249,doi::10.1016/j.proci.2018.06.022,42,0,0.00267,0.003629276137236261
row-0004250,doi::10.1016/j.proci.2018.06.022,42,0,0.00371,0.004290882284117965
row-0004251,doi::10.1016/j.proci.2018.06.022,42,0,0.00404,0.004290882284117965
row-0004252,doi::10.1016/j.proci.2018.06.022,42,0,0.00425,0.004375475672033365
row-0004253,doi::10.1016/j.proci.2018.06.022,42,0,0.00501,0.004519447278607397
row-0004254,doi::10.1016/j.proci.2018.06.022,42,0,0.00505,0.004548897474880623
row-0004255,doi::10.1016/j.proci.2018.06.022,42,0,0.00377,0.004607240547519139
row-0004256,doi::10.1016/j.proci.2018.06.022,42,0,0.00336,0.004378475067701946
row-0004257,doi::10.1016/j.proci.2018.06.022,42,0,0.00316,0.00423341147383346
row-0004258,doi::10.1016/j.proci.2018.06.022,42,0,0.00322,0.004235395588829575
row-0004259,doi::10.1016/j.proci.2018.06.022,42,0,0.00228,0.0042165083403498055
row-0004260,doi::10.1016/j.proci.2018.06.022,42,0,0.00327,0.004187635549403976
row-0004261,doi::10.1016/j.proci.2018.06.022,42,0,0.00355,0.004191044274535055
row-0004262,doi::10.1016/j.proci.2018.06.022,42,0,0.00421,0.004296593630266361
row-0004263,doi::10.1016/j.proci.2018.06.022,42,0,0.0045,0.004541825537825678
row-0004264,doi::10.1016/j.proci.2018.06.022,42,0,0.00422,0.0045340789340960735
row-0004265,doi::10.1016/j.proci.2018.06.022,42,0,0.00485,0.004656797455208254
row-0004266,doi::10.1016/j.proci.2018.06.022,42,0,0.0035,0.004153489784065211
row-0004267,doi::10.1016/j.proci.2018.06.022,42,0,0.00371,0.0040009100734623845
row-0004268,doi::10.1016/j.proci.2018.06.022,42,0,0.00346,0.00394805240178097
row-0004269,doi::10.1016/j.proci.2018.06.022,42,0,0.00294,0.0037536098540619806
row-0004270,doi::10.1016/j.proci.2018.06.022,42,0,0.00425,0.003961185594050465
row-0004271,doi::10.1016/j.proci.2018.06.022,42,0,0.00488,0.003999447081465085
row-0004272,doi::10.1016/j.proci.2018.06.022,42,0,0.00535,0.004166705409874197
row-0004273,doi::10.1016/j.proci.2018.06.022,42,0,0.00582,0.004245284773078906
row-0004274,doi::10.1016/j.proci.2018.06.022,42,0,0.00278,0.0023099514252399003
row-0004275,doi::10.1016/j.proci.2018.06.022,42,0,0.00269,0.0022371243942738046
row-0004276,doi::10.1016/j.proci.2018.06.022,42,0,0.00164,0.002183979197926478
row-0004277,doi::10.1016/j.proci.2018.06.022,42,0,0.00095,0.0024442449436002807
row-0004278,doi::10.1016/j.proci.2018.06.022,42,0,0.00238,0.002207699671222212
row-0004279,doi::10.1016/j.proci.2018.06.022,42,0,0.0032,0.0022337665135122448
row-0004280,doi::10.1016/j.proci.2018.06.022,42,0,0.00337,0.002325281907196784
row-0004281,doi::10.1016/j.proci.2018.06.022,42,0,0.00328,0.002368633800344324
row-0004282,doi::10.1016/j.proci.2018.06.022,42,0,0.00312,0.0023690257848622697
row-0004283,doi::10.1016/j.proci.2018.06.022,42,0,0.00215,0.002563811207470742
row-0004284,doi::10.1016/j.proci.2018.06.022,42,0,0.00191,0.0025141352280163105
row-0004285,doi::10.1016/j.proci.2018.06.022,42,0,0.00173,0.0025141352280163105
row-0004286,doi::10.1016/j.proci.2018.06.022,42,0,0.00078,0.002447514004912784
row-0004287,doi::10.1016/j.proci.2018.06.022,42,0,0.00057,0.002742732333825209
row-0004288,doi::10.1016/j.proci.2018.06.022,42,0,0.00033,0.002478736094390538
row-0004289,doi::10.1016/j.proci.2018.06.022,42,0,0.00132,0.0024592291525890233
row-0004290,doi::10.1016/j.proci.2018.06.022,42,0,0.00146,0.002456539923109671
row-0004291,doi::10.1016/j.proci.2018.06.022,42,0,0.00193,0.0024612661257619795
row-0004292,doi::10.1016/j.proci.2018.06.022,42,0,0.00218,0.0024604278163329486
row-0004293,doi::10.1016/j.proci.2018.06.022,42,0,0.00143,0.0022307357642697575
row-0004294,doi::10.1016/j.proci.2018.06.022,42,0,0.00145,0.0021766770652589212
row-0004295,doi::10.1016/j.proci.2018.06.022,42,0,0.00125,0.0021766770652589212
row-0004296,doi::10.1016/j.proci.2018.06.022,42,0,0.00152,0.0021054280685381195
row-0004297,doi::10.1016/j.proci.2018.06.022,42,0,0.00147,0.0021631756610017328
row-0004298,doi::10.1016/j.proci.2018.06.022,42,0,0.00142,0.0021631756610017328
row-0004299,doi::10.1016/j.proci.2018.06.022,42,0,0.002,0.002137758603207263
row-0004300,doi::10.1016/j.proci.2018.06.022,42,0,0.00251,0.002137758603207263
row-0004301,doi::10.1016/j.proci.2018.06.022,42,0,0.00268,0.002178137843011411
row-0004302,doi::10.1016/j.proci.2018.06.022,42,0,0.00315,0.0022476644425559887
row-0004303,doi::10.1016/j.proci.2018.06.022,42,0,0.00353,0.0022839501644270448
row-0004304,doi::10.1016/j.proci.2018.06.022,42,0,0.00371,0.0022839501644270448
row-0004305,doi::10.1016/j.proci.2018.06.022,42,0,0.00283,0.001708477765555802
row-0004306,doi::10.1016/j.proci.2018.06.022,42,0,0.00193,0.001708477765555802
row-0004307,doi::10.1016/j.proci.2018.06.022,42,0,0.00047,0.001708477765555802
row-0004308,doi::10.1016/j.proci.2018.06.022,42,0,0.00101,0.0016327264990247954
row-0004309,doi::10.1016/j.proci.2018.06.022,42,0,0.00092,0.0015405388485347446
row-0004310,doi::10.1016/j.proci.2018.06.022,42,0,0.00045,0.0015444501475543524
row-0004312,citation::takahashi shuhei et al effect of ambient gas on flame spread over a solid material in microgravity journal of the japanese society for microgravity application vol 24 no 3 2007 pp 225 230,42,0,0.00067,0.0015765978581512344
row-0000256,doi::10.1016/j.combustflame.2020.12.005,42,1,0.083,0.06339956337822683
row-0000257,doi::10.1016/j.combustflame.2020.12.005,42,1,0.113,0.038134913563911764
row-0000258,doi::10.1016/j.combustflame.2020.12.005,42,1,0.124,0.038134913563911764
row-0000259,doi::10.1016/j.combustflame.2020.12.005,42,1,0.143,0.038134913563911764
row-0000260,doi::10.1016/j.combustflame.2020.12.005,42,1,0.161,0.038134913563911764
row-0000262,doi::10.1016/j.combustflame.2020.12.005,42,1,0.134,0.03807113337077332
row-0000263,doi::10.1016/j.combustflame.2020.12.005,42,1,0.151,0.03807113337077332
row-0000264,doi::10.1016/j.combustflame.2020.12.005,42,1,0.211,0.03807113337077332
row-0000340,citation::ferkul paul v an experimental study of opposed flow diffusion flame extinction over a thin fuel in 0 nasa cr 182185 1989,42,1,0.0087,0.011339134841645542
row-0000341,citation::ferkul paul v an experimental study of opposed flow diffusion flame extinction over a thin fuel in 0 nasa cr 182185 1989,42,1,0.0064,0.009096419683989826
row-0000342,citation::ferkul paul v an experimental study of opposed flow diffusion flame extinction over a thin fuel in 0 nasa cr 182185 1989,42,1,0.004,0.00908415407989795
row-0000343,citation::ferkul paul v an experimental study of opposed flow diffusion flame extinction over a thin fuel in 0 nasa cr 182185 1989,42,1,0.0035,0.009922762414500064
row-0000344,citation::ferkul paul v an experimental study of opposed flow diffusion flame extinction over a thin fuel in 0 nasa cr 182185 1989,42,1,0.0036,0.006442233501533844
row-0000345,citation::ferkul paul v an experimental study of opposed flow diffusion flame extinction over a thin fuel in 0 nasa cr 182185 1989,42,1,0.0027,0.006925312036772569
row-0000346,citation::ferkul paul v an experimental study of opposed flow diffusion flame extinction over a thin fuel in 0 nasa cr 182185 1989,42,1,0.0021,0.007761502122678924
row-0000348,citation::ferkul paul v an experimental study of opposed flow diffusion flame extinction over a thin fuel in 0 nasa cr 182185 1989,42,1,0.0019,0.006565517163227648
row-0000353,citation::ferkul paul v et al combustion experiments on the mir space station 37th aerospace sciences meeting and exhibit american institute of aeronautics and astronautics 1999 paper aiaa 99 0439,42,1,0.0016,0.0017638548534438462
row-0000354,citation::ferkul paul v et al combustion experiments on the mir space station 37th aerospace sciences meeting and exhibit american institute of aeronautics and astronautics 1999 paper aiaa 99 0439,42,1,0.0012,0.0017910937785632144
row-0000355,citation::ferkul paul v et al combustion experiments on the mir space station 37th aerospace sciences meeting and exhibit american institute of aeronautics and astronautics 1999 paper aiaa 99 0439,42,1,0.0015,0.0017652256429175305
row-0000356,citation::ferkul paul v et al combustion experiments on the mir space station 37th aerospace sciences meeting and exhibit american institute of aeronautics and astronautics 1999 paper aiaa 99 0439,42,1,0.0011,0.0017910937785632144
row-0000422,citation::grayson g d k r sacksteder p v ferkul and j s t ien flame spreading over a thin solid in low speed concurrent flow drop tower experimental results and comparison with theory 0 science and technology vii 2 1994,42,1,0.0026,0.013658274368566951
row-0000427,citation::grayson g d k r sacksteder p v ferkul and j s t ien flame spreading over a thin solid in low speed concurrent flow drop tower experimental results and comparison with theory 0 science and technology vii 2 1994,42,1,0.0026,0.015418711208454844
row-0000428,citation::grayson g d k r sacksteder p v ferkul and j s t ien flame spreading over a thin solid in low speed concurrent flow drop tower experimental results and comparison with theory 0 science and technology vii 2 1994,42,1,0.0029,0.015418711208454844
row-0000430,citation::grayson g d k r sacksteder p v ferkul and j s t ien flame spreading over a thin solid in low speed concurrent flow drop tower experimental results and comparison with theory 0 science and technology vii 2 1994,42,1,0.003,0.019911985432579393
row-0000431,citation::grayson g d k r sacksteder p v ferkul and j s t ien flame spreading over a thin solid in low speed concurrent flow drop tower experimental results and comparison with theory 0 science and technology vii 2 1994,42,1,0.003,0.01975770678611475
row-0000432,citation::grayson g d k r sacksteder p v ferkul and j s t ien flame spreading over a thin solid in low speed concurrent flow drop tower experimental results and comparison with theory 0 science and technology vii 2 1994,42,1,0.0043,0.021177801277673564
row-0000433,citation::grayson g d k r sacksteder p v ferkul and j s t ien flame spreading over a thin solid in low speed concurrent flow drop tower experimental results and comparison with theory 0 science and technology vii 2 1994,42,1,0.0053,0.021243693133174743
row-0000434,citation::grayson g d k r sacksteder p v ferkul and j s t ien flame spreading over a thin solid in low speed concurrent flow drop tower experimental results and comparison with theory 0 science and technology vii 2 1994,42,1,0.0056,0.022648786085634698
row-0000435,citation::grayson g d k r sacksteder p v ferkul and j s t ien flame spreading over a thin solid in low speed concurrent flow drop tower experimental results and comparison with theory 0 science and technology vii 2 1994,42,1,0.0047,0.020898104568592323
row-0000438,citation::grayson g d k r sacksteder p v ferkul and j s t ien flame spreading over a thin solid in low speed concurrent flow drop tower experimental results and comparison with theory 0 science and technology vii 2 1994,42,1,0.0047,0.02814293790347114
row-0000439,citation::grayson g d k r sacksteder p v ferkul and j s t ien flame spreading over a thin solid in low speed concurrent flow drop tower experimental results and comparison with theory 0 science and technology vii 2 1994,42,1,0.0041,0.02798621259033983
row-0000440,citation::grayson g d k r sacksteder p v ferkul and j s t ien flame spreading over a thin solid in low speed concurrent flow drop tower experimental results and comparison with theory 0 science and technology vii 2 1994,42,1,0.0057,0.027819370707148277
row-0000441,citation::grayson g d k r sacksteder p v ferkul and j s t ien flame spreading over a thin solid in low speed concurrent flow drop tower experimental results and comparison with theory 0 science and technology vii 2 1994,42,1,0.0055,0.027819370707148277
row-0000442,citation::grayson g d k r sacksteder p v ferkul and j s t ien flame spreading over a thin solid in low speed concurrent flow drop tower experimental results and comparison with theory 0 science and technology vii 2 1994,42,1,0.0071,0.029201330185475483
row-0000443,citation::grayson g d k r sacksteder p v ferkul and j s t ien flame spreading over a thin solid in low speed concurrent flow drop tower experimental results and comparison with theory 0 science and technology vii 2 1994,42,1,0.0074,0.029322940566367223
row-0000444,citation::grayson g d k r sacksteder p v ferkul and j s t ien flame spreading over a thin solid in low speed concurrent flow drop tower experimental results and comparison with theory 0 science and technology vii 2 1994,42,1,0.0075,0.03087039394759478
row-0000445,citation::grayson g d k r sacksteder p v ferkul and j s t ien flame spreading over a thin solid in low speed concurrent flow drop tower experimental results and comparison with theory 0 science and technology vii 2 1994,42,1,0.009,0.031028470670450267
row-0000446,citation::grayson g d k r sacksteder p v ferkul and j s t ien flame spreading over a thin solid in low speed concurrent flow drop tower experimental results and comparison with theory 0 science and technology vii 2 1994,42,1,0.0103,0.0333915082324466
row-0000636,doi::10.1016/s0082-0784(98)80102-1,42,1,0.0042,0.0034086206595619673
row-0000704,doi::10.1016/j.combustflame.2008.05.023,42,1,0.002,0.027667845326799174
row-0000705,doi::10.1016/j.combustflame.2008.05.023,42,1,0.0018,0.027667845326799174
row-0000706,doi::10.1016/j.combustflame.2008.05.023,42,1,0.0021,0.02776781916535967
row-0000707,doi::10.1016/j.combustflame.2008.05.023,42,1,0.0016,0.02776781916535967
row-0000708,doi::10.1016/j.combustflame.2008.05.023,42,1,0.0026,0.027268743295615575
row-0000710,doi::10.1016/j.combustflame.2008.05.023,42,1,0.0027,0.027268743295615575
row-0000711,doi::10.1016/j.combustflame.2008.05.023,42,1,0.0028,0.027234133449461732
row-0000712,doi::10.1016/j.combustflame.2008.05.023,42,1,0.0029,0.027398363611137712
row-0000713,doi::10.1016/j.combustflame.2008.05.023,42,1,0.0029,0.02806097320894013
row-0000714,doi::10.1016/j.combustflame.2008.05.023,42,1,0.0032,0.02802940842782288
row-0000715,doi::10.1016/j.combustflame.2008.05.023,42,1,0.0029,0.028205924827888768
row-0000716,doi::10.1016/j.combustflame.2008.05.023,42,1,0.0041,0.025822893419656077
row-0000717,doi::10.1016/j.combustflame.2008.05.023,42,1,0.0042,0.025822893419656077
row-0000718,doi::10.1016/j.combustflame.2008.05.023,42,1,0.0048,0.019646045357711334
row-0000719,doi::10.1016/j.combustflame.2008.05.023,42,1,0.0044,0.019439275984215798
row-0000720,doi::10.1016/j.combustflame.2008.05.023,42,1,0.0042,0.019429791819616092
row-0000721,doi::10.1016/j.combustflame.2008.05.023,42,1,0.0044,0.019429791819616092
row-0000722,doi::10.1016/j.combustflame.2008.05.023,42,1,0.0047,0.019429791819616092
row-0000723,doi::10.1016/j.combustflame.2008.05.023,42,1,0.0051,0.019429791819616092
row-0000724,doi::10.1016/j.combustflame.2008.05.023,42,1,0.0012,0.028836662928346194
row-0000725,doi::10.1016/j.combustflame.2008.05.023,42,1,0.0019,0.02023251616893309
row-0000726,doi::10.1016/j.combustflame.2008.05.023,42,1,0.0021,0.02023251616893309
row-0000727,doi::10.1016/j.combustflame.2008.05.023,42,1,0.0025,0.02023251616893309
row-0000728,doi::10.1016/j.combustflame.2008.05.023,42,1,0.0015,0.020223032004333383
row-0000729,doi::10.1016/j.combustflame.2008.05.023,42,1,0.0016,0.020223032004333383
row-0000730,doi::10.1016/j.combustflame.2008.05.023,42,1,0.002,0.020223032004333383
row-0000731,doi::10.1016/j.combustflame.2008.05.023,42,1,0.0024,0.020223032004333383
row-0000732,doi::10.1016/j.combustflame.2008.05.023,42,1,0.0022,0.019875379396579403
row-0000733,doi::10.1016/j.combustflame.2008.05.023,42,1,0.0024,0.019875379396579403
row-0000734,doi::10.1016/j.combustflame.2008.05.023,42,1,0.0033,0.019875379396579403
row-0000735,doi::10.1016/j.combustflame.2008.05.023,42,1,0.0028,0.01985986095675208
row-0000736,doi::10.1016/j.combustflame.2008.05.023,42,1,0.0032,0.019873646512307632
row-0000737,doi::10.1016/j.combustflame.2008.05.023,42,1,0.0041,0.0198373256512242
row-0000738,doi::10.1016/j.combustflame.2008.05.023,42,1,0.0044,0.0198373256512242
row-0000739,doi::10.1016/j.combustflame.2008.05.023,42,1,0.0037,0.019618801822158298
row-0000740,doi::10.1016/j.combustflame.2008.05.023,42,1,0.004,0.019618801822158298
row-0000741,doi::10.1016/j.combustflame.2008.05.023,42,1,0.0044,0.019618801822158298
row-0000742,doi::10.1016/j.combustflame.2008.05.023,42,1,0.0049,0.019563680258805474
row-0000743,doi::10.1016/j.combustflame.2008.05.023,42,1,0.0051,0.01953565428945812
row-0000744,doi::10.1016/j.combustflame.2008.05.023,42,1,0.006,0.0195141309184301
row-0000745,doi::10.1016/j.combustflame.2008.05.023,42,1,0.0009,0.019764888020309138
row-0000746,doi::10.1016/j.combustflame.2008.05.023,42,1,0.0015,0.019469570622403867
row-0000747,doi::10.1016/j.combustflame.2008.05.023,42,1,0.0019,0.019537780625071072
row-0000748,doi::10.1016/j.combustflame.2008.05.023,42,1,0.002,0.019537780625071072
row-0000749,doi::10.1016/j.combustflame.2008.05.023,42,1,0.0025,0.01935015698375357
row-0000750,doi::10.1016/j.combustflame.2008.05.023,42,1,0.0029,0.01935015698375357
row-0000751,doi::10.1016/j.combustflame.2008.05.023,42,1,0.0035,0.019155094506291284
row-0000752,doi::10.1016/j.combustflame.2008.05.023,42,1,0.0036,0.019155094506291284
row-0000753,doi::10.1016/j.combustflame.2008.05.023,42,1,0.0038,0.019155094506291284
row-0000754,doi::10.1016/j.combustflame.2008.05.023,42,1,0.0039,0.019155094506291284
row-0000755,doi::10.1016/j.combustflame.2008.05.023,42,1,0.0045,0.019155094506291284
row-0000756,doi::10.1016/j.combustflame.2008.05.023,42,1,0.0049,0.019155094506291284
row-0000757,doi::10.1016/j.combustflame.2008.05.023,42,1,0.0032,0.01872199982751179
row-0000758,doi::10.1016/j.combustflame.2008.05.023,42,1,0.0039,0.01870242441760323
row-0000759,doi::10.1016/j.combustflame.2008.05.023,42,1,0.0045,0.018619491862672206
row-0000761,doi::10.1016/j.combustflame.2008.05.023,42,1,0.0046,0.017498284659360708
row-0000763,doi::10.1007/s10694-019-00862-4,42,1,3e-05,0.0014518092832641034
row-0000764,doi::10.1007/s10694-019-00862-4,42,1,8e-05,0.0014472690437903138
row-0000765,doi::10.1007/s10694-019-00862-4,42,1,0.00015,0.0014411384145478268
row-0000769,doi::10.1007/s10694-019-00862-4,42,1,6e-05,0.0014071951744983068
row-0000774,doi::10.1007/s10694-019-00862-4,42,1,0.0,0.0014007858991332415
row-0000775,doi::10.1007/s10694-019-00862-4,42,1,0.00019,0.0013971242910609067
row-0000776,doi::10.1007/s10694-019-00862-4,42,1,0.00033,0.0013913363259632962
row-0000779,doi::10.1007/s10694-019-00862-4,42,1,6e-05,0.0013868654912880013
row-0000781,doi::10.1007/s10694-019-00862-4,42,1,0.00011,0.0013826854587373353
row-0001732,doi::10.1016/j.proci.2024.105255,42,1,0.00138,0.001410967893478002
row-0001733,doi::10.1016/j.proci.2024.105255,42,1,0.00151,0.0014234846347041916
row-0001734,doi::10.1016/j.proci.2024.105255,42,1,0.00169,0.0014418995294548907
row-0001736,doi::10.1016/j.proci.2024.105255,42,1,0.00122,0.0015975505110754045
row-0001737,doi::10.1016/j.proci.2024.105255,42,1,0.00144,0.0016485351052370244
row-0001738,doi::10.1016/j.proci.2024.105255,42,1,0.0018,0.0017908617234707056
row-0001739,doi::10.1016/j.proci.2024.105255,42,1,0.00202,0.0018047236397800504
row-0001740,doi::10.1016/j.proci.2024.105255,42,1,0.00188,0.0017773070922950658
row-0001741,doi::10.1016/j.proci.2024.105255,42,1,0.00191,0.0017908617234707056
row-0001742,doi::10.1016/j.proci.2024.105255,42,1,0.00182,0.0017484247154454268
row-0001743,doi::10.1016/j.proci.2024.105255,42,1,0.00192,0.001748811893460578
row-0001863,doi::10.1016/j.firesaf.2024.104329,42,1,0.0025,0.0014635105864712024
row-0001870,doi::10.1016/j.firesaf.2024.104329,42,1,0.0024,0.0014715667087904563
row-0001871,doi::10.1016/j.firesaf.2024.104329,42,1,0.00225,0.0014675610891500244
row-0001872,doi::10.1016/j.firesaf.2024.104329,42,1,0.0015,0.0014676892942782295
row-0001873,doi::10.1016/j.firesaf.2024.104329,42,1,0.0015,0.0014676892942782295
row-0001874,doi::10.1016/j.firesaf.2024.104329,42,1,0.0015,0.0014684282609448965
row-0001880,doi::10.1016/j.firesaf.2024.104329,42,1,0.0015,0.0014206026940152647
row-0001888,doi::10.1016/j.firesaf.2024.104329,42,1,0.0024,0.0014635105864712024
row-0001889,doi::10.1016/j.firesaf.2024.104329,42,1,0.00275,0.0014715667087904563
row-0001890,doi::10.1016/j.firesaf.2024.104329,42,1,0.00225,0.0014675610891500244
row-0001891,doi::10.1016/j.firesaf.2024.104329,42,1,0.002,0.0014676892942782295
row-0001892,doi::10.1016/j.firesaf.2024.104329,42,1,0.002,0.0014676892942782295
row-0001893,doi::10.1016/j.firesaf.2024.104329,42,1,0.0024,0.0014684282609448965
row-0001895,doi::10.1016/j.firesaf.2024.104329,42,1,0.002,0.0014385652551068425
row-0001904,doi::10.1016/j.firesaf.2024.104329,42,1,0.0024,0.0014635105864712024
row-0001906,doi::10.1016/j.firesaf.2024.104329,42,1,0.0029,0.0014715667087904563
row-0001907,doi::10.1016/j.firesaf.2024.104329,42,1,0.00275,0.0014675610891500244
row-0001908,doi::10.1016/j.firesaf.2024.104329,42,1,0.002,0.0014676892942782295
row-0001909,doi::10.1016/j.firesaf.2024.104329,42,1,0.002,0.0014676892942782295
row-0001912,doi::10.1016/j.firesaf.2024.104329,42,1,0.002,0.0014385652551068425
row-0001918,doi::10.1016/j.firesaf.2024.104329,42,1,0.00275,0.0014635105864712024
row-0001922,doi::10.1016/j.firesaf.2024.104329,42,1,0.00225,0.0014715667087904563
row-0001923,doi::10.1016/j.firesaf.2024.104329,42,1,0.002,0.0014675610891500244
row-0001924,doi::10.1016/j.firesaf.2024.104329,42,1,0.0022,0.0014676892942782295
row-0001925,doi::10.1016/j.firesaf.2024.104329,42,1,0.0021,0.0014676892942782295
row-0001928,doi::10.1016/j.firesaf.2024.104329,42,1,0.0015,0.0014385652551068425
row-0001934,doi::10.1016/j.firesaf.2024.104329,42,1,0.0015,0.0014175785274920757
row-0001935,doi::10.1016/j.firesaf.2024.104329,42,1,0.0022,0.0014350890061436694
row-0001936,doi::10.1016/j.firesaf.2024.104329,42,1,0.00228,0.0014516474627916873
row-0001937,doi::10.1016/j.firesaf.2024.104329,42,1,0.00235,0.0014475969601128655
row-0001939,doi::10.1016/j.firesaf.2024.104329,42,1,0.00195,0.0014350890061436694
row-0001940,doi::10.1016/j.firesaf.2024.104329,42,1,0.0022,0.0014516474627916873
row-0001941,doi::10.1016/j.firesaf.2024.104329,42,1,0.00235,0.0014475969601128655
row-0001943,doi::10.1016/j.firesaf.2024.104329,42,1,0.002,0.0014350890061436694
row-0001944,doi::10.1016/j.firesaf.2024.104329,42,1,0.0022,0.0014516474627916873
row-0001945,doi::10.1016/j.firesaf.2024.104329,42,1,0.00235,0.0014475969601128655
row-0001947,doi::10.1016/j.firesaf.2024.104329,42,1,0.0015,0.0014462638992383157
row-0001948,doi::10.1016/j.firesaf.2024.104329,42,1,0.00205,0.0014516474627916873
row-0001949,doi::10.1016/j.firesaf.2024.104329,42,1,0.00275,0.0014475969601128655
row-0001950,doi::10.1016/j.firesaf.2024.104329,42,1,0.0024,0.0014551634720425086
row-0001951,doi::10.1016/j.firesaf.2024.104329,42,1,0.00225,0.0014516474627916873
row-0001952,doi::10.1016/j.firesaf.2024.104329,42,1,0.00155,0.0014517756679198926
row-0001953,doi::10.1016/j.firesaf.2024.104329,42,1,0.00155,0.0014517756679198926
row-0001954,doi::10.1016/j.firesaf.2024.104329,42,1,0.0016,0.0014525146345865593
row-0001955,doi::10.1016/j.firesaf.2024.104329,42,1,0.0027,0.0014551634720425086
row-0001956,doi::10.1016/j.firesaf.2024.104329,42,1,0.00225,0.0014516474627916873
row-0001957,doi::10.1016/j.firesaf.2024.104329,42,1,0.0021,0.0014517756679198926
row-0001958,doi::10.1016/j.firesaf.2024.104329,42,1,0.0021,0.0014517756679198926
row-0001959,doi::10.1016/j.firesaf.2024.104329,42,1,0.0024,0.0014525146345865593
row-0001960,doi::10.1016/j.firesaf.2024.104329,42,1,0.0029,0.0014551634720425086
row-0001961,doi::10.1016/j.firesaf.2024.104329,42,1,0.00275,0.0014516474627916873
row-0001962,doi::10.1016/j.firesaf.2024.104329,42,1,0.0021,0.0014517756679198926
row-0001963,doi::10.1016/j.firesaf.2024.104329,42,1,0.002,0.0014517756679198926
row-0001965,doi::10.1016/j.firesaf.2024.104329,42,1,0.00235,0.0014551634720425086
row-0001967,doi::10.1016/j.firesaf.2024.104329,42,1,0.0023,0.0014517756679198926
row-0001968,doi::10.1016/j.firesaf.2024.104329,42,1,0.0021,0.0014517756679198926
row-0002034,doi::10.1016/j.firesaf.2024.104329,42,1,0.0012,0.0013290058805374679
row-0002038,doi::10.1016/j.firesaf.2024.104329,42,1,0.0011,0.0013115935421864555
row-0002039,doi::10.1016/j.firesaf.2024.104329,42,1,0.00125,0.0012998556361514253
row-0002040,doi::10.1016/j.firesaf.2024.104329,42,1,0.00095,0.0013094775377804986
row-0002041,doi::10.1016/j.firesaf.2024.104329,42,1,0.0007,0.0013085770615900221
row-0002044,doi::10.1016/j.firesaf.2024.104329,42,1,0.0009,0.0011374406074966838
row-0002048,doi::10.1016/j.firesaf.2024.104329,42,1,0.0005,0.00104434212263263
row-0002052,doi::10.1016/j.firesaf.2024.104329,42,1,0.0005,0.0010438663234714142
row-0002056,doi::10.1016/j.firesaf.2024.104329,42,1,0.0011,0.0013290058805374679
row-0002059,doi::10.1016/j.firesaf.2024.104329,42,1,0.0008,0.0013115935421864555
row-0002060,doi::10.1016/j.firesaf.2024.104329,42,1,0.00075,0.0012998556361514253
row-0002061,doi::10.1016/j.firesaf.2024.104329,42,1,0.00055,0.0013094775377804986
row-0002062,doi::10.1016/j.firesaf.2024.104329,42,1,0.0008,0.0013085770615900221
row-0002064,doi::10.1016/j.firesaf.2024.104329,42,1,0.00065,0.0011374406074966838
row-0002068,doi::10.1016/j.firesaf.2024.104329,42,1,0.00045,0.00104434212263263
row-0002078,doi::10.1016/j.firesaf.2024.104329,42,1,0.00075,0.0013115935421864555
row-0002079,doi::10.1016/j.firesaf.2024.104329,42,1,0.00065,0.0012998556361514253
row-0002080,doi::10.1016/j.firesaf.2024.104329,42,1,0.0005,0.0013094775377804986
row-0002097,doi::10.1016/j.firesaf.2024.104329,42,1,0.0007,0.0013115935421864555
row-0002098,doi::10.1016/j.firesaf.2024.104329,42,1,0.00055,0.0012998556361514253
row-0002099,doi::10.1016/j.firesaf.2024.104329,42,1,0.0005,0.0013094775377804986
row-0002107,doi::10.1016/j.firesaf.2024.104329,42,1,0.00048,0.0010576182008138787
row-0002108,doi::10.1016/j.firesaf.2024.104329,42,1,0.00058,0.0010787320241004838
row-0002109,doi::10.1016/j.firesaf.2024.104329,42,1,0.0009,0.0012733421557745725
row-0002110,doi::10.1016/j.firesaf.2024.104329,42,1,0.00115,0.0012987876449840963
row-0002111,doi::10.1016/j.firesaf.2024.104329,42,1,0.00123,0.001321033257760637
row-0002113,doi::10.1016/j.firesaf.2024.104329,42,1,0.00045,0.0010787320241004838
row-0002114,doi::10.1016/j.firesaf.2024.104329,42,1,0.00065,0.0012733421557745725
row-0002115,doi::10.1016/j.firesaf.2024.104329,42,1,0.00075,0.0012987876449840963
row-0002116,doi::10.1016/j.firesaf.2024.104329,42,1,0.00112,0.001321033257760637
row-0002118,doi::10.1016/j.firesaf.2024.104329,42,1,0.0004,0.0012733421557745725
row-0002119,doi::10.1016/j.firesaf.2024.104329,42,1,0.00065,0.0012987876449840963
row-0002120,doi::10.1016/j.firesaf.2024.104329,42,1,0.00075,0.0013058827340992356
row-0002121,doi::10.1016/j.firesaf.2024.104329,42,1,0.0008,0.001321033257760637
row-0002123,doi::10.1016/j.firesaf.2024.104329,42,1,0.0006,0.0012987876449840963
row-0002124,doi::10.1016/j.firesaf.2024.104329,42,1,0.0007,0.0013058827340992356
row-0002125,doi::10.1016/j.firesaf.2024.104329,42,1,0.00076,0.001321033257760637
row-0002126,doi::10.1016/j.firesaf.2024.104329,42,1,0.00105,0.001310525551019126
row-0002127,doi::10.1016/j.firesaf.2024.104329,42,1,0.00112,0.0012987876449840963
row-0002128,doi::10.1016/j.firesaf.2024.104329,42,1,0.00095,0.0013090967688353917
row-0002129,doi::10.1016/j.firesaf.2024.104329,42,1,0.00068,0.001308196292644915
row-0002131,doi::10.1016/j.firesaf.2024.104329,42,1,0.00077,0.001310525551019126
row-0002133,doi::10.1016/j.firesaf.2024.104329,42,1,0.00056,0.0013090967688353917
row-0002134,doi::10.1016/j.firesaf.2024.104329,42,1,0.0004,0.001308196292644915
row-0002136,doi::10.1016/j.firesaf.2024.104329,42,1,0.00072,0.001310525551019126
row-0002137,doi::10.1016/j.firesaf.2024.104329,42,1,0.00062,0.0012987876449840963
row-0002138,doi::10.1016/j.firesaf.2024.104329,42,1,0.00045,0.0013090967688353917
row-0002140,doi::10.1016/j.firesaf.2024.104329,42,1,0.00068,0.001310525551019126
row-0002141,doi::10.1016/j.firesaf.2024.104329,42,1,0.00055,0.0012987876449840963
row-0002142,doi::10.1016/j.firesaf.2024.104329,42,1,0.00045,0.0013090967688353917
row-0002281,citation::mell w e s l olson and t kashiwagi flame spread along free edges of thermally thin samples in 0 proceedings of the combustion institute vol 28 no 2 2000 pp 2843 2849,42,1,0.00325,0.026785486527237556
row-0002282,citation::mell w e s l olson and t kashiwagi flame spread along free edges of thermally thin samples in 0 proceedings of the combustion institute vol 28 no 2 2000 pp 2843 2849,42,1,0.0023,0.026841380429976407
row-0002283,citation::mell w e s l olson and t kashiwagi flame spread along free edges of thermally thin samples in 0 proceedings of the combustion institute vol 28 no 2 2000 pp 2843 2849,42,1,0.00145,0.025848039892890293
row-0002284,citation::mell w e s l olson and t kashiwagi flame spread along free edges of thermally thin samples in 0 proceedings of the combustion institute vol 28 no 2 2000 pp 2843 2849,42,1,0.00125,0.025848039892890293
row-0002286,citation::mell w e s l olson and t kashiwagi flame spread along free edges of thermally thin samples in 0 proceedings of the combustion institute vol 28 no 2 2000 pp 2843 2849,42,1,0.0023,0.009574703514555903
row-0002287,citation::mell w e s l olson and t kashiwagi flame spread along free edges of thermally thin samples in 0 proceedings of the combustion institute vol 28 no 2 2000 pp 2843 2849,42,1,0.0021,0.009574703514555903
row-0002288,citation::mell w e s l olson and t kashiwagi flame spread along free edges of thermally thin samples in 0 proceedings of the combustion institute vol 28 no 2 2000 pp 2843 2849,42,1,0.0018,0.009574703514555903
row-0002289,citation::mell w e s l olson and t kashiwagi flame spread along free edges of thermally thin samples in 0 proceedings of the combustion institute vol 28 no 2 2000 pp 2843 2849,42,1,0.0022,0.009563642645067566
row-0002290,citation::mell w e s l olson and t kashiwagi flame spread along free edges of thermally thin samples in 0 proceedings of the combustion institute vol 28 no 2 2000 pp 2843 2849,42,1,0.002,0.009845460924776532
row-0002291,citation::mell w e s l olson and t kashiwagi flame spread along free edges of thermally thin samples in 0 proceedings of the combustion institute vol 28 no 2 2000 pp 2843 2849,42,1,0.0019,0.009845460924776532
row-0002292,citation::mell w e s l olson and t kashiwagi flame spread along free edges of thermally thin samples in 0 proceedings of the combustion institute vol 28 no 2 2000 pp 2843 2849,42,1,0.0013,0.010334520140476247
row-0003196,doi::10.1016/j.combustflame.2022.112009,42,1,0.0013,0.0027590487860887024
row-0003197,doi::10.1016/j.combustflame.2022.112009,42,1,0.0012,0.0027590487860887024
row-0003198,doi::10.1016/j.combustflame.2022.112009,42,1,0.0013,0.00286624260115393
row-0003199,doi::10.1016/j.combustflame.2022.112009,42,1,0.0012,0.002888784823376153
row-0003200,doi::10.1016/j.combustflame.2022.112009,42,1,0.0014,0.002888784823376153
row-0003201,doi::10.1016/j.combustflame.2022.112009,42,1,0.0013,0.002888784823376153
row-0003202,doi::10.1016/j.combustflame.2022.112009,42,1,0.0013,0.003053520210846473
row-0003203,doi::10.1016/j.combustflame.2022.112009,42,1,0.0014,0.003528608550933923
row-0003204,doi::10.1016/j.combustflame.2022.112009,42,1,0.0013,0.005221839497635601
row-0003205,doi::10.1016/j.combustflame.2022.112009,42,1,0.0012,0.005221839497635601
row-0003206,doi::10.1016/j.combustflame.2022.112009,42,1,0.0014,0.00547361073899093
row-0003207,doi::10.1016/j.combustflame.2022.112009,42,1,0.0014,0.005579637929161189
row-0003210,doi::10.1016/j.combustflame.2022.112009,42,1,0.0011,0.0027539385896008382
row-0003211,doi::10.1016/j.combustflame.2022.112009,42,1,0.001,0.002861132404666066
row-0003212,doi::10.1016/j.combustflame.2022.112009,42,1,0.0012,0.0028836746268882884
row-0003213,doi::10.1016/j.combustflame.2022.112009,42,1,0.0011,0.003048410014358609
row-0003214,doi::10.1016/j.combustflame.2022.112009,42,1,0.0012,0.005216729301147737
row-0003215,doi::10.1016/j.combustflame.2022.112009,42,1,0.0013,0.005574527732673324
row-0003216,doi::10.1016/j.combustflame.2022.112009,42,1,0.0013,0.0055857995275451185
row-0003217,doi::10.1016/j.combustflame.2022.112009,42,1,0.001,0.0055857995275451185
row-0003219,doi::10.1016/j.combustflame.2022.112009,42,1,0.00068,0.002666856555909278
row-0003220,doi::10.1016/j.combustflame.2022.112009,42,1,0.00068,0.0027780939984254865
row-0003221,doi::10.1016/j.combustflame.2022.112009,42,1,0.0007,0.002800636220647709
row-0003222,doi::10.1016/j.combustflame.2022.112009,42,1,0.00071,0.0029653716081180287
row-0003223,doi::10.1016/j.combustflame.2022.112009,42,1,0.00079,0.005146395132395927
row-0003224,doi::10.1016/j.combustflame.2022.112009,42,1,0.00085,0.005504193563921514
row-0003227,doi::10.1016/j.combustflame.2022.112009,42,1,0.0005,0.002594088592364044
row-0003228,doi::10.1016/j.combustflame.2022.112009,42,1,0.00036,0.002594088592364044
row-0003229,doi::10.1016/j.combustflame.2022.112009,42,1,0.00039,0.002705326034880254
row-0003230,doi::10.1016/j.combustflame.2022.112009,42,1,0.00044,0.002727868257102476
row-0003231,doi::10.1016/j.combustflame.2022.112009,42,1,0.00048,0.002727868257102476
row-0003232,doi::10.1016/j.combustflame.2022.112009,42,1,0.00045,0.002892603644572796
row-0003233,doi::10.1016/j.combustflame.2022.112009,42,1,0.00052,0.0033676919846602456
row-0003234,doi::10.1016/j.combustflame.2022.112009,42,1,0.00055,0.003520776333118804
row-0003235,doi::10.1016/j.combustflame.2022.112009,42,1,0.00048,0.005084482195005095
row-0003236,doi::10.1016/j.combustflame.2022.112009,42,1,0.00044,0.005084482195005095
row-0003244,doi::10.1016/j.combustflame.2022.112009,42,1,0.0066,0.0030334198280181873
row-0003245,doi::10.1016/j.combustflame.2022.112009,42,1,0.006,0.0036378314334720124
row-0003246,doi::10.1016/j.combustflame.2022.112009,42,1,0.0054,0.0052711394906227865
row-0003247,doi::10.1016/j.combustflame.2022.112009,42,1,0.0053,0.005593740137740439
row-0003248,doi::10.1016/j.combustflame.2022.112009,42,1,0.008,0.005605011932612233
row-0003249,doi::10.1016/j.combustflame.2022.112009,42,1,0.011,0.005605011932612233
row-0003250,doi::10.1016/j.combustflame.2022.112009,42,1,0.012,0.005605011932612233
row-0003258,doi::10.1016/j.combustflame.2022.112009,42,1,0.0033,0.005503372461611849
row-0003259,doi::10.1016/j.combustflame.2022.112009,42,1,0.0037,0.005514644256483644
row-0004084,citation::takahashi shuhei takeshi nagumo kazunori wakai and subrata bhattacharjee effects of ambient condition on flame spread over a thin pmma sheet jsme international journal series b 43 4 2000 556 562,42,1,0.0611,0.03164365749547997
row-0004085,citation::takahashi shuhei takeshi nagumo kazunori wakai and subrata bhattacharjee effects of ambient condition on flame spread over a thin pmma sheet jsme international journal series b 43 4 2000 556 562,42,1,0.05026,0.03164365749547997
row-0004086,citation::takahashi shuhei takeshi nagumo kazunori wakai and subrata bhattacharjee effects of ambient condition on flame spread over a thin pmma sheet jsme international journal series b 43 4 2000 556 562,42,1,0.03538,0.016770132471905386
row-0004087,citation::takahashi shuhei takeshi nagumo kazunori wakai and subrata bhattacharjee effects of ambient condition on flame spread over a thin pmma sheet jsme international journal series b 43 4 2000 556 562,42,1,0.02873,0.016770132471905386
row-0004088,citation::takahashi shuhei takeshi nagumo kazunori wakai and subrata bhattacharjee effects of ambient condition on flame spread over a thin pmma sheet jsme international journal series b 43 4 2000 556 562,42,1,0.02693,0.016770132471905386
row-0004089,citation::takahashi shuhei takeshi nagumo kazunori wakai and subrata bhattacharjee effects of ambient condition on flame spread over a thin pmma sheet jsme international journal series b 43 4 2000 556 562,42,1,0.01369,0.013414738217538146
row-0004090,citation::takahashi shuhei takeshi nagumo kazunori wakai and subrata bhattacharjee effects of ambient condition on flame spread over a thin pmma sheet jsme international journal series b 43 4 2000 556 562,42,1,0.02635,0.009456619998119422
row-0004091,citation::takahashi shuhei takeshi nagumo kazunori wakai and subrata bhattacharjee effects of ambient condition on flame spread over a thin pmma sheet jsme international journal series b 43 4 2000 556 562,42,1,0.01953,0.009456619998119422
row-0004092,citation::takahashi shuhei takeshi nagumo kazunori wakai and subrata bhattacharjee effects of ambient condition on flame spread over a thin pmma sheet jsme international journal series b 43 4 2000 556 562,42,1,0.01088,0.0069051769678858755
row-0004093,citation::takahashi shuhei takeshi nagumo kazunori wakai and subrata bhattacharjee effects of ambient condition on flame spread over a thin pmma sheet jsme international journal series b 43 4 2000 556 562,42,1,0.0098,0.007254634383181449
row-0004094,citation::takahashi shuhei takeshi nagumo kazunori wakai and subrata bhattacharjee effects of ambient condition on flame spread over a thin pmma sheet jsme international journal series b 43 4 2000 556 562,42,1,0.00861,0.0069051769678858755
row-0004095,citation::takahashi shuhei takeshi nagumo kazunori wakai and subrata bhattacharjee effects of ambient condition on flame spread over a thin pmma sheet jsme international journal series b 43 4 2000 556 562,42,1,0.00426,0.005587968613573244
row-0004096,citation::takahashi shuhei takeshi nagumo kazunori wakai and subrata bhattacharjee effects of ambient condition on flame spread over a thin pmma sheet jsme international journal series b 43 4 2000 556 562,42,1,0.00347,0.002852675672504015
row-0004097,citation::takahashi shuhei takeshi nagumo kazunori wakai and subrata bhattacharjee effects of ambient condition on flame spread over a thin pmma sheet jsme international journal series b 43 4 2000 556 562,42,1,0.00309,0.0026776435932839653
row-0004098,citation::takahashi shuhei takeshi nagumo kazunori wakai and subrata bhattacharjee effects of ambient condition on flame spread over a thin pmma sheet jsme international journal series b 43 4 2000 556 562,42,1,0.00165,0.0018026529558266694
row-0004099,citation::takahashi shuhei takeshi nagumo kazunori wakai and subrata bhattacharjee effects of ambient condition on flame spread over a thin pmma sheet jsme international journal series b 43 4 2000 556 562,42,1,0.00143,0.0016831961444825998
row-0004100,citation::takahashi shuhei takeshi nagumo kazunori wakai and subrata bhattacharjee effects of ambient condition on flame spread over a thin pmma sheet jsme international journal series b 43 4 2000 556 562,42,1,0.0008,0.0014326198160799556
row-0004101,citation::takahashi shuhei takeshi nagumo kazunori wakai and subrata bhattacharjee effects of ambient condition on flame spread over a thin pmma sheet jsme international journal series b 43 4 2000 556 562,42,1,0.00071,0.0014326198160799556
row-0004102,citation::takahashi shuhei takeshi nagumo kazunori wakai and subrata bhattacharjee effects of ambient condition on flame spread over a thin pmma sheet jsme international journal series b 43 4 2000 556 562,42,1,0.00501,0.005843720010933748
row-0004103,citation::takahashi shuhei takeshi nagumo kazunori wakai and subrata bhattacharjee effects of ambient condition on flame spread over a thin pmma sheet jsme international journal series b 43 4 2000 556 562,42,1,0.00451,0.00584922165696058
row-0004104,citation::takahashi shuhei takeshi nagumo kazunori wakai and subrata bhattacharjee effects of ambient condition on flame spread over a thin pmma sheet jsme international journal series b 43 4 2000 556 562,42,1,0.00407,0.005843720010933748
row-0004105,citation::takahashi shuhei takeshi nagumo kazunori wakai and subrata bhattacharjee effects of ambient condition on flame spread over a thin pmma sheet jsme international journal series b 43 4 2000 556 562,42,1,0.00112,0.0014468985684662665
row-0004106,citation::takahashi shuhei takeshi nagumo kazunori wakai and subrata bhattacharjee effects of ambient condition on flame spread over a thin pmma sheet jsme international journal series b 43 4 2000 556 562,42,1,0.001,0.001447050062235655
row-0004107,citation::takahashi shuhei takeshi nagumo kazunori wakai and subrata bhattacharjee effects of ambient condition on flame spread over a thin pmma sheet jsme international journal series b 43 4 2000 556 562,42,1,0.00092,0.001447050062235655
row-0004108,citation::takahashi shuhei takeshi nagumo kazunori wakai and subrata bhattacharjee effects of ambient condition on flame spread over a thin pmma sheet jsme international journal series b 43 4 2000 556 562,42,1,0.00144,0.002297244862234987
row-0004109,citation::takahashi shuhei takeshi nagumo kazunori wakai and subrata bhattacharjee effects of ambient condition on flame spread over a thin pmma sheet jsme international journal series b 43 4 2000 556 562,42,1,0.0012,0.002297244862234987
row-0004110,citation::takahashi shuhei takeshi nagumo kazunori wakai and subrata bhattacharjee effects of ambient condition on flame spread over a thin pmma sheet jsme international journal series b 43 4 2000 556 562,42,1,0.00056,0.0014383434483637213
row-0004111,citation::takahashi shuhei takeshi nagumo kazunori wakai and subrata bhattacharjee effects of ambient condition on flame spread over a thin pmma sheet jsme international journal series b 43 4 2000 556 562,42,1,0.00052,0.0014366677478806296
row-0004112,citation::takahashi shuhei takeshi nagumo kazunori wakai and subrata bhattacharjee effects of ambient condition on flame spread over a thin pmma sheet jsme international journal series b 43 4 2000 556 562,42,1,0.00049,0.0014037905905570944
row-0004113,citation::takahashi shuhei takeshi nagumo kazunori wakai and subrata bhattacharjee effects of ambient condition on flame spread over a thin pmma sheet jsme international journal series b 43 4 2000 556 562,42,1,0.00028,0.0014037905905570944
row-0004114,citation::takahashi shuhei takeshi nagumo kazunori wakai and subrata bhattacharjee effects of ambient condition on flame spread over a thin pmma sheet jsme international journal series b 43 4 2000 556 562,42,1,0.00024,0.0014037905905570944
row-0004115,citation::takahashi shuhei takeshi nagumo kazunori wakai and subrata bhattacharjee effects of ambient condition on flame spread over a thin pmma sheet jsme international journal series b 43 4 2000 556 562,42,1,0.00194,0.005347569105034977
row-0004116,citation::takahashi shuhei takeshi nagumo kazunori wakai and subrata bhattacharjee effects of ambient condition on flame spread over a thin pmma sheet jsme international journal series b 43 4 2000 556 562,42,1,0.00166,0.005347569105034977
row-0004117,citation::takahashi shuhei takeshi nagumo kazunori wakai and subrata bhattacharjee effects of ambient condition on flame spread over a thin pmma sheet jsme international journal series b 43 4 2000 556 562,42,1,0.00081,0.0016952262715313594
row-0004118,citation::takahashi shuhei takeshi nagumo kazunori wakai and subrata bhattacharjee effects of ambient condition on flame spread over a thin pmma sheet jsme international journal series b 43 4 2000 556 562,42,1,0.00032,0.0014285067244008253
row-0004119,citation::takahashi shuhei takeshi nagumo kazunori wakai and subrata bhattacharjee effects of ambient condition on flame spread over a thin pmma sheet jsme international journal series b 43 4 2000 556 562,42,1,0.00031,0.0014285067244008253
row-0004120,citation::takahashi shuhei takeshi nagumo kazunori wakai and subrata bhattacharjee effects of ambient condition on flame spread over a thin pmma sheet jsme international journal series b 43 4 2000 556 562,42,1,0.0003,0.0009839008261373003
row-0004121,citation::takahashi shuhei takeshi nagumo kazunori wakai and subrata bhattacharjee effects of ambient condition on flame spread over a thin pmma sheet jsme international journal series b 43 4 2000 556 562,42,1,0.0001,0.0009606339464619776
row-0004122,citation::takahashi shuhei takeshi nagumo kazunori wakai and subrata bhattacharjee effects of ambient condition on flame spread over a thin pmma sheet jsme international journal series b 43 4 2000 556 562,42,1,0.00113,0.0037540223162351055
row-0004123,citation::takahashi shuhei takeshi nagumo kazunori wakai and subrata bhattacharjee effects of ambient condition on flame spread over a thin pmma sheet jsme international journal series b 43 4 2000 556 562,42,1,0.00104,0.0037540223162351055
row-0004124,citation::takahashi shuhei takeshi nagumo kazunori wakai and subrata bhattacharjee effects of ambient condition on flame spread over a thin pmma sheet jsme international journal series b 43 4 2000 556 562,42,1,0.00049,0.0005390663343251447
row-0004125,citation::takahashi shuhei takeshi nagumo kazunori wakai and subrata bhattacharjee effects of ambient condition on flame spread over a thin pmma sheet jsme international journal series b 43 4 2000 556 562,42,1,0.00038,0.0005390663343251447
row-0004126,citation::takahashi shuhei takeshi nagumo kazunori wakai and subrata bhattacharjee effects of ambient condition on flame spread over a thin pmma sheet jsme international journal series b 43 4 2000 556 562,42,1,0.0003,0.00015343987347926812
row-0004127,citation::takahashi shuhei takeshi nagumo kazunori wakai and subrata bhattacharjee effects of ambient condition on flame spread over a thin pmma sheet jsme international journal series b 43 4 2000 556 562,42,1,0.00025,0.00015343987347926812
row-0004128,citation::takahashi shuhei takeshi nagumo kazunori wakai and subrata bhattacharjee effects of ambient condition on flame spread over a thin pmma sheet jsme international journal series b 43 4 2000 556 562,42,1,0.00066,0.0036688172983162506
row-0004129,citation::takahashi shuhei takeshi nagumo kazunori wakai and subrata bhattacharjee effects of ambient condition on flame spread over a thin pmma sheet jsme international journal series b 43 4 2000 556 562,42,1,0.00052,0.0036688172983162506
row-0004130,citation::takahashi shuhei takeshi nagumo kazunori wakai and subrata bhattacharjee effects of ambient condition on flame spread over a thin pmma sheet jsme international journal series b 43 4 2000 556 562,42,1,0.00032,0.0004852979902888811
row-0004131,citation::takahashi shuhei takeshi nagumo kazunori wakai and subrata bhattacharjee effects of ambient condition on flame spread over a thin pmma sheet jsme international journal series b 43 4 2000 556 562,42,1,0.0003,0.0004852979902888811
row-0004132,citation::takahashi shuhei takeshi nagumo kazunori wakai and subrata bhattacharjee effects of ambient condition on flame spread over a thin pmma sheet jsme international journal series b 43 4 2000 556 562,42,1,0.00018,0.00010039448164787244
row-0004133,citation::takahashi shuhei takeshi nagumo kazunori wakai and subrata bhattacharjee effects of ambient condition on flame spread over a thin pmma sheet jsme international journal series b 43 4 2000 556 562,42,1,0.00017,0.00010039448164787244
row-0004134,citation::takahashi shuhei takeshi nagumo kazunori wakai and subrata bhattacharjee effects of ambient condition on flame spread over a thin pmma sheet jsme international journal series b 43 4 2000 556 562,42,1,0.00084,0.0035851162290988664
row-0004135,citation::takahashi shuhei takeshi nagumo kazunori wakai and subrata bhattacharjee effects of ambient condition on flame spread over a thin pmma sheet jsme international journal series b 43 4 2000 556 562,42,1,0.0001,7.573162657306273e-05
row-0004136,citation::takahashi shuhei takeshi nagumo kazunori wakai and subrata bhattacharjee effects of ambient condition on flame spread over a thin pmma sheet jsme international journal series b 43 4 2000 556 562,42,1,0.00063,0.0035493298929165297
row-0004137,citation::takahashi shuhei takeshi nagumo kazunori wakai and subrata bhattacharjee effects of ambient condition on flame spread over a thin pmma sheet jsme international journal series b 43 4 2000 556 562,42,1,0.00022,0.00040281023223094707
row-0004138,citation::takahashi shuhei takeshi nagumo kazunori wakai and subrata bhattacharjee effects of ambient condition on flame spread over a thin pmma sheet jsme international journal series b 43 4 2000 556 562,42,1,0.00019,0.00040281023223094707
row-0004139,citation::takahashi shuhei takeshi nagumo kazunori wakai and subrata bhattacharjee effects of ambient condition on flame spread over a thin pmma sheet jsme international journal series b 43 4 2000 556 562,42,1,6e-05,7.198038577547249e-05
row-0004140,citation::takahashi shuhei takeshi nagumo kazunori wakai and subrata bhattacharjee effects of ambient condition on flame spread over a thin pmma sheet jsme international journal series b 43 4 2000 556 562,42,1,6e-05,0.008863118977467378
row-0004141,citation::takahashi shuhei takeshi nagumo kazunori wakai and subrata bhattacharjee effects of ambient condition on flame spread over a thin pmma sheet jsme international journal series b 43 4 2000 556 562,42,1,6e-05,0.008863118977467378
row-0004142,citation::takahashi shuhei takeshi nagumo kazunori wakai and subrata bhattacharjee effects of ambient condition on flame spread over a thin pmma sheet jsme international journal series b 43 4 2000 556 562,42,1,6e-05,0.008863118977467378
row-0004143,citation::takahashi shuhei takeshi nagumo kazunori wakai and subrata bhattacharjee effects of ambient condition on flame spread over a thin pmma sheet jsme international journal series b 43 4 2000 556 562,42,1,0.06336,0.03164365749547997
row-0004144,citation::takahashi shuhei takeshi nagumo kazunori wakai and subrata bhattacharjee effects of ambient condition on flame spread over a thin pmma sheet jsme international journal series b 43 4 2000 556 562,42,1,0.05023,0.03164365749547997
row-0004145,citation::takahashi shuhei takeshi nagumo kazunori wakai and subrata bhattacharjee effects of ambient condition on flame spread over a thin pmma sheet jsme international journal series b 43 4 2000 556 562,42,1,0.04648,0.03077095613080748
row-0004146,citation::takahashi shuhei takeshi nagumo kazunori wakai and subrata bhattacharjee effects of ambient condition on flame spread over a thin pmma sheet jsme international journal series b 43 4 2000 556 562,42,1,0.02681,0.009634330276645332
row-0004147,citation::takahashi shuhei takeshi nagumo kazunori wakai and subrata bhattacharjee effects of ambient condition on flame spread over a thin pmma sheet jsme international journal series b 43 4 2000 556 562,42,1,0.01993,0.009634330276645332
row-0004148,citation::takahashi shuhei takeshi nagumo kazunori wakai and subrata bhattacharjee effects of ambient condition on flame spread over a thin pmma sheet jsme international journal series b 43 4 2000 556 562,42,1,0.01115,0.00909924799825617
row-0004149,citation::takahashi shuhei takeshi nagumo kazunori wakai and subrata bhattacharjee effects of ambient condition on flame spread over a thin pmma sheet jsme international journal series b 43 4 2000 556 562,42,1,0.0061,0.005846700560835169
row-0004150,citation::takahashi shuhei takeshi nagumo kazunori wakai and subrata bhattacharjee effects of ambient condition on flame spread over a thin pmma sheet jsme international journal series b 43 4 2000 556 562,42,1,0.00536,0.005584414256072185
row-0004151,citation::takahashi shuhei takeshi nagumo kazunori wakai and subrata bhattacharjee effects of ambient condition on flame spread over a thin pmma sheet jsme international journal series b 43 4 2000 556 562,42,1,0.0049,0.00527920609459152
row-0004152,citation::takahashi shuhei takeshi nagumo kazunori wakai and subrata bhattacharjee effects of ambient condition on flame spread over a thin pmma sheet jsme international journal series b 43 4 2000 556 562,42,1,0.00425,0.005087299376875941
row-0004153,citation::takahashi shuhei takeshi nagumo kazunori wakai and subrata bhattacharjee effects of ambient condition on flame spread over a thin pmma sheet jsme international journal series b 43 4 2000 556 562,42,1,0.00497,0.005843720010933748
row-0004154,citation::takahashi shuhei takeshi nagumo kazunori wakai and subrata bhattacharjee effects of ambient condition on flame spread over a thin pmma sheet jsme international journal series b 43 4 2000 556 562,42,1,0.00448,0.005276465307766548
row-0004155,citation::takahashi shuhei takeshi nagumo kazunori wakai and subrata bhattacharjee effects of ambient condition on flame spread over a thin pmma sheet jsme international journal series b 43 4 2000 556 562,42,1,0.00399,0.00584922165696058
row-0004156,citation::takahashi shuhei takeshi nagumo kazunori wakai and subrata bhattacharjee effects of ambient condition on flame spread over a thin pmma sheet jsme international journal series b 43 4 2000 556 562,42,1,0.00202,0.005346067566573439
row-0004157,citation::takahashi shuhei takeshi nagumo kazunori wakai and subrata bhattacharjee effects of ambient condition on flame spread over a thin pmma sheet jsme international journal series b 43 4 2000 556 562,42,1,0.00182,0.004744543525408477
row-0004158,citation::takahashi shuhei takeshi nagumo kazunori wakai and subrata bhattacharjee effects of ambient condition on flame spread over a thin pmma sheet jsme international journal series b 43 4 2000 556 562,42,1,0.00165,0.005346067566573439
row-0004159,citation::takahashi shuhei takeshi nagumo kazunori wakai and subrata bhattacharjee effects of ambient condition on flame spread over a thin pmma sheet jsme international journal series b 43 4 2000 556 562,42,1,0.00139,0.004534590559889963
row-0004160,citation::takahashi shuhei takeshi nagumo kazunori wakai and subrata bhattacharjee effects of ambient condition on flame spread over a thin pmma sheet jsme international journal series b 43 4 2000 556 562,42,1,0.00156,0.003982619974871664
row-0004161,citation::takahashi shuhei takeshi nagumo kazunori wakai and subrata bhattacharjee effects of ambient condition on flame spread over a thin pmma sheet jsme international journal series b 43 4 2000 556 562,42,1,0.00077,0.004588632786157735
row-0004162,citation::takahashi shuhei takeshi nagumo kazunori wakai and subrata bhattacharjee effects of ambient condition on flame spread over a thin pmma sheet jsme international journal series b 43 4 2000 556 562,42,1,0.00116,0.0037540223162351055
row-0004163,citation::takahashi shuhei takeshi nagumo kazunori wakai and subrata bhattacharjee effects of ambient condition on flame spread over a thin pmma sheet jsme international journal series b 43 4 2000 556 562,42,1,0.00104,0.003377021636415583
row-0004164,citation::takahashi shuhei takeshi nagumo kazunori wakai and subrata bhattacharjee effects of ambient condition on flame spread over a thin pmma sheet jsme international journal series b 43 4 2000 556 562,42,1,0.00121,0.0030399390060333927
row-0004165,citation::takahashi shuhei takeshi nagumo kazunori wakai and subrata bhattacharjee effects of ambient condition on flame spread over a thin pmma sheet jsme international journal series b 43 4 2000 556 562,42,1,0.00083,0.003137311604797296
row-0004166,citation::takahashi shuhei takeshi nagumo kazunori wakai and subrata bhattacharjee effects of ambient condition on flame spread over a thin pmma sheet jsme international journal series b 43 4 2000 556 562,42,1,0.00075,0.0037540223162351055
row-0004167,citation::takahashi shuhei takeshi nagumo kazunori wakai and subrata bhattacharjee effects of ambient condition on flame spread over a thin pmma sheet jsme international journal series b 43 4 2000 556 562,42,1,0.00067,0.0032883969416336307
row-0004168,citation::takahashi shuhei takeshi nagumo kazunori wakai and subrata bhattacharjee effects of ambient condition on flame spread over a thin pmma sheet jsme international journal series b 43 4 2000 556 562,42,1,0.00052,0.0036688172983162506
row-0004169,citation::takahashi shuhei takeshi nagumo kazunori wakai and subrata bhattacharjee effects of ambient condition on flame spread over a thin pmma sheet jsme international journal series b 43 4 2000 556 562,42,1,0.00059,0.0036373940231528516
row-0004170,citation::takahashi shuhei takeshi nagumo kazunori wakai and subrata bhattacharjee effects of ambient condition on flame spread over a thin pmma sheet jsme international journal series b 43 4 2000 556 562,42,1,0.00053,0.0032334598805339467
row-0004171,citation::takahashi shuhei takeshi nagumo kazunori wakai and subrata bhattacharjee effects of ambient condition on flame spread over a thin pmma sheet jsme international journal series b 43 4 2000 556 562,42,1,0.00044,0.0028975326343721117
row-0004172,citation::takahashi shuhei takeshi nagumo kazunori wakai and subrata bhattacharjee effects of ambient condition on flame spread over a thin pmma sheet jsme international journal series b 43 4 2000 556 562,42,1,0.00082,0.003156529434132309
row-0004173,citation::takahashi shuhei takeshi nagumo kazunori wakai and subrata bhattacharjee effects of ambient condition on flame spread over a thin pmma sheet jsme international journal series b 43 4 2000 556 562,42,1,0.00086,0.0035851162290988664
row-0004174,citation::takahashi shuhei takeshi nagumo kazunori wakai and subrata bhattacharjee effects of ambient condition on flame spread over a thin pmma sheet jsme international journal series b 43 4 2000 556 562,42,1,0.00046,0.002892527053027938
row-0004175,citation::takahashi shuhei takeshi nagumo kazunori wakai and subrata bhattacharjee effects of ambient condition on flame spread over a thin pmma sheet jsme international journal series b 43 4 2000 556 562,42,1,0.00026,0.002804715669646692
row-0004176,citation::takahashi shuhei takeshi nagumo kazunori wakai and subrata bhattacharjee effects of ambient condition on flame spread over a thin pmma sheet jsme international journal series b 43 4 2000 556 562,42,1,0.00062,0.003546269380096017
row-0005033,doi::10.1007/s12217-022-09945-4,42,1,0.0162,0.014777063752313939
row-0005034,doi::10.1007/s12217-022-09945-4,42,1,0.0149,0.014588432736037103
row-0005035,doi::10.1007/s12217-022-09945-4,42,1,0.0128,0.014496401392681331
row-0005036,doi::10.1007/s12217-022-09945-4,42,1,0.0125,0.014812977005453986
row-0005037,doi::10.1007/s12217-022-09945-4,42,1,0.0108,0.014624345989177149
row-0005038,doi::10.1007/s12217-022-09945-4,42,1,0.0095,0.014493489280402483
row-0005039,doi::10.1007/s12217-022-09945-4,42,1,0.0075,0.014534830360107094
row-0005040,doi::10.1007/s12217-022-09945-4,42,1,0.0065,0.011251302730872404
row-0005041,doi::10.1007/s12217-022-09945-4,42,1,0.003,0.006235823570452384
row-0005042,doi::10.1007/s12217-022-09945-4,42,1,0.0025,0.004453116851848837
row-0005043,doi::10.1007/s12217-022-09945-4,42,1,0.002,0.0027085729823235773
row-0000125,doi::10.1080/01457632.2025.2529751,42,2,0.0059,0.00319982324141294
row-0000126,doi::10.1080/01457632.2025.2529751,42,2,0.00285,0.001984063897536706
row-0000127,doi::10.1080/01457632.2025.2529751,42,2,0.00172,0.0018932384134755264
row-0000128,doi::10.1080/01457632.2025.2529751,42,2,0.00116,0.001880487257500731
row-0000129,doi::10.1080/01457632.2025.2529751,42,2,0.00739,0.003193122207506137
row-0000130,doi::10.1080/01457632.2025.2529751,42,2,0.00374,0.001981910394740953
row-0000131,doi::10.1080/01457632.2025.2529751,42,2,0.00212,0.0018904612843061472
row-0000132,doi::10.1080/01457632.2025.2529751,42,2,0.00129,0.0018777101283313522
row-0000365,doi::10.1016/s1540-7489(02)80310-8,42,2,0.0019,0.0016076585972668932
row-0000366,doi::10.1016/s1540-7489(02)80310-8,42,2,0.00175,0.0015754678408070398
row-0000367,doi::10.1016/s1540-7489(02)80310-8,42,2,0.0019,0.001579250478554093
row-0000368,doi::10.1016/s1540-7489(02)80310-8,42,2,0.002,0.001579250478554093
row-0000369,doi::10.1016/s1540-7489(02)80310-8,42,2,0.00175,0.0015829353802987644
row-0000370,doi::10.1016/s1540-7489(02)80310-8,42,2,0.0028,0.002303414298041897
row-0000371,doi::10.1016/s1540-7489(02)80310-8,42,2,0.0031,0.002294916407845339
row-0000372,doi::10.1016/s1540-7489(02)80310-8,42,2,0.0032,0.0024096103482513774
row-0000373,doi::10.1016/s1540-7489(02)80310-8,42,2,0.00375,0.0024280828405788667
row-0000374,doi::10.1016/s1540-7489(02)80310-8,42,2,0.00345,0.0023525802726905667
row-0000375,doi::10.1016/s1540-7489(02)80310-8,42,2,0.0033,0.0023359806552897674
row-0000376,doi::10.1016/s1540-7489(02)80310-8,42,2,0.00355,0.004441262808227361
row-0000377,doi::10.1016/s1540-7489(02)80310-8,42,2,0.0043,0.004470638143524544
row-0000378,doi::10.1016/s1540-7489(02)80310-8,42,2,0.0058,0.004606472961641474
row-0000379,doi::10.1016/s1540-7489(02)80310-8,42,2,0.00625,0.004606472961641474
row-0000380,doi::10.1016/s1540-7489(02)80310-8,42,2,0.0051,0.004648759358478672
row-0000381,doi::10.1016/s1540-7489(02)80310-8,42,2,0.0052,0.004531665912889402
row-0000382,doi::10.1016/s1540-7489(02)80310-8,42,2,0.0052,0.004306902956554521
row-0000383,doi::10.1016/s1540-7489(02)80310-8,42,2,0.0038,0.002574018454894028
row-0000384,doi::10.1016/s1540-7489(02)80310-8,42,2,0.0042,0.002560310990077615
row-0000385,doi::10.1016/s1540-7489(02)80310-8,42,2,0.0045,0.0026848700333242225
row-0000386,doi::10.1016/s1540-7489(02)80310-8,42,2,0.00435,0.002736097822960123
row-0000387,doi::10.1016/s1540-7489(02)80310-8,42,2,0.0041,0.0027408681865942848
row-0000453,doi::10.1016/j.combustflame.2020.07.044,42,2,0.00145,0.0013562782918225536
row-0000454,doi::10.1016/j.combustflame.2020.07.044,42,2,0.00124,0.001314881487471753
row-0000455,doi::10.1016/j.combustflame.2020.07.044,42,2,0.00129,0.00140012369895967
row-0000456,doi::10.1016/j.combustflame.2020.07.044,42,2,0.00127,0.0013411509124677692
row-0000457,doi::10.1016/j.combustflame.2020.07.044,42,2,0.00136,0.0013423281670132238
row-0000458,doi::10.1016/j.combustflame.2020.07.044,42,2,0.00122,0.0013459961080239677
row-0000459,doi::10.1016/j.combustflame.2020.07.044,42,2,0.0012,0.0013440437866304492
row-0000460,doi::10.1016/j.combustflame.2020.07.044,42,2,0.00123,0.0013418848610523724
row-0000461,doi::10.1016/j.combustflame.2020.07.044,42,2,0.00171,0.00147767757734374
row-0000462,doi::10.1016/j.combustflame.2020.07.044,42,2,0.00146,0.0014748608727457437
row-0000463,doi::10.1016/j.combustflame.2020.07.044,42,2,0.00139,0.001419329876572774
row-0000464,doi::10.1016/j.combustflame.2020.07.044,42,2,0.00123,0.001419282862452594
row-0000465,doi::10.1016/j.combustflame.2020.07.044,42,2,0.00137,0.0014278037716782433
row-0000466,doi::10.1016/j.combustflame.2020.07.044,42,2,0.00135,0.0014012928880007098
row-0000467,doi::10.1016/j.combustflame.2020.07.044,42,2,0.00129,0.001399934591473367
row-0000468,doi::10.1016/j.combustflame.2020.07.044,42,2,0.00134,0.0013974200294501074
row-0000469,doi::10.1016/j.combustflame.2020.07.044,42,2,0.0013,0.0014310972871237162
row-0000470,doi::10.1016/j.combustflame.2020.07.044,42,2,0.00135,0.001435665761068193
row-0000471,doi::10.1016/j.combustflame.2020.07.044,42,2,0.00121,0.001435665761068193
row-0000472,doi::10.1016/j.combustflame.2020.07.044,42,2,0.00149,0.0015055419853448378
row-0000473,doi::10.1016/j.combustflame.2020.07.044,42,2,0.00154,0.0014331247302252278
row-0000474,doi::10.1016/j.combustflame.2020.07.044,42,2,0.00135,0.0014318214027366784
row-0000475,doi::10.1016/j.combustflame.2020.07.044,42,2,0.00131,0.0014270711229416224
row-0000476,doi::10.1016/j.combustflame.2020.07.044,42,2,0.00133,0.0014711270468415008
row-0000477,doi::10.1016/j.combustflame.2020.07.044,42,2,0.00131,0.0014517619679832966
row-0000478,doi::10.1016/j.combustflame.2020.07.044,42,2,0.00167,0.0015442405633020932
row-0000479,doi::10.1016/j.combustflame.2020.07.044,42,2,0.00165,0.0014773950729009293
row-0000480,doi::10.1016/j.combustflame.2020.07.044,42,2,0.00154,0.0014682215556286737
row-0000481,doi::10.1016/j.combustflame.2020.07.044,42,2,0.0014,0.0015033859855673698
row-0000482,doi::10.1016/j.combustflame.2020.07.044,42,2,0.00108,0.0012963042916441026
row-0000483,doi::10.1016/j.combustflame.2020.07.044,42,2,0.00111,0.0013123585871879849
row-0000484,doi::10.1016/j.combustflame.2020.07.044,42,2,0.00119,0.001304864585587653
row-0000485,doi::10.1016/j.combustflame.2020.07.044,42,2,0.00131,0.0013886818303524085
row-0000486,doi::10.1016/j.combustflame.2020.07.044,42,2,0.00115,0.0013373644113296498
row-0000487,doi::10.1016/j.combustflame.2020.07.044,42,2,0.00111,0.001342209606885848
row-0000488,doi::10.1016/j.combustflame.2020.07.044,42,2,0.00106,0.0013380983599142527
row-0000489,doi::10.1016/j.combustflame.2020.07.044,42,2,0.00131,0.0014269805863056225
row-0000490,doi::10.1016/j.combustflame.2020.07.044,42,2,0.00136,0.0014006626915896707
row-0000491,doi::10.1016/j.combustflame.2020.07.044,42,2,0.0012,0.001394466518387387
row-0000492,doi::10.1016/j.combustflame.2020.07.044,42,2,0.00136,0.001395918451363122
row-0000493,doi::10.1016/j.combustflame.2020.07.044,42,2,0.00126,0.0014248947830938197
row-0000494,doi::10.1016/j.combustflame.2020.07.044,42,2,0.00135,0.0013958244891418782
row-0000495,doi::10.1016/j.combustflame.2020.07.044,42,2,0.00122,0.0013967692198316693
row-0000496,doi::10.1016/j.combustflame.2020.07.044,42,2,0.00125,0.0013964299341173835
row-0000497,doi::10.1016/j.combustflame.2020.07.044,42,2,0.00126,0.001393045961646363
row-0000498,doi::10.1016/j.combustflame.2020.07.044,42,2,0.00127,0.0014288671957568165
row-0000499,doi::10.1016/j.combustflame.2020.07.044,42,2,0.00125,0.0014334356697012934
row-0000500,doi::10.1016/j.combustflame.2020.07.044,42,2,0.00122,0.0014334356697012934
row-0000501,doi::10.1016/j.combustflame.2020.07.044,42,2,0.0014,0.0014484798353506234
row-0000502,doi::10.1016/j.combustflame.2020.07.044,42,2,0.00135,0.0014213235924865233
row-0000503,doi::10.1016/j.combustflame.2020.07.044,42,2,0.00143,0.0014173549871938816
row-0000504,doi::10.1016/j.combustflame.2020.07.044,42,2,0.00142,0.001416640209991488
row-0000505,doi::10.1016/j.combustflame.2020.07.044,42,2,0.00142,0.0014129399466939012
row-0000506,doi::10.1016/j.combustflame.2020.07.044,42,2,0.00134,0.0014678528584130147
row-0000507,doi::10.1016/j.combustflame.2020.07.044,42,2,0.00137,0.0014478296692585371
row-0000508,doi::10.1016/j.combustflame.2020.07.044,42,2,0.00137,0.0014531749487585695
row-0000509,doi::10.1016/j.combustflame.2020.07.044,42,2,0.00153,0.0014867536809542962
row-0000510,doi::10.1016/j.combustflame.2020.07.044,42,2,0.00142,0.0014549148401121915
row-0000511,doi::10.1016/j.combustflame.2020.07.044,42,2,0.00146,0.0014499616157719307
row-0000512,doi::10.1016/j.combustflame.2020.07.044,42,2,0.0014,0.001450404818152883
row-0000513,doi::10.1016/j.combustflame.2020.07.044,42,2,0.00146,0.0014502100848101387
row-0000514,doi::10.1016/j.combustflame.2020.07.044,42,2,0.00146,0.0014993638392280808
row-0000515,doi::10.1016/j.combustflame.2020.07.044,42,2,0.00141,0.0014818955102953192
row-0000516,doi::10.1016/j.combustflame.2020.07.044,42,2,0.00131,0.0014849180600233689
row-0000517,doi::10.1016/j.combustflame.2020.07.044,42,2,0.00108,0.0012949675072246765
row-0000518,doi::10.1016/j.combustflame.2020.07.044,42,2,0.00111,0.001310238743263793
row-0000519,doi::10.1016/j.combustflame.2020.07.044,42,2,0.00123,0.0013870636252242032
row-0000520,doi::10.1016/j.combustflame.2020.07.044,42,2,0.00118,0.0013373644113296498
row-0000521,doi::10.1016/j.combustflame.2020.07.044,42,2,0.00112,0.0013385416658751044
row-0000522,doi::10.1016/j.combustflame.2020.07.044,42,2,0.00112,0.001342209606885848
row-0000523,doi::10.1016/j.combustflame.2020.07.044,42,2,0.00111,0.0013402572854923293
row-0000524,doi::10.1016/j.combustflame.2020.07.044,42,2,0.00115,0.0013380983599142527
row-0000525,doi::10.1016/j.combustflame.2020.07.044,42,2,0.00134,0.0014066479526106757
row-0000526,doi::10.1016/j.combustflame.2020.07.044,42,2,0.00137,0.0014034899475816169
row-0000527,doi::10.1016/j.combustflame.2020.07.044,42,2,0.00121,0.001395918451363122
row-0000528,doi::10.1016/j.combustflame.2020.07.044,42,2,0.00119,0.0013945707229473354
row-0000529,doi::10.1016/j.combustflame.2020.07.044,42,2,0.00115,0.0014225634007080897
row-0000530,doi::10.1016/j.combustflame.2020.07.044,42,2,0.00127,0.0013937046452176867
row-0000531,doi::10.1016/j.combustflame.2020.07.044,42,2,0.00132,0.0013950232674507167
row-0000532,doi::10.1016/j.combustflame.2020.07.044,42,2,0.00109,0.0014288671957568165
row-0000533,doi::10.1016/j.combustflame.2020.07.044,42,2,0.00118,0.0014334356697012934
row-0000534,doi::10.1016/j.combustflame.2020.07.044,42,2,0.00136,0.0014163703681462625
row-0000535,doi::10.1016/j.combustflame.2020.07.044,42,2,0.00133,0.0014128454973909316
row-0000536,doi::10.1016/j.combustflame.2020.07.044,42,2,0.00132,0.0014100240219721324
row-0000537,doi::10.1016/j.combustflame.2020.07.044,42,2,0.00127,0.0014634529630061339
row-0000538,doi::10.1016/j.combustflame.2020.07.044,42,2,0.00127,0.0014478296692585371
row-0000539,doi::10.1016/j.combustflame.2020.07.044,42,2,0.00129,0.0014535142344728551
row-0000540,doi::10.1016/j.combustflame.2020.07.044,42,2,0.00141,0.0014606281836611337
row-0000541,doi::10.1016/j.combustflame.2020.07.044,42,2,0.00141,0.0014486517575468226
row-0000542,doi::10.1016/j.combustflame.2020.07.044,42,2,0.00157,0.0014471906941898895
row-0000543,doi::10.1016/j.combustflame.2020.07.044,42,2,0.00151,0.0014481753132375085
row-0001207,doi::10.1016/j.proci.2024.105199,42,2,0.0041,0.0021344952441445806
row-0001208,doi::10.1016/j.proci.2024.105199,42,2,0.004,0.0021344952441445806
row-0001209,doi::10.1016/j.proci.2024.105199,42,2,0.0036,0.0021344952441445806
row-0001210,doi::10.1016/j.proci.2024.105199,42,2,0.0058,0.0023380261994238403
row-0001211,doi::10.1016/j.proci.2024.105199,42,2,0.006,0.0023380261994238403
row-0001212,doi::10.1016/j.proci.2024.105199,42,2,0.007,0.0023509532218783397
row-0001213,doi::10.1016/j.proci.2024.105199,42,2,0.0032,0.002941213945270176
row-0001215,doi::10.1016/j.proci.2024.105199,42,2,0.0035,0.002941213945270176
row-0001216,doi::10.1016/j.proci.2024.105199,42,2,0.0049,0.0029403237304343388
row-0001217,doi::10.1016/j.proci.2024.105199,42,2,0.0051,0.0029403237304343388
row-0001218,doi::10.1016/j.proci.2024.105199,42,2,0.0045,0.0029403237304343388
row-0001219,doi::10.1016/j.proci.2024.105199,42,2,0.0049,0.0029403237304343388
row-0001220,doi::10.1016/j.proci.2024.105199,42,2,0.004,0.0029403237304343388
row-0001222,doi::10.1016/j.proci.2024.105199,42,2,0.0016,0.0015449952674570372
row-0001223,doi::10.1016/j.proci.2024.105199,42,2,0.0015,0.0015728170400595904
row-0001224,doi::10.1016/j.proci.2024.105199,42,2,0.0019,0.0016023101136907647
row-0001225,doi::10.1016/j.proci.2024.105199,42,2,0.002,0.0016023101136907647
row-0001226,doi::10.1016/j.proci.2024.105199,42,2,0.0021,0.0016023101136907647
row-0001227,doi::10.1016/j.proci.2024.105199,42,2,0.0021,0.0016346881878659045
row-0001228,doi::10.1016/j.proci.2024.105199,42,2,0.002,0.0016688912206326203
row-0001230,doi::10.1016/j.proci.2024.105199,42,2,0.0018,0.0016686712206326203
row-0001231,doi::10.1016/j.proci.2024.105199,42,2,0.0019,0.0016686712206326203
row-0001642,doi::10.1007/s12217-024-10147-3,42,2,0.006,0.008705016886012362
row-0001643,doi::10.1007/s12217-024-10147-3,42,2,0.00748,0.008914767493054261
row-0001644,doi::10.1007/s12217-024-10147-3,42,2,0.00807,0.008643850673102726
row-0001645,doi::10.1007/s12217-024-10147-3,42,2,0.0082,0.009184053325957486
row-0001646,doi::10.1007/s12217-024-10147-3,42,2,0.00739,0.007734662475501176
row-0001647,doi::10.1007/s12217-024-10147-3,42,2,0.00727,0.0076738537779046335
row-0001648,doi::10.1007/s12217-024-10147-3,42,2,0.00728,0.007644272394260157
row-0001649,doi::10.1007/s12217-024-10147-3,42,2,0.00723,0.008019066778048407
row-0001650,doi::10.1007/s12217-024-10147-3,42,2,0.00723,0.008111256523101008
row-0001651,doi::10.1007/s12217-024-10147-3,42,2,0.00717,0.008714405563951156
row-0001652,doi::10.1007/s12217-024-10147-3,42,2,0.00594,0.01584568083163249
row-0001653,doi::10.1007/s12217-024-10147-3,42,2,0.0061,0.008312720880567009
row-0001654,doi::10.1007/s12217-024-10147-3,42,2,0.00839,0.008751571068526193
row-0001655,doi::10.1007/s12217-024-10147-3,42,2,0.00693,0.015967100672441815
row-0001656,doi::10.1007/s12217-024-10147-3,42,2,0.00776,0.008728762321958327
row-0001657,doi::10.1007/s12217-024-10147-3,42,2,0.00889,0.009883498552137158
row-0001658,doi::10.1007/s12217-024-10147-3,42,2,0.00704,0.015904835210938485
row-0001659,doi::10.1007/s12217-024-10147-3,42,2,0.00837,0.008863911820640379
row-0001660,doi::10.1007/s12217-024-10147-3,42,2,0.01105,0.010367000532017806
row-0001661,doi::10.1007/s12217-024-10147-3,42,2,0.00763,0.016257906292219234
row-0001662,doi::10.1007/s12217-024-10147-3,42,2,0.01029,0.009685414982596804
row-0001663,doi::10.1007/s12217-024-10147-3,42,2,0.01198,0.010704992614936407
row-0001664,doi::10.1007/s12217-024-10147-3,42,2,0.0086,0.01632535740467618
row-0001665,doi::10.1007/s12217-024-10147-3,42,2,0.01006,0.009785281869271132
row-0001666,doi::10.1007/s12217-024-10147-3,42,2,0.01182,0.010714424250934397
row-0001667,doi::10.1007/s12217-024-10147-3,42,2,0.00833,0.016372086666331193
row-0001668,doi::10.1007/s12217-024-10147-3,42,2,0.00952,0.010084529937050392
row-0001669,doi::10.1007/s12217-024-10147-3,42,2,0.0115,0.010594083456211574
row-0001670,doi::10.1007/s12217-024-10147-3,42,2,0.00808,0.016409958019017724
row-0001671,doi::10.1007/s12217-024-10147-3,42,2,0.00882,0.010206706663289836
row-0001672,doi::10.1007/s12217-024-10147-3,42,2,0.01117,0.010540331657756759
row-0001673,doi::10.1007/s12217-024-10147-3,42,2,0.00801,0.01645893014662867
row-0001674,doi::10.1007/s12217-024-10147-3,42,2,0.00844,0.010413606032889385
row-0001675,doi::10.1007/s12217-024-10147-3,42,2,0.01026,0.010491388241678827
row-0001833,doi::10.1016/j.proci.2024.105766,42,2,0.007,0.003192341779116672
row-0001834,doi::10.1016/j.proci.2024.105766,42,2,0.01,0.0029339288720005847
row-0001835,doi::10.1016/j.proci.2024.105766,42,2,0.0115,0.002900863439843116
row-0001836,doi::10.1016/j.proci.2024.105766,42,2,0.012,0.002899546085891226
row-0001837,doi::10.1016/j.proci.2024.105766,42,2,0.012,0.003514035674041494
row-0001838,doi::10.1016/j.proci.2024.105766,42,2,0.005,0.0031989981706956726
row-0001839,doi::10.1016/j.proci.2024.105766,42,2,0.0055,0.002940585263579585
row-0001840,doi::10.1016/j.proci.2024.105766,42,2,0.006,0.0029075198314221164
row-0001841,doi::10.1016/j.proci.2024.105766,42,2,0.0065,0.0029047916688893683
row-0001842,doi::10.1016/j.proci.2024.105766,42,2,0.0065,0.0035163994790429415
row-0001843,doi::10.1016/j.proci.2024.105766,42,2,0.005,0.003357314208921738
row-0001844,doi::10.1016/j.proci.2024.105766,42,2,0.007,0.003103294908077596
row-0001845,doi::10.1016/j.proci.2024.105766,42,2,0.0075,0.003070229475920127
row-0001846,doi::10.1016/j.proci.2024.105766,42,2,0.008,0.003070149699013477
row-0001847,doi::10.1016/j.proci.2024.105766,42,2,0.009,0.0037739425089370277
row-0001848,doi::10.1016/j.proci.2024.105766,42,2,0.0026,0.0020627126425701824
row-0001849,doi::10.1016/j.proci.2024.105766,42,2,0.0027,0.0017475238841238182
row-0001850,doi::10.1016/j.proci.2024.105766,42,2,0.0029,0.001706817343574833
row-0001851,doi::10.1016/j.proci.2024.105766,42,2,0.0027,0.001697711343152522
row-0001852,doi::10.1016/j.proci.2024.105766,42,2,0.0026,0.0017576305578920468
row-0001853,doi::10.1016/j.proci.2024.105766,42,2,0.0017,0.002060937570106414
row-0001854,doi::10.1016/j.proci.2024.105766,42,2,0.0018,0.0017457488116600498
row-0001855,doi::10.1016/j.proci.2024.105766,42,2,0.002,0.001705042271111065
row-0001856,doi::10.1016/j.proci.2024.105766,42,2,0.0019,0.0016959362706887538
row-0001857,doi::10.1016/j.proci.2024.105766,42,2,0.0018,0.0017558554854282787
row-0001858,doi::10.1016/j.proci.2024.105766,42,2,0.0015,0.002010962674082181
row-0001859,doi::10.1016/j.proci.2024.105766,42,2,0.0016,0.0017082802040782078
row-0001860,doi::10.1016/j.proci.2024.105766,42,2,0.002,0.0016675736635292226
row-0001861,doi::10.1016/j.proci.2024.105766,42,2,0.0027,0.0016594601496869982
row-0001862,doi::10.1016/j.proci.2024.105766,42,2,0.0025,0.0017305556601896646
row-0002448,doi::10.1016/j.proci.2018.05.007,42,2,0.0015,0.0021180221900513998
row-0002449,doi::10.1016/j.proci.2018.05.007,42,2,0.0025,0.0026464497669067967
row-0002450,doi::10.1016/j.proci.2018.05.007,42,2,0.0028,0.002881175625295922
row-0002451,doi::10.1016/j.proci.2018.05.007,42,2,0.003,0.00215146415097556
row-0002452,doi::10.1016/j.proci.2018.05.007,42,2,0.0026,0.002668766208858648
row-0002453,doi::10.1016/j.proci.2018.05.007,42,2,0.0026,0.0028973183840195673
row-0002454,doi::10.1016/j.proci.2018.05.007,42,2,0.0027,0.002869362020164591
row-0002455,doi::10.1016/j.proci.2018.05.007,42,2,0.0035,0.002869362020164591
row-0002456,doi::10.1016/j.proci.2018.05.007,42,2,0.003,0.0034295680594923373
row-0002457,doi::10.1016/j.proci.2018.05.007,42,2,0.0031,0.0036712183916062643
row-0002458,doi::10.1016/j.proci.2018.05.007,42,2,0.0029,0.003120579141960747
row-0002459,doi::10.1016/j.proci.2018.05.007,42,2,0.0035,0.003120579141960747
row-0002460,doi::10.1016/j.proci.2018.05.007,42,2,0.0038,0.003622284752648146
row-0002461,doi::10.1016/j.proci.2018.05.007,42,2,0.0036,0.0038708111996471877
row-0002462,doi::10.1016/j.proci.2018.05.007,42,2,0.0014,0.0013140795794537904
row-0002463,doi::10.1016/j.proci.2018.05.007,42,2,0.0021,0.0013201298979260416
row-0002464,doi::10.1016/j.proci.2018.05.007,42,2,0.0021,0.0013400486163274814
row-0002465,doi::10.1016/j.proci.2018.05.007,42,2,0.0026,0.0015258032253940312
row-0002466,doi::10.1016/j.proci.2018.05.007,42,2,0.0019,0.0014373550147533279
row-0002467,doi::10.1016/j.proci.2018.05.007,42,2,0.0022,0.0014434053332255791
row-0002468,doi::10.1016/j.proci.2018.05.007,42,2,0.0023,0.0014518771633623996
row-0002469,doi::10.1016/j.proci.2018.05.007,42,2,0.0024,0.0015966068858223874
row-0002470,doi::10.1016/j.proci.2018.05.007,42,2,0.0026,0.002276332897214351
row-0002471,doi::10.1016/j.proci.2018.05.007,42,2,0.0026,0.0022816501375932953
row-0002472,doi::10.1016/j.proci.2018.05.007,42,2,0.0026,0.0023008530882385456
row-0002473,doi::10.1016/j.proci.2018.05.007,42,2,0.0026,0.002438043381619725
row-0002474,doi::10.1016/j.proci.2018.05.007,42,2,0.0029,0.002692216117817012
row-0002475,doi::10.1016/j.proci.2018.05.007,42,2,0.0029,0.0026975333581959575
row-0002476,doi::10.1016/j.proci.2018.05.007,42,2,0.0024,0.0027159738088412076
row-0002477,doi::10.1016/j.proci.2018.05.007,42,2,0.003,0.002857824463075318
row-0002786,citation::olson s l and j s t ien near limit flame spread over a thin solid fuel in 0 symposium international on combustion vol 22 no 1 1988 pp 1213 1222 the combustion institute,42,2,0.00503,0.004688126501807967
row-0002787,citation::olson s l and j s t ien near limit flame spread over a thin solid fuel in 0 symposium international on combustion vol 22 no 1 1988 pp 1213 1222 the combustion institute,42,2,0.00613,0.004715438910343234
row-0002788,citation::olson s l and j s t ien near limit flame spread over a thin solid fuel in 0 symposium international on combustion vol 22 no 1 1988 pp 1213 1222 the combustion institute,42,2,0.00755,0.007101104428964835
row-0002789,citation::olson s l and j s t ien near limit flame spread over a thin solid fuel in 0 symposium international on combustion vol 22 no 1 1988 pp 1213 1222 the combustion institute,42,2,0.01147,0.008569513929245749
row-0002790,citation::olson s l and j s t ien near limit flame spread over a thin solid fuel in 0 symposium international on combustion vol 22 no 1 1988 pp 1213 1222 the combustion institute,42,2,0.01415,0.010591728836467319
row-0002791,citation::olson s l and j s t ien near limit flame spread over a thin solid fuel in 0 symposium international on combustion vol 22 no 1 1988 pp 1213 1222 the combustion institute,42,2,0.0147,0.010550595163675387
row-0002792,citation::olson s l and j s t ien near limit flame spread over a thin solid fuel in 0 symposium international on combustion vol 22 no 1 1988 pp 1213 1222 the combustion institute,42,2,0.01533,0.010550595163675387
row-0002793,citation::olson s l and j s t ien near limit flame spread over a thin solid fuel in 0 symposium international on combustion vol 22 no 1 1988 pp 1213 1222 the combustion institute,42,2,0.01974,0.016269506417965412
row-0002794,citation::olson s l and j s t ien near limit flame spread over a thin solid fuel in 0 symposium international on combustion vol 22 no 1 1988 pp 1213 1222 the combustion institute,42,2,0.0306,0.02522075418463623
row-0002795,citation::olson s l and j s t ien near limit flame spread over a thin solid fuel in 0 symposium international on combustion vol 22 no 1 1988 pp 1213 1222 the combustion institute,42,2,0.03622,0.02987632736812354
row-0002796,citation::olson s l and j s t ien near limit flame spread over a thin solid fuel in 0 symposium international on combustion vol 22 no 1 1988 pp 1213 1222 the combustion institute,42,2,0.04342,0.04247560426456307
row-0002797,citation::olson s l and j s t ien near limit flame spread over a thin solid fuel in 0 symposium international on combustion vol 22 no 1 1988 pp 1213 1222 the combustion institute,42,2,0.0529,0.05150345126565051
row-0002798,citation::olson s l and j s t ien near limit flame spread over a thin solid fuel in 0 symposium international on combustion vol 22 no 1 1988 pp 1213 1222 the combustion institute,42,2,0.07704,0.052901136978863166
row-0002799,citation::olson s l and j s t ien near limit flame spread over a thin solid fuel in 0 symposium international on combustion vol 22 no 1 1988 pp 1213 1222 the combustion institute,42,2,0.00544,0.008569513929245749
row-0002800,citation::olson s l and j s t ien near limit flame spread over a thin solid fuel in 0 symposium international on combustion vol 22 no 1 1988 pp 1213 1222 the combustion institute,42,2,0.00571,0.008817001465817455
row-0002801,citation::olson s l and j s t ien near limit flame spread over a thin solid fuel in 0 symposium international on combustion vol 22 no 1 1988 pp 1213 1222 the combustion institute,42,2,0.01107,0.01006104541802714
row-0002802,citation::olson s l and j s t ien near limit flame spread over a thin solid fuel in 0 symposium international on combustion vol 22 no 1 1988 pp 1213 1222 the combustion institute,42,2,0.01283,0.011942228366186743
row-0002803,citation::olson s l and j s t ien near limit flame spread over a thin solid fuel in 0 symposium international on combustion vol 22 no 1 1988 pp 1213 1222 the combustion institute,42,2,0.01714,0.016299343215057896
row-0002804,citation::olson s l and j s t ien near limit flame spread over a thin solid fuel in 0 symposium international on combustion vol 22 no 1 1988 pp 1213 1222 the combustion institute,42,2,0.01796,0.016299343215057896
row-0002805,citation::olson s l and j s t ien near limit flame spread over a thin solid fuel in 0 symposium international on combustion vol 22 no 1 1988 pp 1213 1222 the combustion institute,42,2,0.0191,0.016299343215057896
row-0002806,citation::olson s l and j s t ien near limit flame spread over a thin solid fuel in 0 symposium international on combustion vol 22 no 1 1988 pp 1213 1222 the combustion institute,42,2,0.02184,0.02298970550872481
row-0002807,citation::olson s l and j s t ien near limit flame spread over a thin solid fuel in 0 symposium international on combustion vol 22 no 1 1988 pp 1213 1222 the combustion institute,42,2,0.02669,0.025342780917838953
row-0002808,citation::olson s l and j s t ien near limit flame spread over a thin solid fuel in 0 symposium international on combustion vol 22 no 1 1988 pp 1213 1222 the combustion institute,42,2,0.02758,0.025342780917838953
row-0002809,citation::olson s l and j s t ien near limit flame spread over a thin solid fuel in 0 symposium international on combustion vol 22 no 1 1988 pp 1213 1222 the combustion institute,42,2,0.03869,0.030077866605149887
row-0002810,citation::olson s l and j s t ien near limit flame spread over a thin solid fuel in 0 symposium international on combustion vol 22 no 1 1988 pp 1213 1222 the combustion institute,42,2,0.04662,0.04252301295017789
row-0002811,citation::olson s l and j s t ien near limit flame spread over a thin solid fuel in 0 symposium international on combustion vol 22 no 1 1988 pp 1213 1222 the combustion institute,42,2,0.04979,0.04252301295017789
row-0002812,citation::olson s l and j s t ien near limit flame spread over a thin solid fuel in 0 symposium international on combustion vol 22 no 1 1988 pp 1213 1222 the combustion institute,42,2,0.0633,0.051346855184003976
row-0002813,citation::olson s l and j s t ien near limit flame spread over a thin solid fuel in 0 symposium international on combustion vol 22 no 1 1988 pp 1213 1222 the combustion institute,42,2,0.07383,0.05274454089721663
row-0002814,citation::olson s l and j s t ien near limit flame spread over a thin solid fuel in 0 symposium international on combustion vol 22 no 1 1988 pp 1213 1222 the combustion institute,42,2,0.00288,0.006117650756008726
row-0002815,citation::olson s l and j s t ien near limit flame spread over a thin solid fuel in 0 symposium international on combustion vol 22 no 1 1988 pp 1213 1222 the combustion institute,42,2,0.00329,0.006112764649566149
row-0002816,citation::olson s l and j s t ien near limit flame spread over a thin solid fuel in 0 symposium international on combustion vol 22 no 1 1988 pp 1213 1222 the combustion institute,42,2,0.00338,0.006117650756008726
row-0002817,citation::olson s l and j s t ien near limit flame spread over a thin solid fuel in 0 symposium international on combustion vol 22 no 1 1988 pp 1213 1222 the combustion institute,42,2,0.00601,0.008335203180220088
row-0002818,citation::olson s l and j s t ien near limit flame spread over a thin solid fuel in 0 symposium international on combustion vol 22 no 1 1988 pp 1213 1222 the combustion institute,42,2,0.00675,0.008335203180220088
row-0002819,citation::olson s l and j s t ien near limit flame spread over a thin solid fuel in 0 symposium international on combustion vol 22 no 1 1988 pp 1213 1222 the combustion institute,42,2,0.00853,0.009064427829332327
row-0002820,citation::olson s l and j s t ien near limit flame spread over a thin solid fuel in 0 symposium international on combustion vol 22 no 1 1988 pp 1213 1222 the combustion institute,42,2,0.00915,0.009055436500009019
row-0002821,citation::olson s l and j s t ien near limit flame spread over a thin solid fuel in 0 symposium international on combustion vol 22 no 1 1988 pp 1213 1222 the combustion institute,42,2,0.00945,0.009096570172800952
row-0002822,citation::olson s l and j s t ien near limit flame spread over a thin solid fuel in 0 symposium international on combustion vol 22 no 1 1988 pp 1213 1222 the combustion institute,42,2,0.01028,0.011498541959392853
row-0002823,citation::olson s l and j s t ien near limit flame spread over a thin solid fuel in 0 symposium international on combustion vol 22 no 1 1988 pp 1213 1222 the combustion institute,42,2,0.01206,0.012977871292797148
row-0002824,citation::olson s l and j s t ien near limit flame spread over a thin solid fuel in 0 symposium international on combustion vol 22 no 1 1988 pp 1213 1222 the combustion institute,42,2,0.01688,0.01756456827904703
row-0002825,citation::olson s l and j s t ien near limit flame spread over a thin solid fuel in 0 symposium international on combustion vol 22 no 1 1988 pp 1213 1222 the combustion institute,42,2,0.01769,0.01756456827904703
row-0002826,citation::olson s l and j s t ien near limit flame spread over a thin solid fuel in 0 symposium international on combustion vol 22 no 1 1988 pp 1213 1222 the combustion institute,42,2,0.02298,0.019964429992693104
row-0002827,citation::olson s l and j s t ien near limit flame spread over a thin solid fuel in 0 symposium international on combustion vol 22 no 1 1988 pp 1213 1222 the combustion institute,42,2,0.02931,0.028648554602865334
row-0002828,citation::olson s l and j s t ien near limit flame spread over a thin solid fuel in 0 symposium international on combustion vol 22 no 1 1988 pp 1213 1222 the combustion institute,42,2,0.03468,0.03555954188943066
row-0002829,citation::olson s l and j s t ien near limit flame spread over a thin solid fuel in 0 symposium international on combustion vol 22 no 1 1988 pp 1213 1222 the combustion institute,42,2,0.03844,0.03649348325225915
row-0002830,citation::olson s l and j s t ien near limit flame spread over a thin solid fuel in 0 symposium international on combustion vol 22 no 1 1988 pp 1213 1222 the combustion institute,42,2,0.0026,0.008445167491416487
row-0002831,citation::olson s l and j s t ien near limit flame spread over a thin solid fuel in 0 symposium international on combustion vol 22 no 1 1988 pp 1213 1222 the combustion institute,42,2,0.00373,0.009370810017848565
row-0002832,citation::olson s l and j s t ien near limit flame spread over a thin solid fuel in 0 symposium international on combustion vol 22 no 1 1988 pp 1213 1222 the combustion institute,42,2,0.00406,0.008944539875521847
row-0002833,citation::olson s l and j s t ien near limit flame spread over a thin solid fuel in 0 symposium international on combustion vol 22 no 1 1988 pp 1213 1222 the combustion institute,42,2,0.00471,0.01283422970058407
row-0002834,citation::olson s l and j s t ien near limit flame spread over a thin solid fuel in 0 symposium international on combustion vol 22 no 1 1988 pp 1213 1222 the combustion institute,42,2,0.00547,0.01283422970058407
row-0002835,citation::olson s l and j s t ien near limit flame spread over a thin solid fuel in 0 symposium international on combustion vol 22 no 1 1988 pp 1213 1222 the combustion institute,42,2,0.00627,0.01283422970058407
row-0002836,citation::olson s l and j s t ien near limit flame spread over a thin solid fuel in 0 symposium international on combustion vol 22 no 1 1988 pp 1213 1222 the combustion institute,42,2,0.01275,0.017480980164484433
row-0002837,citation::olson s l and j s t ien near limit flame spread over a thin solid fuel in 0 symposium international on combustion vol 22 no 1 1988 pp 1213 1222 the combustion institute,42,2,0.0142,0.017480980164484433
row-0002838,citation::olson s l and j s t ien near limit flame spread over a thin solid fuel in 0 symposium international on combustion vol 22 no 1 1988 pp 1213 1222 the combustion institute,42,2,0.01537,0.017480980164484433
row-0002839,citation::olson s l and j s t ien near limit flame spread over a thin solid fuel in 0 symposium international on combustion vol 22 no 1 1988 pp 1213 1222 the combustion institute,42,2,0.01988,0.020026848340723838
row-0002840,citation::olson s l and j s t ien near limit flame spread over a thin solid fuel in 0 symposium international on combustion vol 22 no 1 1988 pp 1213 1222 the combustion institute,42,2,0.02183,0.020026848340723838
row-0002841,citation::olson s l and j s t ien near limit flame spread over a thin solid fuel in 0 symposium international on combustion vol 22 no 1 1988 pp 1213 1222 the combustion institute,42,2,0.02256,0.02865781562625348
row-0002842,citation::olson s l and j s t ien near limit flame spread over a thin solid fuel in 0 symposium international on combustion vol 22 no 1 1988 pp 1213 1222 the combustion institute,42,2,0.0342,0.02865781562625348
row-0002843,citation::olson s l and j s t ien near limit flame spread over a thin solid fuel in 0 symposium international on combustion vol 22 no 1 1988 pp 1213 1222 the combustion institute,42,2,0.03372,0.035309871529604804
row-0002844,citation::olson s l and j s t ien near limit flame spread over a thin solid fuel in 0 symposium international on combustion vol 22 no 1 1988 pp 1213 1222 the combustion institute,42,2,0.03617,0.03538930286650321
row-0002845,citation::olson s l and j s t ien near limit flame spread over a thin solid fuel in 0 symposium international on combustion vol 22 no 1 1988 pp 1213 1222 the combustion institute,42,2,0.04569,0.0363232442293317
row-0003455,doi::10.1007/s12217-024-10106-y,42,2,4e-05,0.0005771632970177696
row-0003456,doi::10.1007/s12217-024-10106-y,42,2,4e-05,0.0005587259314102964
row-0003457,doi::10.1007/s12217-024-10106-y,42,2,5e-05,0.0005587259314102964
row-0003458,doi::10.1007/s12217-024-10106-y,42,2,4e-05,0.0005593381243081688
row-0003460,doi::10.1007/s12217-024-10106-y,42,2,3e-05,0.0005589492042643573
row-0003461,doi::10.1007/s12217-024-10106-y,42,2,4e-05,0.0005589492042643573
row-0003462,doi::10.1007/s12217-024-10106-y,42,2,3e-05,0.0005560210500562566
row-0003464,doi::10.1007/s12217-024-10106-y,42,2,0.00103,0.001848892875356956
row-0003465,doi::10.1007/s12217-024-10106-y,42,2,0.00114,0.001848892875356956
row-0003466,doi::10.1007/s12217-024-10106-y,42,2,0.00125,0.0017716520671460232
row-0003467,doi::10.1007/s12217-024-10106-y,42,2,0.00111,0.0017716520671460232
row-0003468,doi::10.1007/s12217-024-10106-y,42,2,0.00108,0.0017702381475082191
row-0003469,doi::10.1007/s12217-024-10106-y,42,2,0.00113,0.0017702381475082191
row-0003470,doi::10.1007/s12217-024-10106-y,42,2,0.00118,0.0017716520671460232
row-0003471,doi::10.1007/s12217-024-10106-y,42,2,0.00124,0.0017716520671460232
row-0003472,doi::10.1007/s12217-024-10106-y,42,2,0.00125,0.001848892875356956
row-0003473,doi::10.1007/s12217-024-10106-y,42,2,0.00126,0.001848892875356956
row-0003514,citation::son youngjin paul d ronney and suleyman gokoglu comparison of carbon dioxide and helium as fire extinguishing agents for spacecraft nasa cp 2004 213205 vol2 2004 pp 409 418,42,2,0.0065,0.038183099538608746
row-0003515,citation::son youngjin paul d ronney and suleyman gokoglu comparison of carbon dioxide and helium as fire extinguishing agents for spacecraft nasa cp 2004 213205 vol2 2004 pp 409 418,42,2,0.026,0.03831703695046541
row-0003516,citation::son youngjin paul d ronney and suleyman gokoglu comparison of carbon dioxide and helium as fire extinguishing agents for spacecraft nasa cp 2004 213205 vol2 2004 pp 409 418,42,2,0.042,0.040170455605880125
row-0003517,citation::son youngjin paul d ronney and suleyman gokoglu comparison of carbon dioxide and helium as fire extinguishing agents for spacecraft nasa cp 2004 213205 vol2 2004 pp 409 418,42,2,0.049,0.04138356241124236
row-0003518,citation::son youngjin paul d ronney and suleyman gokoglu comparison of carbon dioxide and helium as fire extinguishing agents for spacecraft nasa cp 2004 213205 vol2 2004 pp 409 418,42,2,0.065,0.041410589077909024
row-0003519,citation::son youngjin paul d ronney and suleyman gokoglu comparison of carbon dioxide and helium as fire extinguishing agents for spacecraft nasa cp 2004 213205 vol2 2004 pp 409 418,42,2,0.084,0.04152629137401291
row-0003520,citation::son youngjin paul d ronney and suleyman gokoglu comparison of carbon dioxide and helium as fire extinguishing agents for spacecraft nasa cp 2004 213205 vol2 2004 pp 409 418,42,2,0.0055,0.03198742864892948
row-0003521,citation::son youngjin paul d ronney and suleyman gokoglu comparison of carbon dioxide and helium as fire extinguishing agents for spacecraft nasa cp 2004 213205 vol2 2004 pp 409 418,42,2,0.021,0.033066262497353
row-0003522,citation::son youngjin paul d ronney and suleyman gokoglu comparison of carbon dioxide and helium as fire extinguishing agents for spacecraft nasa cp 2004 213205 vol2 2004 pp 409 418,42,2,0.025,0.038987871882723985
row-0003523,citation::son youngjin paul d ronney and suleyman gokoglu comparison of carbon dioxide and helium as fire extinguishing agents for spacecraft nasa cp 2004 213205 vol2 2004 pp 409 418,42,2,0.048,0.04051221017693109
row-0003524,citation::son youngjin paul d ronney and suleyman gokoglu comparison of carbon dioxide and helium as fire extinguishing agents for spacecraft nasa cp 2004 213205 vol2 2004 pp 409 418,42,2,0.1,0.04051221017693109
row-0003525,citation::son youngjin paul d ronney and suleyman gokoglu comparison of carbon dioxide and helium as fire extinguishing agents for spacecraft nasa cp 2004 213205 vol2 2004 pp 409 418,42,2,0.003,0.035571818692804805
row-0003526,citation::son youngjin paul d ronney and suleyman gokoglu comparison of carbon dioxide and helium as fire extinguishing agents for spacecraft nasa cp 2004 213205 vol2 2004 pp 409 418,42,2,0.0115,0.03718077184134477
row-0003527,citation::son youngjin paul d ronney and suleyman gokoglu comparison of carbon dioxide and helium as fire extinguishing agents for spacecraft nasa cp 2004 213205 vol2 2004 pp 409 418,42,2,0.035,0.03834787042494929
row-0003528,citation::son youngjin paul d ronney and suleyman gokoglu comparison of carbon dioxide and helium as fire extinguishing agents for spacecraft nasa cp 2004 213205 vol2 2004 pp 409 418,42,2,0.07,0.03851370490054036
row-0003529,citation::son youngjin paul d ronney and suleyman gokoglu comparison of carbon dioxide and helium as fire extinguishing agents for spacecraft nasa cp 2004 213205 vol2 2004 pp 409 418,42,2,0.0028,0.029906327421570462
row-0003530,citation::son youngjin paul d ronney and suleyman gokoglu comparison of carbon dioxide and helium as fire extinguishing agents for spacecraft nasa cp 2004 213205 vol2 2004 pp 409 418,42,2,0.0065,0.02997133326585851
row-0003531,citation::son youngjin paul d ronney and suleyman gokoglu comparison of carbon dioxide and helium as fire extinguishing agents for spacecraft nasa cp 2004 213205 vol2 2004 pp 409 418,42,2,0.018,0.03104990492345152
row-0003532,citation::son youngjin paul d ronney and suleyman gokoglu comparison of carbon dioxide and helium as fire extinguishing agents for spacecraft nasa cp 2004 213205 vol2 2004 pp 409 418,42,2,0.035,0.03785317696571199
row-0003533,citation::son youngjin paul d ronney and suleyman gokoglu comparison of carbon dioxide and helium as fire extinguishing agents for spacecraft nasa cp 2004 213205 vol2 2004 pp 409 418,42,2,0.062,0.03785317696571199
row-0003534,citation::son youngjin paul d ronney and suleyman gokoglu comparison of carbon dioxide and helium as fire extinguishing agents for spacecraft nasa cp 2004 213205 vol2 2004 pp 409 418,42,2,0.04,0.027460500985966245
row-0003535,citation::son youngjin paul d ronney and suleyman gokoglu comparison of carbon dioxide and helium as fire extinguishing agents for spacecraft nasa cp 2004 213205 vol2 2004 pp 409 418,42,2,0.09,0.027831607865905758
row-0003536,citation::son youngjin paul d ronney and suleyman gokoglu comparison of carbon dioxide and helium as fire extinguishing agents for spacecraft nasa cp 2004 213205 vol2 2004 pp 409 418,42,2,0.029,0.024632011285432173
row-0003537,citation::son youngjin paul d ronney and suleyman gokoglu comparison of carbon dioxide and helium as fire extinguishing agents for spacecraft nasa cp 2004 213205 vol2 2004 pp 409 418,42,2,0.044,0.02674622834014506
row-0003538,citation::son youngjin paul d ronney and suleyman gokoglu comparison of carbon dioxide and helium as fire extinguishing agents for spacecraft nasa cp 2004 213205 vol2 2004 pp 409 418,42,2,0.085,0.027127330561285398
row-0003539,citation::son youngjin paul d ronney and suleyman gokoglu comparison of carbon dioxide and helium as fire extinguishing agents for spacecraft nasa cp 2004 213205 vol2 2004 pp 409 418,42,2,0.05306,0.01413113237058009
row-0003540,citation::son youngjin paul d ronney and suleyman gokoglu comparison of carbon dioxide and helium as fire extinguishing agents for spacecraft nasa cp 2004 213205 vol2 2004 pp 409 418,42,2,0.03694,0.013565673890874434
row-0003541,citation::son youngjin paul d ronney and suleyman gokoglu comparison of carbon dioxide and helium as fire extinguishing agents for spacecraft nasa cp 2004 213205 vol2 2004 pp 409 418,42,2,0.00667,0.013528589557541099
row-0003543,citation::son youngjin paul d ronney and suleyman gokoglu comparison of carbon dioxide and helium as fire extinguishing agents for spacecraft nasa cp 2004 213205 vol2 2004 pp 409 418,42,2,0.05278,0.010329133047734671
row-0003544,citation::son youngjin paul d ronney and suleyman gokoglu comparison of carbon dioxide and helium as fire extinguishing agents for spacecraft nasa cp 2004 213205 vol2 2004 pp 409 418,42,2,0.03417,0.010578605506480238
row-0003545,citation::son youngjin paul d ronney and suleyman gokoglu comparison of carbon dioxide and helium as fire extinguishing agents for spacecraft nasa cp 2004 213205 vol2 2004 pp 409 418,42,2,0.02333,0.011249011011559945
row-0003546,citation::son youngjin paul d ronney and suleyman gokoglu comparison of carbon dioxide and helium as fire extinguishing agents for spacecraft nasa cp 2004 213205 vol2 2004 pp 409 418,42,2,0.0175,0.011803012249427126
row-0003547,citation::son youngjin paul d ronney and suleyman gokoglu comparison of carbon dioxide and helium as fire extinguishing agents for spacecraft nasa cp 2004 213205 vol2 2004 pp 409 418,42,2,0.01417,0.01441005193567363
row-0003548,citation::son youngjin paul d ronney and suleyman gokoglu comparison of carbon dioxide and helium as fire extinguishing agents for spacecraft nasa cp 2004 213205 vol2 2004 pp 409 418,42,2,0.05278,0.015747440141280645
row-0003549,citation::son youngjin paul d ronney and suleyman gokoglu comparison of carbon dioxide and helium as fire extinguishing agents for spacecraft nasa cp 2004 213205 vol2 2004 pp 409 418,42,2,0.02778,0.015516424388985267
row-0003550,citation::son youngjin paul d ronney and suleyman gokoglu comparison of carbon dioxide and helium as fire extinguishing agents for spacecraft nasa cp 2004 213205 vol2 2004 pp 409 418,42,2,0.01694,0.015367919219961994
row-0003551,citation::son youngjin paul d ronney and suleyman gokoglu comparison of carbon dioxide and helium as fire extinguishing agents for spacecraft nasa cp 2004 213205 vol2 2004 pp 409 418,42,2,0.0075,0.01539981301505579
row-0003552,citation::son youngjin paul d ronney and suleyman gokoglu comparison of carbon dioxide and helium as fire extinguishing agents for spacecraft nasa cp 2004 213205 vol2 2004 pp 409 418,42,2,0.02859,0.01700283969362802
row-0003553,citation::son youngjin paul d ronney and suleyman gokoglu comparison of carbon dioxide and helium as fire extinguishing agents for spacecraft nasa cp 2004 213205 vol2 2004 pp 409 418,42,2,0.01114,0.0168257249059864
row-0003554,citation::son youngjin paul d ronney and suleyman gokoglu comparison of carbon dioxide and helium as fire extinguishing agents for spacecraft nasa cp 2004 213205 vol2 2004 pp 409 418,42,2,0.01291,0.015659249287479603
row-0003555,citation::son youngjin paul d ronney and suleyman gokoglu comparison of carbon dioxide and helium as fire extinguishing agents for spacecraft nasa cp 2004 213205 vol2 2004 pp 409 418,42,2,0.00432,0.012020646210658131
row-0003556,citation::son youngjin paul d ronney and suleyman gokoglu comparison of carbon dioxide and helium as fire extinguishing agents for spacecraft nasa cp 2004 213205 vol2 2004 pp 409 418,42,2,0.02859,0.018395872880175333
row-0003557,citation::son youngjin paul d ronney and suleyman gokoglu comparison of carbon dioxide and helium as fire extinguishing agents for spacecraft nasa cp 2004 213205 vol2 2004 pp 409 418,42,2,0.01495,0.01833099162527337
row-0003558,citation::son youngjin paul d ronney and suleyman gokoglu comparison of carbon dioxide and helium as fire extinguishing agents for spacecraft nasa cp 2004 213205 vol2 2004 pp 409 418,42,2,0.00895,0.017928585295775176
row-0003560,citation::son youngjin paul d ronney and suleyman gokoglu comparison of carbon dioxide and helium as fire extinguishing agents for spacecraft nasa cp 2004 213205 vol2 2004 pp 409 418,42,2,0.02845,0.014907801101311395
row-0003561,citation::son youngjin paul d ronney and suleyman gokoglu comparison of carbon dioxide and helium as fire extinguishing agents for spacecraft nasa cp 2004 213205 vol2 2004 pp 409 418,42,2,0.00718,0.01532533734434876
row-0003562,citation::son youngjin paul d ronney and suleyman gokoglu comparison of carbon dioxide and helium as fire extinguishing agents for spacecraft nasa cp 2004 213205 vol2 2004 pp 409 418,42,2,0.00855,0.015313385504738073
row-0003564,citation::son youngjin paul d ronney and suleyman gokoglu comparison of carbon dioxide and helium as fire extinguishing agents for spacecraft nasa cp 2004 213205 vol2 2004 pp 409 418,42,2,0.02708,0.022250907703815187
row-0003565,citation::son youngjin paul d ronney and suleyman gokoglu comparison of carbon dioxide and helium as fire extinguishing agents for spacecraft nasa cp 2004 213205 vol2 2004 pp 409 418,42,2,0.01333,0.020464370261237545
row-0003566,citation::son youngjin paul d ronney and suleyman gokoglu comparison of carbon dioxide and helium as fire extinguishing agents for spacecraft nasa cp 2004 213205 vol2 2004 pp 409 418,42,2,0.01222,0.020204080117743647
row-0003567,citation::son youngjin paul d ronney and suleyman gokoglu comparison of carbon dioxide and helium as fire extinguishing agents for spacecraft nasa cp 2004 213205 vol2 2004 pp 409 418,42,2,0.02722,0.024450849624398027
row-0003568,citation::son youngjin paul d ronney and suleyman gokoglu comparison of carbon dioxide and helium as fire extinguishing agents for spacecraft nasa cp 2004 213205 vol2 2004 pp 409 418,42,2,0.01194,0.024381890602530477
row-0003569,citation::son youngjin paul d ronney and suleyman gokoglu comparison of carbon dioxide and helium as fire extinguishing agents for spacecraft nasa cp 2004 213205 vol2 2004 pp 409 418,42,2,0.0075,0.024426384931534807
row-0003570,citation::son youngjin paul d ronney and suleyman gokoglu comparison of carbon dioxide and helium as fire extinguishing agents for spacecraft nasa cp 2004 213205 vol2 2004 pp 409 418,42,2,0.02708,0.014816932895290066
row-0003571,citation::son youngjin paul d ronney and suleyman gokoglu comparison of carbon dioxide and helium as fire extinguishing agents for spacecraft nasa cp 2004 213205 vol2 2004 pp 409 418,42,2,0.01208,0.014470927243471866
row-0003572,citation::son youngjin paul d ronney and suleyman gokoglu comparison of carbon dioxide and helium as fire extinguishing agents for spacecraft nasa cp 2004 213205 vol2 2004 pp 409 418,42,2,0.00944,0.014392169950764575
row-0003573,citation::son youngjin paul d ronney and suleyman gokoglu comparison of carbon dioxide and helium as fire extinguishing agents for spacecraft nasa cp 2004 213205 vol2 2004 pp 409 418,42,2,0.04405,0.014143897090734086
row-0003574,citation::son youngjin paul d ronney and suleyman gokoglu comparison of carbon dioxide and helium as fire extinguishing agents for spacecraft nasa cp 2004 213205 vol2 2004 pp 409 418,42,2,0.01786,0.013314719849609453
row-0003575,citation::son youngjin paul d ronney and suleyman gokoglu comparison of carbon dioxide and helium as fire extinguishing agents for spacecraft nasa cp 2004 213205 vol2 2004 pp 409 418,42,2,0.01381,0.011580853943279297
row-0003576,citation::son youngjin paul d ronney and suleyman gokoglu comparison of carbon dioxide and helium as fire extinguishing agents for spacecraft nasa cp 2004 213205 vol2 2004 pp 409 418,42,2,0.00595,0.01035844868510255
row-0003577,citation::son youngjin paul d ronney and suleyman gokoglu comparison of carbon dioxide and helium as fire extinguishing agents for spacecraft nasa cp 2004 213205 vol2 2004 pp 409 418,42,2,0.04429,0.010310658605412987
row-0003578,citation::son youngjin paul d ronney and suleyman gokoglu comparison of carbon dioxide and helium as fire extinguishing agents for spacecraft nasa cp 2004 213205 vol2 2004 pp 409 418,42,2,0.03143,0.010206988997628702
row-0003579,citation::son youngjin paul d ronney and suleyman gokoglu comparison of carbon dioxide and helium as fire extinguishing agents for spacecraft nasa cp 2004 213205 vol2 2004 pp 409 418,42,2,0.01952,0.010206988997628702
row-0003580,citation::son youngjin paul d ronney and suleyman gokoglu comparison of carbon dioxide and helium as fire extinguishing agents for spacecraft nasa cp 2004 213205 vol2 2004 pp 409 418,42,2,0.00833,0.009922992570440244
row-0003582,citation::son youngjin paul d ronney and suleyman gokoglu comparison of carbon dioxide and helium as fire extinguishing agents for spacecraft nasa cp 2004 213205 vol2 2004 pp 409 418,42,2,0.04405,0.015818351725975194
row-0003583,citation::son youngjin paul d ronney and suleyman gokoglu comparison of carbon dioxide and helium as fire extinguishing agents for spacecraft nasa cp 2004 213205 vol2 2004 pp 409 418,42,2,0.03167,0.015593558925681235
row-0003584,citation::son youngjin paul d ronney and suleyman gokoglu comparison of carbon dioxide and helium as fire extinguishing agents for spacecraft nasa cp 2004 213205 vol2 2004 pp 409 418,42,2,0.01762,0.015722027467703428
row-0003585,citation::son youngjin paul d ronney and suleyman gokoglu comparison of carbon dioxide and helium as fire extinguishing agents for spacecraft nasa cp 2004 213205 vol2 2004 pp 409 418,42,2,0.00905,0.015480064514836394
row-0003587,citation::son youngjin paul d ronney and suleyman gokoglu comparison of carbon dioxide and helium as fire extinguishing agents for spacecraft nasa cp 2004 213205 vol2 2004 pp 409 418,42,2,0.03947,0.01413113237058009
row-0003588,citation::son youngjin paul d ronney and suleyman gokoglu comparison of carbon dioxide and helium as fire extinguishing agents for spacecraft nasa cp 2004 213205 vol2 2004 pp 409 418,42,2,0.03026,0.013565673890874434
row-0003589,citation::son youngjin paul d ronney and suleyman gokoglu comparison of carbon dioxide and helium as fire extinguishing agents for spacecraft nasa cp 2004 213205 vol2 2004 pp 409 418,42,2,0.02049,0.013299371574260654
row-0003590,citation::son youngjin paul d ronney and suleyman gokoglu comparison of carbon dioxide and helium as fire extinguishing agents for spacecraft nasa cp 2004 213205 vol2 2004 pp 409 418,42,2,0.01148,0.011406231695102478
row-0003591,citation::son youngjin paul d ronney and suleyman gokoglu comparison of carbon dioxide and helium as fire extinguishing agents for spacecraft nasa cp 2004 213205 vol2 2004 pp 409 418,42,2,0.03947,0.010329133047734671
row-0003592,citation::son youngjin paul d ronney and suleyman gokoglu comparison of carbon dioxide and helium as fire extinguishing agents for spacecraft nasa cp 2004 213205 vol2 2004 pp 409 418,42,2,0.02989,0.011249011011559945
row-0003593,citation::son youngjin paul d ronney and suleyman gokoglu comparison of carbon dioxide and helium as fire extinguishing agents for spacecraft nasa cp 2004 213205 vol2 2004 pp 409 418,42,2,0.0186,0.010329133047734671
row-0003594,citation::son youngjin paul d ronney and suleyman gokoglu comparison of carbon dioxide and helium as fire extinguishing agents for spacecraft nasa cp 2004 213205 vol2 2004 pp 409 418,42,2,0.00826,0.015238621064609655
row-0003595,citation::son youngjin paul d ronney and suleyman gokoglu comparison of carbon dioxide and helium as fire extinguishing agents for spacecraft nasa cp 2004 213205 vol2 2004 pp 409 418,42,2,0.03947,0.015747440141280645
row-0003596,citation::son youngjin paul d ronney and suleyman gokoglu comparison of carbon dioxide and helium as fire extinguishing agents for spacecraft nasa cp 2004 213205 vol2 2004 pp 409 418,42,2,0.03576,0.015747440141280645
row-0003597,citation::son youngjin paul d ronney and suleyman gokoglu comparison of carbon dioxide and helium as fire extinguishing agents for spacecraft nasa cp 2004 213205 vol2 2004 pp 409 418,42,2,0.01708,0.01539981301505579
row-0003598,citation::son youngjin paul d ronney and suleyman gokoglu comparison of carbon dioxide and helium as fire extinguishing agents for spacecraft nasa cp 2004 213205 vol2 2004 pp 409 418,42,2,0.01091,0.01515254628280366
row-0003599,citation::son youngjin paul d ronney and suleyman gokoglu comparison of carbon dioxide and helium as fire extinguishing agents for spacecraft nasa cp 2004 213205 vol2 2004 pp 409 418,42,2,0.0217,0.017008563780350094
row-0003600,citation::son youngjin paul d ronney and suleyman gokoglu comparison of carbon dioxide and helium as fire extinguishing agents for spacecraft nasa cp 2004 213205 vol2 2004 pp 409 418,42,2,0.0183,0.01570619586005348
row-0003601,citation::son youngjin paul d ronney and suleyman gokoglu comparison of carbon dioxide and helium as fire extinguishing agents for spacecraft nasa cp 2004 213205 vol2 2004 pp 409 418,42,2,0.00435,0.012150480704810541
row-0003602,citation::son youngjin paul d ronney and suleyman gokoglu comparison of carbon dioxide and helium as fire extinguishing agents for spacecraft nasa cp 2004 213205 vol2 2004 pp 409 418,42,2,0.0217,0.017961562317984285
row-0003603,citation::son youngjin paul d ronney and suleyman gokoglu comparison of carbon dioxide and helium as fire extinguishing agents for spacecraft nasa cp 2004 213205 vol2 2004 pp 409 418,42,2,0.01596,0.017510284081410223
row-0003604,citation::son youngjin paul d ronney and suleyman gokoglu comparison of carbon dioxide and helium as fire extinguishing agents for spacecraft nasa cp 2004 213205 vol2 2004 pp 409 418,42,2,0.00513,0.016908446124470344
row-0003605,citation::son youngjin paul d ronney and suleyman gokoglu comparison of carbon dioxide and helium as fire extinguishing agents for spacecraft nasa cp 2004 213205 vol2 2004 pp 409 418,42,2,0.02183,0.015353367964106461
row-0003606,citation::son youngjin paul d ronney and suleyman gokoglu comparison of carbon dioxide and helium as fire extinguishing agents for spacecraft nasa cp 2004 213205 vol2 2004 pp 409 418,42,2,0.01583,0.01554086686515371
row-0003607,citation::son youngjin paul d ronney and suleyman gokoglu comparison of carbon dioxide and helium as fire extinguishing agents for spacecraft nasa cp 2004 213205 vol2 2004 pp 409 418,42,2,0.00735,0.01521268988163645
row-0004343,doi::10.1016/s1540-7489(02)80314-5,42,2,0.03828,0.040497698770892876
row-0004344,doi::10.1016/s1540-7489(02)80314-5,42,2,0.03123,0.0365079302938773
row-0004345,doi::10.1016/s1540-7489(02)80314-5,42,2,0.03325,0.03646062260348074
row-0004346,doi::10.1016/s1540-7489(02)80314-5,42,2,0.0339,0.03633332770717551
row-0004347,doi::10.1016/s1540-7489(02)80314-5,42,2,0.03878,0.03622936767423762
row-0004348,doi::10.1016/s1540-7489(02)80314-5,42,2,0.04266,0.03632938557916464
row-0004349,doi::10.1016/s1540-7489(02)80314-5,42,2,0.04468,0.036401807088293194
row-0004350,doi::10.1016/s1540-7489(02)80314-5,42,2,0.04284,0.036481485581359316
row-0004351,doi::10.1016/s1540-7489(02)80314-5,42,2,0.04937,0.037160229119308545
row-0004352,doi::10.1016/s1540-7489(02)80314-5,42,2,0.02333,0.03231276197152625
row-0004353,doi::10.1016/s1540-7489(02)80314-5,42,2,0.01529,0.025641569479093115
row-0004354,doi::10.1016/s1540-7489(02)80314-5,42,2,0.0127,0.025419596070500282
row-0004355,doi::10.1016/s1540-7489(02)80314-5,42,2,0.01496,0.024557564054510296
row-0004356,doi::10.1016/s1540-7489(02)80314-5,42,2,0.01623,0.024446049977560825
row-0004357,doi::10.1016/s1540-7489(02)80314-5,42,2,0.01937,0.024557564054510296
row-0004358,doi::10.1016/s1540-7489(02)80314-5,42,2,0.02189,0.02470965618681947
row-0004359,doi::10.1016/s1540-7489(02)80314-5,42,2,0.0244,0.02500215707957689
row-0004360,doi::10.1016/s1540-7489(02)80314-5,42,2,0.02371,0.025462690665205973
row-0004366,doi::10.1016/s1540-7489(02)80314-5,42,2,0.00567,0.021761382845844054
row-0004367,doi::10.1016/s1540-7489(02)80314-5,42,2,0.00841,0.021761382845844054
row-0004368,doi::10.1016/s1540-7489(02)80314-5,42,2,0.00919,0.021997268995024716
row-0004369,doi::10.1016/s1540-7489(02)80314-5,42,2,0.01056,0.022010029856163578
row-0004370,doi::10.1016/s1540-7489(02)80314-5,42,2,0.00996,0.02221947999886071
row-0004371,doi::10.1016/s1540-7489(02)80314-5,42,2,0.01096,0.02221947999886071
row-0004372,doi::10.1016/s1540-7489(02)80314-5,42,2,0.00898,0.022275016729163086
row-0004373,doi::10.1016/s1540-7489(02)80314-5,42,2,0.01188,0.022331535782144418
row-0004374,doi::10.1016/s1540-7489(02)80314-5,42,2,0.01437,0.022331535782144418
row-0004375,doi::10.1016/s1540-7489(02)80314-5,42,2,0.00955,0.01983490932289936
row-0004376,doi::10.1016/s1540-7489(02)80314-5,42,2,0.00874,0.01976797984495702
row-0004377,doi::10.1016/s1540-7489(02)80314-5,42,2,0.0075,0.019637281805328127
row-0004378,doi::10.1016/s1540-7489(02)80314-5,42,2,0.00947,0.019378929488937904
row-0004379,doi::10.1016/s1540-7489(02)80314-5,42,2,0.01029,0.019677804964779787
row-0004380,doi::10.1016/s1540-7489(02)80314-5,42,2,0.01168,0.019740473670012557
row-0004381,doi::10.1016/s1540-7489(02)80314-5,42,2,0.01145,0.01986212371901815
row-0004382,doi::10.1016/s1540-7489(02)80314-5,42,2,0.01276,0.02079869205391462
row-0004383,doi::10.1016/s1540-7489(02)80314-5,42,2,0.00554,0.013475133885702895
row-0004384,doi::10.1016/s1540-7489(02)80314-5,42,2,0.00459,0.013366766770033206
row-0004385,doi::10.1016/s1540-7489(02)80314-5,42,2,0.00349,0.012541849384212591
row-0004386,doi::10.1016/s1540-7489(02)80314-5,42,2,0.00462,0.012487454197110455
row-0004387,doi::10.1016/s1540-7489(02)80314-5,42,2,0.00553,0.012541849384212591
row-0004388,doi::10.1016/s1540-7489(02)80314-5,42,2,0.00639,0.012612297257876484
row-0004389,doi::10.1016/s1540-7489(02)80314-5,42,2,0.00676,0.012791191857710764
row-0004390,doi::10.1016/s1540-7489(02)80314-5,42,2,0.00621,0.01310522177936941
row-0004391,doi::10.1016/s1540-7489(02)80314-5,42,2,0.00465,0.011216003007175315
row-0004396,doi::10.1016/s1540-7489(02)80314-5,42,2,0.00234,0.00959911892349206
row-0004397,doi::10.1016/s1540-7489(02)80314-5,42,2,0.0023,0.009795395410281042
row-0004398,doi::10.1016/s1540-7489(02)80314-5,42,2,0.00223,0.009797151901867782
row-0004399,doi::10.1016/s1540-7489(02)80314-5,42,2,0.00321,0.009860368407848655
row-0004400,doi::10.1016/s1540-7489(02)80314-5,42,2,0.00327,0.009864450369311106
row-0004401,doi::10.1016/s1540-7489(02)80314-5,42,2,0.00339,0.009823840410312585
row-0004402,doi::10.1016/s1540-7489(02)80314-5,42,2,0.00406,0.00988766910979555
row-0004403,doi::10.1016/s1540-7489(02)80314-5,42,2,0.00426,0.009823840410312585
row-0004404,doi::10.1016/s1540-7489(02)80314-5,42,2,0.00376,0.004599964615627749
row-0004405,doi::10.1016/s1540-7489(02)80314-5,42,2,0.00347,0.0043227864940325635
row-0004406,doi::10.1016/s1540-7489(02)80314-5,42,2,0.00317,0.004012516927100274
row-0004407,doi::10.1016/s1540-7489(02)80314-5,42,2,0.00178,0.004862454425741559
row-0004409,doi::10.1016/s1540-7489(02)80314-5,42,2,0.00359,0.004107717353272761
row-0004410,doi::10.1016/s1540-7489(02)80314-5,42,2,0.00426,0.00448149157564233
row-0004411,doi::10.1016/s1540-7489(02)80314-5,42,2,0.00424,0.0048997098816387355
row-0004412,doi::10.1016/s1540-7489(02)80314-5,42,2,0.0051,0.006358485677884039
row-0004413,doi::10.1016/s1540-7489(02)80314-5,42,2,0.00213,0.0024073322225401333
row-0004414,doi::10.1016/s1540-7489(02)80314-5,42,2,0.00189,0.0023196713315895233
row-0004415,doi::10.1016/s1540-7489(02)80314-5,42,2,0.00217,0.002286181607807228
row-0004416,doi::10.1016/s1540-7489(02)80314-5,42,2,0.00123,0.0025385600507166015
row-0004418,doi::10.1016/s1540-7489(02)80314-5,42,2,0.00318,0.0023129958766594004
row-0004419,doi::10.1016/s1540-7489(02)80314-5,42,2,0.00295,0.002446961402653937
row-0004420,doi::10.1016/s1540-7489(02)80314-5,42,2,0.00262,0.0025647238999881557
row-0004421,doi::10.1016/s1540-7489(02)80314-5,42,2,0.00289,0.0026645959542898226
row-0004423,doi::10.1016/s1540-7489(02)80314-5,42,2,0.0012,0.0013394069631330438
row-0004909,doi::10.1016/j.proci.2024.105199,42,2,0.0069,0.002346328284439368
row-0004910,doi::10.1016/j.proci.2024.105199,42,2,0.005,0.0028918536875439742
row-0004911,doi::10.1016/j.proci.2024.105199,42,2,0.0046,0.0028918536875439742
row-0004912,doi::10.1016/j.proci.2024.105199,42,2,0.0038,0.0028918536875439742
row-0004913,doi::10.1016/j.proci.2024.105199,42,2,0.006,0.00233063819840008
row-0004914,doi::10.1016/j.proci.2024.105199,42,2,0.0032,0.0028884705303534653
row-0004915,doi::10.1016/j.proci.2024.105199,42,2,0.0058,0.00233063819840008
row-0004916,doi::10.1016/j.proci.2024.105199,42,2,0.0035,0.0028884705303534653
row-0004917,doi::10.1016/j.proci.2024.105199,42,2,0.0042,0.0021382644269992714
row-0004918,doi::10.1016/j.proci.2024.105199,42,2,0.004,0.0021382644269992714
row-0004919,doi::10.1016/j.proci.2024.105199,42,2,0.0034,0.0021382644269992714
row-0004929,doi::10.1016/j.proci.2024.105199,42,2,0.0021,0.0017459174646274828
row-0004930,doi::10.1016/j.proci.2024.105199,42,2,0.00225,0.0018461169700494738
row-0004931,doi::10.1016/j.proci.2024.105199,42,2,0.0021,0.0018779619970881935
row-0004932,doi::10.1016/j.proci.2024.105199,42,2,0.0018,0.0018777419970881935
row-0004933,doi::10.1016/j.proci.2024.105199,42,2,0.00175,0.0017012816210039841
row-0004934,doi::10.1016/j.proci.2024.105199,42,2,0.0016,0.001800909132140304
row-0004989,doi::10.1007/s12217-018-9655-0,42,2,4e-05,0.0020944878421604598
row-0004990,doi::10.1007/s12217-018-9655-0,42,2,0.0001,0.0020879093950561885
row-0004991,doi::10.1007/s12217-018-9655-0,42,2,0.00016,0.0020883968615281866
row-0004992,doi::10.1007/s12217-018-9655-0,42,2,2e-05,0.0019140054159010314
row-0004993,doi::10.1007/s12217-018-9655-0,42,2,0.0001,0.001906239300199019
row-0004994,doi::10.1007/s12217-018-9655-0,42,2,0.00014,0.0019100562555082665
row-0004995,doi::10.1007/s12217-018-9655-0,42,2,2e-05,0.0014567761456865224
row-0004996,doi::10.1007/s12217-018-9655-0,42,2,3e-05,0.0014652745192098085
row-0004997,doi::10.1007/s12217-018-9655-0,42,2,0.00048,0.0014642611782230022
row-0004998,doi::10.1007/s12217-018-9655-0,42,2,0.00058,0.003101445654651784
row-0004999,doi::10.1007/s12217-018-9655-0,42,2,0.00075,0.0031104969844445696
row-0005000,doi::10.1007/s12217-018-9655-0,42,2,0.00093,0.0031173288722479426
row-0005002,doi::10.1007/s12217-018-9655-0,42,2,0.0013,0.0031140922172842858
row-0005003,doi::10.1007/s12217-018-9655-0,42,2,0.00026,0.0020865186669351177
row-0005004,doi::10.1007/s12217-018-9655-0,42,2,0.00038,0.002094432222155186
row-0005005,doi::10.1007/s12217-018-9655-0,42,2,0.00042,0.0020916862251921043
row-0005006,doi::10.1007/s12217-018-9655-0,42,2,0.00051,0.002093974227664301
row-0005007,doi::10.1007/s12217-018-9655-0,42,2,0.0006,0.0020896068519739917
row-0005008,doi::10.1007/s12217-018-9655-0,42,2,0.00078,0.0020922583738579702
row-0005009,doi::10.1007/s12217-018-9655-0,42,2,0.0008,0.0020902535911732625
row-0005010,doi::10.1007/s12217-018-9655-0,42,2,0.00026,0.0019066304168425256
row-0005011,doi::10.1007/s12217-018-9655-0,42,2,0.00033,0.001903884419879444
row-0005012,doi::10.1007/s12217-018-9655-0,42,2,0.00037,0.0019061158648650096
row-0005013,doi::10.1007/s12217-018-9655-0,42,2,0.00051,0.0019047619266636053
row-0005014,doi::10.1007/s12217-018-9655-0,42,2,0.00018,0.0014635277925635082
row-0005015,doi::10.1007/s12217-018-9655-0,42,2,0.00022,0.0014575384676652038
row-0005016,doi::10.1007/s12217-018-9655-0,42,2,0.00026,0.00145958915552284
row-0005017,doi::10.1007/s12217-018-9655-0,42,2,0.00033,0.001455964474759904
row-0005018,doi::10.1007/s12217-018-9655-0,42,2,5e-05,0.001444148373889479
row-0005019,doi::10.1007/s12217-018-9655-0,42,2,6e-05,0.0014245418668610006
row-0005020,doi::10.1007/s12217-018-9655-0,42,2,7e-05,0.0014194036613570356
row-0005021,doi::10.1007/s12217-018-9655-0,42,2,9e-05,0.001420110608628191
row-0005022,doi::10.1007/s12217-018-9655-0,42,2,0.00012,0.0014171602992699023
row-0005023,doi::10.1007/s12217-018-9655-0,42,2,0.00015,0.0014164893838403026
row-0005024,doi::10.1007/s12217-018-9655-0,42,2,0.00023,0.0014094749838350449
row-0005025,doi::10.1007/s12217-018-9655-0,42,2,4e-05,0.001121803268874091
row-0005026,doi::10.1007/s12217-018-9655-0,42,2,5e-05,0.001121803268874091
row-0005027,doi::10.1007/s12217-018-9655-0,42,2,5e-05,0.0011217638842587064
row-0005028,doi::10.1007/s12217-018-9655-0,42,2,7e-05,0.0011216654881577312
row-0005029,doi::10.1007/s12217-018-9655-0,42,2,9e-05,0.001121458151818075
row-0005030,doi::10.1007/s12217-018-9655-0,42,2,3e-05,0.0011049515409525593
row-0005031,doi::10.1007/s12217-018-9655-0,42,2,3e-05,0.001105718032203709
row-0005032,doi::10.1007/s12217-018-9655-0,42,2,3e-05,0.0011056107326905525
row-0005044,doi::10.1016/j.combustflame.2019.03.040,42,2,0.00015,0.0020864496133012355
row-0005045,doi::10.1016/j.combustflame.2019.03.040,42,2,0.0001,0.002086525480162571
row-0005046,doi::10.1016/j.combustflame.2019.03.040,42,2,4e-05,0.0020931039272668425
row-0005048,doi::10.1016/j.combustflame.2019.03.040,42,2,0.00014,0.0019083809120432212
row-0005049,doi::10.1016/j.combustflame.2019.03.040,42,2,0.0001,0.0019045639567339737
row-0005050,doi::10.1016/j.combustflame.2019.03.040,42,2,2e-05,0.0019123300724359854
row-0005052,doi::10.1016/j.combustflame.2019.03.040,42,2,3e-05,0.001463599175744763
row-0005053,doi::10.1016/j.combustflame.2019.03.040,42,2,2e-05,0.0014551008022214772
row-0000033,citation::andracchio charles r and thomas h cochran burning of solids in oxygen rich environments in normal and reduced gravity nasa technical memorandum x 3055 national aeronautics and space administration may 1974,42,3,0.067,0.05207716570868786
row-0000034,citation::andracchio charles r and thomas h cochran burning of solids in oxygen rich environments in normal and reduced gravity nasa technical memorandum x 3055 national aeronautics and space administration may 1974,42,3,0.055,0.051542406435278076
row-0000035,citation::andracchio charles r and thomas h cochran burning of solids in oxygen rich environments in normal and reduced gravity nasa technical memorandum x 3055 national aeronautics and space administration may 1974,42,3,0.029,0.03440788767247554
row-0000036,citation::andracchio charles r and thomas h cochran burning of solids in oxygen rich environments in normal and reduced gravity nasa technical memorandum x 3055 national aeronautics and space administration may 1974,42,3,0.02,0.033596873952001255
row-0000037,citation::andracchio charles r and thomas h cochran burning of solids in oxygen rich environments in normal and reduced gravity nasa technical memorandum x 3055 national aeronautics and space administration may 1974,42,3,0.017,0.019989781405805616
row-0000038,citation::andracchio charles r and thomas h cochran burning of solids in oxygen rich environments in normal and reduced gravity nasa technical memorandum x 3055 national aeronautics and space administration may 1974,42,3,0.009,0.019395916998924245
row-0000039,citation::andracchio charles r and thomas h cochran burning of solids in oxygen rich environments in normal and reduced gravity nasa technical memorandum x 3055 national aeronautics and space administration may 1974,42,3,0.07,0.05191707968464057
row-0000040,citation::andracchio charles r and thomas h cochran burning of solids in oxygen rich environments in normal and reduced gravity nasa technical memorandum x 3055 national aeronautics and space administration may 1974,42,3,0.055,0.0513823204112308
row-0000041,citation::andracchio charles r and thomas h cochran burning of solids in oxygen rich environments in normal and reduced gravity nasa technical memorandum x 3055 national aeronautics and space administration may 1974,42,3,0.032,0.036284301618299604
row-0000042,citation::andracchio charles r and thomas h cochran burning of solids in oxygen rich environments in normal and reduced gravity nasa technical memorandum x 3055 national aeronautics and space administration may 1974,42,3,0.02,0.0354888726707046
row-0000043,citation::andracchio charles r and thomas h cochran burning of solids in oxygen rich environments in normal and reduced gravity nasa technical memorandum x 3055 national aeronautics and space administration may 1974,42,3,0.019,0.021659961681350228
row-0000044,citation::andracchio charles r and thomas h cochran burning of solids in oxygen rich environments in normal and reduced gravity nasa technical memorandum x 3055 national aeronautics and space administration may 1974,42,3,0.012,0.02110236856249967
row-0000045,citation::andracchio charles r and thomas h cochran burning of solids in oxygen rich environments in normal and reduced gravity nasa technical memorandum x 3055 national aeronautics and space administration may 1974,42,3,0.102,0.048190466080455026
row-0000046,citation::andracchio charles r and thomas h cochran burning of solids in oxygen rich environments in normal and reduced gravity nasa technical memorandum x 3055 national aeronautics and space administration may 1974,42,3,0.097,0.04774263679064989
row-0000047,citation::andracchio charles r and thomas h cochran burning of solids in oxygen rich environments in normal and reduced gravity nasa technical memorandum x 3055 national aeronautics and space administration may 1974,42,3,0.078,0.033934738914757234
row-0000048,citation::andracchio charles r and thomas h cochran burning of solids in oxygen rich environments in normal and reduced gravity nasa technical memorandum x 3055 national aeronautics and space administration may 1974,42,3,0.049,0.03334942950181877
row-0000049,citation::andracchio charles r and thomas h cochran burning of solids in oxygen rich environments in normal and reduced gravity nasa technical memorandum x 3055 national aeronautics and space administration may 1974,42,3,0.069,0.01986090574578813
row-0000050,citation::andracchio charles r and thomas h cochran burning of solids in oxygen rich environments in normal and reduced gravity nasa technical memorandum x 3055 national aeronautics and space administration may 1974,42,3,0.036,0.019446267015117397
row-0000051,citation::andracchio charles r and thomas h cochran gravity effects on flame spreading over solid surfaces nasa technical note d 8228 national aeronautics and space administration may 1976,42,3,0.0303,0.03121116749284125
row-0000052,citation::andracchio charles r and thomas h cochran gravity effects on flame spreading over solid surfaces nasa technical note d 8228 national aeronautics and space administration may 1976,42,3,0.0204,0.030347265661787495
row-0000053,citation::andracchio charles r and thomas h cochran gravity effects on flame spreading over solid surfaces nasa technical note d 8228 national aeronautics and space administration may 1976,42,3,0.0279,0.02627929542429881
row-0000054,citation::andracchio charles r and thomas h cochran gravity effects on flame spreading over solid surfaces nasa technical note d 8228 national aeronautics and space administration may 1976,42,3,0.0192,0.02563906294519865
row-0000055,citation::andracchio charles r and thomas h cochran gravity effects on flame spreading over solid surfaces nasa technical note d 8228 national aeronautics and space administration may 1976,42,3,0.0266,0.02641487497256029
row-0000056,citation::andracchio charles r and thomas h cochran gravity effects on flame spreading over solid surfaces nasa technical note d 8228 national aeronautics and space administration may 1976,42,3,0.0176,0.025769180808548533
row-0000057,citation::andracchio charles r and thomas h cochran gravity effects on flame spreading over solid surfaces nasa technical note d 8228 national aeronautics and space administration may 1976,42,3,0.0263,0.03005101985046093
row-0000058,citation::andracchio charles r and thomas h cochran gravity effects on flame spreading over solid surfaces nasa technical note d 8228 national aeronautics and space administration may 1976,42,3,0.0162,0.029159296614589762
row-0000059,citation::andracchio charles r and thomas h cochran gravity effects on flame spreading over solid surfaces nasa technical note d 8228 national aeronautics and space administration may 1976,42,3,0.0234,0.021970840661332786
row-0000060,citation::andracchio charles r and thomas h cochran gravity effects on flame spreading over solid surfaces nasa technical note d 8228 national aeronautics and space administration may 1976,42,3,0.0152,0.021469731263998135
row-0000061,citation::andracchio charles r and thomas h cochran gravity effects on flame spreading over solid surfaces nasa technical note d 8228 national aeronautics and space administration may 1976,42,3,0.022,0.02178393726546318
row-0000062,citation::andracchio charles r and thomas h cochran gravity effects on flame spreading over solid surfaces nasa technical note d 8228 national aeronautics and space administration may 1976,42,3,0.0127,0.02126563909925703
row-0000063,citation::andracchio charles r and thomas h cochran gravity effects on flame spreading over solid surfaces nasa technical note d 8228 national aeronautics and space administration may 1976,42,3,0.02,0.02508426669972591
row-0000064,citation::andracchio charles r and thomas h cochran gravity effects on flame spreading over solid surfaces nasa technical note d 8228 national aeronautics and space administration may 1976,42,3,0.0117,0.024352010582557423
row-0000065,citation::andracchio charles r and thomas h cochran gravity effects on flame spreading over solid surfaces nasa technical note d 8228 national aeronautics and space administration may 1976,42,3,0.0198,0.019676634640365745
row-0000066,citation::andracchio charles r and thomas h cochran gravity effects on flame spreading over solid surfaces nasa technical note d 8228 national aeronautics and space administration may 1976,42,3,0.0079,0.019204873213181123
row-0000067,citation::andracchio charles r and thomas h cochran gravity effects on flame spreading over solid surfaces nasa technical note d 8228 national aeronautics and space administration may 1976,42,3,0.0224,0.016181974653017874
row-0000068,citation::andracchio charles r and thomas h cochran gravity effects on flame spreading over solid surfaces nasa technical note d 8228 national aeronautics and space administration may 1976,42,3,0.015,0.015881110436412594
row-0000070,citation::andracchio charles r and thomas h cochran gravity effects on flame spreading over solid surfaces nasa technical note d 8228 national aeronautics and space administration may 1976,42,3,0.0143,0.014089642458316622
row-0000071,citation::andracchio charles r and thomas h cochran gravity effects on flame spreading over solid surfaces nasa technical note d 8228 national aeronautics and space administration may 1976,42,3,0.0054,0.013786821780011687
row-0000072,citation::andracchio charles r and thomas h cochran gravity effects on flame spreading over solid surfaces nasa technical note d 8228 national aeronautics and space administration may 1976,42,3,0.067,0.047999860033388284
row-0000073,citation::andracchio charles r and thomas h cochran gravity effects on flame spreading over solid surfaces nasa technical note d 8228 national aeronautics and space administration may 1976,42,3,0.0558,0.04741926764939903
row-0000074,citation::andracchio charles r and thomas h cochran gravity effects on flame spreading over solid surfaces nasa technical note d 8228 national aeronautics and space administration may 1976,42,3,0.0172,0.016807050095234668
row-0000075,citation::andracchio charles r and thomas h cochran gravity effects on flame spreading over solid surfaces nasa technical note d 8228 national aeronautics and space administration may 1976,42,3,0.009,0.016127948788449132
row-0000076,citation::andracchio charles r and thomas h cochran gravity effects on flame spreading over solid surfaces nasa technical note d 8228 national aeronautics and space administration may 1976,42,3,0.07,0.04820041301460025
row-0000077,citation::andracchio charles r and thomas h cochran gravity effects on flame spreading over solid surfaces nasa technical note d 8228 national aeronautics and space administration may 1976,42,3,0.055,0.047638159630611
row-0000078,citation::andracchio charles r and thomas h cochran gravity effects on flame spreading over solid surfaces nasa technical note d 8228 national aeronautics and space administration may 1976,42,3,0.032,0.03237267278445361
row-0000079,citation::andracchio charles r and thomas h cochran gravity effects on flame spreading over solid surfaces nasa technical note d 8228 national aeronautics and space administration may 1976,42,3,0.02,0.031544981421931316
row-0000080,citation::andracchio charles r and thomas h cochran gravity effects on flame spreading over solid surfaces nasa technical note d 8228 national aeronautics and space administration may 1976,42,3,0.019,0.017595146843891504
row-0000081,citation::andracchio charles r and thomas h cochran gravity effects on flame spreading over solid surfaces nasa technical note d 8228 national aeronautics and space administration may 1976,42,3,0.012,0.01696245587284995
row-0000082,citation::andracchio charles r and thomas h cochran gravity effects on flame spreading over solid surfaces nasa technical note d 8228 national aeronautics and space administration may 1976,42,3,0.0763,0.047972774887802654
row-0000083,citation::andracchio charles r and thomas h cochran gravity effects on flame spreading over solid surfaces nasa technical note d 8228 national aeronautics and space administration may 1976,42,3,0.0633,0.0474105215038134
row-0000084,citation::andracchio charles r and thomas h cochran gravity effects on flame spreading over solid surfaces nasa technical note d 8228 national aeronautics and space administration may 1976,42,3,0.0402,0.03329243772152786
row-0000085,citation::andracchio charles r and thomas h cochran gravity effects on flame spreading over solid surfaces nasa technical note d 8228 national aeronautics and space administration may 1976,42,3,0.024,0.03256102256180278
row-0000086,citation::andracchio charles r and thomas h cochran gravity effects on flame spreading over solid surfaces nasa technical note d 8228 national aeronautics and space administration may 1976,42,3,0.102,0.047721842983179975
row-0000087,citation::andracchio charles r and thomas h cochran gravity effects on flame spreading over solid surfaces nasa technical note d 8228 national aeronautics and space administration may 1976,42,3,0.097,0.04715958959919073
row-0000088,citation::andracchio charles r and thomas h cochran gravity effects on flame spreading over solid surfaces nasa technical note d 8228 national aeronautics and space administration may 1976,42,3,0.078,0.03303999575566118
row-0000089,citation::andracchio charles r and thomas h cochran gravity effects on flame spreading over solid surfaces nasa technical note d 8228 national aeronautics and space administration may 1976,42,3,0.049,0.03230858059593608
row-0000090,citation::andracchio charles r and thomas h cochran gravity effects on flame spreading over solid surfaces nasa technical note d 8228 national aeronautics and space administration may 1976,42,3,0.0335,0.017881327517102044
row-0000091,citation::andracchio charles r and thomas h cochran gravity effects on flame spreading over solid surfaces nasa technical note d 8228 national aeronautics and space administration may 1976,42,3,0.0176,0.01738223400171443
row-0000092,citation::andracchio charles r and thomas h cochran gravity effects on flame spreading over solid surfaces nasa technical note d 8228 national aeronautics and space administration may 1976,42,3,0.0647,0.041951236359554195
row-0000093,citation::andracchio charles r and thomas h cochran gravity effects on flame spreading over solid surfaces nasa technical note d 8228 national aeronautics and space administration may 1976,42,3,0.0473,0.04154001777196299
row-0000094,citation::andracchio charles r and thomas h cochran gravity effects on flame spreading over solid surfaces nasa technical note d 8228 national aeronautics and space administration may 1976,42,3,0.058,0.04019599504512882
row-0000095,citation::andracchio charles r and thomas h cochran gravity effects on flame spreading over solid surfaces nasa technical note d 8228 national aeronautics and space administration may 1976,42,3,0.0473,0.03980850972503472
row-0000096,citation::andracchio charles r and thomas h cochran gravity effects on flame spreading over solid surfaces nasa technical note d 8228 national aeronautics and space administration may 1976,42,3,0.0582,0.046826639820825654
row-0000097,citation::andracchio charles r and thomas h cochran gravity effects on flame spreading over solid surfaces nasa technical note d 8228 national aeronautics and space administration may 1976,42,3,0.0432,0.046224643809796774
row-0000098,citation::andracchio charles r and thomas h cochran gravity effects on flame spreading over solid surfaces nasa technical note d 8228 national aeronautics and space administration may 1976,42,3,0.0536,0.0379196648263635
row-0000099,citation::andracchio charles r and thomas h cochran gravity effects on flame spreading over solid surfaces nasa technical note d 8228 national aeronautics and space administration may 1976,42,3,0.0392,0.037643253061380284
row-0000100,citation::andracchio charles r and thomas h cochran gravity effects on flame spreading over solid surfaces nasa technical note d 8228 national aeronautics and space administration may 1976,42,3,0.0472,0.03570665891204391
row-0000101,citation::andracchio charles r and thomas h cochran gravity effects on flame spreading over solid surfaces nasa technical note d 8228 national aeronautics and space administration may 1976,42,3,0.0328,0.03543585446155029
row-0000102,citation::andracchio charles r and thomas h cochran gravity effects on flame spreading over solid surfaces nasa technical note d 8228 national aeronautics and space administration may 1976,42,3,0.0489,0.042308987825934216
row-0000103,citation::andracchio charles r and thomas h cochran gravity effects on flame spreading over solid surfaces nasa technical note d 8228 national aeronautics and space administration may 1976,42,3,0.0317,0.04186069541954856
row-0000104,citation::andracchio charles r and thomas h cochran gravity effects on flame spreading over solid surfaces nasa technical note d 8228 national aeronautics and space administration may 1976,42,3,0.0444,0.026011692364163463
row-0000106,citation::andracchio charles r and thomas h cochran gravity effects on flame spreading over solid surfaces nasa technical note d 8228 national aeronautics and space administration may 1976,42,3,0.0333,0.023440978705860236
row-0000107,citation::andracchio charles r and thomas h cochran gravity effects on flame spreading over solid surfaces nasa technical note d 8228 national aeronautics and space administration may 1976,42,3,0.0169,0.023154078734487264
row-0000108,citation::andracchio charles r and thomas h cochran gravity effects on flame spreading over solid surfaces nasa technical note d 8228 national aeronautics and space administration may 1976,42,3,0.0311,0.02126230402956787
row-0000109,citation::andracchio charles r and thomas h cochran gravity effects on flame spreading over solid surfaces nasa technical note d 8228 national aeronautics and space administration may 1976,42,3,0.0143,0.02101563217147051
row-0000110,citation::andracchio charles r and thomas h cochran gravity effects on flame spreading over solid surfaces nasa technical note d 8228 national aeronautics and space administration may 1976,42,3,0.0156,0.014450885461227036
row-0000111,citation::andracchio charles r and thomas h cochran gravity effects on flame spreading over solid surfaces nasa technical note d 8228 national aeronautics and space administration may 1976,42,3,0.009,0.013800308036579303
row-0000112,citation::andracchio charles r and thomas h cochran gravity effects on flame spreading over solid surfaces nasa technical note d 8228 national aeronautics and space administration may 1976,42,3,0.0134,0.014850178430228438
row-0000113,citation::andracchio charles r and thomas h cochran gravity effects on flame spreading over solid surfaces nasa technical note d 8228 national aeronautics and space administration may 1976,42,3,0.0078,0.014323338961697343
row-0000114,citation::andracchio charles r and thomas h cochran gravity effects on flame spreading over solid surfaces nasa technical note d 8228 national aeronautics and space administration may 1976,42,3,0.0137,0.015592380255385419
row-0000115,citation::andracchio charles r and thomas h cochran gravity effects on flame spreading over solid surfaces nasa technical note d 8228 national aeronautics and space administration may 1976,42,3,0.0079,0.01493211285786776
row-0000116,citation::andracchio charles r and thomas h cochran gravity effects on flame spreading over solid surfaces nasa technical note d 8228 national aeronautics and space administration may 1976,42,3,0.0128,0.00955147454927527
row-0000117,citation::andracchio charles r and thomas h cochran gravity effects on flame spreading over solid surfaces nasa technical note d 8228 national aeronautics and space administration may 1976,42,3,0.0055,0.009101332934352922
row-0000118,citation::andracchio charles r and thomas h cochran gravity effects on flame spreading over solid surfaces nasa technical note d 8228 national aeronautics and space administration may 1976,42,3,0.0086,0.009458933548383602
row-0000121,citation::andracchio charles r and thomas h cochran gravity effects on flame spreading over solid surfaces nasa technical note d 8228 national aeronautics and space administration may 1976,42,3,0.0045,0.009620239755030097
row-0000791,doi::10.1016/j.firesaf.2023.103989,42,3,0.004,0.0032895145642640546
row-0000792,doi::10.1016/j.firesaf.2023.103989,42,3,0.0039,0.0032806798585253497
row-0000793,doi::10.1016/j.firesaf.2023.103989,42,3,0.0036,0.002966032140122528
row-0000794,doi::10.1016/j.firesaf.2023.103989,42,3,0.0035,0.002966032140122528
row-0000795,doi::10.1016/j.firesaf.2023.103989,42,3,0.0034,0.0029631589343809017
row-0000796,doi::10.1016/j.firesaf.2023.103989,42,3,0.003,0.00295067913606502
row-0000797,doi::10.1016/j.firesaf.2023.103989,42,3,0.0024,0.0029588386712941775
row-0000798,doi::10.1016/j.firesaf.2023.103989,42,3,0.0016,0.003031362657565834
row-0000800,doi::10.1016/j.firesaf.2023.103989,42,3,0.0039,0.0035530340853241545
row-0000801,doi::10.1016/j.firesaf.2023.103989,42,3,0.0036,0.002999536375015315
row-0000802,doi::10.1016/j.firesaf.2023.103989,42,3,0.0035,0.002998851196443886
row-0000803,doi::10.1016/j.firesaf.2023.103989,42,3,0.0031,0.0029959779907022597
row-0000804,doi::10.1016/j.firesaf.2023.103989,42,3,0.0029,0.0029537121363056485
row-0000805,doi::10.1016/j.firesaf.2023.103989,42,3,0.0021,0.0029582397927469277
row-0000806,doi::10.1016/j.firesaf.2023.103989,42,3,0.0023,0.002985542317911343
row-0000808,doi::10.1016/j.firesaf.2023.103989,42,3,0.0037,0.0035937727456888443
row-0000809,doi::10.1016/j.firesaf.2023.103989,42,3,0.0036,0.003584120610789
row-0000810,doi::10.1016/j.firesaf.2023.103989,42,3,0.0034,0.0030793119141695503
row-0000811,doi::10.1016/j.firesaf.2023.103989,42,3,0.0033,0.003078626735598122
row-0000812,doi::10.1016/j.firesaf.2023.103989,42,3,0.0029,0.003075753529856495
row-0000813,doi::10.1016/j.firesaf.2023.103989,42,3,0.0024,0.0030280189320618617
row-0000814,doi::10.1016/j.firesaf.2023.103989,42,3,0.0018,0.003038009424481977
row-0000816,doi::10.1016/j.firesaf.2023.103989,42,3,0.00225,0.0033134053246677187
row-0000817,doi::10.1016/j.firesaf.2023.103989,42,3,0.00225,0.0033162785304093455
row-0000821,doi::10.1016/j.firesaf.2023.103989,42,3,0.0012,0.0038162410596648388
row-0000822,doi::10.1016/j.firesaf.2023.103989,42,3,0.0013,0.0038162410596648388
row-0000823,doi::10.1016/j.firesaf.2023.103989,42,3,0.0015,0.0038141471707759497
row-0000827,doi::10.1016/j.firesaf.2023.103989,42,3,0.0027,0.004547031153933816
row-0000828,doi::10.1016/j.firesaf.2023.103989,42,3,0.0025,0.004439643340390878
row-0000829,doi::10.1016/j.firesaf.2023.103989,42,3,0.0025,0.003799550989721674
row-0000832,doi::10.1016/j.firesaf.2023.103989,42,3,0.0028,0.004902755682515793
row-0000833,doi::10.1016/j.firesaf.2023.103989,42,3,0.0028,0.004897495682515794
row-0000836,doi::10.1016/j.firesaf.2023.103989,42,3,0.0025,0.0052588949539980915
row-0000837,doi::10.1016/j.firesaf.2023.103989,42,3,0.0026,0.0052588949539980915
row-0000838,doi::10.1016/j.firesaf.2023.103989,42,3,0.0027,0.004855270785199199
row-0000839,doi::10.1016/j.firesaf.2023.103989,42,3,0.0029,0.004855270785199199
row-0000840,doi::10.1016/j.firesaf.2023.103989,42,3,0.0029,0.004855270785199199
row-0000841,doi::10.1016/j.firesaf.2023.103989,42,3,0.0031,0.004855270785199199
row-0000889,doi::10.1016/j.firesaf.2023.103989,42,3,0.0016,0.002925492273883893
row-0000890,doi::10.1016/j.firesaf.2023.103989,42,3,0.0024,0.0028386049467150625
row-0000891,doi::10.1016/j.firesaf.2023.103989,42,3,0.0034,0.0027676952842032574
row-0000892,doi::10.1016/j.firesaf.2023.103989,42,3,0.004,0.003034604939183354
row-0000893,doi::10.1016/j.firesaf.2023.103989,42,3,0.0024,0.0029046172189219673
row-0000894,doi::10.1016/j.firesaf.2023.103989,42,3,0.0022,0.002832456547847385
row-0000895,doi::10.1016/j.firesaf.2023.103989,42,3,0.0028,0.00276405125971977
row-0000896,doi::10.1016/j.firesaf.2023.103989,42,3,0.0031,0.0027828112963240474
row-0000897,doi::10.1016/j.firesaf.2023.103989,42,3,0.0035,0.0027828112963240474
row-0000898,doi::10.1016/j.firesaf.2023.103989,42,3,0.0036,0.0027828112963240474
row-0000899,doi::10.1016/j.firesaf.2023.103989,42,3,0.0039,0.003305667573228341
row-0000900,doi::10.1016/j.firesaf.2023.103989,42,3,0.00175,0.002916247294817503
row-0000901,doi::10.1016/j.firesaf.2023.103989,42,3,0.0024,0.0028447213589166084
row-0000902,doi::10.1016/j.firesaf.2023.103989,42,3,0.0028,0.002868950138918909
row-0000903,doi::10.1016/j.firesaf.2023.103989,42,3,0.0033,0.002868950138918909
row-0000904,doi::10.1016/j.firesaf.2023.103989,42,3,0.0034,0.002868950138918909
row-0000905,doi::10.1016/j.firesaf.2023.103989,42,3,0.0037,0.0033437129332693433
row-0000906,doi::10.1016/j.firesaf.2023.103989,42,3,0.0038,0.0033483687025001123
row-0000907,doi::10.1016/j.firesaf.2023.103989,42,3,0.0023,0.002883565394347422
row-0000908,doi::10.1016/j.firesaf.2023.103989,42,3,0.0024,0.002883565394347422
row-0000909,doi::10.1016/j.firesaf.2023.103989,42,3,0.0026,0.0031270520482470803
row-0000910,doi::10.1016/j.firesaf.2023.103989,42,3,0.0022,0.003726926467951301
row-0000911,doi::10.1016/j.firesaf.2023.103989,42,3,0.0024,0.003726926467951301
row-0000912,doi::10.1016/j.firesaf.2023.103989,42,3,0.0026,0.003726926467951301
row-0000913,doi::10.1016/j.firesaf.2023.103989,42,3,0.0025,0.003713809116573096
row-0000914,doi::10.1016/j.firesaf.2023.103989,42,3,0.0026,0.004352176510758164
row-0000915,doi::10.1016/j.firesaf.2023.103989,42,3,0.00275,0.004463087826616736
row-0000916,doi::10.1016/j.firesaf.2023.103989,42,3,0.0026,0.004816850227677145
row-0000917,doi::10.1016/j.firesaf.2023.103989,42,3,0.0027,0.004816850227677145
row-0000918,doi::10.1016/j.firesaf.2023.103989,42,3,0.00275,0.004853232588525835
row-0000919,doi::10.1016/j.firesaf.2023.103989,42,3,0.00275,0.004783368220057044
row-0000920,doi::10.1016/j.firesaf.2023.103989,42,3,0.0025,0.004878161348581371
row-0000921,doi::10.1016/j.firesaf.2023.103989,42,3,0.003,0.004846140742480442
row-0000922,doi::10.1016/j.firesaf.2023.103989,42,3,0.0032,0.005207571541341387
row-0000923,doi::10.1016/j.firesaf.2023.103989,42,3,0.0031,0.0041494012655873954
row-0000924,doi::10.1016/j.firesaf.2023.103989,42,3,0.0031,0.004137814301775844
row-0000925,doi::10.1016/j.firesaf.2023.103989,42,3,0.0032,0.003985399158995536
row-0000926,doi::10.1016/j.firesaf.2023.103989,42,3,0.0028,0.003971662078373908
row-0000927,doi::10.1016/j.firesaf.2023.103989,42,3,0.0022,0.003964508671780502
row-0000930,doi::10.1016/j.firesaf.2023.103989,42,3,0.0031,0.003809090732180613
row-0000931,doi::10.1016/j.firesaf.2023.103989,42,3,0.0032,0.003800674129038881
row-0000932,doi::10.1016/j.firesaf.2023.103989,42,3,0.0026,0.00369087130455374
row-0000933,doi::10.1016/j.firesaf.2023.103989,42,3,0.0025,0.00369087130455374
row-0000934,doi::10.1016/j.firesaf.2023.103989,42,3,0.0024,0.003669400348993957
row-0000935,doi::10.1016/j.firesaf.2023.103989,42,3,0.0024,0.003670160507724116
row-0000936,doi::10.1016/j.firesaf.2023.103989,42,3,0.0024,0.003669400348993957
row-0000937,doi::10.1016/j.firesaf.2023.103989,42,3,0.002,0.0036533014228984947
row-0000938,doi::10.1016/j.firesaf.2023.103989,42,3,0.0015,0.0036525650895651617
row-0000941,doi::10.1016/j.firesaf.2023.103989,42,3,0.0026,0.0038473311631033115
row-0000942,doi::10.1016/j.firesaf.2023.103989,42,3,0.0024,0.0037347171208311964
row-0000943,doi::10.1016/j.firesaf.2023.103989,42,3,0.0024,0.0037318826886459907
row-0000944,doi::10.1016/j.firesaf.2023.103989,42,3,0.0022,0.0037131557931884378
row-0000945,doi::10.1016/j.firesaf.2023.103989,42,3,0.0018,0.003690431410338344
row-0000952,doi::10.1016/j.firesaf.2023.103989,42,3,0.0025,0.0036390732435201004
row-0000953,doi::10.1016/j.firesaf.2023.103989,42,3,0.0026,0.0036383369101867665
row-0000954,doi::10.1016/j.firesaf.2023.103989,42,3,0.0027,0.0036383369101867665
row-0000958,doi::10.1016/j.firesaf.2023.103989,42,3,0.0027,0.003682272699694306
row-0000959,doi::10.1016/j.firesaf.2023.103989,42,3,0.003,0.0036798224531722034
row-0000960,doi::10.1016/j.firesaf.2023.103989,42,3,0.004,0.003661202072049911
row-0000963,doi::10.1016/j.firesaf.2023.103989,42,3,0.0038,0.0036906580733195244
row-0000964,doi::10.1016/j.firesaf.2023.103989,42,3,0.0032,0.0036753457494471055
row-0000965,doi::10.1016/j.firesaf.2023.103989,42,3,0.0036,0.0036753457494471055
row-0000966,doi::10.1016/j.firesaf.2023.103989,42,3,0.003,0.0036753457494471055
row-0000969,doi::10.1016/j.firesaf.2023.103989,42,3,0.0039,0.0036920090970457976
row-0000970,doi::10.1016/j.firesaf.2023.103989,42,3,0.0038,0.0036899104596831607
row-0000974,doi::10.1016/j.firesaf.2023.103989,42,3,0.0038,0.0037370463394116983
row-0000975,doi::10.1016/j.firesaf.2023.103989,42,3,0.003,0.0036912732760238
row-0000976,doi::10.1016/j.firesaf.2023.103989,42,3,0.0024,0.0036912732760238
row-0001027,doi::10.1016/j.firesaf.2023.103989,42,3,0.0024,0.003814943389365441
row-0001028,doi::10.1016/j.firesaf.2023.103989,42,3,0.00275,0.0038220967959588475
row-0001029,doi::10.1016/j.firesaf.2023.103989,42,3,0.0032,0.0038364274088295205
row-0001030,doi::10.1016/j.firesaf.2023.103989,42,3,0.0031,0.003975242818278718
row-0001031,doi::10.1016/j.firesaf.2023.103989,42,3,0.0032,0.003990852814456315
row-0001032,doi::10.1016/j.firesaf.2023.103989,42,3,0.0015,0.003501940964411826
row-0001033,doi::10.1016/j.firesaf.2023.103989,42,3,0.002,0.003493841590160917
row-0001034,doi::10.1016/j.firesaf.2023.103989,42,3,0.0024,0.003509528867113926
row-0001035,doi::10.1016/j.firesaf.2023.103989,42,3,0.0027,0.0035270054516587145
row-0001036,doi::10.1016/j.firesaf.2023.103989,42,3,0.0025,0.0035298025712870527
row-0001037,doi::10.1016/j.firesaf.2023.103989,42,3,0.00325,0.0036286705855935793
row-0001038,doi::10.1016/j.firesaf.2023.103989,42,3,0.003,0.003653954863504344
row-0001039,doi::10.1016/j.firesaf.2023.103989,42,3,0.00175,0.0035504584996376852
row-0001040,doi::10.1016/j.firesaf.2023.103989,42,3,0.00225,0.003562801289307882
row-0001041,doi::10.1016/j.firesaf.2023.103989,42,3,0.0024,0.0035830749934810096
row-0001042,doi::10.1016/j.firesaf.2023.103989,42,3,0.0025,0.003686284455425208
row-0001043,doi::10.1016/j.firesaf.2023.103989,42,3,0.0026,0.0038064645589383976
row-0001044,doi::10.1016/j.firesaf.2023.103989,42,3,0.003,0.0038064645589383976
row-0001045,doi::10.1016/j.firesaf.2023.103989,42,3,0.00375,0.003798770898973203
row-0001046,doi::10.1016/j.firesaf.2023.103989,42,3,0.00275,0.0035374158258504717
row-0001047,doi::10.1016/j.firesaf.2023.103989,42,3,0.0028,0.0035374158258504717
row-0001048,doi::10.1016/j.firesaf.2023.103989,42,3,0.0031,0.0035374158258504717
row-0001049,doi::10.1016/j.firesaf.2023.103989,42,3,0.0039,0.003545365799053687
row-0001050,doi::10.1016/j.firesaf.2023.103989,42,3,0.003,0.0035534250478011084
row-0001051,doi::10.1016/j.firesaf.2023.103989,42,3,0.0035,0.0035534250478011084
row-0001052,doi::10.1016/j.firesaf.2023.103989,42,3,0.0037,0.0035534250478011084
row-0001053,doi::10.1016/j.firesaf.2023.103989,42,3,0.0039,0.0035710929401085658
row-0001054,doi::10.1016/j.firesaf.2023.103989,42,3,0.0032,0.0035710929401085658
row-0001055,doi::10.1016/j.firesaf.2023.103989,42,3,0.0035,0.0035710929401085658
row-0001056,doi::10.1016/j.firesaf.2023.103989,42,3,0.004,0.003570681699322071
row-0001057,doi::10.1016/j.firesaf.2023.103989,42,3,0.00275,0.003569192872114507
row-0001058,doi::10.1016/j.firesaf.2023.103989,42,3,0.003,0.003569192872114507
row-0001059,doi::10.1016/j.firesaf.2023.103989,42,3,0.0039,0.003603209975257983
row-0001061,doi::10.1016/j.firesaf.2023.103989,42,3,0.001,0.0028605792083143413
row-0001062,doi::10.1016/j.firesaf.2023.103989,42,3,0.0012,0.0029069892865178043
row-0001063,doi::10.1016/j.firesaf.2023.103989,42,3,0.001,0.0028942957837092744
row-0001074,doi::10.1016/j.firesaf.2023.103989,42,3,0.0013,0.004302701564660704
row-0001075,doi::10.1016/j.firesaf.2023.103989,42,3,0.0014,0.0047885830973940805
row-0001078,doi::10.1016/j.firesaf.2023.103989,42,3,0.0012,0.004724000675376685
row-0001082,doi::10.1016/j.firesaf.2023.103989,42,3,0.0014,0.004791577368997052
row-0001083,doi::10.1016/j.firesaf.2023.103989,42,3,0.0014,0.005126690260374672
row-0001087,doi::10.1016/j.firesaf.2023.103989,42,3,0.0015,0.005097177039645575
row-0001119,doi::10.1016/j.firesaf.2023.103989,42,3,0.0009,0.002745363181585574
row-0001120,doi::10.1016/j.firesaf.2023.103989,42,3,0.001,0.002841291589139872
row-0001121,doi::10.1016/j.firesaf.2023.103989,42,3,0.00125,0.002868494172693139
row-0001122,doi::10.1016/j.firesaf.2023.103989,42,3,0.0011,0.003041234936089042
row-0001123,doi::10.1016/j.firesaf.2023.103989,42,3,0.00125,0.002991395975659668
row-0001124,doi::10.1016/j.firesaf.2023.103989,42,3,0.0012,0.0034223873635499083
row-0001125,doi::10.1016/j.firesaf.2023.103989,42,3,0.00125,0.0034223873635499083
row-0001126,doi::10.1016/j.firesaf.2023.103989,42,3,0.0013,0.0034223873635499083
row-0001127,doi::10.1016/j.firesaf.2023.103989,42,3,0.00125,0.003771349215518051
row-0001128,doi::10.1016/j.firesaf.2023.103989,42,3,0.0014,0.004784129431609678
row-0001129,doi::10.1016/j.firesaf.2023.103989,42,3,0.00125,0.004716332409806104
row-0001130,doi::10.1016/j.firesaf.2023.103989,42,3,0.0013,0.004821015284335362
row-0001131,doi::10.1016/j.firesaf.2023.103989,42,3,0.0014,0.005150826651052676
row-0001132,doi::10.1016/j.firesaf.2023.103989,42,3,0.0014,0.005140218860817505
row-0001133,doi::10.1016/j.firesaf.2023.103989,42,3,0.0014,0.005140501937740582
row-0001137,doi::10.1016/j.firesaf.2023.103989,42,3,0.0016,0.0018647677073065265
row-0001139,doi::10.1016/j.firesaf.2023.103989,42,3,0.0017,0.001871233531523513
row-0001141,doi::10.1016/j.firesaf.2023.103989,42,3,0.0018,0.001968450069891981
row-0001142,doi::10.1016/j.firesaf.2023.103989,42,3,0.0015,0.0019069974783700186
row-0001143,doi::10.1016/j.firesaf.2023.103989,42,3,0.0013,0.0018996677284702315
row-0001149,doi::10.1016/j.firesaf.2023.103989,42,3,0.0014,0.0019189970871362593
row-0001150,doi::10.1016/j.firesaf.2023.103989,42,3,0.0016,0.0020382260608035802
row-0001151,doi::10.1016/j.firesaf.2023.103989,42,3,0.0016,0.002066097646889352
row-0001152,doi::10.1016/j.firesaf.2023.103989,42,3,0.0016,0.0020751513843887933
row-0001155,doi::10.1016/j.firesaf.2023.103989,42,3,0.0016,0.002144072617312233
row-0001156,doi::10.1016/j.firesaf.2023.103989,42,3,0.0016,0.002144072617312233
row-0001157,doi::10.1016/j.firesaf.2023.103989,42,3,0.0016,0.0021741329555458105
row-0001158,doi::10.1016/j.firesaf.2023.103989,42,3,0.0017,0.0021741329555458105
row-0001164,doi::10.1016/j.firesaf.2023.103989,42,3,0.0017,0.002379710672205496
row-0001165,doi::10.1016/j.firesaf.2023.103989,42,3,0.0017,0.002419430647868053
row-0001192,doi::10.1016/j.firesaf.2023.103989,42,3,0.0015,0.0017836811317334927
row-0001193,doi::10.1016/j.firesaf.2023.103989,42,3,0.0016,0.0017905352809662583
row-0001194,doi::10.1016/j.firesaf.2023.103989,42,3,0.0018,0.0018153288716824475
row-0001195,doi::10.1016/j.firesaf.2023.103989,42,3,0.00125,0.001652470532975219
row-0001196,doi::10.1016/j.firesaf.2023.103989,42,3,0.0015,0.0016608100120049862
row-0001197,doi::10.1016/j.firesaf.2023.103989,42,3,0.00175,0.0017364999582769312
row-0001198,doi::10.1016/j.firesaf.2023.103989,42,3,0.0014,0.001702530548659981
row-0001199,doi::10.1016/j.firesaf.2023.103989,42,3,0.0016,0.0017248394891462323
row-0001200,doi::10.1016/j.firesaf.2023.103989,42,3,0.0017,0.0019028236244661159
row-0001201,doi::10.1016/j.firesaf.2023.103989,42,3,0.0015,0.0019561263353080932
row-0001202,doi::10.1016/j.firesaf.2023.103989,42,3,0.0016,0.0019721778932104794
row-0001203,doi::10.1016/j.firesaf.2023.103989,42,3,0.0016,0.0020030344955024927
row-0001204,doi::10.1016/j.firesaf.2023.103989,42,3,0.0017,0.0021096038249878383
row-0001205,doi::10.1016/j.firesaf.2023.103989,42,3,0.0016,0.002254655598328672
row-0001206,doi::10.1016/j.firesaf.2023.103989,42,3,0.0016,0.0022881008456401577
row-0001334,doi::10.1016/j.proci.2022.07.002,42,3,0.0025,0.004148300467525524
row-0001335,doi::10.1016/j.proci.2022.07.002,42,3,0.0021,0.003973546511411856
row-0001336,doi::10.1016/j.proci.2022.07.002,42,3,0.0035,0.003956280922968856
row-0001337,doi::10.1016/j.proci.2022.07.002,42,3,0.0039,0.003956280922968856
row-0001338,doi::10.1016/j.proci.2022.07.002,42,3,0.0045,0.0038131780853558183
row-0001345,doi::10.1016/j.proci.2022.07.002,42,3,0.0019,0.003011420671447771
row-0001346,doi::10.1016/j.proci.2022.07.002,42,3,0.0026,0.003056636251815945
row-0001347,doi::10.1016/j.proci.2022.07.002,42,3,0.0042,0.003056636251815945
row-0001348,doi::10.1016/j.proci.2022.07.002,42,3,0.0052,0.0030172578632767905
row-0001349,doi::10.1016/j.proci.2022.07.002,42,3,0.005,0.002957021836785927
row-0001350,doi::10.1016/j.proci.2022.07.002,42,3,0.0028,0.002954145486891111
row-0001351,doi::10.1016/j.proci.2022.07.002,42,3,0.0038,0.002954145486891111
row-0001352,doi::10.1016/j.proci.2022.07.002,42,3,0.0042,0.0029189259648318817
row-0001353,doi::10.1016/j.proci.2022.07.002,42,3,0.0012,0.002883439963203717
row-0001354,doi::10.1016/j.proci.2022.07.002,42,3,0.0025,0.002930684774407799
row-0001355,doi::10.1016/j.proci.2022.07.002,42,3,0.0036,0.002930684774407799
row-0001356,doi::10.1016/j.proci.2022.07.002,42,3,0.0038,0.0028937944904438074
row-0001358,doi::10.1016/j.proci.2022.07.002,42,3,0.0018,0.0029449747212646504
row-0001359,doi::10.1016/j.proci.2022.07.002,42,3,0.0025,0.0029449747212646504
row-0001360,doi::10.1016/j.proci.2022.07.002,42,3,0.0028,0.0029083759734993293
row-0001365,doi::10.1016/j.proci.2022.07.002,42,3,0.002,0.0028825261924517046
row-0001366,doi::10.1016/j.proci.2022.07.002,42,3,0.003,0.0029231092318700524
row-0001367,doi::10.1016/j.proci.2022.07.002,42,3,0.0042,0.0029231092318700524
row-0001368,doi::10.1016/j.proci.2022.07.002,42,3,0.0055,0.0028806094980008117
row-0001369,doi::10.1016/j.proci.2022.07.002,42,3,0.0048,0.0028601364227808556
row-0001370,doi::10.1016/j.proci.2022.07.002,42,3,0.0027,0.002869558561878058
row-0001371,doi::10.1016/j.proci.2022.07.002,42,3,0.0036,0.002869558561878058
row-0001372,doi::10.1016/j.proci.2022.07.002,42,3,0.0046,0.0028330718121358013
row-0001373,doi::10.1016/j.proci.2022.07.002,42,3,0.0018,0.002813617909233088
row-0001374,doi::10.1016/j.proci.2022.07.002,42,3,0.0024,0.002860190911548841
row-0001375,doi::10.1016/j.proci.2022.07.002,42,3,0.0035,0.002860190911548841
row-0001376,doi::10.1016/j.proci.2022.07.002,42,3,0.0038,0.002822033399901823
row-0001378,doi::10.1016/j.proci.2022.07.002,42,3,0.0014,0.002869621906998589
row-0001379,doi::10.1016/j.proci.2022.07.002,42,3,0.0024,0.002869621906998589
row-0001442,doi::10.1016/j.proci.2022.07.002,42,3,0.002,0.0019539897577283694
row-0001443,doi::10.1016/j.proci.2022.07.002,42,3,0.0023,0.0019648136828448667
row-0001444,doi::10.1016/j.proci.2022.07.002,42,3,0.0022,0.0019613192818829146
row-0001445,doi::10.1016/j.proci.2022.07.002,42,3,0.0022,0.0019641430440415467
row-0001446,doi::10.1016/j.proci.2022.07.002,42,3,0.0021,0.0018852658753085135
row-0001447,doi::10.1016/j.proci.2022.07.002,42,3,0.0021,0.0018880896374671454
row-0001448,doi::10.1016/j.proci.2022.07.002,42,3,0.002,0.001841723881218005
row-0001449,doi::10.1016/j.proci.2022.07.002,42,3,0.0019,0.00183893554922157
row-0001450,doi::10.1016/j.proci.2022.07.002,42,3,0.0016,0.0018419770574119483
row-0001451,doi::10.1016/j.proci.2022.07.002,42,3,0.0018,0.001767651667052579
row-0001452,doi::10.1016/j.proci.2022.07.002,42,3,0.0017,0.0017697463537224096
row-0001455,doi::10.1016/j.proci.2022.07.002,42,3,0.0015,0.0017065777440826325
row-0001456,doi::10.1016/j.proci.2022.07.002,42,3,0.0014,0.001710446975066844
row-0001458,doi::10.1016/j.proci.2022.07.002,42,3,0.0013,0.0017062478145954524
row-0001465,doi::10.1016/j.proci.2022.07.002,42,3,0.0015,0.001998964176421135
row-0001466,doi::10.1016/j.proci.2022.07.002,42,3,0.0016,0.002071804900826353
row-0001467,doi::10.1016/j.proci.2022.07.002,42,3,0.002,0.0020704094200961302
row-0001468,doi::10.1016/j.proci.2022.07.002,42,3,0.0024,0.002067446625647162
row-0001469,doi::10.1016/j.proci.2022.07.002,42,3,0.002,0.0019915029366236923
row-0001470,doi::10.1016/j.proci.2022.07.002,42,3,0.0013,0.0019531707165960067
row-0001471,doi::10.1016/j.proci.2022.07.002,42,3,0.0015,0.0019524813048313002
row-0001472,doi::10.1016/j.proci.2022.07.002,42,3,0.0015,0.0019500470105618915
row-0001473,doi::10.1016/j.proci.2022.07.002,42,3,0.0012,0.0018578451287249427
row-0001474,doi::10.1016/j.proci.2022.07.002,42,3,0.0011,0.0019281030240656891
row-0001475,doi::10.1016/j.proci.2022.07.002,42,3,0.0011,0.0019274136123009834
row-0001476,doi::10.1016/j.proci.2022.07.002,42,3,0.0011,0.0019233085561268122
row-0001480,doi::10.1016/j.proci.2022.07.002,42,3,0.001,0.001895276347569861
row-0001482,doi::10.1016/j.proci.2022.07.002,42,3,0.0009,0.0018370233369339834
row-0001489,doi::10.1016/j.proci.2022.07.002,42,3,0.0015,0.001894939885491893
row-0001490,doi::10.1016/j.proci.2022.07.002,42,3,0.0015,0.001974537201594457
row-0001491,doi::10.1016/j.proci.2022.07.002,42,3,0.0018,0.001974537201594457
row-0001492,doi::10.1016/j.proci.2022.07.002,42,3,0.0024,0.0019660268893589277
row-0001493,doi::10.1016/j.proci.2022.07.002,42,3,0.0017,0.0019483172673457505
row-0001494,doi::10.1016/j.proci.2022.07.002,42,3,0.002,0.001941971826905093
row-0001495,doi::10.1016/j.proci.2022.07.002,42,3,0.0012,0.0019251639398428718
row-0001496,doi::10.1016/j.proci.2022.07.002,42,3,0.0014,0.0019251639398428718
row-0001497,doi::10.1016/j.proci.2022.07.002,42,3,0.0015,0.0019190362454339603
row-0001498,doi::10.1016/j.proci.2022.07.002,42,3,0.0012,0.001835831125683513
row-0001499,doi::10.1016/j.proci.2022.07.002,42,3,0.0011,0.001916663896768237
row-0001501,doi::10.1016/j.proci.2022.07.002,42,3,0.0011,0.001908865440454564
row-0001725,doi::10.1016/j.combustflame.2020.12.042,42,3,0.0017,0.002432326806273802
row-0001726,doi::10.1016/j.combustflame.2020.12.042,42,3,0.0012,0.002432326806273802
row-0001727,doi::10.1016/j.combustflame.2020.12.042,42,3,0.0019,0.002432326806273802
row-0001728,doi::10.1016/j.combustflame.2020.12.042,42,3,0.0022,0.002432326806273802
row-0001744,doi::10.1038/s41598-017-18398-4,42,3,6e-05,0.0002908364900995809
row-0001745,doi::10.1038/s41598-017-18398-4,42,3,7e-05,0.00029322516112354597
row-0001746,doi::10.1038/s41598-017-18398-4,42,3,8e-05,0.00027291857965439114
row-0001747,doi::10.1038/s41598-017-18398-4,42,3,7e-05,8.519734688190779e-05
row-0001748,doi::10.1038/s41598-017-18398-4,42,3,5e-05,0.0002834896371115333
row-0001749,doi::10.1038/s41598-017-18398-4,42,3,6e-05,0.0002858783081354984
row-0001750,doi::10.1038/s41598-017-18398-4,42,3,7e-05,0.000281745364420114
row-0001751,doi::10.1038/s41598-017-18398-4,42,3,5e-05,8.641034117757276e-05
row-0001752,doi::10.1038/s41598-017-18398-4,42,3,9e-05,0.00017628257149194938
row-0001753,doi::10.1038/s41598-017-18398-4,42,3,9e-05,8.91332819962281e-05
row-0001754,doi::10.1038/s41598-017-18398-4,42,3,9e-05,7.858182677363534e-05
row-0001755,doi::10.1038/s41598-017-18398-4,42,3,9e-05,7.768341426171225e-05
row-0001756,doi::10.1038/s41598-017-18398-4,42,3,9e-05,7.715100880453858e-05
row-0001757,doi::10.1038/s41598-017-18398-4,42,3,8e-05,7.71592349438963e-05
row-0001758,doi::10.1038/s41598-017-18398-4,42,3,6e-05,6.978940097128363e-05
row-0001759,doi::10.1038/s41598-017-18398-4,42,3,6e-05,6.595987150952726e-05
row-0001760,doi::10.1038/s41598-017-18398-4,42,3,5e-05,5.7647302974771884e-05
row-0001761,doi::10.1038/s41598-017-18398-4,42,3,4e-05,4.317190543295084e-05
row-0001762,doi::10.1038/s41598-017-18398-4,42,3,4e-05,4.249183980691265e-05
row-0001763,doi::10.1038/s41598-017-18398-4,42,3,3e-05,4.059718955579461e-05
row-0001764,doi::10.1038/s41598-017-18398-4,42,3,3e-05,4.033017165470705e-05
row-0001765,doi::10.1038/s41598-017-18398-4,42,3,2e-05,3.952817468650873e-05
row-0001766,doi::10.1038/s41598-017-18398-4,42,3,2e-05,6.115567384747847e-05
row-0001767,doi::10.1038/s41598-017-18398-4,42,3,2e-05,0.000482688664627604
row-0001768,doi::10.1038/s41598-017-18398-4,42,3,2e-05,0.0005213198095292141
row-0001769,doi::10.1038/s41598-017-18398-4,42,3,1e-05,0.0007847923030132264
row-0001771,doi::10.1038/s41598-017-18398-4,42,3,3e-05,0.00017232825904284105
row-0001772,doi::10.1038/s41598-017-18398-4,42,3,3e-05,8.492418591993934e-05
row-0001773,doi::10.1038/s41598-017-18398-4,42,3,3e-05,7.440854897662436e-05
row-0001774,doi::10.1038/s41598-017-18398-4,42,3,3e-05,7.330516736147692e-05
row-0001775,doi::10.1038/s41598-017-18398-4,42,3,3e-05,7.279955765270118e-05
row-0001776,doi::10.1038/s41598-017-18398-4,42,3,3e-05,7.207261963145193e-05
row-0001777,doi::10.1038/s41598-017-18398-4,42,3,1e-05,6.985802241876485e-05
row-0001779,doi::10.1038/s41598-017-18398-4,42,3,6e-05,0.00010677664710104862
row-0001780,doi::10.1038/s41598-017-18398-4,42,3,3e-05,9.588905628941576e-05
row-0001781,doi::10.1038/s41598-017-18398-4,42,3,2e-05,8.106061832367172e-05
row-0001782,doi::10.1038/s41598-017-18398-4,42,3,6e-05,0.00010270259523261742
row-0001783,doi::10.1038/s41598-017-18398-4,42,3,5e-05,8.86287431762325e-05
row-0001784,doi::10.1038/s41598-017-18398-4,42,3,7e-05,0.00010850192830893273
row-0001785,doi::10.1038/s41598-017-18398-4,42,3,4e-05,8.383409756929578e-05
row-0001790,doi::10.1038/s41598-017-18398-4,42,3,4e-05,0.00011125534275322254
row-0001792,doi::10.1038/s41598-017-18398-4,42,3,7e-05,0.00010575610877452867
row-0001793,doi::10.1038/s41598-017-18398-4,42,3,9e-05,0.00010850192830893273
row-0001795,doi::10.1038/s41598-017-18398-4,42,3,3e-05,0.00010701305516910533
row-0001796,doi::10.1038/s41598-017-18398-4,42,3,5e-05,0.00010721453327433343
row-0001797,doi::10.1038/s41598-017-18398-4,42,3,6e-05,0.00010739360145615161
row-0001798,doi::10.1038/s41598-017-18398-4,42,3,7e-05,0.00010977576864290333
row-0001799,doi::10.1038/s41598-017-18398-4,42,3,0.0001,0.00011230351114891233
row-0001801,doi::10.1038/s41598-017-18398-4,42,3,3e-05,0.00010128826608183562
row-0001802,doi::10.1038/s41598-017-18398-4,42,3,6e-05,0.00010367043326858731
row-0001803,doi::10.1038/s41598-017-18398-4,42,3,8e-05,0.00010619817577459636
row-0001804,doi::10.1038/s41598-017-18398-4,42,3,0.00011,0.00010758003548264072
row-0001807,doi::10.1038/s41598-017-18398-4,42,3,3e-05,9.591642378909118e-05
row-0001808,doi::10.1038/s41598-017-18398-4,42,3,6e-05,0.00010114143851461289
row-0001810,doi::10.1038/s41598-017-18398-4,42,3,3e-05,9.701569514627072e-05
row-0001811,doi::10.1038/s41598-017-18398-4,42,3,5e-05,9.812768413866775e-05
row-0001812,doi::10.1038/s41598-017-18398-4,42,3,8e-05,0.0001012223974633697
row-0001813,doi::10.1038/s41598-017-18398-4,42,3,0.00011,0.00010235729810708658
row-0001815,doi::10.1038/s41598-017-18398-4,42,3,3e-05,8.353691721419036e-05
row-0001816,doi::10.1038/s41598-017-18398-4,42,3,4e-05,8.38179496917747e-05
row-0001817,doi::10.1038/s41598-017-18398-4,42,3,6e-05,8.691266301647667e-05
row-0001818,doi::10.1038/s41598-017-18398-4,42,3,9e-05,8.737498712040909e-05
row-0001820,doi::10.1038/s41598-017-18398-4,42,3,2e-05,7.928848376553539e-05
row-0001821,doi::10.1038/s41598-017-18398-4,42,3,4e-05,8.387628244324535e-05
row-0001822,doi::10.1038/s41598-017-18398-4,42,3,5e-05,8.756850551008972e-05
row-0001824,doi::10.1038/s41598-017-18398-4,42,3,3e-05,8.285978078476365e-05
row-0001825,doi::10.1038/s41598-017-18398-4,42,3,4e-05,8.492418591993934e-05
row-0001826,doi::10.1038/s41598-017-18398-4,42,3,6e-05,8.865809557345509e-05
row-0001829,doi::10.1038/s41598-017-18398-4,42,3,1e-05,7.482323502524057e-05
row-0001830,doi::10.1038/s41598-017-18398-4,42,3,3e-05,7.562093499144639e-05
row-0001831,doi::10.1038/s41598-017-18398-4,42,3,5e-05,7.921939795187026e-05
row-0001832,doi::10.1038/s41598-017-18398-4,42,3,8e-05,7.969458437464329e-05
row-0002608,doi::10.1016/j.combustflame.2009.01.015,42,3,0.00088,0.003882745731636814
row-0002609,doi::10.1016/j.combustflame.2009.01.015,42,3,0.00083,0.003882745731636814
row-0002610,doi::10.1016/j.combustflame.2009.01.015,42,3,0.00072,0.003882745731636814
row-0002611,doi::10.1016/j.combustflame.2009.01.015,42,3,0.00065,0.003882745731636814
row-0002612,doi::10.1016/j.combustflame.2009.01.015,42,3,0.0006,0.003882745731636814
row-0002613,doi::10.1016/j.combustflame.2009.01.015,42,3,0.00082,0.003880403224599225
row-0002614,doi::10.1016/j.combustflame.2009.01.015,42,3,0.00076,0.003880403224599225
row-0002615,doi::10.1016/j.combustflame.2009.01.015,42,3,0.0013,0.0035064973882412845
row-0002616,doi::10.1016/j.combustflame.2009.01.015,42,3,0.0012,0.0035064973882412845
row-0002617,doi::10.1016/j.combustflame.2009.01.015,42,3,0.0011,0.0035064973882412845
row-0002619,doi::10.1016/j.combustflame.2009.01.015,42,3,0.00098,0.0035064973882412845
row-0002620,doi::10.1016/j.combustflame.2009.01.015,42,3,0.00093,0.003499620135494032
row-0002621,doi::10.1016/j.combustflame.2009.01.015,42,3,0.00086,0.003499620135494032
row-0002622,doi::10.1016/j.combustflame.2009.01.015,42,3,0.00083,0.003499620135494032
row-0002623,doi::10.1016/j.combustflame.2009.01.015,42,3,0.0014,0.003402504098600973
row-0002624,doi::10.1016/j.combustflame.2009.01.015,42,3,0.0012,0.003402504098600973
row-0002625,doi::10.1016/j.combustflame.2009.01.015,42,3,0.0011,0.003402504098600973
row-0002626,doi::10.1016/j.combustflame.2009.01.015,42,3,0.001,0.003402504098600973
row-0002627,doi::10.1016/j.combustflame.2009.01.015,42,3,0.00088,0.003402504098600973
row-0002628,doi::10.1016/j.combustflame.2009.01.015,42,3,0.0011,0.003376966765933641
row-0002629,doi::10.1016/j.combustflame.2009.01.015,42,3,0.00092,0.003376966765933641
row-0002630,doi::10.1016/j.combustflame.2009.01.015,42,3,0.00072,0.003376966765933641
row-0002631,doi::10.1016/j.combustflame.2009.01.015,42,3,0.0027,0.0032088920421669575
row-0002632,doi::10.1016/j.combustflame.2009.01.015,42,3,0.0025,0.0032088920421669575
row-0002633,doi::10.1016/j.combustflame.2009.01.015,42,3,0.0024,0.0032088920421669575
row-0002634,doi::10.1016/j.combustflame.2009.01.015,42,3,0.0026,0.003245958386090087
row-0002636,doi::10.1016/j.combustflame.2009.01.015,42,3,0.0024,0.0032324244467350468
row-0002637,doi::10.1016/j.combustflame.2009.01.015,42,3,0.0023,0.0032324244467350468
row-0002638,doi::10.1016/j.combustflame.2009.01.015,42,3,0.0006,0.005619576448963137
row-0002639,doi::10.1016/j.combustflame.2009.01.015,42,3,0.001,0.0056154986058258825
row-0002640,doi::10.1016/j.combustflame.2009.01.015,42,3,0.00042,0.005629193288965207
row-0002641,doi::10.1016/j.combustflame.2009.01.015,42,3,0.00015,0.0038669022013801033
row-0002642,doi::10.1016/j.combustflame.2009.01.015,42,3,0.0,0.0038669022013801033
row-0002643,doi::10.1016/j.combustflame.2009.01.015,42,3,0.00082,0.003529456114566737
row-0002644,doi::10.1016/j.combustflame.2009.01.015,42,3,1e-05,0.0034929963650221635
row-0002645,doi::10.1016/j.combustflame.2009.01.015,42,3,0.00086,0.0033901660383448143
row-0002646,doi::10.1016/j.combustflame.2009.01.015,42,3,0.0008,0.0033901660383448143
row-0002647,doi::10.1016/j.combustflame.2009.01.015,42,3,0.00072,0.0033901660383448143
row-0002648,doi::10.1016/j.combustflame.2009.01.015,42,3,0.0014,0.003369519330413783
row-0002649,doi::10.1016/j.combustflame.2009.01.015,42,3,0.00089,0.003369519330413783
row-0002650,doi::10.1016/j.combustflame.2009.01.015,42,3,0.00063,0.003369519330413783
row-0002651,doi::10.1016/j.combustflame.2009.01.015,42,3,0.00062,0.003369519330413783
row-0002652,doi::10.1016/j.combustflame.2009.01.015,42,3,0.00061,0.00326554115198545
row-0002653,doi::10.1016/j.combustflame.2009.01.015,42,3,0.0011,0.0032279747778013756
row-0002655,doi::10.1016/j.combustflame.2009.01.015,42,3,0.00098,0.0032279747778013756
row-0002656,doi::10.1016/j.combustflame.2009.01.015,42,3,0.00094,0.0032279747778013756
row-0002657,doi::10.1016/j.combustflame.2009.01.015,42,3,0.00086,0.0032279747778013756
row-0002658,doi::10.1016/j.combustflame.2009.01.015,42,3,0.00073,0.0032279747778013756
row-0002659,doi::10.1016/j.combustflame.2009.01.015,42,3,0.00069,0.003204882991147845
row-0002660,doi::10.1016/j.combustflame.2009.01.015,42,3,0.00055,0.0032279747778013756
row-0002661,doi::10.1016/j.combustflame.2009.01.015,42,3,0.00093,0.003204882991147845
row-0002662,doi::10.1016/j.combustflame.2009.01.015,42,3,0.0011,0.0032095812335720874
row-0002663,doi::10.1016/j.combustflame.2009.01.015,42,3,0.0024,0.003214776099053012
row-0002973,doi::10.1016/j.combustflame.2009.01.015,42,3,0.026,0.01778075808744381
row-0002974,doi::10.1016/j.combustflame.2009.01.015,42,3,0.014,0.01755270700566874
row-0002975,doi::10.1016/j.combustflame.2009.01.015,42,3,0.013,0.0173722384995918
row-0002976,doi::10.1016/j.combustflame.2009.01.015,42,3,0.011,0.015591797304469695
row-0002977,doi::10.1016/j.combustflame.2009.01.015,42,3,0.0086,0.015814340272826875
row-0002978,doi::10.1016/j.combustflame.2009.01.015,42,3,0.0086,0.015002862040777583
row-0002979,doi::10.1016/j.combustflame.2009.01.015,42,3,0.0077,0.015020135464864989
row-0002980,doi::10.1016/j.combustflame.2009.01.015,42,3,0.005,0.014838222972535212
row-0002981,doi::10.1016/j.combustflame.2009.01.015,42,3,0.012,0.015595404779647815
row-0002982,doi::10.1016/j.combustflame.2009.01.015,42,3,0.01,0.015642073221206258
row-0002983,doi::10.1016/j.combustflame.2009.01.015,42,3,0.011,0.014213199954607746
row-0002984,doi::10.1016/j.combustflame.2009.01.015,42,3,0.021,0.02469818788627848
row-0002985,doi::10.1016/j.combustflame.2009.01.015,42,3,0.024,0.025354927131660692
row-0002986,doi::10.1016/j.combustflame.2009.01.015,42,3,0.023,0.048738239068341155
row-0002987,doi::10.1016/j.combustflame.2009.01.015,42,3,0.024,0.07372441172615765
row-0002988,doi::10.1016/j.combustflame.2009.01.015,42,3,0.022,0.02078676725348344
row-0002990,doi::10.1016/j.combustflame.2009.01.015,42,3,0.023,0.033835873443116234
row-0002991,doi::10.1016/j.combustflame.2009.01.015,42,3,0.026,0.026842369004112087
row-0002992,doi::10.1016/j.combustflame.2009.01.015,42,3,0.028,0.030528586039436735
row-0002993,doi::10.1016/j.combustflame.2009.01.015,42,3,0.034,0.026879835167501715
row-0002994,doi::10.1016/j.combustflame.2009.01.015,42,3,0.034,0.028818711020039047
row-0002995,doi::10.1016/j.combustflame.2009.01.015,42,3,0.01,0.010944483788898401
row-0002996,doi::10.1016/j.combustflame.2009.01.015,42,3,0.0071,0.010944483788898401
row-0002997,doi::10.1016/j.combustflame.2009.01.015,42,3,0.0047,0.010944483788898401
row-0002998,doi::10.1016/j.combustflame.2009.01.015,42,3,0.0042,0.010944483788898401
row-0002999,doi::10.1016/j.combustflame.2009.01.015,42,3,0.013,0.010944483788898401
row-0003000,doi::10.1016/j.combustflame.2009.01.015,42,3,0.015,0.010973028022576437
row-0003001,doi::10.1016/j.combustflame.2009.01.015,42,3,0.0093,0.010973028022576437
row-0003002,doi::10.1016/j.combustflame.2009.01.015,42,3,0.017,0.010984569731978144
row-0003003,doi::10.1016/j.combustflame.2009.01.015,42,3,0.055,0.012054686493802882
row-0003004,doi::10.1016/j.combustflame.2009.01.015,42,3,0.0074,0.011088104899881572
row-0003005,doi::10.1016/j.combustflame.2009.01.015,42,3,0.011,0.011088104899881572
row-0003006,doi::10.1016/j.combustflame.2009.01.015,42,3,0.011,0.011116649133559607
row-0003007,doi::10.1016/j.combustflame.2009.01.015,42,3,0.011,0.011116649133559607
row-0003008,doi::10.1016/j.combustflame.2009.01.015,42,3,0.021,0.011137500689115164
row-0003009,doi::10.1016/j.combustflame.2009.01.015,42,3,0.028,0.011137500689115164
row-0003010,doi::10.1016/j.combustflame.2009.01.015,42,3,0.027,0.011166512794187629
row-0003011,doi::10.1016/j.combustflame.2009.01.015,42,3,0.037,0.011166512794187629
row-0003012,doi::10.1016/j.combustflame.2009.01.015,42,3,0.036,0.011179537279036113
row-0003013,doi::10.1016/j.combustflame.2009.01.015,42,3,0.042,0.011387571465078435
row-0003014,doi::10.1016/j.combustflame.2009.01.015,42,3,0.061,0.01240120929736117
row-0003015,doi::10.1016/j.combustflame.2009.01.015,42,3,0.013,0.008935631388752252
row-0003016,doi::10.1016/j.combustflame.2009.01.015,42,3,0.014,0.008967077199491223
row-0003017,doi::10.1016/j.combustflame.2009.01.015,42,3,0.023,0.009016484663055437
row-0003018,doi::10.1016/j.combustflame.2009.01.015,42,3,0.027,0.009009004928307427
row-0003019,doi::10.1016/j.combustflame.2009.01.015,42,3,0.034,0.009000011594974091
row-0003020,doi::10.1016/j.combustflame.2009.01.015,42,3,0.052,0.009403617897567117
row-0003021,doi::10.1016/j.combustflame.2009.01.015,42,3,0.022,0.008964300615987962
row-0003022,doi::10.1016/j.combustflame.2009.01.015,42,3,0.021,0.009005988739116297
row-0003023,doi::10.1016/j.combustflame.2009.01.015,42,3,0.026,0.009100176082157154
row-0003024,doi::10.1016/j.combustflame.2009.01.015,42,3,0.03,0.009119869797263083
row-0003025,doi::10.1016/j.combustflame.2009.01.015,42,3,0.031,0.009559740438872642
row-0003026,doi::10.1016/s0010-2180(00)00249-2,42,3,0.00085,0.0016201320233332386
row-0003027,doi::10.1016/s0010-2180(00)00249-2,42,3,0.00088,0.0016201320233332386
row-0003028,doi::10.1016/s0010-2180(00)00249-2,42,3,0.00075,0.0015962764168782147
row-0003029,doi::10.1016/s0010-2180(00)00249-2,42,3,0.0012,0.001610290422202505
row-0003030,doi::10.1016/s0010-2180(00)00249-2,42,3,0.0011,0.001610290422202505
row-0003031,doi::10.1016/s0010-2180(00)00249-2,42,3,0.0019,0.0016938134057229155
row-0003032,doi::10.1016/s0010-2180(00)00249-2,42,3,0.0023,0.0018272153994494443
row-0003033,doi::10.1016/s0010-2180(00)00249-2,42,3,0.002,0.0018272153994494443
row-0003034,doi::10.1016/s0010-2180(00)00249-2,42,3,0.0022,0.0019852374929548305
row-0003035,doi::10.1016/s0010-2180(00)00249-2,42,3,0.0017,0.0024189900697641114
row-0003036,doi::10.1016/s0010-2180(00)00249-2,42,3,0.0019,0.002884364508641097
row-0003037,doi::10.1016/s0010-2180(00)00249-2,42,3,0.0022,0.002884364508641097
row-0003038,doi::10.1016/s0010-2180(00)00249-2,42,3,0.0037,0.002764139695158668
row-0003039,doi::10.1016/s0010-2180(00)00249-2,42,3,0.004,0.0027464613711569944
row-0003040,doi::10.1016/s0010-2180(00)00249-2,42,3,0.0052,0.0030187061854739447
row-0003041,doi::10.1016/s0010-2180(00)00249-2,42,3,0.0045,0.0030187061854739447
row-0003042,doi::10.1016/s0010-2180(00)00249-2,42,3,0.006,0.0035190827947486638
row-0003043,doi::10.1016/s0010-2180(00)00249-2,42,3,0.0059,0.0035679693731807617
row-0003044,doi::10.1016/s0010-2180(00)00249-2,42,3,0.0032,0.005718536291194214
row-0003045,doi::10.1016/s0010-2180(00)00249-2,42,3,0.0033,0.005718536291194214
row-0003046,doi::10.1016/s0010-2180(00)00249-2,42,3,0.0036,0.005718536291194214
row-0003047,doi::10.1016/s0010-2180(00)00249-2,42,3,0.0037,0.005718536291194214
row-0003048,doi::10.1016/s0010-2180(00)00249-2,42,3,0.0045,0.005718536291194214
row-0003049,doi::10.1016/s0010-2180(00)00249-2,42,3,0.0052,0.0053612399892771275
row-0003050,doi::10.1016/s0010-2180(00)00249-2,42,3,0.0077,0.005688867404333156
row-0003051,doi::10.1016/s0010-2180(00)00249-2,42,3,0.0085,0.006542872723543045
row-0003052,doi::10.1016/s0010-2180(00)00249-2,42,3,0.0088,0.006542872723543045
row-0003053,doi::10.1016/s0010-2180(00)00249-2,42,3,0.0024,0.0018675284542929258
row-0003054,doi::10.1016/s0010-2180(00)00249-2,42,3,0.0014,0.0017054974091243627
row-0003055,doi::10.1016/s0010-2180(00)00249-2,42,3,0.0012,0.0017054974091243627
row-0003056,doi::10.1016/s0010-2180(00)00249-2,42,3,0.00082,0.0016857699413728282
row-0003057,doi::10.1016/s0010-2180(00)00249-2,42,3,0.00077,0.0015983978958185616
row-0003058,doi::10.1016/s0010-2180(00)00249-2,42,3,0.00064,0.0015983978958185616
row-0003062,doi::10.1016/s0010-2180(00)00249-2,42,3,0.0001,0.0021100393457456454
row-0003063,doi::10.1016/s0010-2180(00)00249-2,42,3,0.00088,0.0016201320233332386
row-0003064,doi::10.1016/s0010-2180(00)00249-2,42,3,0.00084,0.0016201320233332386
row-0003065,doi::10.1016/s0010-2180(00)00249-2,42,3,0.00076,0.0015962764168782147
row-0003068,doi::10.1016/s0010-2180(00)00249-2,42,3,0.0019,0.0016938134057229155
row-0003069,doi::10.1016/s0010-2180(00)00249-2,42,3,0.0019,0.0018272153994494443
row-0003070,doi::10.1016/s0010-2180(00)00249-2,42,3,0.0023,0.0018272153994494443
row-0003150,doi::10.1016/j.combustflame.2022.112559,42,3,0.0034,0.06519709579197745
row-0003151,doi::10.1016/j.combustflame.2022.112559,42,3,0.0018,0.009346096979234058
row-0003152,doi::10.1016/j.combustflame.2022.112559,42,3,0.0021,0.009239866567749423
row-0003153,doi::10.1016/j.combustflame.2022.112559,42,3,0.0026,0.012768395605646668
row-0003154,doi::10.1016/j.combustflame.2022.112559,42,3,0.0023,0.011009037934547357
row-0003155,doi::10.1016/j.combustflame.2022.112559,42,3,0.0036,0.008315484381838687
row-0003156,doi::10.1016/j.combustflame.2022.112559,42,3,0.0027,0.004513873629921245
row-0003157,doi::10.1016/j.combustflame.2022.112559,42,3,0.0051,0.005305099255588883
row-0003158,doi::10.1016/j.proci.2024.105358,42,3,0.00145,0.0014820587436251177
row-0003159,doi::10.1016/j.proci.2024.105358,42,3,0.0015,0.0019766187075637904
row-0003160,doi::10.1016/j.proci.2024.105358,42,3,0.0019,0.002463200684229622
row-0003161,doi::10.1016/j.proci.2024.105358,42,3,0.0026,0.003044395513672391
row-0003162,doi::10.1016/j.proci.2024.105358,42,3,0.0013,0.002007994657859946
row-0003163,doi::10.1016/j.proci.2024.105358,42,3,0.0017,0.0026380622501967982
row-0003164,doi::10.1016/j.proci.2024.105358,42,3,0.0022,0.003147493854285073
row-0003165,doi::10.1016/j.proci.2024.105358,42,3,0.00325,0.003506105413223492
row-0003166,doi::10.1016/j.proci.2024.105358,42,3,0.00175,0.0024930354954622157
row-0003167,doi::10.1016/j.proci.2024.105358,42,3,0.00177,0.002479529751315059
row-0003168,doi::10.1016/j.proci.2024.105358,42,3,0.00192,0.002482262198723071
row-0003169,doi::10.1016/j.proci.2024.105358,42,3,0.0019,0.0024957340048109866
row-0003170,doi::10.1016/j.proci.2024.105358,42,3,0.00208,0.0026892293640560813
row-0003171,doi::10.1016/j.proci.2024.105358,42,3,0.00208,0.003158444515363602
row-0003172,doi::10.1016/j.proci.2024.105358,42,3,0.0021,0.0031564813393794512
row-0003173,doi::10.1016/j.proci.2024.105358,42,3,0.0022,0.003165433006046118
row-0003174,doi::10.1016/j.proci.2024.105358,42,3,0.0021,0.0031486252822313697
row-0003175,doi::10.1016/j.proci.2024.105358,42,3,0.00235,0.0034688418817600385
row-0003176,doi::10.1016/j.proci.2024.105358,42,3,0.00102,0.0014485954184166754
row-0003177,doi::10.1016/j.proci.2024.105358,42,3,0.00135,0.001954482210174616
row-0003178,doi::10.1016/j.proci.2024.105358,42,3,0.0017,0.0020560654155272746
row-0003179,doi::10.1016/j.proci.2024.105358,42,3,0.00195,0.002482262198723071
row-0003180,doi::10.1016/j.proci.2024.105358,42,3,0.0029,0.0033708452324314694
row-0003181,doi::10.1016/j.proci.2024.105358,42,3,0.0012,0.00200189029477874
row-0003182,doi::10.1016/j.proci.2024.105358,42,3,0.0016,0.002622983241573746
row-0003183,doi::10.1016/j.proci.2024.105358,42,3,0.002,0.0027930296625142672
row-0003185,doi::10.1016/j.proci.2024.105358,42,3,0.00305,0.004055316373984939
row-0003186,doi::10.1016/j.proci.2024.105358,42,3,0.0022,0.002797013703829205
row-0003187,doi::10.1016/j.proci.2024.105358,42,3,0.00235,0.0028775893202693833
row-0003188,doi::10.1016/j.proci.2024.105358,42,3,0.0026,0.0029328507709836635
row-0003189,doi::10.1016/j.proci.2024.105358,42,3,0.0025,0.002940602066688807
row-0003190,doi::10.1016/j.proci.2024.105358,42,3,0.00265,0.002977254631297232
row-0003191,doi::10.1016/j.proci.2024.105358,42,3,0.00275,0.0029988548513537557
row-0003192,doi::10.1016/j.proci.2024.105358,42,3,0.0027,0.003044395513672391
row-0003193,doi::10.1016/j.proci.2024.105358,42,3,0.00275,0.0030324763093561324
row-0003194,doi::10.1016/j.proci.2024.105358,42,3,0.00275,0.003056025370857935
row-0003195,doi::10.1016/j.proci.2024.105358,42,3,0.0028,0.003074591322525028
row-0003389,doi::10.1016/s0082-0784(06)80816-7,42,3,0.01165,0.010517404132395002
row-0003390,doi::10.1016/s0082-0784(06)80816-7,42,3,0.01201,0.01055383491017278
row-0003391,doi::10.1016/s0082-0784(06)80816-7,42,3,0.01254,0.010664339996161596
row-0003392,doi::10.1016/s0082-0784(06)80816-7,42,3,0.01325,0.01083490506054929
row-0003393,doi::10.1016/s0082-0784(06)80816-7,42,3,0.01341,0.010763224445337914
row-0003394,doi::10.1016/s0082-0784(06)80816-7,42,3,0.01194,0.010551022645559849
row-0003395,doi::10.1016/s0082-0784(06)80816-7,42,3,0.01123,0.010551022645559849
row-0003396,doi::10.1016/s0082-0784(06)80816-7,42,3,0.01123,0.010551022645559849
row-0003397,doi::10.1016/s0082-0784(06)80816-7,42,3,0.01057,0.010551022645559849
row-0003398,doi::10.1016/s0082-0784(06)80816-7,42,3,0.0107,0.010551022645559849
row-0003399,doi::10.1016/s0082-0784(06)80816-7,42,3,0.00964,0.010551022645559849
row-0003400,doi::10.1016/s0082-0784(06)80816-7,42,3,0.00907,0.010551022645559849
row-0003401,doi::10.1016/s0082-0784(06)80816-7,42,3,0.00817,0.010551022645559849
row-0003402,doi::10.1016/s0082-0784(06)80816-7,42,3,0.00812,0.010551022645559849
row-0003403,doi::10.1016/s0082-0784(06)80816-7,42,3,0.00769,0.010551022645559849
row-0003404,doi::10.1016/s0082-0784(06)80816-7,42,3,0.00874,0.009279697624403262
row-0003405,doi::10.1016/s0082-0784(06)80816-7,42,3,0.00869,0.009408456582937416
row-0003406,doi::10.1016/s0082-0784(06)80816-7,42,3,0.00896,0.009482669331388485
row-0003407,doi::10.1016/s0082-0784(06)80816-7,42,3,0.0089,0.009660519154750542
row-0003408,doi::10.1016/s0082-0784(06)80816-7,42,3,0.00885,0.009609097159664785
row-0003409,doi::10.1016/s0082-0784(06)80816-7,42,3,0.0076,0.009401644693562153
row-0003410,doi::10.1016/s0082-0784(06)80816-7,42,3,0.00741,0.008642537142263564
row-0003411,doi::10.1016/s0082-0784(06)80816-7,42,3,0.00648,0.008665517920041341
row-0003412,doi::10.1016/s0082-0784(06)80816-7,42,3,0.0064,0.00875461295023844
row-0003413,doi::10.1016/s0082-0784(06)80816-7,42,3,0.00602,0.00875461295023844
row-0003414,doi::10.1016/s0082-0784(06)80816-7,42,3,0.00591,0.008965811597046574
row-0003415,doi::10.1016/s0082-0784(06)80816-7,42,3,0.00553,0.008871814791340067
row-0003416,doi::10.1016/s0082-0784(06)80816-7,42,3,0.00549,0.008895590083782635
row-0003417,doi::10.1016/s0082-0784(06)80816-7,42,3,0.00395,0.008547120409306977
row-0003418,doi::10.1016/s0082-0784(06)80816-7,42,3,0.0057,0.008545964749968726
row-0003419,doi::10.1016/s0082-0784(06)80816-7,42,3,0.00504,0.008665517920041341
row-0003420,doi::10.1016/s0082-0784(06)80816-7,42,3,0.00507,0.008726184242170192
row-0003421,doi::10.1016/s0082-0784(06)80816-7,42,3,0.0046,0.00875461295023844
row-0003422,doi::10.1016/s0082-0784(06)80816-7,42,3,0.00335,0.008961634930379906
row-0003423,doi::10.1016/s0082-0784(06)80816-7,42,3,0.00317,0.008895590083782635
row-0003424,doi::10.1016/s0082-0784(06)80816-7,42,3,0.00395,0.008545964749968726
row-0003425,doi::10.1016/s0082-0784(06)80816-7,42,3,0.00289,0.008665517920041341
row-0004313,doi::10.1038/s41598-017-18398-4,42,3,0.00159,0.0011509071245710011
row-0004314,doi::10.1038/s41598-017-18398-4,42,3,0.00173,0.0011422797095520533
row-0004315,doi::10.1038/s41598-017-18398-4,42,3,0.00178,0.0011422797095520533
row-0004316,doi::10.1038/s41598-017-18398-4,42,3,0.00229,0.001186062840695532
row-0004317,doi::10.1038/s41598-017-18398-4,42,3,0.00254,0.00117968471919208
row-0004318,doi::10.1038/s41598-017-18398-4,42,3,0.00262,0.0011858368873155784
row-0004319,doi::10.1038/s41598-017-18398-4,42,3,0.00184,0.0011858368873155784
row-0004320,doi::10.1038/s41598-017-18398-4,42,3,0.00175,0.0011858368873155784
row-0004321,doi::10.1038/s41598-017-18398-4,42,3,0.00169,0.0011858368873155784
row-0004322,doi::10.1038/s41598-017-18398-4,42,3,0.00148,0.0018245315677815153
row-0004323,doi::10.1038/s41598-017-18398-4,42,3,0.00103,0.0018245315677815153
row-0004324,doi::10.1038/s41598-017-18398-4,42,3,0.00045,0.0018245315677815153
row-0004325,doi::10.1038/s41598-017-18398-4,42,3,0.00153,0.0016995830435838995
row-0004326,doi::10.1038/s41598-017-18398-4,42,3,0.00114,0.0016995830435838995
row-0004327,doi::10.1038/s41598-017-18398-4,42,3,0.00119,0.0016669875542075212
row-0004328,doi::10.1038/s41598-017-18398-4,42,3,0.00097,0.0016694686622661294
row-0004329,doi::10.1038/s41598-017-18398-4,42,3,0.00063,0.002457834425903125
row-0004330,doi::10.1038/s41598-017-18398-4,42,3,0.0004,0.0024436603215840613
row-0004331,doi::10.1038/s41598-017-18398-4,42,3,0.00151,0.0016829817168575564
row-0004332,doi::10.1038/s41598-017-18398-4,42,3,0.00163,0.0017370402949277222
row-0004333,doi::10.1038/s41598-017-18398-4,42,3,0.00196,0.0017549624817236082
row-0004334,doi::10.1038/s41598-017-18398-4,42,3,0.00141,0.0014642551847583647
row-0004335,doi::10.1038/s41598-017-18398-4,42,3,0.00087,0.0013752931888744726
row-0004339,doi::10.1038/s41598-017-18398-4,42,3,0.0009,0.0013876961362089487
row-0004340,doi::10.1038/s41598-017-18398-4,42,3,0.00058,0.0013876961362089487
row-0004341,doi::10.1038/s41598-017-18398-4,42,3,0.00086,0.0013858320247647315
row-0004342,doi::10.1038/s41598-017-18398-4,42,3,0.00119,0.0013833881621349371
row-0004769,doi::10.1007/s10694-019-00896-8,42,3,3e-05,9.588905628941576e-05
row-0004770,doi::10.1007/s10694-019-00896-8,42,3,3e-05,9.564311264409581e-05
row-0004771,doi::10.1007/s10694-019-00896-8,42,3,6e-05,0.00010114143851461289
row-0004772,doi::10.1007/s10694-019-00896-8,42,3,0.0001,0.00010339618071171161
row-0004773,doi::10.1007/s10694-019-00896-8,42,3,0.0001,8.142880411761083e-05
row-0004774,doi::10.1007/s10694-019-00896-8,42,3,0.0001,8.123062367434392e-05
row-0004775,doi::10.1007/s10694-019-00896-8,42,3,0.0001,8.078349538658192e-05
row-0004776,doi::10.1007/s10694-019-00896-8,42,3,0.0001,8.047734793291948e-05
row-0004777,doi::10.1007/s10694-019-00896-8,42,3,9e-05,7.976745250188387e-05
row-0004778,doi::10.1007/s10694-019-00896-8,42,3,7e-05,7.615802456901045e-05
row-0004779,doi::10.1007/s10694-019-00896-8,42,3,6e-05,5.925470897457747e-05
row-0004780,doi::10.1007/s10694-019-00896-8,42,3,5e-05,5.146504480779007e-05
row-0004781,doi::10.1007/s10694-019-00896-8,42,3,0.00051,0.00045600900178429586
row-0004782,doi::10.1007/s10694-019-00896-8,42,3,0.00054,0.0004202224532848095
row-0004783,doi::10.1007/s10694-019-00896-8,42,3,0.00056,0.0004073864618571414
row-0004784,doi::10.1007/s10694-019-00896-8,42,3,0.00057,0.0004032330749445185
row-0004785,doi::10.1007/s10694-019-00896-8,42,3,0.00059,0.00042771786467659935
row-0004786,doi::10.1007/s10694-019-00896-8,42,3,0.00061,0.00043861368453205845
row-0004787,doi::10.1007/s10694-019-00896-8,42,3,0.00063,0.0004355802154294077
row-0004788,doi::10.1007/s10694-019-00896-8,42,3,0.00064,0.0004355802154294077
row-0004789,doi::10.1007/s10694-019-00896-8,42,3,0.00065,0.00045702149992269217
row-0004790,doi::10.1007/s10694-019-00896-8,42,3,0.00059,0.0008732199279415646
row-0004791,doi::10.1007/s10694-019-00896-8,42,3,0.00054,0.0009116274356338724
row-0004792,doi::10.1007/s10694-019-00896-8,42,3,0.0012,0.002156221605795652
row-0004793,doi::10.1007/s10694-019-00896-8,42,3,0.0014,0.0021223280251169013
row-0004794,doi::10.1007/s10694-019-00896-8,42,3,0.0014,0.0020889181339667387
row-0004795,doi::10.1007/s10694-019-00896-8,42,3,0.0014,0.0021071058028538582
row-0004796,doi::10.1007/s10694-019-00896-8,42,3,0.0014,0.0021149389040538273
row-0004797,doi::10.1007/s10694-019-00896-8,42,3,0.0015,0.002089321965924671
row-0004798,doi::10.1007/s10694-019-00896-8,42,3,0.0016,0.0017447740632397615
row-0004799,doi::10.1007/s10694-019-00896-8,42,3,0.0017,0.0016974689944717141
row-0004800,doi::10.1007/s10694-019-00896-8,42,3,0.0018,0.0018690361848425745
row-0004801,doi::10.1007/s10694-019-00896-8,42,3,0.002,0.0022836809762202506
row-0004802,doi::10.1007/s10694-019-00896-8,42,3,0.0021,0.0023229410079662824
row-0004803,doi::10.1007/s10694-019-00896-8,42,3,0.0022,0.002710875671347658
row-0004804,doi::10.1007/s10694-019-00896-8,42,3,0.0023,0.002747653979039966
row-0004805,doi::10.1007/s10694-019-00896-8,42,3,0.00013,0.00032836758633734346
row-0004806,doi::10.1007/s10694-019-00896-8,42,3,0.00057,0.00040527567459486806
row-0004807,doi::10.1007/s10694-019-00896-8,42,3,9e-05,0.0003311035319706575
row-0004808,doi::10.1007/s10694-019-00896-8,42,3,0.00054,0.0004073864618571414
row-0004809,doi::10.1007/s10694-019-00896-8,42,3,7e-05,0.00032848739539183123
row-0004810,doi::10.1007/s10694-019-00896-8,42,3,0.00056,0.00040319214663903124
row-0004812,doi::10.1007/s10694-019-00896-8,42,3,0.00033,0.002315360448835683
row-0004813,doi::10.1007/s10694-019-00896-8,42,3,0.00141,0.0021149389040538273
row-0004814,doi::10.1007/s10694-019-00896-8,42,3,0.00019,0.0022737450557589623
row-0004815,doi::10.1007/s10694-019-00896-8,42,3,0.00136,0.0021071058028538582
row-0004816,doi::10.1007/s10694-019-00896-8,42,3,0.00014,0.002232433243447191
row-0004817,doi::10.1007/s10694-019-00896-8,42,3,0.00133,0.0020944689246792944
row-0004827,doi::10.1007/s10694-019-00896-8,42,3,3e-05,9.77500166059004e-05
row-0004828,doi::10.1007/s10694-019-00896-8,42,3,5e-05,9.91665667432928e-05
row-0004829,doi::10.1007/s10694-019-00896-8,42,3,9e-05,0.00010226128006799476
row-0004830,doi::10.1007/s10694-019-00896-8,42,3,0.00013,0.00019442493374891075
row-0004831,doi::10.1007/s10694-019-00896-8,42,3,0.0004,0.0004261804275684696
row-0004832,doi::10.1007/s10694-019-00896-8,42,3,0.00133,0.002156221605795652
row-0004833,doi::10.1007/s10694-019-00896-8,42,3,0.00014,0.00010339618071171161
row-0004834,doi::10.1007/s10694-019-00896-8,42,3,0.00015,8.570944617500143e-05
row-0004835,doi::10.1007/s10694-019-00896-8,42,3,0.00016,8.084091035256832e-05
row-0004836,doi::10.1007/s10694-019-00896-8,42,3,0.00016,8.047734793291948e-05
row-0004837,doi::10.1007/s10694-019-00896-8,42,3,0.00016,7.976745250188387e-05
row-0004838,doi::10.1007/s10694-019-00896-8,42,3,0.00016,7.615802456901045e-05
row-0004839,doi::10.1007/s10694-019-00896-8,42,3,0.00012,5.925470897457747e-05
row-0004840,doi::10.1007/s10694-019-00896-8,42,3,0.00011,5.146504480779007e-05
row-0004841,doi::10.1007/s10694-019-00896-8,42,3,0.00054,0.0004261804275684696
row-0004842,doi::10.1007/s10694-019-00896-8,42,3,0.00054,0.0004073864618571414
row-0004843,doi::10.1007/s10694-019-00896-8,42,3,0.00055,0.0004261804275684696
row-0004844,doi::10.1007/s10694-019-00896-8,42,3,0.00056,0.000403370182353317
row-0004845,doi::10.1007/s10694-019-00896-8,42,3,0.00056,0.00040527567459486806
row-0004846,doi::10.1007/s10694-019-00896-8,42,3,0.00058,0.0004032330749445185
row-0004847,doi::10.1007/s10694-019-00896-8,42,3,0.00061,0.00042771786467659935
row-0004848,doi::10.1007/s10694-019-00896-8,42,3,0.00064,0.00043861368453205845
row-0004849,doi::10.1007/s10694-019-00896-8,42,3,0.00065,0.0004355802154294077
row-0004850,doi::10.1007/s10694-019-00896-8,42,3,0.00066,0.0004355802154294077
row-0004851,doi::10.1007/s10694-019-00896-8,42,3,0.0007,0.00045702149992269217
row-0004852,doi::10.1007/s10694-019-00896-8,42,3,0.00062,0.0008732199279415646
row-0004853,doi::10.1007/s10694-019-00896-8,42,3,0.00055,0.0009116274356338724
row-0004854,doi::10.1007/s10694-019-00896-8,42,3,0.0013,0.002156221605795652
row-0004855,doi::10.1007/s10694-019-00896-8,42,3,0.0013,0.0021037167738440963
row-0004856,doi::10.1007/s10694-019-00896-8,42,3,0.0013,0.0020944689246792944
row-0004857,doi::10.1007/s10694-019-00896-8,42,3,0.0014,0.002106688956700012
row-0004859,doi::10.1007/s10694-019-00896-8,42,3,0.0014,0.002089321965924671
row-0004860,doi::10.1007/s10694-019-00896-8,42,3,0.0015,0.0017447740632397615
row-0004861,doi::10.1007/s10694-019-00896-8,42,3,0.0017,0.0016974689944717141
row-0004938,doi::10.1016/j.proci.2016.06.028,42,3,0.00275,0.0017944479934264778
row-0004939,doi::10.1016/j.proci.2016.06.028,42,3,0.00175,0.0013127366899963115
row-0004940,doi::10.1016/j.proci.2016.06.028,42,3,0.0008,0.0012534238577900463
row-0004941,doi::10.1016/j.proci.2016.06.028,42,3,0.0007,0.0012512964541389307
row-0004942,doi::10.1016/j.proci.2016.06.028,42,3,0.0008,0.0012282993829492532
row-0004943,doi::10.1016/j.proci.2016.06.028,42,3,0.001,0.0011817127375141488
row-0004944,doi::10.1016/j.proci.2016.06.028,42,3,0.0009,0.0011823853396953985
row-0004945,doi::10.1016/j.proci.2016.06.028,42,3,0.002,0.001803114925223306
row-0004946,doi::10.1016/j.proci.2016.06.028,42,3,0.00275,0.002315633336403767
row-0004947,doi::10.1016/j.proci.2016.06.028,42,3,0.0015,0.0017017092491226843
row-0000133,doi::10.1016/j.proci.2016.06.025,42,4,0.0004,0.001458236883326252
row-0000134,doi::10.1016/j.proci.2016.06.025,42,4,0.0017,0.0015104855184712952
row-0000135,doi::10.1016/j.proci.2016.06.025,42,4,0.0019,0.001608260689251933
row-0000136,doi::10.1016/j.proci.2016.06.025,42,4,0.002,0.0016507675527705247
row-0000137,doi::10.1016/j.proci.2016.06.025,42,4,0.0021,0.001730697395360811
row-0000138,doi::10.1016/j.proci.2016.06.025,42,4,0.002,0.0017627325447728025
row-0000139,doi::10.1016/j.proci.2016.06.025,42,4,0.00195,0.0017627325447728025
row-0000140,doi::10.1016/j.proci.2016.06.025,42,4,0.0017,0.0017627325447728025
row-0000141,doi::10.1016/j.proci.2016.06.025,42,4,0.0012,0.0017627325447728025
row-0000142,doi::10.1016/j.proci.2016.06.025,42,4,0.0007,0.0017609721744024324
row-0000143,doi::10.1016/j.proci.2016.06.025,42,4,0.0004,0.00119447073051184
row-0000144,doi::10.1016/j.proci.2016.06.025,42,4,0.001,0.0012130998238240665
row-0000145,doi::10.1016/j.proci.2016.06.025,42,4,0.0011,0.0012769568878421124
row-0000146,doi::10.1016/j.proci.2016.06.025,42,4,0.0013,0.001308442498267088
row-0000147,doi::10.1016/j.proci.2016.06.025,42,4,0.00135,0.0013606696398741462
row-0000148,doi::10.1016/j.proci.2016.06.025,42,4,0.00145,0.0013606696398741462
row-0000149,doi::10.1016/j.proci.2016.06.025,42,4,0.0014,0.0013606696398741462
row-0000150,doi::10.1016/j.proci.2016.06.025,42,4,0.0011,0.0013606696398741462
row-0000151,doi::10.1016/j.proci.2016.06.025,42,4,0.0009,0.0013606696398741462
row-0000152,doi::10.1016/j.proci.2016.06.025,42,4,0.0007,0.0013606696398741462
row-0000171,doi::10.1016/j.firesaf.2015.11.011,42,4,0.0043,0.006157219105010707
row-0000172,doi::10.1016/j.firesaf.2015.11.011,42,4,0.00415,0.006712388785410361
row-0000173,doi::10.1016/j.firesaf.2015.11.011,42,4,0.00405,0.007270449611661427
row-0000174,doi::10.1016/j.firesaf.2015.11.011,42,4,0.00405,0.007315304960756731
row-0000175,doi::10.1016/j.firesaf.2015.11.011,42,4,0.0038,0.007305542934782704
row-0000176,doi::10.1016/j.firesaf.2015.11.011,42,4,0.0038,0.00730399446917424
row-0000177,doi::10.1016/j.firesaf.2015.11.011,42,4,0.0036,0.00730399446917424
row-0000185,doi::10.1016/j.firesaf.2015.11.011,42,4,0.00223,0.0017318793194025155
row-0000186,doi::10.1016/j.firesaf.2015.11.011,42,4,0.0011,0.0013516454820806114
row-0000187,doi::10.1016/j.firesaf.2015.11.011,42,4,0.00069,0.001300899182328556
row-0000188,doi::10.1016/j.firesaf.2015.11.011,42,4,0.00045,0.001260616549992828
row-0000189,doi::10.1016/j.firesaf.2015.11.011,42,4,0.0096,0.01218461150723435
row-0000190,doi::10.1016/j.firesaf.2015.11.011,42,4,0.0068,0.009122053610034373
row-0000191,doi::10.1016/j.firesaf.2015.11.011,42,4,0.0066,0.006409868286800581
row-0000192,doi::10.1016/j.firesaf.2015.11.011,42,4,0.0048,0.006409868286800581
row-0000193,doi::10.1016/j.firesaf.2015.11.011,42,4,0.004,0.0027836523523368066
row-0000194,doi::10.1016/j.firesaf.2015.11.011,42,4,0.0021,0.0017318793194025155
row-0000294,doi::10.1016/s1540-7489(02)80211-3,42,4,0.012,0.00908466631729049
row-0000295,doi::10.1016/s1540-7489(02)80211-3,42,4,0.011,0.00908555455258461
row-0000296,doi::10.1016/s1540-7489(02)80211-3,42,4,0.01,0.00908555455258461
row-0000297,doi::10.1016/s1540-7489(02)80211-3,42,4,0.014,0.00908555455258461
row-0000298,doi::10.1016/s1540-7489(02)80211-3,42,4,0.013,0.00908555455258461
row-0000299,doi::10.1016/s1540-7489(02)80211-3,42,4,0.015,0.00908555455258461
row-0000301,doi::10.1016/s1540-7489(02)80211-3,42,4,0.015,0.00908555455258461
row-0000302,doi::10.1016/s1540-7489(02)80211-3,42,4,0.012,0.00908555455258461
row-0000303,doi::10.1016/s1540-7489(02)80211-3,42,4,0.03,0.009104676419715251
row-0000304,doi::10.1016/s1540-7489(02)80211-3,42,4,0.033,0.009089945632541896
row-0000305,doi::10.1016/s1540-7489(02)80211-3,42,4,0.036,0.009089945632541896
row-0000306,doi::10.1016/s1540-7489(02)80211-3,42,4,0.007,0.00908555455258461
row-0000307,doi::10.1016/s1540-7489(02)80211-3,42,4,0.0072,0.00908555455258461
row-0000308,doi::10.1016/s1540-7489(02)80211-3,42,4,0.008,0.00908555455258461
row-0000309,doi::10.1016/s1540-7489(02)80211-3,42,4,0.0075,0.00908555455258461
row-0000310,doi::10.1016/s1540-7489(02)80211-3,42,4,0.009,0.009089945632541896
row-0000311,doi::10.1016/s1540-7489(02)80211-3,42,4,0.0095,0.009089945632541896
row-0000312,doi::10.1016/s1540-7489(02)80211-3,42,4,0.008,0.009310539642892393
row-0000313,doi::10.1016/s1540-7489(02)80211-3,42,4,0.0075,0.009310539642892393
row-0000314,doi::10.1016/s1540-7489(02)80211-3,42,4,0.0075,0.009310539642892393
row-0000315,doi::10.1016/s1540-7489(02)80211-3,42,4,0.0075,0.009310539642892393
row-0000637,doi::10.1016/s0082-0784(98)80017-6,42,4,0.0053,0.0030709754711081795
row-0000638,doi::10.1016/s0082-0784(98)80017-6,42,4,0.006,0.00300976207077615
row-0000639,doi::10.1016/s0082-0784(98)80017-6,42,4,0.0068,0.003024907097656771
row-0000640,doi::10.1016/s0082-0784(98)80017-6,42,4,0.0071,0.003381170923372463
row-0000641,doi::10.1016/s0082-0784(98)80017-6,42,4,0.0038,0.0030709754711081795
row-0000642,doi::10.1016/s0082-0784(98)80017-6,42,4,0.005,0.00300976207077615
row-0000643,doi::10.1016/s0082-0784(98)80017-6,42,4,0.006,0.003024907097656771
row-0000644,doi::10.1016/s0082-0784(98)80017-6,42,4,0.0065,0.003381170923372463
row-0000645,doi::10.1016/s0082-0784(98)80017-6,42,4,0.0027,0.002979609510297037
row-0000646,doi::10.1016/s0082-0784(98)80017-6,42,4,0.0035,0.002953370162398817
row-0000647,doi::10.1016/s0082-0784(98)80017-6,42,4,0.0042,0.002871255644537428
row-0000648,doi::10.1016/s0082-0784(98)80017-6,42,4,0.0049,0.002924414216501765
row-0000649,doi::10.1016/s0082-0784(98)80017-6,42,4,0.0058,0.00318939449349911
row-0000650,doi::10.1016/s0082-0784(98)80017-6,42,4,0.0025,0.002979609510297037
row-0000651,doi::10.1016/s0082-0784(98)80017-6,42,4,0.0032,0.002953370162398817
row-0000652,doi::10.1016/s0082-0784(98)80017-6,42,4,0.0039,0.002871255644537428
row-0000653,doi::10.1016/s0082-0784(98)80017-6,42,4,0.0048,0.002924414216501765
row-0000654,doi::10.1016/s0082-0784(98)80017-6,42,4,0.0054,0.003381170923372463
row-0000655,doi::10.1016/s0082-0784(98)80017-6,42,4,0.0057,0.003381170923372463
row-0000656,doi::10.1016/s0082-0784(98)80017-6,42,4,0.0048,0.00318939449349911
row-0000657,doi::10.1016/s0082-0784(98)80017-6,42,4,0.0043,0.0030019984344125134
row-0000658,doi::10.1016/s0082-0784(98)80017-6,42,4,0.0036,0.0028604788768606605
row-0000659,doi::10.1016/s0082-0784(98)80017-6,42,4,0.0028,0.0029688327426202698
row-0000660,doi::10.1016/s0082-0784(98)80017-6,42,4,0.005,0.0033738573519438916
row-0000661,doi::10.1016/s0082-0784(98)80017-6,42,4,0.0045,0.003180300922070538
row-0000662,doi::10.1016/s0082-0784(98)80017-6,42,4,0.0037,0.002986688092976172
row-0000663,doi::10.1016/s0082-0784(98)80017-6,42,4,0.0032,0.002845168535424319
row-0000664,doi::10.1016/s0082-0784(98)80017-6,42,4,0.0027,0.0029535224011839278
row-0000665,doi::10.1016/s0082-0784(98)80017-6,42,4,0.0,0.004814740671660759
row-0000666,doi::10.1016/s0082-0784(98)80017-6,42,4,0.0025,0.0047069637583738435
row-0000667,doi::10.1016/s0082-0784(98)80017-6,42,4,0.0,0.004792291798950303
row-0000668,doi::10.1016/s0082-0784(98)80017-6,42,4,0.0027,0.0046828023856633864
row-0000669,doi::10.1016/s0082-0784(98)80017-6,42,4,0.0043,0.004771555577195325
row-0000670,doi::10.1016/s0082-0784(98)80017-6,42,4,0.0028,0.004658354021051265
row-0000671,doi::10.1016/s0082-0784(98)80017-6,42,4,0.0045,0.004515078975698612
row-0000672,doi::10.1016/s0082-0784(98)80017-6,42,4,0.0028,0.004408045090355661
row-0000673,doi::10.1016/s0082-0784(98)80017-6,42,4,0.0044,0.004371849823648472
row-0000674,doi::10.1016/s0082-0784(98)80017-6,42,4,0.0027,0.0042974729377810526
row-0000675,citation::kimzey john howard flammability during weightlessness nasa technical memorandum nasa tm x 58001 may 1966,42,4,0.01524,0.024491769303378673
row-0000676,citation::kimzey john howard flammability during weightlessness nasa technical memorandum nasa tm x 58001 may 1966,42,4,0.01778,0.028457009192002898
row-0000677,citation::kimzey john howard flammability during weightlessness nasa technical memorandum nasa tm x 58001 may 1966,42,4,0.00203,0.02359690752311751
row-0000678,citation::kimzey john howard flammability during weightlessness nasa technical memorandum nasa tm x 58001 may 1966,42,4,0.00381,0.027869090825941658
row-0000681,citation::kimzey john howard flammability during weightlessness nasa technical memorandum nasa tm x 58001 may 1966,42,4,0.00508,0.015076166201888886
row-0000682,citation::kimzey john howard flammability during weightlessness nasa technical memorandum nasa tm x 58001 may 1966,42,4,0.01016,0.020558990151144214
row-0000683,citation::kimzey john howard flammability during weightlessness nasa technical memorandum nasa tm x 58001 may 1966,42,4,0.00254,0.014016326986384357
row-0000691,citation::kimzey john howard flammability during weightlessness nasa technical memorandum nasa tm x 58001 may 1966,42,4,0.01524,0.015106846671952355
row-0000692,citation::kimzey john howard flammability during weightlessness nasa technical memorandum nasa tm x 58001 may 1966,42,4,0.01778,0.019751553557545702
row-0000694,citation::kimzey john howard flammability during weightlessness nasa technical memorandum nasa tm x 58001 may 1966,42,4,0.00203,0.01396592163335108
row-0000695,citation::kimzey john howard flammability during weightlessness nasa technical memorandum nasa tm x 58001 may 1966,42,4,0.00381,0.018934633897242627
row-0000696,citation::kimzey john howard flammability during weightlessness nasa technical memorandum nasa tm x 58001 may 1966,42,4,0.00102,0.0005554221643465205
row-0000697,citation::kimzey john howard flammability during weightlessness nasa technical memorandum nasa tm x 58001 may 1966,42,4,0.0127,0.015052639400269454
row-0000698,citation::kimzey john howard flammability during weightlessness nasa technical memorandum nasa tm x 58001 may 1966,42,4,0.02794,0.020558990151144214
row-0000700,citation::kimzey john howard flammability during weightlessness nasa technical memorandum nasa tm x 58001 may 1966,42,4,0.00203,0.013992800184764924
row-0001259,doi::10.1007/s10694-019-00935-4,42,4,0.00023,0.0011897659644047253
row-0001260,doi::10.1007/s10694-019-00935-4,42,4,0.0003,0.001154239404890794
row-0001261,doi::10.1007/s10694-019-00935-4,42,4,0.00045,0.0011838806370794064
row-0001262,doi::10.1007/s10694-019-00935-4,42,4,0.00064,0.0012693218604440581
row-0001264,doi::10.1007/s10694-019-00935-4,42,4,0.00035,0.0010893746730071666
row-0001265,doi::10.1007/s10694-019-00935-4,42,4,0.00055,0.0011574798025387927
row-0001266,doi::10.1007/s10694-019-00935-4,42,4,0.00057,0.0011724024762284218
row-0001267,doi::10.1007/s10694-019-00935-4,42,4,0.00072,0.001246116189916232
row-0001582,doi::10.1016/j.proci.2024.105775,42,4,0.00606,0.008161684432703781
row-0001583,doi::10.1016/j.proci.2024.105775,42,4,0.00622,0.008178062064529904
row-0001584,doi::10.1016/j.proci.2024.105775,42,4,0.00569,0.008178062064529904
row-0001585,doi::10.1016/j.proci.2024.105775,42,4,0.0065,0.008647055663175687
row-0001586,doi::10.1016/j.proci.2024.105775,42,4,0.00751,0.008647055663175687
row-0001587,doi::10.1016/j.proci.2024.105775,42,4,0.00783,0.008647055663175687
row-0001588,doi::10.1016/j.proci.2024.105775,42,4,0.00679,0.008762159562300711
row-0001589,doi::10.1016/j.proci.2024.105775,42,4,0.00786,0.008762159562300711
row-0001590,doi::10.1016/j.proci.2024.105775,42,4,0.00814,0.008762159562300711
row-0001591,doi::10.1016/j.proci.2024.105775,42,4,0.00732,0.008660351083275621
row-0001592,doi::10.1016/j.proci.2024.105775,42,4,0.0082,0.008660351083275621
row-0001593,doi::10.1016/j.proci.2024.105775,42,4,0.00802,0.008660351083275621
row-0001594,doi::10.1016/j.proci.2024.105775,42,4,0.00688,0.008669331211302426
row-0001595,doi::10.1016/j.proci.2024.105775,42,4,0.00739,0.008669331211302426
row-0001596,doi::10.1016/j.proci.2024.105775,42,4,0.0072,0.008669331211302426
row-0001597,doi::10.1016/j.proci.2024.105775,42,4,0.00688,0.008667418143120607
row-0001598,doi::10.1016/j.proci.2024.105775,42,4,0.00732,0.008667418143120607
row-0001599,doi::10.1016/j.proci.2024.105775,42,4,0.00701,0.008667418143120607
row-0001600,doi::10.1016/j.proci.2024.105775,42,4,0.00691,0.008686606688012249
row-0001601,doi::10.1016/j.proci.2024.105775,42,4,0.00729,0.008686606688012249
row-0001602,doi::10.1016/j.proci.2024.105775,42,4,0.0066,0.008686606688012249
row-0001603,doi::10.1016/j.proci.2024.105775,42,4,0.00669,0.00868053892120758
row-0001604,doi::10.1016/j.proci.2024.105775,42,4,0.00723,0.00868053892120758
row-0001605,doi::10.1016/j.proci.2024.105775,42,4,0.00672,0.00868053892120758
row-0001606,doi::10.1016/j.proci.2024.105775,42,4,0.00628,0.00869939185050051
row-0001607,doi::10.1016/j.proci.2024.105775,42,4,0.00723,0.00869939185050051
row-0001608,doi::10.1016/j.proci.2024.105775,42,4,0.00666,0.00869939185050051
row-0001609,doi::10.1016/j.proci.2024.105775,42,4,0.00613,0.008712630517167178
row-0001610,doi::10.1016/j.proci.2024.105775,42,4,0.00729,0.008712630517167178
row-0001611,doi::10.1016/j.proci.2024.105775,42,4,0.00669,0.008712630517167178
row-0001612,doi::10.1016/j.proci.2024.105775,42,4,0.00594,0.024442307510505096
row-0001613,doi::10.1016/j.proci.2024.105775,42,4,0.0061,0.009622872913294793
row-0001614,doi::10.1016/j.proci.2024.105775,42,4,0.00842,0.00851832572166956
row-0001615,doi::10.1016/j.proci.2024.105775,42,4,0.00689,0.024693317832585188
row-0001616,doi::10.1016/j.proci.2024.105775,42,4,0.00777,0.010239876187191438
row-0001617,doi::10.1016/j.proci.2024.105775,42,4,0.00865,0.00920405780583362
row-0001618,doi::10.1016/j.proci.2024.105775,42,4,0.00702,0.02481373690915686
row-0001619,doi::10.1016/j.proci.2024.105775,42,4,0.0084,0.010474348297659999
row-0001620,doi::10.1016/j.proci.2024.105775,42,4,0.01104,0.009480063336125779
row-0001621,doi::10.1016/j.proci.2024.105775,42,4,0.00759,0.025082618103651682
row-0001622,doi::10.1016/j.proci.2024.105775,42,4,0.00847,0.010638027059989247
row-0001623,doi::10.1016/j.proci.2024.105775,42,4,0.01117,0.009516937380277432
row-0001624,doi::10.1016/j.proci.2024.105775,42,4,0.00857,0.025122300582116147
row-0001625,doi::10.1016/j.proci.2024.105775,42,4,0.01036,0.01094670809255215
row-0001626,doi::10.1016/j.proci.2024.105775,42,4,0.01209,0.009556528234440266
row-0001627,doi::10.1016/j.proci.2024.105775,42,4,0.00832,0.02519600803998972
row-0001628,doi::10.1016/j.proci.2024.105775,42,4,0.01008,0.01094670809255215
row-0001629,doi::10.1016/j.proci.2024.105775,42,4,0.01203,0.009580990332342365
row-0001630,doi::10.1016/j.proci.2024.105775,42,4,0.0081,0.02525644966821987
row-0001631,doi::10.1016/j.proci.2024.105775,42,4,0.01014,0.010999924450983321
row-0001632,doi::10.1016/j.proci.2024.105775,42,4,0.01181,0.009590348613029417
row-0001633,doi::10.1016/j.proci.2024.105775,42,4,0.00801,0.02526479343082696
row-0001634,doi::10.1016/j.proci.2024.105775,42,4,0.00955,0.011025004507159594
row-0001635,doi::10.1016/j.proci.2024.105775,42,4,0.01153,0.00961784167276165
row-0001636,doi::10.1016/j.proci.2024.105775,42,4,0.00792,0.02526479343082696
row-0001637,doi::10.1016/j.proci.2024.105775,42,4,0.00886,0.011121243649502871
row-0001638,doi::10.1016/j.proci.2024.105775,42,4,0.01122,0.009627224357977143
row-0001639,doi::10.1016/j.proci.2024.105775,42,4,0.00767,0.02532416017756381
row-0001640,doi::10.1016/j.proci.2024.105775,42,4,0.00842,0.011147562757291458
row-0001641,doi::10.1016/j.proci.2024.105775,42,4,0.01031,0.009624916024643812
row-0002596,citation::nishizawa et al 2003 effect of low external flow on flame spreading over etfe wire under microgravity,42,4,0.0019,0.004316927644015846
row-0002597,citation::nishizawa et al 2003 effect of low external flow on flame spreading over etfe wire under microgravity,42,4,0.003,0.003243794313736421
row-0002598,citation::nishizawa et al 2003 effect of low external flow on flame spreading over etfe wire under microgravity,42,4,0.0019,0.0032381759053441263
row-0002599,citation::nishizawa et al 2003 effect of low external flow on flame spreading over etfe wire under microgravity,42,4,0.0016,0.003271644518611578
row-0002600,citation::nishizawa et al 2003 effect of low external flow on flame spreading over etfe wire under microgravity,42,4,0.0017,0.0031889009196621482
row-0002601,citation::nishizawa et al 2003 effect of low external flow on flame spreading over etfe wire under microgravity,42,4,0.0018,0.003135540508483008
row-0002602,citation::nishizawa et al 2003 effect of low external flow on flame spreading over etfe wire under microgravity,42,4,0.0019,0.003130961761243406
row-0002603,citation::nishizawa et al 2003 effect of low external flow on flame spreading over etfe wire under microgravity,42,4,0.0025,0.004323780067857798
row-0002604,citation::nishizawa et al 2003 effect of low external flow on flame spreading over etfe wire under microgravity,42,4,0.0032,0.0032484119318679943
row-0002605,citation::nishizawa et al 2003 effect of low external flow on flame spreading over etfe wire under microgravity,42,4,0.0027,0.003236532304370244
row-0002606,citation::nishizawa et al 2003 effect of low external flow on flame spreading over etfe wire under microgravity,42,4,0.0026,0.003236532304370244
row-0002607,citation::nishizawa et al 2003 effect of low external flow on flame spreading over etfe wire under microgravity,42,4,0.0027,0.0031120403018617404
row-0003442,citation::s nchez tarifa c and m rodr guez combustion and flammability characteristics of solids at microgravity in very small velocity flows second european symposium on utilisation of the international space station nov 1998,42,4,0.0001,0.000645616209179672
row-0003443,citation::s nchez tarifa c and m rodr guez combustion and flammability characteristics of solids at microgravity in very small velocity flows second european symposium on utilisation of the international space station nov 1998,42,4,0.0002,0.0006451607632538182
row-0003444,citation::s nchez tarifa c and m rodr guez combustion and flammability characteristics of solids at microgravity in very small velocity flows second european symposium on utilisation of the international space station nov 1998,42,4,0.00115,0.0007570556718327929
row-0003445,citation::s nchez tarifa c and m rodr guez combustion and flammability characteristics of solids at microgravity in very small velocity flows second european symposium on utilisation of the international space station nov 1998,42,4,0.0006,0.0007429722848066786
row-0003446,citation::s nchez tarifa c and m rodr guez combustion and flammability characteristics of solids at microgravity in very small velocity flows second european symposium on utilisation of the international space station nov 1998,42,4,0.0011,0.0007711489323894584
row-0003447,citation::s nchez tarifa c and m rodr guez combustion and flammability characteristics of solids at microgravity in very small velocity flows second european symposium on utilisation of the international space station nov 1998,42,4,0.0016,0.011000488937364031
row-0003448,citation::s nchez tarifa c and m rodr guez combustion and flammability characteristics of solids at microgravity in very small velocity flows second european symposium on utilisation of the international space station nov 1998,42,4,0.0028,0.015044640137256995
row-0003449,citation::s nchez tarifa c and m rodr guez combustion and flammability characteristics of solids at microgravity in very small velocity flows second european symposium on utilisation of the international space station nov 1998,42,4,0.0016,0.01437339182900402
row-0003450,citation::s nchez tarifa c and m rodr guez combustion and flammability characteristics of solids at microgravity in very small velocity flows second european symposium on utilisation of the international space station nov 1998,42,4,0.0017,0.014429579014540325
row-0003451,citation::s nchez tarifa c and m rodr guez combustion and flammability characteristics of solids at microgravity in very small velocity flows second european symposium on utilisation of the international space station nov 1998,42,4,0.0019,0.01558450058094092
row-0003452,citation::s nchez tarifa c and m rodr guez combustion and flammability characteristics of solids at microgravity in very small velocity flows second european symposium on utilisation of the international space station nov 1998,42,4,0.0018,0.016052017320405045
row-0003453,citation::s nchez tarifa c and m rodr guez combustion and flammability characteristics of solids at microgravity in very small velocity flows second european symposium on utilisation of the international space station nov 1998,42,4,0.0056,0.01924222226726753
row-0003454,citation::s nchez tarifa c and m rodr guez combustion and flammability characteristics of solids at microgravity in very small velocity flows second european symposium on utilisation of the international space station nov 1998,42,4,0.0029,0.01849595824015839
row-0003474,doi::10.1016/s1540-7489(02)80315-7,42,4,0.00548,0.028567438364432755
row-0003475,doi::10.1016/s1540-7489(02)80315-7,42,4,0.00945,0.03332874305372804
row-0003476,doi::10.1016/s1540-7489(02)80315-7,42,4,0.01642,0.037138345575619486
row-0003477,doi::10.1016/s1540-7489(02)80315-7,42,4,0.03293,0.0438818914176874
row-0003478,doi::10.1016/s1540-7489(02)80315-7,42,4,0.04771,0.04399632665939014
row-0003479,doi::10.1016/s1540-7489(02)80315-7,42,4,0.05214,0.04399632665939014
row-0003480,doi::10.1016/s1540-7489(02)80315-7,42,4,0.05751,0.04403846472150195
row-0003481,doi::10.1016/s1540-7489(02)80315-7,42,4,0.05887,0.04399632665939014
row-0003482,doi::10.1016/s1540-7489(02)80315-7,42,4,0.00429,0.028405305008030086
row-0003483,doi::10.1016/s1540-7489(02)80315-7,42,4,0.00453,0.028466924075605728
row-0003484,doi::10.1016/s1540-7489(02)80315-7,42,4,0.01257,0.03329109789383969
row-0003485,doi::10.1016/s1540-7489(02)80315-7,42,4,0.01869,0.0370811900823978
row-0003486,doi::10.1016/s1540-7489(02)80315-7,42,4,0.0254,0.04380889803557682
row-0003487,doi::10.1016/s1540-7489(02)80315-7,42,4,0.03317,0.04392333327727956
row-0003488,doi::10.1016/s1540-7489(02)80315-7,42,4,0.03917,0.043683680623574486
row-0003489,doi::10.1016/s1540-7489(02)80315-7,42,4,0.00287,0.028379011149023622
row-0003490,doi::10.1016/s1540-7489(02)80315-7,42,4,0.00875,0.028206491249492555
row-0003491,doi::10.1016/s1540-7489(02)80315-7,42,4,0.00995,0.030010708656878188
row-0003492,doi::10.1016/s1540-7489(02)80315-7,42,4,0.02101,0.03817995010441438
row-0003493,doi::10.1016/s1540-7489(02)80315-7,42,4,0.05752,0.041818469384169873
row-0003494,doi::10.1016/s1540-7489(02)80315-7,42,4,0.04897,0.044799232500670486
row-0003495,doi::10.1016/s1540-7489(02)80315-7,42,4,0.02599,0.030807175704176595
row-0003496,doi::10.1016/s1540-7489(02)80315-7,42,4,0.03866,0.03814303274688934
row-0003497,doi::10.1016/s1540-7489(02)80315-7,42,4,0.06137,0.0418388937039153
row-0003498,doi::10.1016/s1540-7489(02)80315-7,42,4,0.03449,0.044751014025868285
row-0003499,doi::10.1016/s1540-7489(02)80315-7,42,4,0.014,0.040400757384096986
row-0003500,doi::10.1016/s1540-7489(02)80315-7,42,4,0.031,0.040400757384096986
row-0003501,doi::10.1016/s1540-7489(02)80315-7,42,4,0.043,0.04039703554705758
row-0003502,doi::10.1016/s1540-7489(02)80315-7,42,4,0.047,0.04039703554705758
row-0003503,doi::10.1016/s1540-7489(02)80315-7,42,4,0.045,0.04049624760588111
row-0003504,doi::10.1016/s1540-7489(02)80315-7,42,4,0.046,0.04083337613966105
row-0003505,doi::10.1016/s1540-7489(02)80315-7,42,4,0.048,0.043955169516533
row-0003506,doi::10.1016/s1540-7489(02)80315-7,42,4,0.024,0.0403277640019864
row-0003507,doi::10.1016/s1540-7489(02)80315-7,42,4,0.0094,0.0403277640019864
row-0003508,doi::10.1016/s1540-7489(02)80315-7,42,4,0.0056,0.0403277640019864
row-0003509,doi::10.1016/s1540-7489(02)80315-7,42,4,0.0043,0.0403277640019864
row-0003510,doi::10.1016/s1540-7489(02)80315-7,42,4,0.019,0.04032404216494699
row-0003511,doi::10.1016/s1540-7489(02)80315-7,42,4,0.024,0.04032404216494699
row-0003512,doi::10.1016/s1540-7489(02)80315-7,42,4,0.021,0.04042325422377053
row-0003513,doi::10.1016/s1540-7489(02)80315-7,42,4,0.034,0.04388217613442241
row-0004434,citation::urban david l interactions between flames on parallel solid surfaces nasa 0 combustion workshop n96 15588 1997,42,4,0.00896,0.02549700555766483
row-0004435,citation::urban david l interactions between flames on parallel solid surfaces nasa 0 combustion workshop n96 15588 1997,42,4,0.00802,0.02547421478843406
row-0004436,citation::urban david l interactions between flames on parallel solid surfaces nasa 0 combustion workshop n96 15588 1997,42,4,0.00703,0.02568018924989417
row-0004437,citation::urban david l interactions between flames on parallel solid surfaces nasa 0 combustion workshop n96 15588 1997,42,4,0.01095,0.024861112055499936
row-0004438,citation::urban david l interactions between flames on parallel solid surfaces nasa 0 combustion workshop n96 15588 1997,42,4,0.01259,0.018723540970207862
row-0004439,citation::urban david l interactions between flames on parallel solid surfaces nasa 0 combustion workshop n96 15588 1997,42,4,0.01304,0.01646279972850097
row-0004440,citation::urban david l interactions between flames on parallel solid surfaces nasa 0 combustion workshop n96 15588 1997,42,4,0.01714,0.0108101263893774
row-0004441,citation::urban david l interactions between flames on parallel solid surfaces nasa 0 combustion workshop n96 15588 1997,42,4,0.01497,0.010698365266697504
row-0004442,citation::urban david l interactions between flames on parallel solid surfaces nasa 0 combustion workshop n96 15588 1997,42,4,0.01619,0.011187600628233612
row-0004443,citation::urban david l interactions between flames on parallel solid surfaces nasa 0 combustion workshop n96 15588 1997,42,4,0.01466,0.011187600628233612
row-0004744,doi::10.1007/s10694-019-00878-w,42,4,0.002,0.060953198836797055
row-0004745,doi::10.1007/s10694-019-00878-w,42,4,0.0208,0.060953198836797055
row-0004746,doi::10.1007/s10694-019-00878-w,42,4,0.0116,0.060953198836797055
row-0004747,doi::10.1007/s10694-019-00878-w,42,4,0.1268,0.04302386019606112
row-0004748,doi::10.1007/s10694-019-00878-w,42,4,0.1194,0.010800956183423409
row-0004749,doi::10.1007/s10694-019-00878-w,42,4,0.1648,0.06077994550346373
row-0004750,doi::10.1007/s10694-019-00878-w,42,4,0.1334,0.04409559934605095
row-0004751,doi::10.1007/s10694-019-00878-w,42,4,0.1153,0.060953198836797055
row-0004752,doi::10.1007/s10694-019-00878-w,42,4,0.0825,0.060953198836797055
row-0004753,doi::10.1007/s10694-019-00878-w,42,4,0.0358,0.0434525908627278
row-0004754,doi::10.1007/s10694-019-00878-w,42,4,0.0545,0.060953198836797055
row-0004755,doi::10.1007/s12217-015-9419-z,42,4,0.00758,0.0049966637781027005
row-0004756,doi::10.1007/s12217-015-9419-z,42,4,0.0112,0.0049966637781027005
row-0004757,doi::10.1007/s12217-015-9419-z,42,4,0.012,0.0049966637781027005
row-0004758,doi::10.1007/s12217-015-9419-z,42,4,0.01325,0.0049966637781027005
row-0004759,doi::10.1007/s12217-015-9419-z,42,4,0.0128,0.0049966637781027005
row-0004760,doi::10.1007/s12217-015-9419-z,42,4,0.0117,0.0049966637781027005
row-0004761,doi::10.1007/s12217-015-9419-z,42,4,0.0114,0.0049966637781027005
row-0000266,doi::10.5802/crmeca.149,43,0,0.0011,0.0013373797472407856
row-0000267,doi::10.5802/crmeca.149,43,0,0.00125,0.0013495612357327658
row-0000268,doi::10.5802/crmeca.149,43,0,0.0014,0.0015243389789856819
row-0000269,doi::10.5802/crmeca.149,43,0,0.0015,0.0015326274857401507
row-0000270,doi::10.5802/crmeca.149,43,0,0.00145,0.0013574675862639803
row-0000272,doi::10.5802/crmeca.149,43,0,0.0009,0.0004981955074934846
row-0000273,doi::10.5802/crmeca.149,43,0,0.0016,0.001369038459762256
row-0000274,doi::10.5802/crmeca.149,43,0,0.0013,0.0013495612357327658
row-0000275,doi::10.5802/crmeca.149,43,0,0.0009,0.0005028422270702868
row-0000276,doi::10.5802/crmeca.149,43,0,0.0018,0.001668924626547105
row-0000278,doi::10.5802/crmeca.149,43,0,0.0012,0.0007147085725704894
row-0000279,doi::10.5802/crmeca.149,43,0,0.00195,0.0016804360902908208
row-0000281,doi::10.5802/crmeca.149,43,0,0.0013,0.0007219126962137041
row-0000282,doi::10.5802/crmeca.149,43,0,0.00115,0.0013403299565444358
row-0000283,doi::10.5802/crmeca.149,43,0,0.00112,0.0013373797472407856
row-0000284,doi::10.5802/crmeca.149,43,0,0.00107,0.0013301984574651984
row-0000285,doi::10.5802/crmeca.149,43,0,0.00127,0.0013509266881765148
row-0000286,doi::10.5802/crmeca.149,43,0,0.00126,0.0013495612357327658
row-0000287,doi::10.5802/crmeca.149,43,0,0.00116,0.0013409931552644432
row-0000288,doi::10.5802/crmeca.149,43,0,0.00137,0.0013541511276512694
row-0000289,doi::10.5802/crmeca.149,43,0,0.00137,0.0015243389789856819
row-0000290,doi::10.5802/crmeca.149,43,0,0.00136,0.0013437886569132775
row-0000291,doi::10.5802/crmeca.149,43,0,0.0015,0.0013661920392879152
row-0000292,doi::10.5802/crmeca.149,43,0,0.0014,0.0015326274857401507
row-0000293,doi::10.5802/crmeca.149,43,0,0.00137,0.0013558330619803393
row-0000447,doi::10.1016/j.combustflame.2020.09.003,43,0,0.0014,0.0014414111766108079
row-0000448,doi::10.1016/j.combustflame.2020.09.003,43,0,0.00136,0.0013532389025873307
row-0000449,doi::10.1016/j.combustflame.2020.09.003,43,0,0.00143,0.0013520881669603847
row-0000450,doi::10.1016/j.combustflame.2020.09.003,43,0,0.00142,0.0013526498071781536
row-0000451,doi::10.1016/j.combustflame.2020.09.003,43,0,0.00139,0.0013528604471148707
row-0000452,doi::10.1016/j.combustflame.2020.09.003,43,0,0.00138,0.0013437886569132775
row-0000763,doi::10.1007/s10694-019-00862-4,43,0,3e-05,0.0008051036314147162
row-0000764,doi::10.1007/s10694-019-00862-4,43,0,8e-05,0.0008076025624994609
row-0000765,doi::10.1007/s10694-019-00862-4,43,0,0.00015,0.0008079653979241075
row-0000769,doi::10.1007/s10694-019-00862-4,43,0,6e-05,0.0006255280739647427
row-0000774,doi::10.1007/s10694-019-00862-4,43,0,0.0,0.0006441841058718111
row-0000775,doi::10.1007/s10694-019-00862-4,43,0,0.00019,0.000644996423912737
row-0000776,doi::10.1007/s10694-019-00862-4,43,0,0.00033,0.0006415193443156901
row-0000779,doi::10.1007/s10694-019-00862-4,43,0,6e-05,0.0005955042383428606
row-0000781,doi::10.1007/s10694-019-00862-4,43,0,0.00011,0.0005913384494612965
row-0001259,doi::10.1007/s10694-019-00935-4,43,0,0.00023,0.002089924842908386
row-0001260,doi::10.1007/s10694-019-00935-4,43,0,0.0003,0.0022836554053387503
row-0001261,doi::10.1007/s10694-019-00935-4,43,0,0.00045,0.0023339489481547125
row-0001262,doi::10.1007/s10694-019-00935-4,43,0,0.00064,0.0023027357439408826
row-0001264,doi::10.1007/s10694-019-00935-4,43,0,0.00035,0.0018234136469140252
row-0001265,doi::10.1007/s10694-019-00935-4,43,0,0.00055,0.0022324264430500056
row-0001266,doi::10.1007/s10694-019-00935-4,43,0,0.00057,0.0022317086652722277
row-0001267,doi::10.1007/s10694-019-00935-4,43,0,0.00072,0.002220791537720828
row-0001732,doi::10.1016/j.proci.2024.105255,43,0,0.00138,0.0013832863202782586
row-0001733,doi::10.1016/j.proci.2024.105255,43,0,0.00151,0.0013920173770850424
row-0001734,doi::10.1016/j.proci.2024.105255,43,0,0.00169,0.0014044707150516126
row-0001736,doi::10.1016/j.proci.2024.105255,43,0,0.00122,0.0016082470026944058
row-0001737,doi::10.1016/j.proci.2024.105255,43,0,0.00144,0.001653078531782406
row-0001738,doi::10.1016/j.proci.2024.105255,43,0,0.0018,0.00175896841278677
row-0001739,doi::10.1016/j.proci.2024.105255,43,0,0.00202,0.0017893995494576089
row-0001740,doi::10.1016/j.proci.2024.105255,43,0,0.00188,0.0017533818057647466
row-0001741,doi::10.1016/j.proci.2024.105255,43,0,0.00191,0.00175896841278677
row-0001742,doi::10.1016/j.proci.2024.105255,43,0,0.00182,0.0017266494190427456
row-0001743,doi::10.1016/j.proci.2024.105255,43,0,0.00192,0.0016999551839895276
row-0001863,doi::10.1016/j.firesaf.2024.104329,43,0,0.0025,0.0014571936131734136
row-0001870,doi::10.1016/j.firesaf.2024.104329,43,0,0.0024,0.001455038570260513
row-0001871,doi::10.1016/j.firesaf.2024.104329,43,0,0.00225,0.0014536295161416883
row-0001872,doi::10.1016/j.firesaf.2024.104329,43,0,0.0015,0.0014503853056153729
row-0001873,doi::10.1016/j.firesaf.2024.104329,43,0,0.0015,0.0014503853056153729
row-0001874,doi::10.1016/j.firesaf.2024.104329,43,0,0.0015,0.0014456638712835753
row-0001880,doi::10.1016/j.firesaf.2024.104329,43,0,0.0015,0.0013810695433674302
row-0001888,doi::10.1016/j.firesaf.2024.104329,43,0,0.0024,0.0014571936131734136
row-0001889,doi::10.1016/j.firesaf.2024.104329,43,0,0.00275,0.001455038570260513
row-0001890,doi::10.1016/j.firesaf.2024.104329,43,0,0.00225,0.0014536295161416883
row-0001891,doi::10.1016/j.firesaf.2024.104329,43,0,0.002,0.0014503853056153729
row-0001892,doi::10.1016/j.firesaf.2024.104329,43,0,0.002,0.0014503853056153729
row-0001893,doi::10.1016/j.firesaf.2024.104329,43,0,0.0024,0.0014456638712835753
row-0001895,doi::10.1016/j.firesaf.2024.104329,43,0,0.002,0.0013910607906682194
row-0001904,doi::10.1016/j.firesaf.2024.104329,43,0,0.0024,0.0014571936131734136
row-0001906,doi::10.1016/j.firesaf.2024.104329,43,0,0.0029,0.001455038570260513
row-0001907,doi::10.1016/j.firesaf.2024.104329,43,0,0.00275,0.0014536295161416883
row-0001908,doi::10.1016/j.firesaf.2024.104329,43,0,0.002,0.0014503853056153729
row-0001909,doi::10.1016/j.firesaf.2024.104329,43,0,0.002,0.0014503853056153729
row-0001912,doi::10.1016/j.firesaf.2024.104329,43,0,0.002,0.0013910607906682194
row-0001918,doi::10.1016/j.firesaf.2024.104329,43,0,0.00275,0.0014571936131734136
row-0001922,doi::10.1016/j.firesaf.2024.104329,43,0,0.00225,0.001455038570260513
row-0001923,doi::10.1016/j.firesaf.2024.104329,43,0,0.002,0.0014536295161416883
row-0001924,doi::10.1016/j.firesaf.2024.104329,43,0,0.0022,0.0014503853056153729
row-0001925,doi::10.1016/j.firesaf.2024.104329,43,0,0.0021,0.0014503853056153729
row-0001928,doi::10.1016/j.firesaf.2024.104329,43,0,0.0015,0.0013910607906682194
row-0001934,doi::10.1016/j.firesaf.2024.104329,43,0,0.0015,0.0013818260858600255
row-0001935,doi::10.1016/j.firesaf.2024.104329,43,0,0.0022,0.0013898095035195903
row-0001936,doi::10.1016/j.firesaf.2024.104329,43,0,0.00228,0.0014514345339745932
row-0001937,doi::10.1016/j.firesaf.2024.104329,43,0,0.00235,0.0014549986310063183
row-0001939,doi::10.1016/j.firesaf.2024.104329,43,0,0.00195,0.0013898095035195903
row-0001940,doi::10.1016/j.firesaf.2024.104329,43,0,0.0022,0.0014514345339745932
row-0001941,doi::10.1016/j.firesaf.2024.104329,43,0,0.00235,0.0014549986310063183
row-0001943,doi::10.1016/j.firesaf.2024.104329,43,0,0.002,0.0013898095035195903
row-0001944,doi::10.1016/j.firesaf.2024.104329,43,0,0.0022,0.0014514345339745932
row-0001945,doi::10.1016/j.firesaf.2024.104329,43,0,0.00235,0.0014549986310063183
row-0001947,doi::10.1016/j.firesaf.2024.104329,43,0,0.0015,0.0014134946414695725
row-0001948,doi::10.1016/j.firesaf.2024.104329,43,0,0.00205,0.0014514345339745932
row-0001949,doi::10.1016/j.firesaf.2024.104329,43,0,0.00275,0.0014549986310063183
row-0001950,doi::10.1016/j.firesaf.2024.104329,43,0,0.0024,0.0014528435880934172
row-0001951,doi::10.1016/j.firesaf.2024.104329,43,0,0.00225,0.0014514345339745932
row-0001952,doi::10.1016/j.firesaf.2024.104329,43,0,0.00155,0.001448190323448277
row-0001953,doi::10.1016/j.firesaf.2024.104329,43,0,0.00155,0.001448190323448277
row-0001954,doi::10.1016/j.firesaf.2024.104329,43,0,0.0016,0.00144346888911648
row-0001955,doi::10.1016/j.firesaf.2024.104329,43,0,0.0027,0.0014528435880934172
row-0001956,doi::10.1016/j.firesaf.2024.104329,43,0,0.00225,0.0014514345339745932
row-0001957,doi::10.1016/j.firesaf.2024.104329,43,0,0.0021,0.001448190323448277
row-0001958,doi::10.1016/j.firesaf.2024.104329,43,0,0.0021,0.001448190323448277
row-0001959,doi::10.1016/j.firesaf.2024.104329,43,0,0.0024,0.00144346888911648
row-0001960,doi::10.1016/j.firesaf.2024.104329,43,0,0.0029,0.0014528435880934172
row-0001961,doi::10.1016/j.firesaf.2024.104329,43,0,0.00275,0.0014514345339745932
row-0001962,doi::10.1016/j.firesaf.2024.104329,43,0,0.0021,0.001448190323448277
row-0001963,doi::10.1016/j.firesaf.2024.104329,43,0,0.002,0.001448190323448277
row-0001965,doi::10.1016/j.firesaf.2024.104329,43,0,0.00235,0.0014528435880934172
row-0001967,doi::10.1016/j.firesaf.2024.104329,43,0,0.0023,0.001448190323448277
row-0001968,doi::10.1016/j.firesaf.2024.104329,43,0,0.0021,0.001448190323448277
row-0002034,doi::10.1016/j.firesaf.2024.104329,43,0,0.0012,0.001956823268851156
row-0002038,doi::10.1016/j.firesaf.2024.104329,43,0,0.0011,0.0019230254214868583
row-0002039,doi::10.1016/j.firesaf.2024.104329,43,0,0.00125,0.001900663376341761
row-0002040,doi::10.1016/j.firesaf.2024.104329,43,0,0.00095,0.001904973705885964
row-0002041,doi::10.1016/j.firesaf.2024.104329,43,0,0.0007,0.0019056471185843764
row-0002044,doi::10.1016/j.firesaf.2024.104329,43,0,0.0009,0.0018266386604847767
row-0002048,doi::10.1016/j.firesaf.2024.104329,43,0,0.0005,0.001748902043550244
row-0002052,doi::10.1016/j.firesaf.2024.104329,43,0,0.0005,0.0017505037382749566
row-0002056,doi::10.1016/j.firesaf.2024.104329,43,0,0.0011,0.001956823268851156
row-0002059,doi::10.1016/j.firesaf.2024.104329,43,0,0.0008,0.0019230254214868583
row-0002060,doi::10.1016/j.firesaf.2024.104329,43,0,0.00075,0.001900663376341761
row-0002061,doi::10.1016/j.firesaf.2024.104329,43,0,0.00055,0.001904973705885964
row-0002062,doi::10.1016/j.firesaf.2024.104329,43,0,0.0008,0.0019056471185843764
row-0002064,doi::10.1016/j.firesaf.2024.104329,43,0,0.00065,0.0018266386604847767
row-0002068,doi::10.1016/j.firesaf.2024.104329,43,0,0.00045,0.001748902043550244
row-0002078,doi::10.1016/j.firesaf.2024.104329,43,0,0.00075,0.0019230254214868583
row-0002079,doi::10.1016/j.firesaf.2024.104329,43,0,0.00065,0.001900663376341761
row-0002080,doi::10.1016/j.firesaf.2024.104329,43,0,0.0005,0.001904973705885964
row-0002097,doi::10.1016/j.firesaf.2024.104329,43,0,0.0007,0.0019230254214868583
row-0002098,doi::10.1016/j.firesaf.2024.104329,43,0,0.00055,0.001900663376341761
row-0002099,doi::10.1016/j.firesaf.2024.104329,43,0,0.0005,0.001904973705885964
row-0002107,doi::10.1016/j.firesaf.2024.104329,43,0,0.00048,0.001766164774072909
row-0002108,doi::10.1016/j.firesaf.2024.104329,43,0,0.00058,0.0017812709587702203
row-0002109,doi::10.1016/j.firesaf.2024.104329,43,0,0.0009,0.0018796236466598352
row-0002110,doi::10.1016/j.firesaf.2024.104329,43,0,0.00115,0.001917798282929158
row-0002111,doi::10.1016/j.firesaf.2024.104329,43,0,0.00123,0.0019519473200806047
row-0002113,doi::10.1016/j.firesaf.2024.104329,43,0,0.00045,0.0017812709587702203
row-0002114,doi::10.1016/j.firesaf.2024.104329,43,0,0.00065,0.0018796236466598352
row-0002115,doi::10.1016/j.firesaf.2024.104329,43,0,0.00075,0.001917798282929158
row-0002116,doi::10.1016/j.firesaf.2024.104329,43,0,0.00112,0.0019519473200806047
row-0002118,doi::10.1016/j.firesaf.2024.104329,43,0,0.0004,0.0018796236466598352
row-0002119,doi::10.1016/j.firesaf.2024.104329,43,0,0.00065,0.001917798282929158
row-0002120,doi::10.1016/j.firesaf.2024.104329,43,0,0.00075,0.0019357257216232806
row-0002121,doi::10.1016/j.firesaf.2024.104329,43,0,0.0008,0.0019519473200806047
row-0002123,doi::10.1016/j.firesaf.2024.104329,43,0,0.0006,0.001917798282929158
row-0002124,doi::10.1016/j.firesaf.2024.104329,43,0,0.0007,0.0019357257216232806
row-0002125,doi::10.1016/j.firesaf.2024.104329,43,0,0.00076,0.0019519473200806047
row-0002126,doi::10.1016/j.firesaf.2024.104329,43,0,0.00105,0.001936711265580502
row-0002127,doi::10.1016/j.firesaf.2024.104329,43,0,0.00112,0.001917798282929158
row-0002128,doi::10.1016/j.firesaf.2024.104329,43,0,0.00095,0.001922525279140027
row-0002129,doi::10.1016/j.firesaf.2024.104329,43,0,0.00068,0.0019231986918384401
row-0002131,doi::10.1016/j.firesaf.2024.104329,43,0,0.00077,0.001936711265580502
row-0002133,doi::10.1016/j.firesaf.2024.104329,43,0,0.00056,0.001922525279140027
row-0002134,doi::10.1016/j.firesaf.2024.104329,43,0,0.0004,0.0019231986918384401
row-0002136,doi::10.1016/j.firesaf.2024.104329,43,0,0.00072,0.001936711265580502
row-0002137,doi::10.1016/j.firesaf.2024.104329,43,0,0.00062,0.001917798282929158
row-0002138,doi::10.1016/j.firesaf.2024.104329,43,0,0.00045,0.001922525279140027
row-0002140,doi::10.1016/j.firesaf.2024.104329,43,0,0.00068,0.001936711265580502
row-0002141,doi::10.1016/j.firesaf.2024.104329,43,0,0.00055,0.001917798282929158
row-0002142,doi::10.1016/j.firesaf.2024.104329,43,0,0.00045,0.001922525279140027
row-0002699,citation::friedman robert brian jackson and sandra olson testing and selection of fire resistant materials for spacecraft use nasa technical memorandum 2000 209773 mar 2000 nasa sti program office glenn research center cleveland ohio,43,0,0.0053,0.009097502870121283
row-0002700,citation::friedman robert brian jackson and sandra olson testing and selection of fire resistant materials for spacecraft use nasa technical memorandum 2000 209773 mar 2000 nasa sti program office glenn research center cleveland ohio,43,0,0.0055,0.009097502870121283
row-0002701,citation::friedman robert brian jackson and sandra olson testing and selection of fire resistant materials for spacecraft use nasa technical memorandum 2000 209773 mar 2000 nasa sti program office glenn research center cleveland ohio,43,0,0.0054,0.009097502870121283
row-0002702,citation::friedman robert brian jackson and sandra olson testing and selection of fire resistant materials for spacecraft use nasa technical memorandum 2000 209773 mar 2000 nasa sti program office glenn research center cleveland ohio,43,0,0.0056,0.008871647552183838
row-0002703,citation::friedman robert brian jackson and sandra olson testing and selection of fire resistant materials for spacecraft use nasa technical memorandum 2000 209773 mar 2000 nasa sti program office glenn research center cleveland ohio,43,0,0.0109,0.009491917259772319
row-0002704,citation::friedman robert brian jackson and sandra olson testing and selection of fire resistant materials for spacecraft use nasa technical memorandum 2000 209773 mar 2000 nasa sti program office glenn research center cleveland ohio,43,0,0.0126,0.010450720537767088
row-0002705,citation::friedman robert brian jackson and sandra olson testing and selection of fire resistant materials for spacecraft use nasa technical memorandum 2000 209773 mar 2000 nasa sti program office glenn research center cleveland ohio,43,0,0.0174,0.014180852848257826
row-0002706,citation::friedman robert brian jackson and sandra olson testing and selection of fire resistant materials for spacecraft use nasa technical memorandum 2000 209773 mar 2000 nasa sti program office glenn research center cleveland ohio,43,0,0.0181,0.014180852848257826
row-0002707,citation::friedman robert brian jackson and sandra olson testing and selection of fire resistant materials for spacecraft use nasa technical memorandum 2000 209773 mar 2000 nasa sti program office glenn research center cleveland ohio,43,0,0.0186,0.014180852848257826
row-0002708,citation::friedman robert brian jackson and sandra olson testing and selection of fire resistant materials for spacecraft use nasa technical memorandum 2000 209773 mar 2000 nasa sti program office glenn research center cleveland ohio,43,0,0.0172,0.014180852848257826
row-0002709,citation::friedman robert brian jackson and sandra olson testing and selection of fire resistant materials for spacecraft use nasa technical memorandum 2000 209773 mar 2000 nasa sti program office glenn research center cleveland ohio,43,0,0.0188,0.014180852848257826
row-0002710,citation::friedman robert brian jackson and sandra olson testing and selection of fire resistant materials for spacecraft use nasa technical memorandum 2000 209773 mar 2000 nasa sti program office glenn research center cleveland ohio,43,0,0.0184,0.014180852848257826
row-0002711,citation::friedman robert brian jackson and sandra olson testing and selection of fire resistant materials for spacecraft use nasa technical memorandum 2000 209773 mar 2000 nasa sti program office glenn research center cleveland ohio,43,0,0.0217,0.017856075104767184
row-0002712,citation::friedman robert brian jackson and sandra olson testing and selection of fire resistant materials for spacecraft use nasa technical memorandum 2000 209773 mar 2000 nasa sti program office glenn research center cleveland ohio,43,0,0.0263,0.022069851948578804
row-0002713,citation::friedman robert brian jackson and sandra olson testing and selection of fire resistant materials for spacecraft use nasa technical memorandum 2000 209773 mar 2000 nasa sti program office glenn research center cleveland ohio,43,0,0.0267,0.022069851948578804
row-0002714,citation::friedman robert brian jackson and sandra olson testing and selection of fire resistant materials for spacecraft use nasa technical memorandum 2000 209773 mar 2000 nasa sti program office glenn research center cleveland ohio,43,0,0.0285,0.022069851948578804
row-0002716,citation::friedman robert brian jackson and sandra olson testing and selection of fire resistant materials for spacecraft use nasa technical memorandum 2000 209773 mar 2000 nasa sti program office glenn research center cleveland ohio,43,0,0.0286,0.022069851948578804
row-0002717,citation::friedman robert brian jackson and sandra olson testing and selection of fire resistant materials for spacecraft use nasa technical memorandum 2000 209773 mar 2000 nasa sti program office glenn research center cleveland ohio,43,0,0.0272,0.022069851948578804
row-0002718,citation::friedman robert brian jackson and sandra olson testing and selection of fire resistant materials for spacecraft use nasa technical memorandum 2000 209773 mar 2000 nasa sti program office glenn research center cleveland ohio,43,0,0.0378,0.03149526886902281
row-0002719,citation::friedman robert brian jackson and sandra olson testing and selection of fire resistant materials for spacecraft use nasa technical memorandum 2000 209773 mar 2000 nasa sti program office glenn research center cleveland ohio,43,0,0.0389,0.03149526886902281
row-0002720,citation::friedman robert brian jackson and sandra olson testing and selection of fire resistant materials for spacecraft use nasa technical memorandum 2000 209773 mar 2000 nasa sti program office glenn research center cleveland ohio,43,0,0.0494,0.04165008513133727
row-0002721,citation::friedman robert brian jackson and sandra olson testing and selection of fire resistant materials for spacecraft use nasa technical memorandum 2000 209773 mar 2000 nasa sti program office glenn research center cleveland ohio,43,0,0.0455,0.04165008513133727
row-0002722,citation::friedman robert brian jackson and sandra olson testing and selection of fire resistant materials for spacecraft use nasa technical memorandum 2000 209773 mar 2000 nasa sti program office glenn research center cleveland ohio,43,0,0.0611,0.048746452954511646
row-0002723,citation::friedman robert brian jackson and sandra olson testing and selection of fire resistant materials for spacecraft use nasa technical memorandum 2000 209773 mar 2000 nasa sti program office glenn research center cleveland ohio,43,0,0.0613,0.048746452954511646
row-0002724,citation::friedman robert brian jackson and sandra olson testing and selection of fire resistant materials for spacecraft use nasa technical memorandum 2000 209773 mar 2000 nasa sti program office glenn research center cleveland ohio,43,0,0.0709,0.05172421015813116
row-0002725,citation::friedman robert brian jackson and sandra olson testing and selection of fire resistant materials for spacecraft use nasa technical memorandum 2000 209773 mar 2000 nasa sti program office glenn research center cleveland ohio,43,0,0.0674,0.05172421015813116
row-0002726,citation::friedman robert brian jackson and sandra olson testing and selection of fire resistant materials for spacecraft use nasa technical memorandum 2000 209773 mar 2000 nasa sti program office glenn research center cleveland ohio,43,0,0.005,0.005289621202233442
row-0002727,citation::friedman robert brian jackson and sandra olson testing and selection of fire resistant materials for spacecraft use nasa technical memorandum 2000 209773 mar 2000 nasa sti program office glenn research center cleveland ohio,43,0,0.0061,0.005320103870794299
row-0002728,citation::friedman robert brian jackson and sandra olson testing and selection of fire resistant materials for spacecraft use nasa technical memorandum 2000 209773 mar 2000 nasa sti program office glenn research center cleveland ohio,43,0,0.0075,0.007881050741032793
row-0002729,citation::friedman robert brian jackson and sandra olson testing and selection of fire resistant materials for spacecraft use nasa technical memorandum 2000 209773 mar 2000 nasa sti program office glenn research center cleveland ohio,43,0,0.0112,0.00901780398131894
row-0002730,citation::friedman robert brian jackson and sandra olson testing and selection of fire resistant materials for spacecraft use nasa technical memorandum 2000 209773 mar 2000 nasa sti program office glenn research center cleveland ohio,43,0,0.0155,0.009754731155379533
row-0002731,citation::friedman robert brian jackson and sandra olson testing and selection of fire resistant materials for spacecraft use nasa technical memorandum 2000 209773 mar 2000 nasa sti program office glenn research center cleveland ohio,43,0,0.0139,0.009754731155379533
row-0002732,citation::friedman robert brian jackson and sandra olson testing and selection of fire resistant materials for spacecraft use nasa technical memorandum 2000 209773 mar 2000 nasa sti program office glenn research center cleveland ohio,43,0,0.0154,0.009754731155379533
row-0002733,citation::friedman robert brian jackson and sandra olson testing and selection of fire resistant materials for spacecraft use nasa technical memorandum 2000 209773 mar 2000 nasa sti program office glenn research center cleveland ohio,43,0,0.0138,0.009754731155379533
row-0002734,citation::friedman robert brian jackson and sandra olson testing and selection of fire resistant materials for spacecraft use nasa technical memorandum 2000 209773 mar 2000 nasa sti program office glenn research center cleveland ohio,43,0,0.0192,0.014276471883275717
row-0002735,citation::friedman robert brian jackson and sandra olson testing and selection of fire resistant materials for spacecraft use nasa technical memorandum 2000 209773 mar 2000 nasa sti program office glenn research center cleveland ohio,43,0,0.0297,0.022209594839251258
row-0002736,citation::friedman robert brian jackson and sandra olson testing and selection of fire resistant materials for spacecraft use nasa technical memorandum 2000 209773 mar 2000 nasa sti program office glenn research center cleveland ohio,43,0,0.0357,0.03153723486685298
row-0002737,citation::friedman robert brian jackson and sandra olson testing and selection of fire resistant materials for spacecraft use nasa technical memorandum 2000 209773 mar 2000 nasa sti program office glenn research center cleveland ohio,43,0,0.0428,0.04173233504043341
row-0002738,citation::friedman robert brian jackson and sandra olson testing and selection of fire resistant materials for spacecraft use nasa technical memorandum 2000 209773 mar 2000 nasa sti program office glenn research center cleveland ohio,43,0,0.0518,0.04884772259668646
row-0002739,citation::friedman robert brian jackson and sandra olson testing and selection of fire resistant materials for spacecraft use nasa technical memorandum 2000 209773 mar 2000 nasa sti program office glenn research center cleveland ohio,43,0,0.0575,0.04884772259668646
row-0002740,citation::friedman robert brian jackson and sandra olson testing and selection of fire resistant materials for spacecraft use nasa technical memorandum 2000 209773 mar 2000 nasa sti program office glenn research center cleveland ohio,43,0,0.0751,0.051825479800305975
row-0002741,citation::friedman robert brian jackson and sandra olson testing and selection of fire resistant materials for spacecraft use nasa technical memorandum 2000 209773 mar 2000 nasa sti program office glenn research center cleveland ohio,43,0,0.0025,0.007958587949175071
row-0002742,citation::friedman robert brian jackson and sandra olson testing and selection of fire resistant materials for spacecraft use nasa technical memorandum 2000 209773 mar 2000 nasa sti program office glenn research center cleveland ohio,43,0,0.004,0.007975262744850659
row-0002743,citation::friedman robert brian jackson and sandra olson testing and selection of fire resistant materials for spacecraft use nasa technical memorandum 2000 209773 mar 2000 nasa sti program office glenn research center cleveland ohio,43,0,0.0036,0.00811229331806974
row-0002744,citation::friedman robert brian jackson and sandra olson testing and selection of fire resistant materials for spacecraft use nasa technical memorandum 2000 209773 mar 2000 nasa sti program office glenn research center cleveland ohio,43,0,0.0047,0.01099392088691811
row-0002745,citation::friedman robert brian jackson and sandra olson testing and selection of fire resistant materials for spacecraft use nasa technical memorandum 2000 209773 mar 2000 nasa sti program office glenn research center cleveland ohio,43,0,0.0063,0.01099392088691811
row-0002746,citation::friedman robert brian jackson and sandra olson testing and selection of fire resistant materials for spacecraft use nasa technical memorandum 2000 209773 mar 2000 nasa sti program office glenn research center cleveland ohio,43,0,0.0054,0.01099392088691811
row-0002747,citation::friedman robert brian jackson and sandra olson testing and selection of fire resistant materials for spacecraft use nasa technical memorandum 2000 209773 mar 2000 nasa sti program office glenn research center cleveland ohio,43,0,0.0142,0.018947628096395552
row-0002748,citation::friedman robert brian jackson and sandra olson testing and selection of fire resistant materials for spacecraft use nasa technical memorandum 2000 209773 mar 2000 nasa sti program office glenn research center cleveland ohio,43,0,0.0129,0.018947628096395552
row-0002749,citation::friedman robert brian jackson and sandra olson testing and selection of fire resistant materials for spacecraft use nasa technical memorandum 2000 209773 mar 2000 nasa sti program office glenn research center cleveland ohio,43,0,0.0155,0.018947628096395552
row-0002750,citation::friedman robert brian jackson and sandra olson testing and selection of fire resistant materials for spacecraft use nasa technical memorandum 2000 209773 mar 2000 nasa sti program office glenn research center cleveland ohio,43,0,0.02,0.028202073587263725
row-0002751,citation::friedman robert brian jackson and sandra olson testing and selection of fire resistant materials for spacecraft use nasa technical memorandum 2000 209773 mar 2000 nasa sti program office glenn research center cleveland ohio,43,0,0.0219,0.028202073587263725
row-0002752,citation::friedman robert brian jackson and sandra olson testing and selection of fire resistant materials for spacecraft use nasa technical memorandum 2000 209773 mar 2000 nasa sti program office glenn research center cleveland ohio,43,0,0.0226,0.033129478686222125
row-0002753,citation::friedman robert brian jackson and sandra olson testing and selection of fire resistant materials for spacecraft use nasa technical memorandum 2000 209773 mar 2000 nasa sti program office glenn research center cleveland ohio,43,0,0.0342,0.033129478686222125
row-0002754,citation::friedman robert brian jackson and sandra olson testing and selection of fire resistant materials for spacecraft use nasa technical memorandum 2000 209773 mar 2000 nasa sti program office glenn research center cleveland ohio,43,0,0.0344,0.03867306792540343
row-0002755,citation::friedman robert brian jackson and sandra olson testing and selection of fire resistant materials for spacecraft use nasa technical memorandum 2000 209773 mar 2000 nasa sti program office glenn research center cleveland ohio,43,0,0.0355,0.03867306792540343
row-0002756,citation::friedman robert brian jackson and sandra olson testing and selection of fire resistant materials for spacecraft use nasa technical memorandum 2000 209773 mar 2000 nasa sti program office glenn research center cleveland ohio,43,0,0.0459,0.04127756892069539
row-0002757,citation::friedman robert brian jackson and sandra olson testing and selection of fire resistant materials for spacecraft use nasa technical memorandum 2000 209773 mar 2000 nasa sti program office glenn research center cleveland ohio,43,0,0.0272,0.04127756892069539
row-0002758,citation::friedman robert brian jackson and sandra olson testing and selection of fire resistant materials for spacecraft use nasa technical memorandum 2000 209773 mar 2000 nasa sti program office glenn research center cleveland ohio,43,0,0.0028,0.005373553383079467
row-0002759,citation::friedman robert brian jackson and sandra olson testing and selection of fire resistant materials for spacecraft use nasa technical memorandum 2000 209773 mar 2000 nasa sti program office glenn research center cleveland ohio,43,0,0.0033,0.005373553383079467
row-0002760,citation::friedman robert brian jackson and sandra olson testing and selection of fire resistant materials for spacecraft use nasa technical memorandum 2000 209773 mar 2000 nasa sti program office glenn research center cleveland ohio,43,0,0.0032,0.005320103870794299
row-0002762,citation::friedman robert brian jackson and sandra olson testing and selection of fire resistant materials for spacecraft use nasa technical memorandum 2000 209773 mar 2000 nasa sti program office glenn research center cleveland ohio,43,0,0.0059,0.00901780398131894
row-0002763,citation::friedman robert brian jackson and sandra olson testing and selection of fire resistant materials for spacecraft use nasa technical memorandum 2000 209773 mar 2000 nasa sti program office glenn research center cleveland ohio,43,0,0.0067,0.00901780398131894
row-0002764,citation::friedman robert brian jackson and sandra olson testing and selection of fire resistant materials for spacecraft use nasa technical memorandum 2000 209773 mar 2000 nasa sti program office glenn research center cleveland ohio,43,0,0.0068,0.00901780398131894
row-0002766,citation::friedman robert brian jackson and sandra olson testing and selection of fire resistant materials for spacecraft use nasa technical memorandum 2000 209773 mar 2000 nasa sti program office glenn research center cleveland ohio,43,0,0.0085,0.009754731155379533
row-0002767,citation::friedman robert brian jackson and sandra olson testing and selection of fire resistant materials for spacecraft use nasa technical memorandum 2000 209773 mar 2000 nasa sti program office glenn research center cleveland ohio,43,0,0.0094,0.009754731155379533
row-0002768,citation::friedman robert brian jackson and sandra olson testing and selection of fire resistant materials for spacecraft use nasa technical memorandum 2000 209773 mar 2000 nasa sti program office glenn research center cleveland ohio,43,0,0.0091,0.009754731155379533
row-0002769,citation::friedman robert brian jackson and sandra olson testing and selection of fire resistant materials for spacecraft use nasa technical memorandum 2000 209773 mar 2000 nasa sti program office glenn research center cleveland ohio,43,0,0.0121,0.014276471883275717
row-0002770,citation::friedman robert brian jackson and sandra olson testing and selection of fire resistant materials for spacecraft use nasa technical memorandum 2000 209773 mar 2000 nasa sti program office glenn research center cleveland ohio,43,0,0.018,0.022209594839251258
row-0002771,citation::friedman robert brian jackson and sandra olson testing and selection of fire resistant materials for spacecraft use nasa technical memorandum 2000 209773 mar 2000 nasa sti program office glenn research center cleveland ohio,43,0,0.0172,0.022209594839251258
row-0002772,citation::friedman robert brian jackson and sandra olson testing and selection of fire resistant materials for spacecraft use nasa technical memorandum 2000 209773 mar 2000 nasa sti program office glenn research center cleveland ohio,43,0,0.0228,0.03153723486685298
row-0002773,citation::friedman robert brian jackson and sandra olson testing and selection of fire resistant materials for spacecraft use nasa technical memorandum 2000 209773 mar 2000 nasa sti program office glenn research center cleveland ohio,43,0,0.029,0.04173233504043341
row-0002774,citation::friedman robert brian jackson and sandra olson testing and selection of fire resistant materials for spacecraft use nasa technical memorandum 2000 209773 mar 2000 nasa sti program office glenn research center cleveland ohio,43,0,0.0334,0.04884772259668646
row-0002775,citation::friedman robert brian jackson and sandra olson testing and selection of fire resistant materials for spacecraft use nasa technical memorandum 2000 209773 mar 2000 nasa sti program office glenn research center cleveland ohio,43,0,0.0386,0.051825479800305975
row-0002778,citation::friedman robert brian jackson and sandra olson testing and selection of fire resistant materials for spacecraft use nasa technical memorandum 2000 209773 mar 2000 nasa sti program office glenn research center cleveland ohio,43,0,0.0384,0.03149526886902281
row-0002780,citation::friedman robert brian jackson and sandra olson testing and selection of fire resistant materials for spacecraft use nasa technical memorandum 2000 209773 mar 2000 nasa sti program office glenn research center cleveland ohio,43,0,0.021,0.03149526886902281
row-0002846,doi::10.1016/s0082-0784(89)80132-8,43,0,0.0054,0.006291672406359208
row-0002847,doi::10.1016/s0082-0784(89)80132-8,43,0,0.0087,0.010343202195740728
row-0002848,doi::10.1016/s0082-0784(89)80132-8,43,0,0.0035,0.005527763741269155
row-0002849,doi::10.1016/s0082-0784(89)80132-8,43,0,0.004,0.0073015522576925646
row-0002850,doi::10.1016/s0082-0784(89)80132-8,43,0,0.0064,0.00891992366430439
row-0002851,doi::10.1016/s0082-0784(89)80132-8,43,0,0.0021,0.00489813400627689
row-0002852,doi::10.1016/s0082-0784(89)80132-8,43,0,0.0027,0.005508664545567157
row-0002853,doi::10.1016/s0082-0784(89)80132-8,43,0,0.0036,0.007017821904017956
row-0002854,doi::10.1016/s0082-0784(89)80132-8,43,0,0.0019,0.0069464191945364925
row-0003431,citation::s nchez tarifa c and g l pez juste a study of the combustion problems of solid materials at conditions existing in space stations esa sp 433 1999,43,0,0.001,0.000942621345449418
row-0003432,citation::s nchez tarifa c and g l pez juste a study of the combustion problems of solid materials at conditions existing in space stations esa sp 433 1999,43,0,0.0006,0.0008978475777729075
row-0003433,citation::s nchez tarifa c and g l pez juste a study of the combustion problems of solid materials at conditions existing in space stations esa sp 433 1999,43,0,0.0002,0.0008978475777729075
row-0003434,citation::s nchez tarifa c and g l pez juste a study of the combustion problems of solid materials at conditions existing in space stations esa sp 433 1999,43,0,0.00018,0.0008994908464734952
row-0003435,citation::s nchez tarifa c and g l pez juste a study of the combustion problems of solid materials at conditions existing in space stations esa sp 433 1999,43,0,0.00109,0.0007082305796685088
row-0003436,citation::s nchez tarifa c and g l pez juste a study of the combustion problems of solid materials at conditions existing in space stations esa sp 433 1999,43,0,0.0007,0.0006674080605109528
row-0003437,citation::s nchez tarifa c and g l pez juste a study of the combustion problems of solid materials at conditions existing in space stations esa sp 433 1999,43,0,0.0011,0.0007074852656997982
row-0003438,citation::s nchez tarifa c and g l pez juste a study of the combustion problems of solid materials at conditions existing in space stations esa sp 433 1999,43,0,0.00085,0.0006724639374787565
row-0003439,citation::s nchez tarifa c and g l pez juste a study of the combustion problems of solid materials at conditions existing in space stations esa sp 433 1999,43,0,0.0002,0.0008230229159989763
row-0003440,citation::s nchez tarifa c and g l pez juste a study of the combustion problems of solid materials at conditions existing in space stations esa sp 433 1999,43,0,0.0006,0.0008151081472983887
row-0003441,citation::s nchez tarifa c and g l pez juste a study of the combustion problems of solid materials at conditions existing in space stations esa sp 433 1999,43,0,0.00105,0.0008647340878241259
row-0003442,citation::s nchez tarifa c and m rodr guez combustion and flammability characteristics of solids at microgravity in very small velocity flows second european symposium on utilisation of the international space station nov 1998,43,0,0.0001,0.00020667303934191394
row-0003443,citation::s nchez tarifa c and m rodr guez combustion and flammability characteristics of solids at microgravity in very small velocity flows second european symposium on utilisation of the international space station nov 1998,43,0,0.0002,0.00022250325053556962
row-0003444,citation::s nchez tarifa c and m rodr guez combustion and flammability characteristics of solids at microgravity in very small velocity flows second european symposium on utilisation of the international space station nov 1998,43,0,0.00115,0.0008647340878241259
row-0003445,citation::s nchez tarifa c and m rodr guez combustion and flammability characteristics of solids at microgravity in very small velocity flows second european symposium on utilisation of the international space station nov 1998,43,0,0.0006,0.0008151081472983887
row-0003446,citation::s nchez tarifa c and m rodr guez combustion and flammability characteristics of solids at microgravity in very small velocity flows second european symposium on utilisation of the international space station nov 1998,43,0,0.0011,0.0008331648218478481
row-0003447,citation::s nchez tarifa c and m rodr guez combustion and flammability characteristics of solids at microgravity in very small velocity flows second european symposium on utilisation of the international space station nov 1998,43,0,0.0016,0.007626226516567783
row-0003448,citation::s nchez tarifa c and m rodr guez combustion and flammability characteristics of solids at microgravity in very small velocity flows second european symposium on utilisation of the international space station nov 1998,43,0,0.0028,0.010722854705552174
row-0003449,citation::s nchez tarifa c and m rodr guez combustion and flammability characteristics of solids at microgravity in very small velocity flows second european symposium on utilisation of the international space station nov 1998,43,0,0.0016,0.008823237511762418
row-0003450,citation::s nchez tarifa c and m rodr guez combustion and flammability characteristics of solids at microgravity in very small velocity flows second european symposium on utilisation of the international space station nov 1998,43,0,0.0017,0.008917183701294563
row-0003451,citation::s nchez tarifa c and m rodr guez combustion and flammability characteristics of solids at microgravity in very small velocity flows second european symposium on utilisation of the international space station nov 1998,43,0,0.0019,0.011800951478515068
row-0003452,citation::s nchez tarifa c and m rodr guez combustion and flammability characteristics of solids at microgravity in very small velocity flows second european symposium on utilisation of the international space station nov 1998,43,0,0.0018,0.01193143204354699
row-0003453,citation::s nchez tarifa c and m rodr guez combustion and flammability characteristics of solids at microgravity in very small velocity flows second european symposium on utilisation of the international space station nov 1998,43,0,0.0056,0.014799986248990218
row-0003454,citation::s nchez tarifa c and m rodr guez combustion and flammability characteristics of solids at microgravity in very small velocity flows second european symposium on utilisation of the international space station nov 1998,43,0,0.0029,0.012538053446144911
row-0003455,doi::10.1007/s12217-024-10106-y,43,0,4e-05,0.00029050917363502985
row-0003456,doi::10.1007/s12217-024-10106-y,43,0,4e-05,0.0002953036536544997
row-0003457,doi::10.1007/s12217-024-10106-y,43,0,5e-05,0.0002953036536544997
row-0003458,doi::10.1007/s12217-024-10106-y,43,0,4e-05,0.00029404507417024676
row-0003460,doi::10.1007/s12217-024-10106-y,43,0,3e-05,0.00029656506305855154
row-0003461,doi::10.1007/s12217-024-10106-y,43,0,4e-05,0.00029656506305855154
row-0003462,doi::10.1007/s12217-024-10106-y,43,0,3e-05,0.0002955112578395346
row-0003464,doi::10.1007/s12217-024-10106-y,43,0,0.00103,0.0013456349832472317
row-0003465,doi::10.1007/s12217-024-10106-y,43,0,0.00114,0.0013456349832472317
row-0003466,doi::10.1007/s12217-024-10106-y,43,0,0.00125,0.0013367870508129097
row-0003467,doi::10.1007/s12217-024-10106-y,43,0,0.00111,0.0013367870508129097
row-0003468,doi::10.1007/s12217-024-10106-y,43,0,0.00108,0.0013370690172464761
row-0003469,doi::10.1007/s12217-024-10106-y,43,0,0.00113,0.0013370690172464761
row-0003470,doi::10.1007/s12217-024-10106-y,43,0,0.00118,0.0013367870508129097
row-0003471,doi::10.1007/s12217-024-10106-y,43,0,0.00124,0.0013367870508129097
row-0003472,doi::10.1007/s12217-024-10106-y,43,0,0.00125,0.0013456349832472317
row-0003473,doi::10.1007/s12217-024-10106-y,43,0,0.00126,0.0013456349832472317
row-0004343,doi::10.1016/s1540-7489(02)80314-5,43,0,0.03828,0.03535123828866382
row-0004344,doi::10.1016/s1540-7489(02)80314-5,43,0,0.03123,0.03320147681441896
row-0004345,doi::10.1016/s1540-7489(02)80314-5,43,0,0.03325,0.03302960700000736
row-0004346,doi::10.1016/s1540-7489(02)80314-5,43,0,0.0339,0.032536393534486736
row-0004347,doi::10.1016/s1540-7489(02)80314-5,43,0,0.03878,0.03246523642969062
row-0004348,doi::10.1016/s1540-7489(02)80314-5,43,0,0.04266,0.032534693534486736
row-0004349,doi::10.1016/s1540-7489(02)80314-5,43,0,0.04468,0.03262790052579213
row-0004350,doi::10.1016/s1540-7489(02)80314-5,43,0,0.04284,0.03291616182479301
row-0004351,doi::10.1016/s1540-7489(02)80314-5,43,0,0.04937,0.03392966562714613
row-0004352,doi::10.1016/s1540-7489(02)80314-5,43,0,0.02333,0.028577793180415523
row-0004353,doi::10.1016/s1540-7489(02)80314-5,43,0,0.01529,0.026003419353415304
row-0004354,doi::10.1016/s1540-7489(02)80314-5,43,0,0.0127,0.025832978715029438
row-0004355,doi::10.1016/s1540-7489(02)80314-5,43,0,0.01496,0.024760632050311118
row-0004356,doi::10.1016/s1540-7489(02)80314-5,43,0,0.01623,0.024634930481202518
row-0004357,doi::10.1016/s1540-7489(02)80314-5,43,0,0.01937,0.024751366716977783
row-0004358,doi::10.1016/s1540-7489(02)80314-5,43,0,0.02189,0.024934229866880174
row-0004359,doi::10.1016/s1540-7489(02)80314-5,43,0,0.0244,0.02511663540904062
row-0004360,doi::10.1016/s1540-7489(02)80314-5,43,0,0.02371,0.025975693404337325
row-0004366,doi::10.1016/s1540-7489(02)80314-5,43,0,0.00567,0.02232063775222973
row-0004367,doi::10.1016/s1540-7489(02)80314-5,43,0,0.00841,0.02232063775222973
row-0004368,doi::10.1016/s1540-7489(02)80314-5,43,0,0.00919,0.022562753799597508
row-0004369,doi::10.1016/s1540-7489(02)80314-5,43,0,0.01056,0.022562753799597508
row-0004370,doi::10.1016/s1540-7489(02)80314-5,43,0,0.00996,0.022716847273296616
row-0004371,doi::10.1016/s1540-7489(02)80314-5,43,0,0.01096,0.022756626835839337
row-0004372,doi::10.1016/s1540-7489(02)80314-5,43,0,0.00898,0.02283760311364793
row-0004373,doi::10.1016/s1540-7489(02)80314-5,43,0,0.01188,0.02320887703402408
row-0004374,doi::10.1016/s1540-7489(02)80314-5,43,0,0.01437,0.02320887703402408
row-0004375,doi::10.1016/s1540-7489(02)80314-5,43,0,0.00955,0.01820087629623086
row-0004376,doi::10.1016/s1540-7489(02)80314-5,43,0,0.00874,0.01800685082617314
row-0004377,doi::10.1016/s1540-7489(02)80314-5,43,0,0.0075,0.017387507828143786
row-0004378,doi::10.1016/s1540-7489(02)80314-5,43,0,0.00947,0.017353027667637855
row-0004379,doi::10.1016/s1540-7489(02)80314-5,43,0,0.01029,0.017409131602835824
row-0004380,doi::10.1016/s1540-7489(02)80314-5,43,0,0.01168,0.01752841520314604
row-0004381,doi::10.1016/s1540-7489(02)80314-5,43,0,0.01145,0.017851068009374645
row-0004382,doi::10.1016/s1540-7489(02)80314-5,43,0,0.01276,0.01865724221125999
row-0004383,doi::10.1016/s1540-7489(02)80314-5,43,0,0.00554,0.012651590282614601
row-0004384,doi::10.1016/s1540-7489(02)80314-5,43,0,0.00459,0.012457850707386713
row-0004385,doi::10.1016/s1540-7489(02)80314-5,43,0,0.00349,0.011427824843317603
row-0004386,doi::10.1016/s1540-7489(02)80314-5,43,0,0.00462,0.011374490639123106
row-0004387,doi::10.1016/s1540-7489(02)80314-5,43,0,0.00553,0.011408407937848803
row-0004388,doi::10.1016/s1540-7489(02)80314-5,43,0,0.00639,0.01150223903729623
row-0004389,doi::10.1016/s1540-7489(02)80314-5,43,0,0.00676,0.011627981715415034
row-0004390,doi::10.1016/s1540-7489(02)80314-5,43,0,0.00621,0.011870379097894134
row-0004391,doi::10.1016/s1540-7489(02)80314-5,43,0,0.00465,0.010901055619903028
row-0004396,doi::10.1016/s1540-7489(02)80314-5,43,0,0.00234,0.00929836116871838
row-0004397,doi::10.1016/s1540-7489(02)80314-5,43,0,0.0023,0.009434064821223996
row-0004398,doi::10.1016/s1540-7489(02)80314-5,43,0,0.00223,0.009451671442061882
row-0004399,doi::10.1016/s1540-7489(02)80314-5,43,0,0.00321,0.009494714696502371
row-0004400,doi::10.1016/s1540-7489(02)80314-5,43,0,0.00327,0.009501202830473662
row-0004401,doi::10.1016/s1540-7489(02)80314-5,43,0,0.00339,0.009415726182335488
row-0004402,doi::10.1016/s1540-7489(02)80314-5,43,0,0.00406,0.009526405928863469
row-0004403,doi::10.1016/s1540-7489(02)80314-5,43,0,0.00426,0.009415726182335488
row-0004404,doi::10.1016/s1540-7489(02)80314-5,43,0,0.00376,0.00453181655060096
row-0004405,doi::10.1016/s1540-7489(02)80314-5,43,0,0.00347,0.0042226320708061305
row-0004406,doi::10.1016/s1540-7489(02)80314-5,43,0,0.00317,0.003919437095476164
row-0004407,doi::10.1016/s1540-7489(02)80314-5,43,0,0.00178,0.004817684947410919
row-0004409,doi::10.1016/s1540-7489(02)80314-5,43,0,0.00359,0.0039688749639309575
row-0004410,doi::10.1016/s1540-7489(02)80314-5,43,0,0.00426,0.004360274644034899
row-0004411,doi::10.1016/s1540-7489(02)80314-5,43,0,0.00424,0.004962188799722363
row-0004412,doi::10.1016/s1540-7489(02)80314-5,43,0,0.0051,0.006222524796106414
row-0004413,doi::10.1016/s1540-7489(02)80314-5,43,0,0.00213,0.0023874876656283578
row-0004414,doi::10.1016/s1540-7489(02)80314-5,43,0,0.00189,0.002331958464905808
row-0004415,doi::10.1016/s1540-7489(02)80314-5,43,0,0.00217,0.002308987453773663
row-0004416,doi::10.1016/s1540-7489(02)80314-5,43,0,0.00123,0.002741249854234408
row-0004418,doi::10.1016/s1540-7489(02)80314-5,43,0,0.00318,0.002323847190787079
row-0004419,doi::10.1016/s1540-7489(02)80314-5,43,0,0.00295,0.002404840768507759
row-0004420,doi::10.1016/s1540-7489(02)80314-5,43,0,0.00262,0.0024877557573154893
row-0004421,doi::10.1016/s1540-7489(02)80314-5,43,0,0.00289,0.002571630681952217
row-0004423,doi::10.1016/s1540-7489(02)80314-5,43,0,0.0012,0.001272216408623073
row-0004434,citation::urban david l interactions between flames on parallel solid surfaces nasa 0 combustion workshop n96 15588 1997,43,0,0.00896,0.024714122457613712
row-0004435,citation::urban david l interactions between flames on parallel solid surfaces nasa 0 combustion workshop n96 15588 1997,43,0,0.00802,0.024744849421176465
row-0004436,citation::urban david l interactions between flames on parallel solid surfaces nasa 0 combustion workshop n96 15588 1997,43,0,0.00703,0.024915873915782333
row-0004437,citation::urban david l interactions between flames on parallel solid surfaces nasa 0 combustion workshop n96 15588 1997,43,0,0.01095,0.023715841960986226
row-0004438,citation::urban david l interactions between flames on parallel solid surfaces nasa 0 combustion workshop n96 15588 1997,43,0,0.01259,0.01663257046726601
row-0004439,citation::urban david l interactions between flames on parallel solid surfaces nasa 0 combustion workshop n96 15588 1997,43,0,0.01304,0.01570365688458776
row-0004440,citation::urban david l interactions between flames on parallel solid surfaces nasa 0 combustion workshop n96 15588 1997,43,0,0.01714,0.011276584672767808
row-0004441,citation::urban david l interactions between flames on parallel solid surfaces nasa 0 combustion workshop n96 15588 1997,43,0,0.01497,0.011213094814277425
row-0004442,citation::urban david l interactions between flames on parallel solid surfaces nasa 0 combustion workshop n96 15588 1997,43,0,0.01619,0.010325581644429484
row-0004443,citation::urban david l interactions between flames on parallel solid surfaces nasa 0 combustion workshop n96 15588 1997,43,0,0.01466,0.010325581644429484
row-0004938,doi::10.1016/j.proci.2016.06.028,43,0,0.00275,0.0014548220942500142
row-0004939,doi::10.1016/j.proci.2016.06.028,43,0,0.00175,0.0012617664400696165
row-0004940,doi::10.1016/j.proci.2016.06.028,43,0,0.0008,0.0011912434445105686
row-0004941,doi::10.1016/j.proci.2016.06.028,43,0,0.0007,0.0011912434445105686
row-0004942,doi::10.1016/j.proci.2016.06.028,43,0,0.0008,0.0012514283382863026
row-0004943,doi::10.1016/j.proci.2016.06.028,43,0,0.001,0.0012120255424418276
row-0004944,doi::10.1016/j.proci.2016.06.028,43,0,0.0009,0.0012089764855632344
row-0004945,doi::10.1016/j.proci.2016.06.028,43,0,0.002,0.0014648775866709315
row-0004946,doi::10.1016/j.proci.2016.06.028,43,0,0.00275,0.0017418954332761322
row-0004947,doi::10.1016/j.proci.2016.06.028,43,0,0.0015,0.0014643545956789955
row-0000171,doi::10.1016/j.firesaf.2015.11.011,43,1,0.0043,0.00839735708488961
row-0000172,doi::10.1016/j.firesaf.2015.11.011,43,1,0.00415,0.008787207995669583
row-0000173,doi::10.1016/j.firesaf.2015.11.011,43,1,0.00405,0.008787599144186984
row-0000174,doi::10.1016/j.firesaf.2015.11.011,43,1,0.00405,0.008809590410562475
row-0000175,doi::10.1016/j.firesaf.2015.11.011,43,1,0.0038,0.008774028456533998
row-0000176,doi::10.1016/j.firesaf.2015.11.011,43,1,0.0038,0.008767226349864503
row-0000177,doi::10.1016/j.firesaf.2015.11.011,43,1,0.0036,0.008894897298086301
row-0000185,doi::10.1016/j.firesaf.2015.11.011,43,1,0.00223,0.0023377896763881714
row-0000186,doi::10.1016/j.firesaf.2015.11.011,43,1,0.0011,0.0014489972816323076
row-0000187,doi::10.1016/j.firesaf.2015.11.011,43,1,0.00069,0.0013844395878690721
row-0000188,doi::10.1016/j.firesaf.2015.11.011,43,1,0.00045,0.0013331282636246812
row-0000189,doi::10.1016/j.firesaf.2015.11.011,43,1,0.0096,0.012083373798486367
row-0000190,doi::10.1016/j.firesaf.2015.11.011,43,1,0.0068,0.01004119000508658
row-0000191,doi::10.1016/j.firesaf.2015.11.011,43,1,0.0066,0.008645821206375082
row-0000192,doi::10.1016/j.firesaf.2015.11.011,43,1,0.0048,0.008645821206375082
row-0000193,doi::10.1016/j.firesaf.2015.11.011,43,1,0.004,0.006259041928013872
row-0000194,doi::10.1016/j.firesaf.2015.11.011,43,1,0.0021,0.0023377896763881714
row-0000340,citation::ferkul paul v an experimental study of opposed flow diffusion flame extinction over a thin fuel in 0 nasa cr 182185 1989,43,1,0.0087,0.007491146771265224
row-0000341,citation::ferkul paul v an experimental study of opposed flow diffusion flame extinction over a thin fuel in 0 nasa cr 182185 1989,43,1,0.0064,0.006489735995066169
row-0000342,citation::ferkul paul v an experimental study of opposed flow diffusion flame extinction over a thin fuel in 0 nasa cr 182185 1989,43,1,0.004,0.0060334188386987385
row-0000343,citation::ferkul paul v an experimental study of opposed flow diffusion flame extinction over a thin fuel in 0 nasa cr 182185 1989,43,1,0.0035,0.006451756922707546
row-0000344,citation::ferkul paul v an experimental study of opposed flow diffusion flame extinction over a thin fuel in 0 nasa cr 182185 1989,43,1,0.0036,0.006276297154402949
row-0000345,citation::ferkul paul v an experimental study of opposed flow diffusion flame extinction over a thin fuel in 0 nasa cr 182185 1989,43,1,0.0027,0.006165903427306859
row-0000346,citation::ferkul paul v an experimental study of opposed flow diffusion flame extinction over a thin fuel in 0 nasa cr 182185 1989,43,1,0.0021,0.006599280784836674
row-0000348,citation::ferkul paul v an experimental study of opposed flow diffusion flame extinction over a thin fuel in 0 nasa cr 182185 1989,43,1,0.0019,0.0061770314464844375
row-0000422,citation::grayson g d k r sacksteder p v ferkul and j s t ien flame spreading over a thin solid in low speed concurrent flow drop tower experimental results and comparison with theory 0 science and technology vii 2 1994,43,1,0.0026,0.008115634243724686
row-0000427,citation::grayson g d k r sacksteder p v ferkul and j s t ien flame spreading over a thin solid in low speed concurrent flow drop tower experimental results and comparison with theory 0 science and technology vii 2 1994,43,1,0.0026,0.00846690378783578
row-0000428,citation::grayson g d k r sacksteder p v ferkul and j s t ien flame spreading over a thin solid in low speed concurrent flow drop tower experimental results and comparison with theory 0 science and technology vii 2 1994,43,1,0.0029,0.007749278014429921
row-0000430,citation::grayson g d k r sacksteder p v ferkul and j s t ien flame spreading over a thin solid in low speed concurrent flow drop tower experimental results and comparison with theory 0 science and technology vii 2 1994,43,1,0.003,0.010450013996371311
row-0000431,citation::grayson g d k r sacksteder p v ferkul and j s t ien flame spreading over a thin solid in low speed concurrent flow drop tower experimental results and comparison with theory 0 science and technology vii 2 1994,43,1,0.003,0.010226948559141873
row-0000432,citation::grayson g d k r sacksteder p v ferkul and j s t ien flame spreading over a thin solid in low speed concurrent flow drop tower experimental results and comparison with theory 0 science and technology vii 2 1994,43,1,0.0043,0.009251391389981947
row-0000433,citation::grayson g d k r sacksteder p v ferkul and j s t ien flame spreading over a thin solid in low speed concurrent flow drop tower experimental results and comparison with theory 0 science and technology vii 2 1994,43,1,0.0053,0.009267016502763901
row-0000434,citation::grayson g d k r sacksteder p v ferkul and j s t ien flame spreading over a thin solid in low speed concurrent flow drop tower experimental results and comparison with theory 0 science and technology vii 2 1994,43,1,0.0056,0.009267601218081262
row-0000435,citation::grayson g d k r sacksteder p v ferkul and j s t ien flame spreading over a thin solid in low speed concurrent flow drop tower experimental results and comparison with theory 0 science and technology vii 2 1994,43,1,0.0047,0.010390491584710915
row-0000438,citation::grayson g d k r sacksteder p v ferkul and j s t ien flame spreading over a thin solid in low speed concurrent flow drop tower experimental results and comparison with theory 0 science and technology vii 2 1994,43,1,0.0047,0.02045146300438559
row-0000439,citation::grayson g d k r sacksteder p v ferkul and j s t ien flame spreading over a thin solid in low speed concurrent flow drop tower experimental results and comparison with theory 0 science and technology vii 2 1994,43,1,0.0041,0.02030959042429901
row-0000440,citation::grayson g d k r sacksteder p v ferkul and j s t ien flame spreading over a thin solid in low speed concurrent flow drop tower experimental results and comparison with theory 0 science and technology vii 2 1994,43,1,0.0057,0.0204099654624553
row-0000441,citation::grayson g d k r sacksteder p v ferkul and j s t ien flame spreading over a thin solid in low speed concurrent flow drop tower experimental results and comparison with theory 0 science and technology vii 2 1994,43,1,0.0055,0.019837721061614005
row-0000442,citation::grayson g d k r sacksteder p v ferkul and j s t ien flame spreading over a thin solid in low speed concurrent flow drop tower experimental results and comparison with theory 0 science and technology vii 2 1994,43,1,0.0071,0.019844371202130583
row-0000443,citation::grayson g d k r sacksteder p v ferkul and j s t ien flame spreading over a thin solid in low speed concurrent flow drop tower experimental results and comparison with theory 0 science and technology vii 2 1994,43,1,0.0074,0.0197814170724883
row-0000444,citation::grayson g d k r sacksteder p v ferkul and j s t ien flame spreading over a thin solid in low speed concurrent flow drop tower experimental results and comparison with theory 0 science and technology vii 2 1994,43,1,0.0075,0.021748549095684216
row-0000445,citation::grayson g d k r sacksteder p v ferkul and j s t ien flame spreading over a thin solid in low speed concurrent flow drop tower experimental results and comparison with theory 0 science and technology vii 2 1994,43,1,0.009,0.022076226388468838
row-0000446,citation::grayson g d k r sacksteder p v ferkul and j s t ien flame spreading over a thin solid in low speed concurrent flow drop tower experimental results and comparison with theory 0 science and technology vii 2 1994,43,1,0.0103,0.0233818206524535
row-0000553,doi::10.1016/j.proci.2018.06.022,43,1,0.00021,0.0018291357471981375
row-0000554,doi::10.1016/j.proci.2018.06.022,43,1,0.00024,0.0004982710856187271
row-0000555,doi::10.1016/j.proci.2018.06.022,43,1,0.00018,0.0004784037899542009
row-0000556,doi::10.1016/j.proci.2018.06.022,43,1,0.00015,0.000456558776196153
row-0000557,doi::10.1016/j.proci.2018.06.022,43,1,4e-05,0.0004578376465437034
row-0000558,doi::10.1016/j.proci.2018.06.022,43,1,3e-05,0.0004582223556366974
row-0000559,doi::10.1016/j.proci.2018.06.022,43,1,3e-05,0.0004582223556366974
row-0000561,doi::10.1016/j.proci.2018.06.022,43,1,0.00013,0.0014534703319238065
row-0000562,doi::10.1016/j.proci.2018.06.022,43,1,0.00014,0.0004060847232646829
row-0000563,doi::10.1016/j.proci.2018.06.022,43,1,0.00011,0.00038101283750322553
row-0000564,doi::10.1016/j.proci.2018.06.022,43,1,9e-05,0.00037601089086435616
row-0000565,doi::10.1016/j.proci.2018.06.022,43,1,8e-05,0.0003762534298808952
row-0000566,doi::10.1016/j.proci.2018.06.022,43,1,5e-05,0.00037938082205912614
row-0000567,doi::10.1016/j.proci.2018.06.022,43,1,3e-05,0.00037907338976340255
row-0000568,doi::10.1016/j.proci.2018.06.022,43,1,2e-05,0.0003859791955210241
row-0000569,doi::10.1016/j.proci.2018.06.022,43,1,2e-05,0.0003859791955210241
row-0000570,doi::10.1016/j.proci.2018.06.022,43,1,1e-05,0.0003859791955210241
row-0000571,doi::10.1016/j.proci.2018.06.022,43,1,0.0001,0.001359656639458466
row-0000572,doi::10.1016/j.proci.2018.06.022,43,1,0.00011,0.00011126677530162877
row-0000573,doi::10.1016/j.proci.2018.06.022,43,1,9e-05,0.00012246346054627544
row-0000574,doi::10.1016/j.proci.2018.06.022,43,1,7e-05,0.00012034472088542754
row-0000575,doi::10.1016/j.proci.2018.06.022,43,1,4e-05,0.00012071901457606101
row-0000576,doi::10.1016/j.proci.2018.06.022,43,1,3e-05,0.00013034157932577433
row-0000577,doi::10.1016/j.proci.2018.06.022,43,1,2e-05,0.00013034157932577433
row-0000578,doi::10.1016/j.proci.2018.06.022,43,1,2e-05,0.00013034157932577433
row-0000579,doi::10.1016/j.proci.2018.06.022,43,1,1e-05,0.00013034157932577433
row-0000580,doi::10.1016/j.proci.2018.06.022,43,1,1e-05,0.00013034157932577433
row-0000581,doi::10.1016/j.proci.2018.06.022,43,1,9e-05,0.0013061954289741806
row-0000582,doi::10.1016/j.proci.2018.06.022,43,1,9e-05,0.00011238710386140428
row-0000583,doi::10.1016/j.proci.2018.06.022,43,1,9e-05,0.00011231529522662824
row-0000584,doi::10.1016/j.proci.2018.06.022,43,1,9e-05,0.00011894950164610161
row-0000585,doi::10.1016/j.proci.2018.06.022,43,1,9e-05,0.00012149043705579232
row-0000586,doi::10.1016/j.proci.2018.06.022,43,1,8e-05,0.00012313084157324045
row-0000587,doi::10.1016/j.proci.2018.06.022,43,1,6e-05,0.00011989118869223304
row-0000588,doi::10.1016/j.proci.2018.06.022,43,1,5e-05,0.00012005560427664862
row-0000589,doi::10.1016/j.proci.2018.06.022,43,1,5e-05,0.00012024936391918001
row-0000590,doi::10.1016/j.proci.2018.06.022,43,1,4e-05,0.0001304530705538445
row-0000591,doi::10.1016/j.proci.2018.06.022,43,1,4e-05,0.0001304530705538445
row-0000592,doi::10.1016/j.proci.2018.06.022,43,1,3e-05,0.0001304530705538445
row-0000593,doi::10.1016/j.proci.2018.06.022,43,1,3e-05,0.0001304530705538445
row-0000594,doi::10.1016/j.proci.2018.06.022,43,1,2e-05,0.0001304530705538445
row-0000595,doi::10.1016/j.proci.2018.06.022,43,1,2e-05,0.0001304530705538445
row-0000596,doi::10.1016/j.proci.2018.06.022,43,1,2e-05,0.0001304530705538445
row-0000597,doi::10.1016/j.proci.2018.06.022,43,1,1e-05,0.0001304530705538445
row-0000598,doi::10.1016/j.proci.2018.06.022,43,1,1e-05,0.0001304530705538445
row-0000600,doi::10.1016/j.proci.2018.06.022,43,1,3e-05,0.0006953343581425966
row-0000601,doi::10.1016/j.proci.2018.06.022,43,1,4e-05,0.00040412761812981616
row-0000602,doi::10.1016/j.proci.2018.06.022,43,1,6e-05,0.00036937028880843707
row-0000603,doi::10.1016/j.proci.2018.06.022,43,1,7e-05,0.00034486684204915505
row-0000604,doi::10.1016/j.proci.2018.06.022,43,1,8e-05,0.00026415264497735633
row-0000605,doi::10.1016/j.proci.2018.06.022,43,1,4e-05,0.0006866806283701674
row-0000606,doi::10.1016/j.proci.2018.06.022,43,1,4e-05,0.0004022410325510415
row-0000607,doi::10.1016/j.proci.2018.06.022,43,1,6e-05,0.0003763421022791034
row-0000608,doi::10.1016/j.proci.2018.06.022,43,1,7e-05,0.00034518336006165176
row-0000609,doi::10.1016/j.proci.2018.06.022,43,1,7e-05,0.0002617279723012039
row-0000610,doi::10.1016/j.proci.2018.06.022,43,1,6e-05,0.0009163570809805879
row-0000611,doi::10.1016/j.proci.2018.06.022,43,1,8e-05,0.0006402887488135924
row-0000612,doi::10.1016/j.proci.2018.06.022,43,1,0.0001,0.0005927553157651631
row-0000613,doi::10.1016/j.proci.2018.06.022,43,1,0.00012,0.0005569099687301075
row-0000614,doi::10.1016/j.proci.2018.06.022,43,1,0.00013,0.0004866398950845424
row-0000615,doi::10.1016/j.proci.2018.06.022,43,1,4e-05,0.0006888945034096863
row-0000616,doi::10.1016/j.proci.2018.06.022,43,1,5e-05,0.0004022796771984034
row-0000617,doi::10.1016/j.proci.2018.06.022,43,1,7e-05,0.0003707373645720182
row-0000618,doi::10.1016/j.proci.2018.06.022,43,1,8e-05,0.00035149791406586617
row-0000619,doi::10.1016/j.proci.2018.06.022,43,1,9e-05,0.0002632896856287261
row-0000621,doi::10.1016/j.proci.2018.06.022,43,1,4e-05,0.00016570034699893795
row-0000622,doi::10.1016/j.proci.2018.06.022,43,1,6e-05,0.00016570034699893795
row-0000623,doi::10.1016/j.proci.2018.06.022,43,1,7e-05,0.0001420130421936343
row-0000624,doi::10.1016/j.proci.2018.06.022,43,1,0.0001,0.0001409558152725767
row-0000626,doi::10.1016/j.proci.2018.06.022,43,1,3e-05,0.00013995755860300626
row-0000627,doi::10.1016/j.proci.2018.06.022,43,1,6e-05,0.0001276578686910456
row-0000628,doi::10.1016/j.proci.2018.06.022,43,1,7e-05,0.00012477067852855115
row-0000629,doi::10.1016/j.proci.2018.06.022,43,1,0.0001,0.00012112089609899238
row-0000630,doi::10.1016/j.proci.2018.06.022,43,1,0.00011,0.00011027812946512192
row-0000632,doi::10.1016/j.proci.2018.06.022,43,1,3e-05,0.0001365207992628517
row-0000633,doi::10.1016/j.proci.2018.06.022,43,1,6e-05,0.00013352449836568123
row-0000634,doi::10.1016/j.proci.2018.06.022,43,1,8e-05,0.00012121050098269097
row-0000635,doi::10.1016/j.proci.2018.06.022,43,1,0.00011,0.0001232718672142661
row-0000637,doi::10.1016/s0082-0784(98)80017-6,43,1,0.0053,0.002729343551051047
row-0000638,doi::10.1016/s0082-0784(98)80017-6,43,1,0.006,0.002750763755311377
row-0000639,doi::10.1016/s0082-0784(98)80017-6,43,1,0.0068,0.0028269861330938685
row-0000640,doi::10.1016/s0082-0784(98)80017-6,43,1,0.0071,0.0035014056130537514
row-0000641,doi::10.1016/s0082-0784(98)80017-6,43,1,0.0038,0.002729343551051047
row-0000642,doi::10.1016/s0082-0784(98)80017-6,43,1,0.005,0.002750763755311377
row-0000643,doi::10.1016/s0082-0784(98)80017-6,43,1,0.006,0.0028269861330938685
row-0000644,doi::10.1016/s0082-0784(98)80017-6,43,1,0.0065,0.0035014056130537514
row-0000645,doi::10.1016/s0082-0784(98)80017-6,43,1,0.0027,0.0029379084998318707
row-0000646,doi::10.1016/s0082-0784(98)80017-6,43,1,0.0035,0.0028969899796161287
row-0000647,doi::10.1016/s0082-0784(98)80017-6,43,1,0.0042,0.002930411364633524
row-0000648,doi::10.1016/s0082-0784(98)80017-6,43,1,0.0049,0.0030015090827880593
row-0000649,doi::10.1016/s0082-0784(98)80017-6,43,1,0.0058,0.003547023747643132
row-0000650,doi::10.1016/s0082-0784(98)80017-6,43,1,0.0025,0.0029379084998318707
row-0000651,doi::10.1016/s0082-0784(98)80017-6,43,1,0.0032,0.0028969899796161287
row-0000652,doi::10.1016/s0082-0784(98)80017-6,43,1,0.0039,0.002930411364633524
row-0000653,doi::10.1016/s0082-0784(98)80017-6,43,1,0.0048,0.0030015090827880593
row-0000654,doi::10.1016/s0082-0784(98)80017-6,43,1,0.0054,0.0035014056130537514
row-0000655,doi::10.1016/s0082-0784(98)80017-6,43,1,0.0057,0.0035014056130537514
row-0000656,doi::10.1016/s0082-0784(98)80017-6,43,1,0.0048,0.003547023747643132
row-0000657,doi::10.1016/s0082-0784(98)80017-6,43,1,0.0043,0.002750763755311377
row-0000658,doi::10.1016/s0082-0784(98)80017-6,43,1,0.0036,0.002930411364633524
row-0000659,doi::10.1016/s0082-0784(98)80017-6,43,1,0.0028,0.0029379084998318707
row-0000660,doi::10.1016/s0082-0784(98)80017-6,43,1,0.005,0.0035014056130537514
row-0000661,doi::10.1016/s0082-0784(98)80017-6,43,1,0.0045,0.003547023747643132
row-0000662,doi::10.1016/s0082-0784(98)80017-6,43,1,0.0037,0.002752167573493195
row-0000663,doi::10.1016/s0082-0784(98)80017-6,43,1,0.0032,0.002931815182815342
row-0000664,doi::10.1016/s0082-0784(98)80017-6,43,1,0.0027,0.0029393123180136886
row-0000665,doi::10.1016/s0082-0784(98)80017-6,43,1,0.0,0.004495241139867397
row-0000666,doi::10.1016/s0082-0784(98)80017-6,43,1,0.0025,0.004559584651600554
row-0000667,doi::10.1016/s0082-0784(98)80017-6,43,1,0.0,0.00433425475423225
row-0000668,doi::10.1016/s0082-0784(98)80017-6,43,1,0.0027,0.004402259636478952
row-0000669,doi::10.1016/s0082-0784(98)80017-6,43,1,0.0043,0.004247024799841363
row-0000670,doi::10.1016/s0082-0784(98)80017-6,43,1,0.0028,0.0043118005282419105
row-0000671,doi::10.1016/s0082-0784(98)80017-6,43,1,0.0045,0.003989923576973899
row-0000672,doi::10.1016/s0082-0784(98)80017-6,43,1,0.0028,0.004118782807517891
row-0000673,doi::10.1016/s0082-0784(98)80017-6,43,1,0.0044,0.003554217149697231
row-0000674,doi::10.1016/s0082-0784(98)80017-6,43,1,0.0027,0.003780998336560315
row-0000791,doi::10.1016/j.firesaf.2023.103989,43,1,0.004,0.0029407199107563103
row-0000792,doi::10.1016/j.firesaf.2023.103989,43,1,0.0039,0.002857766379272999
row-0000793,doi::10.1016/j.firesaf.2023.103989,43,1,0.0036,0.0027626262877935444
row-0000794,doi::10.1016/j.firesaf.2023.103989,43,1,0.0035,0.0027575536903203944
row-0000795,doi::10.1016/j.firesaf.2023.103989,43,1,0.0034,0.0027560021216929435
row-0000796,doi::10.1016/j.firesaf.2023.103989,43,1,0.003,0.0027527274697106965
row-0000797,doi::10.1016/j.firesaf.2023.103989,43,1,0.0024,0.0027417822927432137
row-0000798,doi::10.1016/j.firesaf.2023.103989,43,1,0.0016,0.002790962664958727
row-0000800,doi::10.1016/j.firesaf.2023.103989,43,1,0.0039,0.002789894047318089
row-0000801,doi::10.1016/j.firesaf.2023.103989,43,1,0.0036,0.002739217426395714
row-0000802,doi::10.1016/j.firesaf.2023.103989,43,1,0.0035,0.0027423753803248424
row-0000803,doi::10.1016/j.firesaf.2023.103989,43,1,0.0031,0.002741351949526882
row-0000804,doi::10.1016/j.firesaf.2023.103989,43,1,0.0029,0.002714540458039139
row-0000805,doi::10.1016/j.firesaf.2023.103989,43,1,0.0021,0.0027045904952837274
row-0000806,doi::10.1016/j.firesaf.2023.103989,43,1,0.0023,0.0027509181722124047
row-0000808,doi::10.1016/j.firesaf.2023.103989,43,1,0.0037,0.002860206847747251
row-0000809,doi::10.1016/j.firesaf.2023.103989,43,1,0.0036,0.0027966925113220753
row-0000810,doi::10.1016/j.firesaf.2023.103989,43,1,0.0034,0.002775959507421554
row-0000811,doi::10.1016/j.firesaf.2023.103989,43,1,0.0033,0.002777030617194838
row-0000812,doi::10.1016/j.firesaf.2023.103989,43,1,0.0029,0.0027765591356175914
row-0000813,doi::10.1016/j.firesaf.2023.103989,43,1,0.0024,0.002677776247586466
row-0000814,doi::10.1016/j.firesaf.2023.103989,43,1,0.0018,0.0026506238101700816
row-0000816,doi::10.1016/j.firesaf.2023.103989,43,1,0.00225,0.0029083047132528244
row-0000817,doi::10.1016/j.firesaf.2023.103989,43,1,0.00225,0.002908776194830072
row-0000821,doi::10.1016/j.firesaf.2023.103989,43,1,0.0012,0.0030012289558317383
row-0000822,doi::10.1016/j.firesaf.2023.103989,43,1,0.0013,0.0030012289558317383
row-0000823,doi::10.1016/j.firesaf.2023.103989,43,1,0.0015,0.00293764515862225
row-0000827,doi::10.1016/j.firesaf.2023.103989,43,1,0.0027,0.0030598924923323848
row-0000828,doi::10.1016/j.firesaf.2023.103989,43,1,0.0025,0.0029998307128247456
row-0000829,doi::10.1016/j.firesaf.2023.103989,43,1,0.0025,0.0029977874173702005
row-0000832,doi::10.1016/j.firesaf.2023.103989,43,1,0.0028,0.003087999020318925
row-0000833,doi::10.1016/j.firesaf.2023.103989,43,1,0.0028,0.0030598924923323848
row-0000836,doi::10.1016/j.firesaf.2023.103989,43,1,0.0025,0.003362280398805517
row-0000837,doi::10.1016/j.firesaf.2023.103989,43,1,0.0026,0.0033046221370587672
row-0000838,doi::10.1016/j.firesaf.2023.103989,43,1,0.0027,0.003362280398805517
row-0000839,doi::10.1016/j.firesaf.2023.103989,43,1,0.0029,0.003298686454519084
row-0000840,doi::10.1016/j.firesaf.2023.103989,43,1,0.0029,0.003298686454519084
row-0000841,doi::10.1016/j.firesaf.2023.103989,43,1,0.0031,0.003298686454519084
row-0000889,doi::10.1016/j.firesaf.2023.103989,43,1,0.0016,0.002784025385952216
row-0000890,doi::10.1016/j.firesaf.2023.103989,43,1,0.0024,0.002735804490860885
row-0000891,doi::10.1016/j.firesaf.2023.103989,43,1,0.0034,0.002733612220278138
row-0000892,doi::10.1016/j.firesaf.2023.103989,43,1,0.004,0.0028516931405719852
row-0000893,doi::10.1016/j.firesaf.2023.103989,43,1,0.0024,0.0027624552884191055
row-0000894,doi::10.1016/j.firesaf.2023.103989,43,1,0.0022,0.002706002036602316
row-0000895,doi::10.1016/j.firesaf.2023.103989,43,1,0.0028,0.0026841401041807628
row-0000896,doi::10.1016/j.firesaf.2023.103989,43,1,0.0031,0.002663809389512036
row-0000897,doi::10.1016/j.firesaf.2023.103989,43,1,0.0035,0.002663983565408036
row-0000898,doi::10.1016/j.firesaf.2023.103989,43,1,0.0036,0.0026653411044761065
row-0000899,doi::10.1016/j.firesaf.2023.103989,43,1,0.0039,0.002773772816976751
row-0000900,doi::10.1016/j.firesaf.2023.103989,43,1,0.00175,0.0026478288325174452
row-0000901,doi::10.1016/j.firesaf.2023.103989,43,1,0.0024,0.002635283683149452
row-0000902,doi::10.1016/j.firesaf.2023.103989,43,1,0.0028,0.002641088442081115
row-0000903,doi::10.1016/j.firesaf.2023.103989,43,1,0.0033,0.0026478750201550027
row-0000904,doi::10.1016/j.firesaf.2023.103989,43,1,0.0034,0.002651319403378917
row-0000905,doi::10.1016/j.firesaf.2023.103989,43,1,0.0037,0.002770836268365901
row-0000906,doi::10.1016/j.firesaf.2023.103989,43,1,0.0038,0.002768148768365901
row-0000907,doi::10.1016/j.firesaf.2023.103989,43,1,0.0023,0.0032214883336141083
row-0000908,doi::10.1016/j.firesaf.2023.103989,43,1,0.0024,0.0032214883336141083
row-0000909,doi::10.1016/j.firesaf.2023.103989,43,1,0.0026,0.0032895729476047782
row-0000910,doi::10.1016/j.firesaf.2023.103989,43,1,0.0022,0.0029557714199830148
row-0000911,doi::10.1016/j.firesaf.2023.103989,43,1,0.0024,0.002953083919983015
row-0000912,doi::10.1016/j.firesaf.2023.103989,43,1,0.0026,0.0029542082357724886
row-0000913,doi::10.1016/j.firesaf.2023.103989,43,1,0.0025,0.0029507666973109504
row-0000914,doi::10.1016/j.firesaf.2023.103989,43,1,0.0026,0.0029585565141330167
row-0000915,doi::10.1016/j.firesaf.2023.103989,43,1,0.00275,0.0030161961568885183
row-0000916,doi::10.1016/j.firesaf.2023.103989,43,1,0.0026,0.0030152603674148347
row-0000917,doi::10.1016/j.firesaf.2023.103989,43,1,0.0027,0.0030152603674148347
row-0000918,doi::10.1016/j.firesaf.2023.103989,43,1,0.00275,0.003308987873062456
row-0000919,doi::10.1016/j.firesaf.2023.103989,43,1,0.00275,0.003308727301633884
row-0000920,doi::10.1016/j.firesaf.2023.103989,43,1,0.0025,0.0037509533276859704
row-0000921,doi::10.1016/j.firesaf.2023.103989,43,1,0.003,0.003308727301633884
row-0000922,doi::10.1016/j.firesaf.2023.103989,43,1,0.0032,0.003307137301633884
row-0000923,doi::10.1016/j.firesaf.2023.103989,43,1,0.0031,0.0031164705286748774
row-0000924,doi::10.1016/j.firesaf.2023.103989,43,1,0.0031,0.003130733153550603
row-0000925,doi::10.1016/j.firesaf.2023.103989,43,1,0.0032,0.003153591536294353
row-0000926,doi::10.1016/j.firesaf.2023.103989,43,1,0.0028,0.0030321501858242457
row-0000927,doi::10.1016/j.firesaf.2023.103989,43,1,0.0022,0.0030181770593951194
row-0000930,doi::10.1016/j.firesaf.2023.103989,43,1,0.0031,0.0029545840396572164
row-0000931,doi::10.1016/j.firesaf.2023.103989,43,1,0.0032,0.0030099737000724752
row-0000932,doi::10.1016/j.firesaf.2023.103989,43,1,0.0026,0.003012346962700291
row-0000933,doi::10.1016/j.firesaf.2023.103989,43,1,0.0025,0.003012346962700291
row-0000934,doi::10.1016/j.firesaf.2023.103989,43,1,0.0024,0.002872955286591458
row-0000935,doi::10.1016/j.firesaf.2023.103989,43,1,0.0024,0.002872955286591458
row-0000936,doi::10.1016/j.firesaf.2023.103989,43,1,0.0024,0.002872955286591458
row-0000937,doi::10.1016/j.firesaf.2023.103989,43,1,0.002,0.0027527362321886233
row-0000938,doi::10.1016/j.firesaf.2023.103989,43,1,0.0015,0.0027390894896848783
row-0000941,doi::10.1016/j.firesaf.2023.103989,43,1,0.0026,0.0029278909283425476
row-0000942,doi::10.1016/j.firesaf.2023.103989,43,1,0.0024,0.0028904436054335257
row-0000943,doi::10.1016/j.firesaf.2023.103989,43,1,0.0024,0.0028904436054335257
row-0000944,doi::10.1016/j.firesaf.2023.103989,43,1,0.0022,0.0027987158035552564
row-0000945,doi::10.1016/j.firesaf.2023.103989,43,1,0.0018,0.0026904550752479797
row-0000952,doi::10.1016/j.firesaf.2023.103989,43,1,0.0025,0.0029134039663139236
row-0000953,doi::10.1016/j.firesaf.2023.103989,43,1,0.0026,0.0029116918365266896
row-0000954,doi::10.1016/j.firesaf.2023.103989,43,1,0.0027,0.0029116918365266896
row-0000958,doi::10.1016/j.firesaf.2023.103989,43,1,0.0027,0.0030188236091109925
row-0000959,doi::10.1016/j.firesaf.2023.103989,43,1,0.003,0.003007756653503677
row-0000960,doi::10.1016/j.firesaf.2023.103989,43,1,0.004,0.0029148817856416553
row-0000963,doi::10.1016/j.firesaf.2023.103989,43,1,0.0038,0.003112552640655737
row-0000964,doi::10.1016/j.firesaf.2023.103989,43,1,0.0032,0.0030853016882652962
row-0000965,doi::10.1016/j.firesaf.2023.103989,43,1,0.0036,0.0030853016882652962
row-0000966,doi::10.1016/j.firesaf.2023.103989,43,1,0.003,0.0030853016882652962
row-0000969,doi::10.1016/j.firesaf.2023.103989,43,1,0.0039,0.003133273685555352
row-0000970,doi::10.1016/j.firesaf.2023.103989,43,1,0.0038,0.003112599069227166
row-0000974,doi::10.1016/j.firesaf.2023.103989,43,1,0.0038,0.003133721975433352
row-0000975,doi::10.1016/j.firesaf.2023.103989,43,1,0.003,0.0031194524706024346
row-0000976,doi::10.1016/j.firesaf.2023.103989,43,1,0.0024,0.0031194524706024346
row-0001027,doi::10.1016/j.firesaf.2023.103989,43,1,0.0024,0.002981132027361896
row-0001028,doi::10.1016/j.firesaf.2023.103989,43,1,0.00275,0.003017486752258177
row-0001029,doi::10.1016/j.firesaf.2023.103989,43,1,0.0032,0.003101285768893213
row-0001030,doi::10.1016/j.firesaf.2023.103989,43,1,0.0031,0.0031138259110284373
row-0001031,doi::10.1016/j.firesaf.2023.103989,43,1,0.0032,0.003105762153285578
row-0001032,doi::10.1016/j.firesaf.2023.103989,43,1,0.0015,0.002726236043665985
row-0001033,doi::10.1016/j.firesaf.2023.103989,43,1,0.002,0.0027471691186676415
row-0001034,doi::10.1016/j.firesaf.2023.103989,43,1,0.0024,0.002791854292894334
row-0001035,doi::10.1016/j.firesaf.2023.103989,43,1,0.0027,0.002889500577805257
row-0001036,doi::10.1016/j.firesaf.2023.103989,43,1,0.0025,0.002889500577805257
row-0001037,doi::10.1016/j.firesaf.2023.103989,43,1,0.00325,0.0029425903943466544
row-0001038,doi::10.1016/j.firesaf.2023.103989,43,1,0.003,0.002936152999581182
row-0001039,doi::10.1016/j.firesaf.2023.103989,43,1,0.00175,0.002678005135722593
row-0001040,doi::10.1016/j.firesaf.2023.103989,43,1,0.00225,0.002698714253875265
row-0001041,doi::10.1016/j.firesaf.2023.103989,43,1,0.0024,0.0027815431596578772
row-0001042,doi::10.1016/j.firesaf.2023.103989,43,1,0.0025,0.0028610038623695763
row-0001043,doi::10.1016/j.firesaf.2023.103989,43,1,0.0026,0.003469031422057886
row-0001044,doi::10.1016/j.firesaf.2023.103989,43,1,0.003,0.00348037948521977
row-0001045,doi::10.1016/j.firesaf.2023.103989,43,1,0.00375,0.0034868937709340558
row-0001046,doi::10.1016/j.firesaf.2023.103989,43,1,0.00275,0.0029475449965051287
row-0001047,doi::10.1016/j.firesaf.2023.103989,43,1,0.0028,0.0029475449965051287
row-0001048,doi::10.1016/j.firesaf.2023.103989,43,1,0.0031,0.0029475449965051287
row-0001049,doi::10.1016/j.firesaf.2023.103989,43,1,0.0039,0.0029569193427468883
row-0001050,doi::10.1016/j.firesaf.2023.103989,43,1,0.003,0.003022742569867261
row-0001051,doi::10.1016/j.firesaf.2023.103989,43,1,0.0035,0.003022742569867261
row-0001052,doi::10.1016/j.firesaf.2023.103989,43,1,0.0037,0.003022742569867261
row-0001053,doi::10.1016/j.firesaf.2023.103989,43,1,0.0039,0.003045104715146693
row-0001054,doi::10.1016/j.firesaf.2023.103989,43,1,0.0032,0.003045151143718122
row-0001055,doi::10.1016/j.firesaf.2023.103989,43,1,0.0035,0.003045151143718122
row-0001056,doi::10.1016/j.firesaf.2023.103989,43,1,0.004,0.0030677726278516082
row-0001057,doi::10.1016/j.firesaf.2023.103989,43,1,0.00275,0.0030654918061896103
row-0001058,doi::10.1016/j.firesaf.2023.103989,43,1,0.003,0.0030654918061896103
row-0001059,doi::10.1016/j.firesaf.2023.103989,43,1,0.0039,0.003092006034630251
row-0001061,doi::10.1016/j.firesaf.2023.103989,43,1,0.001,0.002236875795042256
row-0001062,doi::10.1016/j.firesaf.2023.103989,43,1,0.0012,0.0023331563422848392
row-0001063,doi::10.1016/j.firesaf.2023.103989,43,1,0.001,0.0022922099002915114
row-0001074,doi::10.1016/j.firesaf.2023.103989,43,1,0.0013,0.0030207854135468845
row-0001075,doi::10.1016/j.firesaf.2023.103989,43,1,0.0014,0.0030980236019107744
row-0001078,doi::10.1016/j.firesaf.2023.103989,43,1,0.0012,0.0030926431663904127
row-0001082,doi::10.1016/j.firesaf.2023.103989,43,1,0.0014,0.0033236497105613104
row-0001083,doi::10.1016/j.firesaf.2023.103989,43,1,0.0014,0.0033981763298064275
row-0001087,doi::10.1016/j.firesaf.2023.103989,43,1,0.0015,0.0037834954251097287
row-0001119,doi::10.1016/j.firesaf.2023.103989,43,1,0.0009,0.002198284845108009
row-0001120,doi::10.1016/j.firesaf.2023.103989,43,1,0.001,0.002257990924436953
row-0001121,doi::10.1016/j.firesaf.2023.103989,43,1,0.00125,0.002306441650376072
row-0001122,doi::10.1016/j.firesaf.2023.103989,43,1,0.0011,0.002393945717961153
row-0001123,doi::10.1016/j.firesaf.2023.103989,43,1,0.00125,0.002612983372013119
row-0001124,doi::10.1016/j.firesaf.2023.103989,43,1,0.0012,0.003007239618865864
row-0001125,doi::10.1016/j.firesaf.2023.103989,43,1,0.00125,0.0029825757707140155
row-0001126,doi::10.1016/j.firesaf.2023.103989,43,1,0.0013,0.0029825757707140155
row-0001127,doi::10.1016/j.firesaf.2023.103989,43,1,0.00125,0.002955542106678589
row-0001128,doi::10.1016/j.firesaf.2023.103989,43,1,0.0014,0.0030381479751124085
row-0001129,doi::10.1016/j.firesaf.2023.103989,43,1,0.00125,0.0030327675395920464
row-0001130,doi::10.1016/j.firesaf.2023.103989,43,1,0.0013,0.003313032100212521
row-0001131,doi::10.1016/j.firesaf.2023.103989,43,1,0.0014,0.0033114421002125214
row-0001132,doi::10.1016/j.firesaf.2023.103989,43,1,0.0014,0.004851336773090529
row-0001133,doi::10.1016/j.firesaf.2023.103989,43,1,0.0014,0.004851336773090529
row-0001137,doi::10.1016/j.firesaf.2023.103989,43,1,0.0016,0.0014487639671660986
row-0001139,doi::10.1016/j.firesaf.2023.103989,43,1,0.0017,0.0014507001189413274
row-0001141,doi::10.1016/j.firesaf.2023.103989,43,1,0.0018,0.0015389882764992625
row-0001142,doi::10.1016/j.firesaf.2023.103989,43,1,0.0015,0.001486197996839177
row-0001143,doi::10.1016/j.firesaf.2023.103989,43,1,0.0013,0.0014856326846799045
row-0001149,doi::10.1016/j.firesaf.2023.103989,43,1,0.0014,0.0015079610094351863
row-0001150,doi::10.1016/j.firesaf.2023.103989,43,1,0.0016,0.0017506821400696889
row-0001151,doi::10.1016/j.firesaf.2023.103989,43,1,0.0016,0.001776526376443187
row-0001152,doi::10.1016/j.firesaf.2023.103989,43,1,0.0016,0.001808562777204173
row-0001155,doi::10.1016/j.firesaf.2023.103989,43,1,0.0016,0.0018059283252655823
row-0001156,doi::10.1016/j.firesaf.2023.103989,43,1,0.0016,0.0018059283252655823
row-0001157,doi::10.1016/j.firesaf.2023.103989,43,1,0.0016,0.0018174184380811223
row-0001158,doi::10.1016/j.firesaf.2023.103989,43,1,0.0017,0.0018174184380811223
row-0001164,doi::10.1016/j.firesaf.2023.103989,43,1,0.0017,0.0018669048894773496
row-0001165,doi::10.1016/j.firesaf.2023.103989,43,1,0.0017,0.0018698184602798677
row-0001192,doi::10.1016/j.firesaf.2023.103989,43,1,0.0015,0.0018120488844274938
row-0001193,doi::10.1016/j.firesaf.2023.103989,43,1,0.0016,0.0018270778577207656
row-0001194,doi::10.1016/j.firesaf.2023.103989,43,1,0.0018,0.0019599808077545066
row-0001195,doi::10.1016/j.firesaf.2023.103989,43,1,0.00125,0.0014442520159053394
row-0001196,doi::10.1016/j.firesaf.2023.103989,43,1,0.0015,0.0014459145778011188
row-0001197,doi::10.1016/j.firesaf.2023.103989,43,1,0.00175,0.0015150984002929092
row-0001198,doi::10.1016/j.firesaf.2023.103989,43,1,0.0014,0.0014553278970041487
row-0001199,doi::10.1016/j.firesaf.2023.103989,43,1,0.0016,0.0014854291004087116
row-0001200,doi::10.1016/j.firesaf.2023.103989,43,1,0.0017,0.0017541400316539917
row-0001201,doi::10.1016/j.firesaf.2023.103989,43,1,0.0015,0.0017540025393681879
row-0001202,doi::10.1016/j.firesaf.2023.103989,43,1,0.0016,0.001761613830588495
row-0001203,doi::10.1016/j.firesaf.2023.103989,43,1,0.0016,0.0017664041214121866
row-0001204,doi::10.1016/j.firesaf.2023.103989,43,1,0.0017,0.0017899287462848545
row-0001205,doi::10.1016/j.firesaf.2023.103989,43,1,0.0016,0.001816924957454932
row-0001206,doi::10.1016/j.firesaf.2023.103989,43,1,0.0016,0.0018180899318139068
row-0001744,doi::10.1038/s41598-017-18398-4,43,1,6e-05,0.0011935313319946137
row-0001745,doi::10.1038/s41598-017-18398-4,43,1,7e-05,0.0011914000653279468
row-0001746,doi::10.1038/s41598-017-18398-4,43,1,8e-05,0.0012091613940500997
row-0001747,doi::10.1038/s41598-017-18398-4,43,1,7e-05,0.0004009003548819042
row-0001748,doi::10.1038/s41598-017-18398-4,43,1,5e-05,0.0011260906313041638
row-0001749,doi::10.1038/s41598-017-18398-4,43,1,6e-05,0.0011232885954067275
row-0001750,doi::10.1038/s41598-017-18398-4,43,1,7e-05,0.0011283498046535856
row-0001751,doi::10.1038/s41598-017-18398-4,43,1,5e-05,0.0003842842059605989
row-0001752,doi::10.1038/s41598-017-18398-4,43,1,9e-05,0.00021161668253612132
row-0001753,doi::10.1038/s41598-017-18398-4,43,1,9e-05,0.0001264157348925188
row-0001754,doi::10.1038/s41598-017-18398-4,43,1,9e-05,0.00012342343631369682
row-0001755,doi::10.1038/s41598-017-18398-4,43,1,9e-05,0.0001317455349883522
row-0001756,doi::10.1038/s41598-017-18398-4,43,1,9e-05,0.00013428647039804285
row-0001757,doi::10.1038/s41598-017-18398-4,43,1,8e-05,0.00013586911153997764
row-0001758,doi::10.1038/s41598-017-18398-4,43,1,6e-05,0.00013300203797519743
row-0001759,doi::10.1038/s41598-017-18398-4,43,1,6e-05,0.000133166453559613
row-0001760,doi::10.1038/s41598-017-18398-4,43,1,5e-05,0.0001333602132021444
row-0001761,doi::10.1038/s41598-017-18398-4,43,1,4e-05,0.00014356648393937303
row-0001762,doi::10.1038/s41598-017-18398-4,43,1,4e-05,0.00014356648393937303
row-0001763,doi::10.1038/s41598-017-18398-4,43,1,3e-05,0.00014356648393937303
row-0001764,doi::10.1038/s41598-017-18398-4,43,1,3e-05,0.00014356648393937303
row-0001765,doi::10.1038/s41598-017-18398-4,43,1,2e-05,0.00014356648393937303
row-0001766,doi::10.1038/s41598-017-18398-4,43,1,2e-05,0.00014356648393937303
row-0001767,doi::10.1038/s41598-017-18398-4,43,1,2e-05,0.00014356648393937303
row-0001768,doi::10.1038/s41598-017-18398-4,43,1,2e-05,0.00014356648393937303
row-0001769,doi::10.1038/s41598-017-18398-4,43,1,1e-05,0.00014356648393937303
row-0001771,doi::10.1038/s41598-017-18398-4,43,1,3e-05,0.00022007852910194457
row-0001772,doi::10.1038/s41598-017-18398-4,43,1,3e-05,0.0001352863114564141
row-0001773,doi::10.1038/s41598-017-18398-4,43,1,3e-05,0.0001311362536183329
row-0001774,doi::10.1038/s41598-017-18398-4,43,1,3e-05,0.0001417782217643459
row-0001775,doi::10.1038/s41598-017-18398-4,43,1,3e-05,0.0001461893898461704
row-0001776,doi::10.1038/s41598-017-18398-4,43,1,3e-05,0.00014638961504126515
row-0001777,doi::10.1038/s41598-017-18398-4,43,1,1e-05,0.0001442041925478773
row-0001779,doi::10.1038/s41598-017-18398-4,43,1,6e-05,0.0004100079980166132
row-0001780,doi::10.1038/s41598-017-18398-4,43,1,3e-05,0.00016192681506372648
row-0001781,doi::10.1038/s41598-017-18398-4,43,1,2e-05,0.0001667561162297072
row-0001782,doi::10.1038/s41598-017-18398-4,43,1,6e-05,0.00012462413374530099
row-0001783,doi::10.1038/s41598-017-18398-4,43,1,5e-05,0.00012955776824461512
row-0001784,doi::10.1038/s41598-017-18398-4,43,1,7e-05,0.000438207631962371
row-0001785,doi::10.1038/s41598-017-18398-4,43,1,4e-05,0.0001377677857187971
row-0001790,doi::10.1038/s41598-017-18398-4,43,1,4e-05,0.00040578394307155835
row-0001792,doi::10.1038/s41598-017-18398-4,43,1,7e-05,0.00042701959267998056
row-0001793,doi::10.1038/s41598-017-18398-4,43,1,9e-05,0.0004406170562047953
row-0001795,doi::10.1038/s41598-017-18398-4,43,1,3e-05,0.00043080375143691313
row-0001796,doi::10.1038/s41598-017-18398-4,43,1,5e-05,0.0004208772175351825
row-0001797,doi::10.1038/s41598-017-18398-4,43,1,6e-05,0.0004242147818029949
row-0001798,doi::10.1038/s41598-017-18398-4,43,1,7e-05,0.0004328552296066886
row-0001799,doi::10.1038/s41598-017-18398-4,43,1,0.0001,0.0004190067986876126
row-0001801,doi::10.1038/s41598-017-18398-4,43,1,3e-05,0.00042249450143540935
row-0001802,doi::10.1038/s41598-017-18398-4,43,1,6e-05,0.0004318621125075111
row-0001803,doi::10.1038/s41598-017-18398-4,43,1,8e-05,0.0004180136815884351
row-0001804,doi::10.1038/s41598-017-18398-4,43,1,0.00011,0.00041938088560702187
row-0001807,doi::10.1038/s41598-017-18398-4,43,1,3e-05,0.00013718374102765358
row-0001808,doi::10.1038/s41598-017-18398-4,43,1,6e-05,0.00012339970664957978
row-0001810,doi::10.1038/s41598-017-18398-4,43,1,3e-05,0.0001353395048605086
row-0001811,doi::10.1038/s41598-017-18398-4,43,1,5e-05,0.0001304570102904334
row-0001812,doi::10.1038/s41598-017-18398-4,43,1,8e-05,0.00011944082698989632
row-0001813,doi::10.1038/s41598-017-18398-4,43,1,0.00011,0.00012148210039320472
row-0001815,doi::10.1038/s41598-017-18398-4,43,1,3e-05,0.000137200036849146
row-0001816,doi::10.1038/s41598-017-18398-4,43,1,4e-05,0.00013401200729536646
row-0001817,doi::10.1038/s41598-017-18398-4,43,1,6e-05,0.0001229958239948294
row-0001818,doi::10.1038/s41598-017-18398-4,43,1,9e-05,0.00012503709739813778
row-0001820,doi::10.1038/s41598-017-18398-4,43,1,2e-05,0.0001518036905576178
row-0001821,doi::10.1038/s41598-017-18398-4,43,1,4e-05,0.0001377677857187971
row-0001822,doi::10.1038/s41598-017-18398-4,43,1,5e-05,0.00012729854140385388
row-0001824,doi::10.1038/s41598-017-18398-4,43,1,3e-05,0.00014016880602648934
row-0001825,doi::10.1038/s41598-017-18398-4,43,1,4e-05,0.0001352863114564141
row-0001826,doi::10.1038/s41598-017-18398-4,43,1,6e-05,0.0001243744614892104
row-0001829,doi::10.1038/s41598-017-18398-4,43,1,1e-05,0.0001404769721357424
row-0001830,doi::10.1038/s41598-017-18398-4,43,1,3e-05,0.00013535401244938808
row-0001831,doi::10.1038/s41598-017-18398-4,43,1,5e-05,0.0001244421624821844
row-0001832,doi::10.1038/s41598-017-18398-4,43,1,8e-05,0.00012648343588549284
row-0002448,doi::10.1016/j.proci.2018.05.007,43,1,0.0015,0.0028208117666589276
row-0002449,doi::10.1016/j.proci.2018.05.007,43,1,0.0025,0.002915836450162682
row-0002450,doi::10.1016/j.proci.2018.05.007,43,1,0.0028,0.003094278946118264
row-0002451,doi::10.1016/j.proci.2018.05.007,43,1,0.003,0.0027529996454505414
row-0002452,doi::10.1016/j.proci.2018.05.007,43,1,0.0026,0.002759318768561079
row-0002453,doi::10.1016/j.proci.2018.05.007,43,1,0.0026,0.0029633178298104908
row-0002454,doi::10.1016/j.proci.2018.05.007,43,1,0.0027,0.005262537285474917
row-0002455,doi::10.1016/j.proci.2018.05.007,43,1,0.0035,0.0052280676272822325
row-0002456,doi::10.1016/j.proci.2018.05.007,43,1,0.003,0.0052458632614458545
row-0002457,doi::10.1016/j.proci.2018.05.007,43,1,0.0031,0.005425066581099078
row-0002458,doi::10.1016/j.proci.2018.05.007,43,1,0.0029,0.00580312726552006
row-0002459,doi::10.1016/j.proci.2018.05.007,43,1,0.0035,0.005770943321613091
row-0002460,doi::10.1016/j.proci.2018.05.007,43,1,0.0038,0.005770592861000302
row-0002461,doi::10.1016/j.proci.2018.05.007,43,1,0.0036,0.005930706806431563
row-0002462,doi::10.1016/j.proci.2018.05.007,43,1,0.0014,0.0014130797631188331
row-0002463,doi::10.1016/j.proci.2018.05.007,43,1,0.0021,0.0014063969637395472
row-0002464,doi::10.1016/j.proci.2018.05.007,43,1,0.0021,0.0014602973675379653
row-0002465,doi::10.1016/j.proci.2018.05.007,43,1,0.0026,0.0016851606723397945
row-0002466,doi::10.1016/j.proci.2018.05.007,43,1,0.0019,0.0016458834283013355
row-0002467,doi::10.1016/j.proci.2018.05.007,43,1,0.0022,0.0016543547715864033
row-0002468,doi::10.1016/j.proci.2018.05.007,43,1,0.0023,0.0017231597121307013
row-0002469,doi::10.1016/j.proci.2018.05.007,43,1,0.0024,0.0018355852264441677
row-0002470,doi::10.1016/j.proci.2018.05.007,43,1,0.0026,0.004420890925961597
row-0002471,doi::10.1016/j.proci.2018.05.007,43,1,0.0026,0.004427763840192609
row-0002472,doi::10.1016/j.proci.2018.05.007,43,1,0.0026,0.004479270267214211
row-0002473,doi::10.1016/j.proci.2018.05.007,43,1,0.0026,0.004595689681547716
row-0002474,doi::10.1016/j.proci.2018.05.007,43,1,0.0029,0.005091082370031857
row-0002475,doi::10.1016/j.proci.2018.05.007,43,1,0.0029,0.0050979552842628706
row-0002476,doi::10.1016/j.proci.2018.05.007,43,1,0.0024,0.005144986436110511
row-0002477,doi::10.1016/j.proci.2018.05.007,43,1,0.003,0.005254546299577553
row-0002891,doi::10.1080/00102209108951711,43,1,0.01694,0.011636039178408721
row-0002892,doi::10.1080/00102209108951711,43,1,0.0202,0.011987062933757769
row-0002893,doi::10.1080/00102209108951711,43,1,0.0203,0.01317712464948297
row-0002894,doi::10.1080/00102209108951711,43,1,0.01959,0.013446315247059873
row-0002895,doi::10.1080/00102209108951711,43,1,0.01884,0.01248702246425459
row-0002896,doi::10.1080/00102209108951711,43,1,0.01888,0.013245318081830769
row-0002897,doi::10.1080/00102209108951711,43,1,0.01084,0.007510110791871857
row-0002898,doi::10.1080/00102209108951711,43,1,0.0114,0.007851601472449303
row-0002899,doi::10.1080/00102209108951711,43,1,0.01276,0.007835581551814384
row-0002900,doi::10.1080/00102209108951711,43,1,0.01485,0.007956183210832066
row-0002901,doi::10.1080/00102209108951711,43,1,0.0144,0.008100628712863014
row-0002902,doi::10.1080/00102209108951711,43,1,0.01417,0.008031052097627759
row-0002903,doi::10.1080/00102209108951711,43,1,0.01401,0.008100628712863014
row-0002904,doi::10.1080/00102209108951711,43,1,0.01327,0.008172155354976316
row-0002905,doi::10.1080/00102209108951711,43,1,0.01286,0.008389310732829934
row-0002906,doi::10.1080/00102209108951711,43,1,0.00307,0.006125984763981659
row-0002907,doi::10.1080/00102209108951711,43,1,0.00639,0.007652738909565348
row-0002908,doi::10.1080/00102209108951711,43,1,0.00845,0.007775168171255919
row-0002909,doi::10.1080/00102209108951711,43,1,0.0192,0.012825572493725592
row-0002910,doi::10.1080/00102209108951711,43,1,0.0188,0.013303633466446155
row-0002911,doi::10.1080/00102209108951711,43,1,0.0194,0.013663873198114226
row-0002912,doi::10.1080/00102209108951711,43,1,0.0156,0.011891170280629625
row-0002913,doi::10.1080/00102209108951711,43,1,0.0112,0.007824267166559313
row-0002914,doi::10.1080/00102209108951711,43,1,0.0132,0.008190276327826995
row-0002915,doi::10.1080/00102209108951711,43,1,0.0148,0.007912078359135622
row-0002916,doi::10.1080/00102209108951711,43,1,0.0108,0.006592693562503291
row-0002917,doi::10.1080/00102209108951711,43,1,0.0075,0.005873608814821025
row-0002918,doi::10.1080/00102209108951711,43,1,0.0073,0.008020540763696547
row-0002919,doi::10.1080/00102209108951711,43,1,0.0083,0.007735803696712487
row-0002920,doi::10.1080/00102209108951711,43,1,0.003,0.006051538398989634
row-0003095,doi::10.1080/00102200490276773,43,1,0.0019,0.0010542206901749012
row-0003096,doi::10.1080/00102200490276773,43,1,0.0032,0.0010056280275590609
row-0003097,doi::10.1080/00102200490276773,43,1,0.0045,0.001011153134662726
row-0003098,doi::10.1080/00102200490276773,43,1,0.012,0.003477202223603801
row-0003099,doi::10.1080/00102200490276773,43,1,0.012,0.0034739559328129453
row-0003100,doi::10.1080/00102200490276773,43,1,0.012,0.0034831305005785127
row-0003101,doi::10.1080/00102200490276773,43,1,0.012,0.003483115250578513
row-0003102,doi::10.1080/00102200490276773,43,1,0.013,0.003483115250578513
row-0003103,doi::10.1080/00102200490276773,43,1,0.014,0.003483115250578513
row-0003104,doi::10.1080/00102200490276773,43,1,0.014,0.003483115250578513
row-0003105,doi::10.1080/00102200490276773,43,1,0.015,0.003483115250578513
row-0003106,doi::10.1080/00102200490276773,43,1,0.016,0.0034903929700287324
row-0003107,doi::10.1080/00102200490276773,43,1,0.017,0.003506294459650222
row-0003108,doi::10.1080/00102200490276773,43,1,0.018,0.003598508753479893
row-0003109,doi::10.1080/00102200490276773,43,1,0.019,0.003598508753479893
row-0003110,doi::10.1080/00102200490276773,43,1,0.02,0.003598508753479893
row-0003111,doi::10.1080/00102200490276773,43,1,0.022,0.003598508753479893
row-0003112,doi::10.1080/00102200490276773,43,1,0.024,0.003598508753479893
row-0003113,doi::10.1080/00102200490276773,43,1,0.026,0.003598508753479893
row-0003114,doi::10.1080/00102200490276773,43,1,0.027,0.003598508753479893
row-0003115,doi::10.1080/00102200490276773,43,1,0.028,0.003598508753479893
row-0003116,doi::10.1080/00102200490276773,43,1,0.026,0.003598508753479893
row-0003117,doi::10.1080/00102200490276773,43,1,0.024,0.003598508753479893
row-0003118,doi::10.1080/00102200490276773,43,1,0.02,0.003598508753479893
row-0003119,doi::10.1080/00102200490276773,43,1,0.016,0.003598508753479893
row-0003120,doi::10.1080/00102200490276773,43,1,0.013,0.003598508753479893
row-0003121,doi::10.1080/00102200490276773,43,1,0.011,0.003598508753479893
row-0003122,doi::10.1080/00102200490276773,43,1,0.022,0.025203139853216316
row-0003123,doi::10.1080/00102200490276773,43,1,0.023,0.025201000767977235
row-0003124,doi::10.1080/00102200490276773,43,1,0.023,0.025201000767977235
row-0003125,doi::10.1080/00102200490276773,43,1,0.023,0.025201000767977235
row-0003126,doi::10.1080/00102200490276773,43,1,0.023,0.025201000767977235
row-0003127,doi::10.1080/00102200490276773,43,1,0.024,0.025201000767977235
row-0003128,doi::10.1080/00102200490276773,43,1,0.025,0.025201000767977235
row-0003129,doi::10.1080/00102200490276773,43,1,0.025,0.025201000767977235
row-0003130,doi::10.1080/00102200490276773,43,1,0.027,0.025201000767977235
row-0003131,doi::10.1080/00102200490276773,43,1,0.03,0.025201000767977235
row-0003132,doi::10.1080/00102200490276773,43,1,0.031,0.025208333652592622
row-0003133,doi::10.1080/00102200490276773,43,1,0.032,0.025208333652592622
row-0003134,doi::10.1080/00102200490276773,43,1,0.034,0.025208333652592622
row-0003135,doi::10.1080/00102200490276773,43,1,0.036,0.025214320016228985
row-0003136,doi::10.1080/00102200490276773,43,1,0.039,0.025249179981753658
row-0003137,doi::10.1080/00102200490276773,43,1,0.045,0.025249179981753658
row-0003138,doi::10.1080/00102200490276773,43,1,0.051,0.025249179981753658
row-0003139,doi::10.1080/00102200490276773,43,1,0.056,0.025249179981753658
row-0003140,doi::10.1080/00102200490276773,43,1,0.059,0.025249179981753658
row-0003141,doi::10.1080/00102200490276773,43,1,0.062,0.025249179981753658
row-0003142,doi::10.1080/00102200490276773,43,1,0.062,0.025249179981753658
row-0003143,doi::10.1080/00102200490276773,43,1,0.062,0.025249179981753658
row-0003144,doi::10.1080/00102200490276773,43,1,0.059,0.025249179981753658
row-0003145,doi::10.1080/00102200490276773,43,1,0.05,0.025249179981753658
row-0003146,doi::10.1080/00102200490276773,43,1,0.043,0.025249179981753658
row-0003147,doi::10.1080/00102200490276773,43,1,0.031,0.025249179981753658
row-0003148,doi::10.1080/00102200490276773,43,1,0.004,0.02009756243479244
row-0003150,doi::10.1016/j.combustflame.2022.112559,43,1,0.0034,0.055240269315538
row-0003151,doi::10.1016/j.combustflame.2022.112559,43,1,0.0018,0.007266868188161861
row-0003152,doi::10.1016/j.combustflame.2022.112559,43,1,0.0021,0.006899179230607268
row-0003153,doi::10.1016/j.combustflame.2022.112559,43,1,0.0026,0.009023801544097381
row-0003154,doi::10.1016/j.combustflame.2022.112559,43,1,0.0023,0.007715562262418881
row-0003155,doi::10.1016/j.combustflame.2022.112559,43,1,0.0036,0.006081813538883989
row-0003156,doi::10.1016/j.combustflame.2022.112559,43,1,0.0027,0.0059516594870807505
row-0003157,doi::10.1016/j.combustflame.2022.112559,43,1,0.0051,0.006089734898889128
row-0003389,doi::10.1016/s0082-0784(06)80816-7,43,1,0.01165,0.014367044735045438
row-0003390,doi::10.1016/s0082-0784(06)80816-7,43,1,0.01201,0.0143575279635713
row-0003391,doi::10.1016/s0082-0784(06)80816-7,43,1,0.01254,0.014379986116085453
row-0003392,doi::10.1016/s0082-0784(06)80816-7,43,1,0.01325,0.014502750674087381
row-0003393,doi::10.1016/s0082-0784(06)80816-7,43,1,0.01341,0.014505689058702769
row-0003394,doi::10.1016/s0082-0784(06)80816-7,43,1,0.01194,0.01364155088886629
row-0003395,doi::10.1016/s0082-0784(06)80816-7,43,1,0.01123,0.01364155088886629
row-0003396,doi::10.1016/s0082-0784(06)80816-7,43,1,0.01123,0.01364155088886629
row-0003397,doi::10.1016/s0082-0784(06)80816-7,43,1,0.01057,0.01364155088886629
row-0003398,doi::10.1016/s0082-0784(06)80816-7,43,1,0.0107,0.01364155088886629
row-0003399,doi::10.1016/s0082-0784(06)80816-7,43,1,0.00964,0.01364155088886629
row-0003400,doi::10.1016/s0082-0784(06)80816-7,43,1,0.00907,0.01364155088886629
row-0003401,doi::10.1016/s0082-0784(06)80816-7,43,1,0.00817,0.01364155088886629
row-0003402,doi::10.1016/s0082-0784(06)80816-7,43,1,0.00812,0.01364155088886629
row-0003403,doi::10.1016/s0082-0784(06)80816-7,43,1,0.00769,0.01364155088886629
row-0003404,doi::10.1016/s0082-0784(06)80816-7,43,1,0.00874,0.015820268161838368
row-0003405,doi::10.1016/s0082-0784(06)80816-7,43,1,0.00869,0.015891453791636236
row-0003406,doi::10.1016/s0082-0784(06)80816-7,43,1,0.00896,0.015913911944150386
row-0003407,doi::10.1016/s0082-0784(06)80816-7,43,1,0.0089,0.016048122216438032
row-0003408,doi::10.1016/s0082-0784(06)80816-7,43,1,0.00885,0.016039614886767705
row-0003409,doi::10.1016/s0082-0784(06)80816-7,43,1,0.0076,0.015167715479176207
row-0003410,doi::10.1016/s0082-0784(06)80816-7,43,1,0.00741,0.016254501339594538
row-0003411,doi::10.1016/s0082-0784(06)80816-7,43,1,0.00648,0.01621392998201878
row-0003412,doi::10.1016/s0082-0784(06)80816-7,43,1,0.0064,0.016248364984972816
row-0003413,doi::10.1016/s0082-0784(06)80816-7,43,1,0.00602,0.016248364984972816
row-0003414,doi::10.1016/s0082-0784(06)80816-7,43,1,0.00591,0.016328280856873358
row-0003415,doi::10.1016/s0082-0784(06)80816-7,43,1,0.00553,0.016322506400218904
row-0003416,doi::10.1016/s0082-0784(06)80816-7,43,1,0.00549,0.01536637885646514
row-0003417,doi::10.1016/s0082-0784(06)80816-7,43,1,0.00395,0.015250543998978933
row-0003418,doi::10.1016/s0082-0784(06)80816-7,43,1,0.0057,0.01676323654627684
row-0003419,doi::10.1016/s0082-0784(06)80816-7,43,1,0.00504,0.01663200730238062
row-0003420,doi::10.1016/s0082-0784(06)80816-7,43,1,0.00507,0.016639399939743258
row-0003421,doi::10.1016/s0082-0784(06)80816-7,43,1,0.0046,0.016666442305334657
row-0003422,doi::10.1016/s0082-0784(06)80816-7,43,1,0.00335,0.016757803891520914
row-0003423,doi::10.1016/s0082-0784(06)80816-7,43,1,0.00317,0.015731022046045484
row-0003424,doi::10.1016/s0082-0784(06)80816-7,43,1,0.00395,0.016900898773526712
row-0003425,doi::10.1016/s0082-0784(06)80816-7,43,1,0.00289,0.01663200730238062
row-0004230,doi::10.1016/j.proci.2018.06.022,43,1,0.0016,0.0030990174173783245
row-0004231,doi::10.1016/j.proci.2018.06.022,43,1,0.0014,0.007939152474491
row-0004232,doi::10.1016/j.proci.2018.06.022,43,1,0.0001,0.0013315585782251909
row-0004233,doi::10.1016/j.proci.2018.06.022,43,1,0.00504,0.018825465615745673
row-0004234,doi::10.1016/j.proci.2018.06.022,43,1,0.00353,0.018830386052984767
row-0004235,doi::10.1016/j.proci.2018.06.022,43,1,0.00292,0.01883006758607203
row-0004236,doi::10.1016/j.proci.2018.06.022,43,1,0.00274,0.01883006758607203
row-0004237,doi::10.1016/j.proci.2018.06.022,43,1,0.00277,0.00907381062911121
row-0004238,doi::10.1016/j.proci.2018.06.022,43,1,0.00258,0.00907381062911121
row-0004239,doi::10.1016/j.proci.2018.06.022,43,1,0.00335,0.00907381062911121
row-0004240,doi::10.1016/j.proci.2018.06.022,43,1,0.0027,0.018806027160858354
row-0004241,doi::10.1016/j.proci.2018.06.022,43,1,0.00256,0.018806027160858354
row-0004242,doi::10.1016/j.proci.2018.06.022,43,1,0.00371,0.01880467410990931
row-0004243,doi::10.1016/j.proci.2018.06.022,43,1,0.0043,0.01880467410990931
row-0004244,doi::10.1016/j.proci.2018.06.022,43,1,0.00479,0.018840743754573484
row-0004245,doi::10.1016/j.proci.2018.06.022,43,1,0.00554,0.01887524260943505
row-0004246,doi::10.1016/j.proci.2018.06.022,43,1,0.00407,0.003992259967628559
row-0004247,doi::10.1016/j.proci.2018.06.022,43,1,0.00346,0.0038853358820314854
row-0004248,doi::10.1016/j.proci.2018.06.022,43,1,0.00281,0.0037499305888305714
row-0004249,doi::10.1016/j.proci.2018.06.022,43,1,0.00267,0.005466262963711946
row-0004250,doi::10.1016/j.proci.2018.06.022,43,1,0.00371,0.0037307044365385063
row-0004251,doi::10.1016/j.proci.2018.06.022,43,1,0.00404,0.0037307044365385063
row-0004252,doi::10.1016/j.proci.2018.06.022,43,1,0.00425,0.0038121421288554486
row-0004253,doi::10.1016/j.proci.2018.06.022,43,1,0.00501,0.003887797094579474
row-0004254,doi::10.1016/j.proci.2018.06.022,43,1,0.00505,0.0039430259196106595
row-0004255,doi::10.1016/j.proci.2018.06.022,43,1,0.00377,0.005009716388318571
row-0004256,doi::10.1016/j.proci.2018.06.022,43,1,0.00336,0.004773001418453449
row-0004257,doi::10.1016/j.proci.2018.06.022,43,1,0.00316,0.004707026410111862
row-0004258,doi::10.1016/j.proci.2018.06.022,43,1,0.00322,0.004707026410111862
row-0004259,doi::10.1016/j.proci.2018.06.022,43,1,0.00228,0.0059317166406751875
row-0004260,doi::10.1016/j.proci.2018.06.022,43,1,0.00327,0.004678440149699429
row-0004261,doi::10.1016/j.proci.2018.06.022,43,1,0.00355,0.004678440149699429
row-0004262,doi::10.1016/j.proci.2018.06.022,43,1,0.00421,0.004705057685800584
row-0004263,doi::10.1016/j.proci.2018.06.022,43,1,0.0045,0.004988176409094102
row-0004264,doi::10.1016/j.proci.2018.06.022,43,1,0.00422,0.004976482214269318
row-0004265,doi::10.1016/j.proci.2018.06.022,43,1,0.00485,0.005092316694964175
row-0004266,doi::10.1016/j.proci.2018.06.022,43,1,0.0035,0.005039502189769263
row-0004267,doi::10.1016/j.proci.2018.06.022,43,1,0.00371,0.004899278295809934
row-0004268,doi::10.1016/j.proci.2018.06.022,43,1,0.00346,0.004749986554708563
row-0004269,doi::10.1016/j.proci.2018.06.022,43,1,0.00294,0.006262283400266444
row-0004270,doi::10.1016/j.proci.2018.06.022,43,1,0.00425,0.004705314033856057
row-0004271,doi::10.1016/j.proci.2018.06.022,43,1,0.00488,0.004743665159834291
row-0004272,doi::10.1016/j.proci.2018.06.022,43,1,0.00535,0.004873908405673035
row-0004273,doi::10.1016/j.proci.2018.06.022,43,1,0.00582,0.004940340808539896
row-0004274,doi::10.1016/j.proci.2018.06.022,43,1,0.00278,0.003266658338197467
row-0004275,doi::10.1016/j.proci.2018.06.022,43,1,0.00269,0.0031382841866448154
row-0004276,doi::10.1016/j.proci.2018.06.022,43,1,0.00164,0.002985746027548039
row-0004277,doi::10.1016/j.proci.2018.06.022,43,1,0.00095,0.0051607305634724515
row-0004278,doi::10.1016/j.proci.2018.06.022,43,1,0.00238,0.00293811212881471
row-0004279,doi::10.1016/j.proci.2018.06.022,43,1,0.0032,0.0029475672929666352
row-0004280,doi::10.1016/j.proci.2018.06.022,43,1,0.00337,0.003001766825988505
row-0004281,doi::10.1016/j.proci.2018.06.022,43,1,0.00328,0.003020041798958525
row-0004282,doi::10.1016/j.proci.2018.06.022,43,1,0.00312,0.003020041798958525
row-0004283,doi::10.1016/j.proci.2018.06.022,43,1,0.00215,0.003205911297330232
row-0004284,doi::10.1016/j.proci.2018.06.022,43,1,0.00191,0.00312718736840187
row-0004285,doi::10.1016/j.proci.2018.06.022,43,1,0.00173,0.00312718736840187
row-0004286,doi::10.1016/j.proci.2018.06.022,43,1,0.00078,0.002973611097557909
row-0004287,doi::10.1016/j.proci.2018.06.022,43,1,0.00057,0.00478572325846136
row-0004288,doi::10.1016/j.proci.2018.06.022,43,1,0.00033,0.0046352807349636
row-0004289,doi::10.1016/j.proci.2018.06.022,43,1,0.00132,0.0029194292238922856
row-0004290,doi::10.1016/j.proci.2018.06.022,43,1,0.00146,0.002923870322601489
row-0004291,doi::10.1016/j.proci.2018.06.022,43,1,0.00193,0.0029390642427362715
row-0004292,doi::10.1016/j.proci.2018.06.022,43,1,0.00218,0.002953855714328889
row-0004293,doi::10.1016/j.proci.2018.06.022,43,1,0.00143,0.0025938727147099302
row-0004294,doi::10.1016/j.proci.2018.06.022,43,1,0.00145,0.0024855378616547566
row-0004295,doi::10.1016/j.proci.2018.06.022,43,1,0.00125,0.0024855378616547566
row-0004296,doi::10.1016/j.proci.2018.06.022,43,1,0.00152,0.0023863663225049733
row-0004297,doi::10.1016/j.proci.2018.06.022,43,1,0.00147,0.004306113094600303
row-0004298,doi::10.1016/j.proci.2018.06.022,43,1,0.00142,0.004306113094600303
row-0004299,doi::10.1016/j.proci.2018.06.022,43,1,0.002,0.0023743371795578857
row-0004300,doi::10.1016/j.proci.2018.06.022,43,1,0.00251,0.0023743371795578857
row-0004301,doi::10.1016/j.proci.2018.06.022,43,1,0.00268,0.0023901629864095256
row-0004302,doi::10.1016/j.proci.2018.06.022,43,1,0.00315,0.00239091142838254
row-0004303,doi::10.1016/j.proci.2018.06.022,43,1,0.00353,0.0024069375439837296
row-0004304,doi::10.1016/j.proci.2018.06.022,43,1,0.00371,0.0024069375439837296
row-0004305,doi::10.1016/j.proci.2018.06.022,43,1,0.00283,0.0012804071318719822
row-0004306,doi::10.1016/j.proci.2018.06.022,43,1,0.00193,0.0012804071318719822
row-0004307,doi::10.1016/j.proci.2018.06.022,43,1,0.00047,0.0012804071318719822
row-0004308,doi::10.1016/j.proci.2018.06.022,43,1,0.00101,0.0011008799399624045
row-0004309,doi::10.1016/j.proci.2018.06.022,43,1,0.00092,0.0008902815762717815
row-0004310,doi::10.1016/j.proci.2018.06.022,43,1,0.00045,0.0008902815762717815
row-0004313,doi::10.1038/s41598-017-18398-4,43,1,0.00159,0.0008673372129570318
row-0004314,doi::10.1038/s41598-017-18398-4,43,1,0.00173,0.0008707751136467903
row-0004315,doi::10.1038/s41598-017-18398-4,43,1,0.00178,0.0008707751136467903
row-0004316,doi::10.1038/s41598-017-18398-4,43,1,0.00229,0.0008752358465291159
row-0004317,doi::10.1038/s41598-017-18398-4,43,1,0.00254,0.0008741890044238527
row-0004318,doi::10.1038/s41598-017-18398-4,43,1,0.00262,0.0009007147046106478
row-0004319,doi::10.1038/s41598-017-18398-4,43,1,0.00184,0.0009007147046106478
row-0004320,doi::10.1038/s41598-017-18398-4,43,1,0.00175,0.0009007147046106478
row-0004321,doi::10.1038/s41598-017-18398-4,43,1,0.00169,0.0009007147046106478
row-0004322,doi::10.1038/s41598-017-18398-4,43,1,0.00148,0.001938295451197658
row-0004323,doi::10.1038/s41598-017-18398-4,43,1,0.00103,0.001938295451197658
row-0004324,doi::10.1038/s41598-017-18398-4,43,1,0.00045,0.001946127032308248
row-0004325,doi::10.1038/s41598-017-18398-4,43,1,0.00153,0.0017453656001393434
row-0004326,doi::10.1038/s41598-017-18398-4,43,1,0.00114,0.0017453656001393434
row-0004327,doi::10.1038/s41598-017-18398-4,43,1,0.00119,0.0014638939403631998
row-0004328,doi::10.1038/s41598-017-18398-4,43,1,0.00097,0.0014695122233258692
row-0004329,doi::10.1038/s41598-017-18398-4,43,1,0.00063,0.004105427125963842
row-0004330,doi::10.1038/s41598-017-18398-4,43,1,0.0004,0.004321961355398217
row-0004331,doi::10.1038/s41598-017-18398-4,43,1,0.00151,0.001422930425970168
row-0004332,doi::10.1038/s41598-017-18398-4,43,1,0.00163,0.00143264214181791
row-0004333,doi::10.1038/s41598-017-18398-4,43,1,0.00196,0.0014511260105259348
row-0004334,doi::10.1038/s41598-017-18398-4,43,1,0.00141,0.0014983163121489052
row-0004335,doi::10.1038/s41598-017-18398-4,43,1,0.00087,0.0011872874921118753
row-0004339,doi::10.1038/s41598-017-18398-4,43,1,0.0009,0.0012083188165411649
row-0004340,doi::10.1038/s41598-017-18398-4,43,1,0.00058,0.0012083188165411649
row-0004341,doi::10.1038/s41598-017-18398-4,43,1,0.00086,0.0012145094121734288
row-0004342,doi::10.1038/s41598-017-18398-4,43,1,0.00119,0.0012344648230777394
row-0005044,doi::10.1016/j.combustflame.2019.03.040,43,1,0.00015,0.0004076885714237699
row-0005045,doi::10.1016/j.combustflame.2019.03.040,43,1,0.0001,0.00035122465616012127
row-0005046,doi::10.1016/j.combustflame.2019.03.040,43,1,4e-05,0.0003385437361424823
row-0005048,doi::10.1016/j.combustflame.2019.03.040,43,1,0.00014,0.00036043628961960527
row-0005049,doi::10.1016/j.combustflame.2019.03.040,43,1,0.0001,0.0003093605832798631
row-0005050,doi::10.1016/j.combustflame.2019.03.040,43,1,2e-05,0.00029904575221773017
row-0005052,doi::10.1016/j.combustflame.2019.03.040,43,1,3e-05,0.00025007751767316207
row-0005053,doi::10.1016/j.combustflame.2019.03.040,43,1,2e-05,0.00022359867895096629
row-0000133,doi::10.1016/j.proci.2016.06.025,43,2,0.0004,0.0016251936616653879
row-0000134,doi::10.1016/j.proci.2016.06.025,43,2,0.0017,0.0017300192775291502
row-0000135,doi::10.1016/j.proci.2016.06.025,43,2,0.0019,0.0017908371357495212
row-0000136,doi::10.1016/j.proci.2016.06.025,43,2,0.002,0.0018407613620230264
row-0000137,doi::10.1016/j.proci.2016.06.025,43,2,0.0021,0.0018509999085788674
row-0000138,doi::10.1016/j.proci.2016.06.025,43,2,0.002,0.001850221062425021
row-0000139,doi::10.1016/j.proci.2016.06.025,43,2,0.00195,0.0018176477522458018
row-0000140,doi::10.1016/j.proci.2016.06.025,43,2,0.0017,0.0018145601663872159
row-0000141,doi::10.1016/j.proci.2016.06.025,43,2,0.0012,0.0018145601663872159
row-0000142,doi::10.1016/j.proci.2016.06.025,43,2,0.0007,0.0018145601663872159
row-0000143,doi::10.1016/j.proci.2016.06.025,43,2,0.0004,0.0013905990251337217
row-0000144,doi::10.1016/j.proci.2016.06.025,43,2,0.001,0.001407533233689164
row-0000145,doi::10.1016/j.proci.2016.06.025,43,2,0.0011,0.0014308768378430143
row-0000146,doi::10.1016/j.proci.2016.06.025,43,2,0.0013,0.0014541147125121862
row-0000147,doi::10.1016/j.proci.2016.06.025,43,2,0.00135,0.001457948954936429
row-0000148,doi::10.1016/j.proci.2016.06.025,43,2,0.00145,0.001456165346877821
row-0000149,doi::10.1016/j.proci.2016.06.025,43,2,0.0014,0.001417505069878629
row-0000150,doi::10.1016/j.proci.2016.06.025,43,2,0.0011,0.0014144174840200433
row-0000151,doi::10.1016/j.proci.2016.06.025,43,2,0.0009,0.0014144174840200433
row-0000152,doi::10.1016/j.proci.2016.06.025,43,2,0.0007,0.0014144174840200433
row-0000453,doi::10.1016/j.combustflame.2020.07.044,43,2,0.00145,0.0015500798048339844
row-0000454,doi::10.1016/j.combustflame.2020.07.044,43,2,0.00124,0.0015419369174297158
row-0000455,doi::10.1016/j.combustflame.2020.07.044,43,2,0.00129,0.0016872645404050633
row-0000456,doi::10.1016/j.combustflame.2020.07.044,43,2,0.00127,0.0017392795547657098
row-0000457,doi::10.1016/j.combustflame.2020.07.044,43,2,0.00136,0.0017392795547657098
row-0000458,doi::10.1016/j.combustflame.2020.07.044,43,2,0.00122,0.0018662386020311262
row-0000459,doi::10.1016/j.combustflame.2020.07.044,43,2,0.0012,0.001863902264129926
row-0000460,doi::10.1016/j.combustflame.2020.07.044,43,2,0.00123,0.0019227849457715959
row-0000461,doi::10.1016/j.combustflame.2020.07.044,43,2,0.00171,0.0015664013445430276
row-0000462,doi::10.1016/j.combustflame.2020.07.044,43,2,0.00146,0.001561305462099474
row-0000463,doi::10.1016/j.combustflame.2020.07.044,43,2,0.00139,0.001558739652427939
row-0000464,doi::10.1016/j.combustflame.2020.07.044,43,2,0.00123,0.0015594315773625744
row-0000465,doi::10.1016/j.combustflame.2020.07.044,43,2,0.00137,0.0015607089654744138
row-0000466,doi::10.1016/j.combustflame.2020.07.044,43,2,0.00135,0.00156840154706834
row-0000467,doi::10.1016/j.combustflame.2020.07.044,43,2,0.00129,0.0015905166189692846
row-0000468,doi::10.1016/j.combustflame.2020.07.044,43,2,0.00134,0.0016471591197177212
row-0000469,doi::10.1016/j.combustflame.2020.07.044,43,2,0.0013,0.0017473241493284623
row-0000470,doi::10.1016/j.combustflame.2020.07.044,43,2,0.00135,0.0018739606492254575
row-0000471,doi::10.1016/j.combustflame.2020.07.044,43,2,0.00121,0.0019308295403343485
row-0000472,doi::10.1016/j.combustflame.2020.07.044,43,2,0.00149,0.0015755760531044238
row-0000473,doi::10.1016/j.combustflame.2020.07.044,43,2,0.00154,0.0015676925777403765
row-0000474,doi::10.1016/j.combustflame.2020.07.044,43,2,0.00135,0.0015681607854455693
row-0000475,doi::10.1016/j.combustflame.2020.07.044,43,2,0.00131,0.0015656667852067072
row-0000476,doi::10.1016/j.combustflame.2020.07.044,43,2,0.00133,0.0015734506698534647
row-0000477,doi::10.1016/j.combustflame.2020.07.044,43,2,0.00131,0.0017587428053212574
row-0000478,doi::10.1016/j.combustflame.2020.07.044,43,2,0.00167,0.0016559453216048595
row-0000479,doi::10.1016/j.combustflame.2020.07.044,43,2,0.00165,0.0016426624847283846
row-0000480,doi::10.1016/j.combustflame.2020.07.044,43,2,0.00154,0.0016390827973303602
row-0000481,doi::10.1016/j.combustflame.2020.07.044,43,2,0.0014,0.0016447952345842014
row-0000482,doi::10.1016/j.combustflame.2020.07.044,43,2,0.00108,0.0015394218276717224
row-0000483,doi::10.1016/j.combustflame.2020.07.044,43,2,0.00111,0.0015332822656406722
row-0000484,doi::10.1016/j.combustflame.2020.07.044,43,2,0.00119,0.001578688207283931
row-0000485,doi::10.1016/j.combustflame.2020.07.044,43,2,0.00131,0.0016783171823011238
row-0000486,doi::10.1016/j.combustflame.2020.07.044,43,2,0.00115,0.0017296000072235288
row-0000487,doi::10.1016/j.combustflame.2020.07.044,43,2,0.00111,0.001856559054488945
row-0000488,doi::10.1016/j.combustflame.2020.07.044,43,2,0.00106,0.0019131053982294147
row-0000489,doi::10.1016/j.combustflame.2020.07.044,43,2,0.00131,0.0015525735258469001
row-0000490,doi::10.1016/j.combustflame.2020.07.044,43,2,0.00136,0.0015500594849372118
row-0000491,doi::10.1016/j.combustflame.2020.07.044,43,2,0.0012,0.0015482207992995381
row-0000492,doi::10.1016/j.combustflame.2020.07.044,43,2,0.00136,0.0015511079097605583
row-0000493,doi::10.1016/j.combustflame.2020.07.044,43,2,0.00126,0.0015523149472593124
row-0000494,doi::10.1016/j.combustflame.2020.07.044,43,2,0.00135,0.00156146968330488
row-0000495,doi::10.1016/j.combustflame.2020.07.044,43,2,0.00122,0.001586612801846684
row-0000496,doi::10.1016/j.combustflame.2020.07.044,43,2,0.00125,0.001586612801846684
row-0000497,doi::10.1016/j.combustflame.2020.07.044,43,2,0.00126,0.0016382869721755405
row-0000498,doi::10.1016/j.combustflame.2020.07.044,43,2,0.00127,0.0017375246017862815
row-0000499,doi::10.1016/j.combustflame.2020.07.044,43,2,0.00125,0.0018641611016832762
row-0000500,doi::10.1016/j.combustflame.2020.07.044,43,2,0.00122,0.0019210299927921671
row-0000501,doi::10.1016/j.combustflame.2020.07.044,43,2,0.0014,0.0015664541434228544
row-0000502,doi::10.1016/j.combustflame.2020.07.044,43,2,0.00135,0.0015619320099934052
row-0000503,doi::10.1016/j.combustflame.2020.07.044,43,2,0.00143,0.0015605649760649766
row-0000504,doi::10.1016/j.combustflame.2020.07.044,43,2,0.00142,0.0015605649760649766
row-0000505,doi::10.1016/j.combustflame.2020.07.044,43,2,0.00142,0.0015580709758261147
row-0000506,doi::10.1016/j.combustflame.2020.07.044,43,2,0.00134,0.0015666927272729684
row-0000507,doi::10.1016/j.combustflame.2020.07.044,43,2,0.00137,0.0017594390486058964
row-0000508,doi::10.1016/j.combustflame.2020.07.044,43,2,0.00137,0.0019421652971149353
row-0000509,doi::10.1016/j.combustflame.2020.07.044,43,2,0.00153,0.0016371475336179459
row-0000510,doi::10.1016/j.combustflame.2020.07.044,43,2,0.00142,0.00163298287334867
row-0000511,doi::10.1016/j.combustflame.2020.07.044,43,2,0.00146,0.00163353364590849
row-0000512,doi::10.1016/j.combustflame.2020.07.044,43,2,0.0014,0.0016306984028234017
row-0000513,doi::10.1016/j.combustflame.2020.07.044,43,2,0.00146,0.0016306984028234017
row-0000514,doi::10.1016/j.combustflame.2020.07.044,43,2,0.00146,0.0016363164826494532
row-0000515,doi::10.1016/j.combustflame.2020.07.044,43,2,0.00141,0.0018218390945351558
row-0000516,doi::10.1016/j.combustflame.2020.07.044,43,2,0.00131,0.002004887890412616
row-0000517,doi::10.1016/j.combustflame.2020.07.044,43,2,0.00108,0.0015395969325668274
row-0000518,doi::10.1016/j.combustflame.2020.07.044,43,2,0.00111,0.0015339557667848368
row-0000519,doi::10.1016/j.combustflame.2020.07.044,43,2,0.00123,0.0016783171823011238
row-0000520,doi::10.1016/j.combustflame.2020.07.044,43,2,0.00118,0.0017296000072235288
row-0000521,doi::10.1016/j.combustflame.2020.07.044,43,2,0.00112,0.0017296000072235288
row-0000522,doi::10.1016/j.combustflame.2020.07.044,43,2,0.00112,0.001856559054488945
row-0000523,doi::10.1016/j.combustflame.2020.07.044,43,2,0.00111,0.0018542227165877446
row-0000524,doi::10.1016/j.combustflame.2020.07.044,43,2,0.00115,0.0019131053982294147
row-0000525,doi::10.1016/j.combustflame.2020.07.044,43,2,0.00134,0.0015503305911077298
row-0000526,doi::10.1016/j.combustflame.2020.07.044,43,2,0.00137,0.0015502345898323168
row-0000527,doi::10.1016/j.combustflame.2020.07.044,43,2,0.00121,0.0015502345898323168
row-0000528,doi::10.1016/j.combustflame.2020.07.044,43,2,0.00119,0.0015507032122642679
row-0000529,doi::10.1016/j.combustflame.2020.07.044,43,2,0.00115,0.0015520610484034772
row-0000530,doi::10.1016/j.combustflame.2020.07.044,43,2,0.00127,0.0015555739528853
row-0000531,doi::10.1016/j.combustflame.2020.07.044,43,2,0.00132,0.0015807170714271037
row-0000532,doi::10.1016/j.combustflame.2020.07.044,43,2,0.00109,0.0017375246017862815
row-0000533,doi::10.1016/j.combustflame.2020.07.044,43,2,0.00118,0.0018641611016832762
row-0000534,doi::10.1016/j.combustflame.2020.07.044,43,2,0.00136,0.0015619320099934052
row-0000535,doi::10.1016/j.combustflame.2020.07.044,43,2,0.00133,0.0015601602785686867
row-0000536,doi::10.1016/j.combustflame.2020.07.044,43,2,0.00132,0.0015576662783298246
row-0000537,doi::10.1016/j.combustflame.2020.07.044,43,2,0.00127,0.001566113004241309
row-0000538,doi::10.1016/j.combustflame.2020.07.044,43,2,0.00127,0.0017594390486058964
row-0000539,doi::10.1016/j.combustflame.2020.07.044,43,2,0.00129,0.0019426455068210188
row-0000540,doi::10.1016/j.combustflame.2020.07.044,43,2,0.00141,0.001632257422284832
row-0000541,doi::10.1016/j.combustflame.2020.07.044,43,2,0.00141,0.0016317103623837306
row-0000542,doi::10.1016/j.combustflame.2020.07.044,43,2,0.00157,0.001631182936303096
row-0000543,doi::10.1016/j.combustflame.2020.07.044,43,2,0.00151,0.0016287849201087638
row-0000636,doi::10.1016/s0082-0784(98)80102-1,43,2,0.0042,0.003696856942151486
row-0000675,citation::kimzey john howard flammability during weightlessness nasa technical memorandum nasa tm x 58001 may 1966,43,2,0.01524,0.02020697319684976
row-0000676,citation::kimzey john howard flammability during weightlessness nasa technical memorandum nasa tm x 58001 may 1966,43,2,0.01778,0.02338239452812855
row-0000677,citation::kimzey john howard flammability during weightlessness nasa technical memorandum nasa tm x 58001 may 1966,43,2,0.00203,0.019520251914987238
row-0000678,citation::kimzey john howard flammability during weightlessness nasa technical memorandum nasa tm x 58001 may 1966,43,2,0.00381,0.022764957507925936
row-0000681,citation::kimzey john howard flammability during weightlessness nasa technical memorandum nasa tm x 58001 may 1966,43,2,0.00508,0.012935505362839873
row-0000682,citation::kimzey john howard flammability during weightlessness nasa technical memorandum nasa tm x 58001 may 1966,43,2,0.01016,0.016968196989937203
row-0000683,citation::kimzey john howard flammability during weightlessness nasa technical memorandum nasa tm x 58001 may 1966,43,2,0.00254,0.011917243321614401
row-0000691,citation::kimzey john howard flammability during weightlessness nasa technical memorandum nasa tm x 58001 may 1966,43,2,0.01524,0.013645585861448553
row-0000692,citation::kimzey john howard flammability during weightlessness nasa technical memorandum nasa tm x 58001 may 1966,43,2,0.01778,0.017414145822214632
row-0000694,citation::kimzey john howard flammability during weightlessness nasa technical memorandum nasa tm x 58001 may 1966,43,2,0.00203,0.012593718274768538
row-0000695,citation::kimzey john howard flammability during weightlessness nasa technical memorandum nasa tm x 58001 may 1966,43,2,0.00381,0.016473222484739654
row-0000696,citation::kimzey john howard flammability during weightlessness nasa technical memorandum nasa tm x 58001 may 1966,43,2,0.00102,0.0005439915369432798
row-0000697,citation::kimzey john howard flammability during weightlessness nasa technical memorandum nasa tm x 58001 may 1966,43,2,0.0127,0.012935505362839873
row-0000698,citation::kimzey john howard flammability during weightlessness nasa technical memorandum nasa tm x 58001 may 1966,43,2,0.02794,0.016968196989937203
row-0000700,citation::kimzey john howard flammability during weightlessness nasa technical memorandum nasa tm x 58001 may 1966,43,2,0.00203,0.011917243321614401
row-0000704,doi::10.1016/j.combustflame.2008.05.023,43,2,0.002,0.012292087472056349
row-0000705,doi::10.1016/j.combustflame.2008.05.023,43,2,0.0018,0.012292087472056349
row-0000706,doi::10.1016/j.combustflame.2008.05.023,43,2,0.0021,0.012128637985380697
row-0000707,doi::10.1016/j.combustflame.2008.05.023,43,2,0.0016,0.012128637985380697
row-0000708,doi::10.1016/j.combustflame.2008.05.023,43,2,0.0026,0.012125708420163306
row-0000710,doi::10.1016/j.combustflame.2008.05.023,43,2,0.0027,0.012125708420163306
row-0000711,doi::10.1016/j.combustflame.2008.05.023,43,2,0.0028,0.012128637985380697
row-0000712,doi::10.1016/j.combustflame.2008.05.023,43,2,0.0029,0.012128637985380697
row-0000713,doi::10.1016/j.combustflame.2008.05.023,43,2,0.0029,0.012674367572267347
row-0000714,doi::10.1016/j.combustflame.2008.05.023,43,2,0.0032,0.012125708420163306
row-0000715,doi::10.1016/j.combustflame.2008.05.023,43,2,0.0029,0.012128637985380697
row-0000716,doi::10.1016/j.combustflame.2008.05.023,43,2,0.0041,0.012125708420163306
row-0000717,doi::10.1016/j.combustflame.2008.05.023,43,2,0.0042,0.012125708420163306
row-0000718,doi::10.1016/j.combustflame.2008.05.023,43,2,0.0048,0.012798708526029956
row-0000719,doi::10.1016/j.combustflame.2008.05.023,43,2,0.0044,0.012125708420163306
row-0000720,doi::10.1016/j.combustflame.2008.05.023,43,2,0.0042,0.012246860519675397
row-0000721,doi::10.1016/j.combustflame.2008.05.023,43,2,0.0044,0.012246860519675397
row-0000722,doi::10.1016/j.combustflame.2008.05.023,43,2,0.0047,0.012246860519675397
row-0000723,doi::10.1016/j.combustflame.2008.05.023,43,2,0.0051,0.012246860519675397
row-0000724,doi::10.1016/j.combustflame.2008.05.023,43,2,0.0012,0.013019158212855873
row-0000725,doi::10.1016/j.combustflame.2008.05.023,43,2,0.0019,0.012962747536476697
row-0000726,doi::10.1016/j.combustflame.2008.05.023,43,2,0.0021,0.012962747536476697
row-0000727,doi::10.1016/j.combustflame.2008.05.023,43,2,0.0025,0.012962747536476697
row-0000728,doi::10.1016/j.combustflame.2008.05.023,43,2,0.0015,0.013079973761862911
row-0000729,doi::10.1016/j.combustflame.2008.05.023,43,2,0.0016,0.013079973761862911
row-0000730,doi::10.1016/j.combustflame.2008.05.023,43,2,0.002,0.013079973761862911
row-0000731,doi::10.1016/j.combustflame.2008.05.023,43,2,0.0024,0.013079973761862911
row-0000732,doi::10.1016/j.combustflame.2008.05.023,43,2,0.0022,0.013567401881201285
row-0000733,doi::10.1016/j.combustflame.2008.05.023,43,2,0.0024,0.013567401881201285
row-0000734,doi::10.1016/j.combustflame.2008.05.023,43,2,0.0033,0.013567401881201285
row-0000735,doi::10.1016/j.combustflame.2008.05.023,43,2,0.0028,0.012898012489325851
row-0000736,doi::10.1016/j.combustflame.2008.05.023,43,2,0.0032,0.012797700948080866
row-0000737,doi::10.1016/j.combustflame.2008.05.023,43,2,0.0041,0.013292740036750246
row-0000738,doi::10.1016/j.combustflame.2008.05.023,43,2,0.0044,0.013292740036750246
row-0000739,doi::10.1016/j.combustflame.2008.05.023,43,2,0.0037,0.012653622426020963
row-0000740,doi::10.1016/j.combustflame.2008.05.023,43,2,0.004,0.012653622426020963
row-0000741,doi::10.1016/j.combustflame.2008.05.023,43,2,0.0044,0.012653622426020963
row-0000742,doi::10.1016/j.combustflame.2008.05.023,43,2,0.0049,0.013027111961211821
row-0000743,doi::10.1016/j.combustflame.2008.05.023,43,2,0.0051,0.012597857017100133
row-0000744,doi::10.1016/j.combustflame.2008.05.023,43,2,0.006,0.012762960962963345
row-0000745,doi::10.1016/j.combustflame.2008.05.023,43,2,0.0009,0.012929590155334422
row-0000746,doi::10.1016/j.combustflame.2008.05.023,43,2,0.0015,0.012391057024194083
row-0000747,doi::10.1016/j.combustflame.2008.05.023,43,2,0.0019,0.012371200357527418
row-0000748,doi::10.1016/j.combustflame.2008.05.023,43,2,0.002,0.012371200357527418
row-0000749,doi::10.1016/j.combustflame.2008.05.023,43,2,0.0025,0.012455848549781998
row-0000750,doi::10.1016/j.combustflame.2008.05.023,43,2,0.0029,0.012455848549781998
row-0000751,doi::10.1016/j.combustflame.2008.05.023,43,2,0.0035,0.012332075285028919
row-0000752,doi::10.1016/j.combustflame.2008.05.023,43,2,0.0036,0.012332075285028919
row-0000753,doi::10.1016/j.combustflame.2008.05.023,43,2,0.0038,0.012332075285028919
row-0000754,doi::10.1016/j.combustflame.2008.05.023,43,2,0.0039,0.012332075285028919
row-0000755,doi::10.1016/j.combustflame.2008.05.023,43,2,0.0045,0.012332075285028919
row-0000756,doi::10.1016/j.combustflame.2008.05.023,43,2,0.0049,0.012332075285028919
row-0000757,doi::10.1016/j.combustflame.2008.05.023,43,2,0.0032,0.01226919682327986
row-0000758,doi::10.1016/j.combustflame.2008.05.023,43,2,0.0039,0.012126650486804808
row-0000759,doi::10.1016/j.combustflame.2008.05.023,43,2,0.0045,0.011675707465724008
row-0000761,doi::10.1016/j.combustflame.2008.05.023,43,2,0.0046,0.010924137841838991
row-0002281,citation::mell w e s l olson and t kashiwagi flame spread along free edges of thermally thin samples in 0 proceedings of the combustion institute vol 28 no 2 2000 pp 2843 2849,43,2,0.00325,0.023998190271856703
row-0002282,citation::mell w e s l olson and t kashiwagi flame spread along free edges of thermally thin samples in 0 proceedings of the combustion institute vol 28 no 2 2000 pp 2843 2849,43,2,0.0023,0.024032446362680985
row-0002283,citation::mell w e s l olson and t kashiwagi flame spread along free edges of thermally thin samples in 0 proceedings of the combustion institute vol 28 no 2 2000 pp 2843 2849,43,2,0.00145,0.009973253704905278
row-0002284,citation::mell w e s l olson and t kashiwagi flame spread along free edges of thermally thin samples in 0 proceedings of the combustion institute vol 28 no 2 2000 pp 2843 2849,43,2,0.00125,0.009977684310965886
row-0002286,citation::mell w e s l olson and t kashiwagi flame spread along free edges of thermally thin samples in 0 proceedings of the combustion institute vol 28 no 2 2000 pp 2843 2849,43,2,0.0023,0.00901046963845565
row-0002287,citation::mell w e s l olson and t kashiwagi flame spread along free edges of thermally thin samples in 0 proceedings of the combustion institute vol 28 no 2 2000 pp 2843 2849,43,2,0.0021,0.00901089463845565
row-0002288,citation::mell w e s l olson and t kashiwagi flame spread along free edges of thermally thin samples in 0 proceedings of the combustion institute vol 28 no 2 2000 pp 2843 2849,43,2,0.0018,0.00901089463845565
row-0002289,citation::mell w e s l olson and t kashiwagi flame spread along free edges of thermally thin samples in 0 proceedings of the combustion institute vol 28 no 2 2000 pp 2843 2849,43,2,0.0022,0.009350056954308763
row-0002290,citation::mell w e s l olson and t kashiwagi flame spread along free edges of thermally thin samples in 0 proceedings of the combustion institute vol 28 no 2 2000 pp 2843 2849,43,2,0.002,0.01008294055545587
row-0002291,citation::mell w e s l olson and t kashiwagi flame spread along free edges of thermally thin samples in 0 proceedings of the combustion institute vol 28 no 2 2000 pp 2843 2849,43,2,0.0019,0.010081450687034817
row-0002292,citation::mell w e s l olson and t kashiwagi flame spread along free edges of thermally thin samples in 0 proceedings of the combustion institute vol 28 no 2 2000 pp 2843 2849,43,2,0.0013,0.010678204686364311
row-0002297,citation::meyer florian jan hei meier hans christoph ries and christian eigenbrod sooting behavior in concurrent and upward burning of cylindrical pmma samples 52nd international conference on environmental systems ices 2023 171 calgary canada 16 20 july 2023,43,2,0.00274,0.00045154155156968133
row-0002298,citation::meyer florian jan hei meier hans christoph ries and christian eigenbrod sooting behavior in concurrent and upward burning of cylindrical pmma samples 52nd international conference on environmental systems ices 2023 171 calgary canada 16 20 july 2023,43,2,0.00212,0.0004440688920919865
row-0002299,citation::meyer florian jan hei meier hans christoph ries and christian eigenbrod sooting behavior in concurrent and upward burning of cylindrical pmma samples 52nd international conference on environmental systems ices 2023 171 calgary canada 16 20 july 2023,43,2,0.00138,0.021823639717301415
row-0002300,citation::meyer florian jan hei meier hans christoph ries and christian eigenbrod sooting behavior in concurrent and upward burning of cylindrical pmma samples 52nd international conference on environmental systems ices 2023 171 calgary canada 16 20 july 2023,43,2,0.00197,0.021801216296888484
row-0002301,citation::meyer florian jan hei meier hans christoph ries and christian eigenbrod sooting behavior in concurrent and upward burning of cylindrical pmma samples 52nd international conference on environmental systems ices 2023 171 calgary canada 16 20 july 2023,43,2,0.00123,0.026214337645049365
row-0002302,citation::meyer florian jan hei meier hans christoph ries and christian eigenbrod sooting behavior in concurrent and upward burning of cylindrical pmma samples 52nd international conference on environmental systems ices 2023 171 calgary canada 16 20 july 2023,43,2,0.00189,0.026192395505693876
row-0002596,citation::nishizawa et al 2003 effect of low external flow on flame spreading over etfe wire under microgravity,43,2,0.0019,0.003737169798895252
row-0002597,citation::nishizawa et al 2003 effect of low external flow on flame spreading over etfe wire under microgravity,43,2,0.003,0.003763945354303831
row-0002598,citation::nishizawa et al 2003 effect of low external flow on flame spreading over etfe wire under microgravity,43,2,0.0019,0.003762768019730762
row-0002599,citation::nishizawa et al 2003 effect of low external flow on flame spreading over etfe wire under microgravity,43,2,0.0016,0.0037648802206876994
row-0002600,citation::nishizawa et al 2003 effect of low external flow on flame spreading over etfe wire under microgravity,43,2,0.0017,0.0037622074970723954
row-0002601,citation::nishizawa et al 2003 effect of low external flow on flame spreading over etfe wire under microgravity,43,2,0.0018,0.0037418371676396236
row-0002602,citation::nishizawa et al 2003 effect of low external flow on flame spreading over etfe wire under microgravity,43,2,0.0019,0.0037418371676396236
row-0002603,citation::nishizawa et al 2003 effect of low external flow on flame spreading over etfe wire under microgravity,43,2,0.0025,0.003917432516844902
row-0002604,citation::nishizawa et al 2003 effect of low external flow on flame spreading over etfe wire under microgravity,43,2,0.0032,0.003964738613452816
row-0002605,citation::nishizawa et al 2003 effect of low external flow on flame spreading over etfe wire under microgravity,43,2,0.0027,0.003969706832629918
row-0002606,citation::nishizawa et al 2003 effect of low external flow on flame spreading over etfe wire under microgravity,43,2,0.0026,0.003969706832629918
row-0002607,citation::nishizawa et al 2003 effect of low external flow on flame spreading over etfe wire under microgravity,43,2,0.0027,0.003946226989344075
row-0002608,doi::10.1016/j.combustflame.2009.01.015,43,2,0.00088,0.0015857834161966701
row-0002609,doi::10.1016/j.combustflame.2009.01.015,43,2,0.00083,0.0015863113109335122
row-0002610,doi::10.1016/j.combustflame.2009.01.015,43,2,0.00072,0.0015863113109335122
row-0002611,doi::10.1016/j.combustflame.2009.01.015,43,2,0.00065,0.0015863113109335122
row-0002612,doi::10.1016/j.combustflame.2009.01.015,43,2,0.0006,0.0015863113109335122
row-0002613,doi::10.1016/j.combustflame.2009.01.015,43,2,0.00082,0.0015916938787187158
row-0002614,doi::10.1016/j.combustflame.2009.01.015,43,2,0.00076,0.0015916938787187158
row-0002615,doi::10.1016/j.combustflame.2009.01.015,43,2,0.0013,0.001616499431962426
row-0002616,doi::10.1016/j.combustflame.2009.01.015,43,2,0.0012,0.001616499431962426
row-0002617,doi::10.1016/j.combustflame.2009.01.015,43,2,0.0011,0.001616499431962426
row-0002619,doi::10.1016/j.combustflame.2009.01.015,43,2,0.00098,0.001616499431962426
row-0002620,doi::10.1016/j.combustflame.2009.01.015,43,2,0.00093,0.0016154603515026562
row-0002621,doi::10.1016/j.combustflame.2009.01.015,43,2,0.00086,0.0016154603515026562
row-0002622,doi::10.1016/j.combustflame.2009.01.015,43,2,0.00083,0.0016154603515026562
row-0002623,doi::10.1016/j.combustflame.2009.01.015,43,2,0.0014,0.0016200258610659314
row-0002624,doi::10.1016/j.combustflame.2009.01.015,43,2,0.0012,0.0016200258610659314
row-0002625,doi::10.1016/j.combustflame.2009.01.015,43,2,0.0011,0.0016200258610659314
row-0002626,doi::10.1016/j.combustflame.2009.01.015,43,2,0.001,0.0016200258610659314
row-0002627,doi::10.1016/j.combustflame.2009.01.015,43,2,0.00088,0.0016200258610659314
row-0002628,doi::10.1016/j.combustflame.2009.01.015,43,2,0.0011,0.0016242563765930386
row-0002629,doi::10.1016/j.combustflame.2009.01.015,43,2,0.00092,0.0016242563765930386
row-0002630,doi::10.1016/j.combustflame.2009.01.015,43,2,0.00072,0.0016242563765930386
row-0002631,doi::10.1016/j.combustflame.2009.01.015,43,2,0.0027,0.0016710236546476334
row-0002632,doi::10.1016/j.combustflame.2009.01.015,43,2,0.0025,0.0016591045892755125
row-0002633,doi::10.1016/j.combustflame.2009.01.015,43,2,0.0024,0.0016591045892755125
row-0002634,doi::10.1016/j.combustflame.2009.01.015,43,2,0.0026,0.0016426411176143718
row-0002636,doi::10.1016/j.combustflame.2009.01.015,43,2,0.0024,0.0015783331212078343
row-0002637,doi::10.1016/j.combustflame.2009.01.015,43,2,0.0023,0.0015783331212078343
row-0002638,doi::10.1016/j.combustflame.2009.01.015,43,2,0.0006,0.0016159941982082768
row-0002639,doi::10.1016/j.combustflame.2009.01.015,43,2,0.001,0.001646572117352753
row-0002640,doi::10.1016/j.combustflame.2009.01.015,43,2,0.00042,0.0016830465223076686
row-0002641,doi::10.1016/j.combustflame.2009.01.015,43,2,0.00015,0.0016363615485439707
row-0002642,doi::10.1016/j.combustflame.2009.01.015,43,2,0.0,0.0016363615485439707
row-0002643,doi::10.1016/j.combustflame.2009.01.015,43,2,0.00082,0.0016563901120001912
row-0002644,doi::10.1016/j.combustflame.2009.01.015,43,2,1e-05,0.001661167101787681
row-0002645,doi::10.1016/j.combustflame.2009.01.015,43,2,0.00086,0.0016646935308911863
row-0002646,doi::10.1016/j.combustflame.2009.01.015,43,2,0.0008,0.0016646935308911863
row-0002647,doi::10.1016/j.combustflame.2009.01.015,43,2,0.00072,0.0016646935308911863
row-0002648,doi::10.1016/j.combustflame.2009.01.015,43,2,0.0014,0.0016709239386015818
row-0002649,doi::10.1016/j.combustflame.2009.01.015,43,2,0.00089,0.0016709239386015818
row-0002650,doi::10.1016/j.combustflame.2009.01.015,43,2,0.00063,0.0016709239386015818
row-0002651,doi::10.1016/j.combustflame.2009.01.015,43,2,0.00062,0.0016709239386015818
row-0002652,doi::10.1016/j.combustflame.2009.01.015,43,2,0.00061,0.0016669713592673777
row-0002653,doi::10.1016/j.combustflame.2009.01.015,43,2,0.0011,0.0017035753411008753
row-0002655,doi::10.1016/j.combustflame.2009.01.015,43,2,0.00098,0.0017035753411008753
row-0002656,doi::10.1016/j.combustflame.2009.01.015,43,2,0.00094,0.0017035753411008753
row-0002657,doi::10.1016/j.combustflame.2009.01.015,43,2,0.00086,0.0017035753411008753
row-0002658,doi::10.1016/j.combustflame.2009.01.015,43,2,0.00073,0.0017017375633230976
row-0002659,doi::10.1016/j.combustflame.2009.01.015,43,2,0.00069,0.0017061394522119866
row-0002660,doi::10.1016/j.combustflame.2009.01.015,43,2,0.00055,0.0017017375633230976
row-0002661,doi::10.1016/j.combustflame.2009.01.015,43,2,0.00093,0.0017061394522119866
row-0002662,doi::10.1016/j.combustflame.2009.01.015,43,2,0.0011,0.0017100547301340645
row-0002663,doi::10.1016/j.combustflame.2009.01.015,43,2,0.0024,0.0017154985202681458
row-0002973,doi::10.1016/j.combustflame.2009.01.015,43,2,0.026,0.021272778044069823
row-0002974,doi::10.1016/j.combustflame.2009.01.015,43,2,0.014,0.020940023215906232
row-0002975,doi::10.1016/j.combustflame.2009.01.015,43,2,0.013,0.020757073929935848
row-0002976,doi::10.1016/j.combustflame.2009.01.015,43,2,0.011,0.020774389094088585
row-0002977,doi::10.1016/j.combustflame.2009.01.015,43,2,0.0086,0.020809287480701967
row-0002978,doi::10.1016/j.combustflame.2009.01.015,43,2,0.0086,0.020529048279313084
row-0002979,doi::10.1016/j.combustflame.2009.01.015,43,2,0.0077,0.02032926918547588
row-0002980,doi::10.1016/j.combustflame.2009.01.015,43,2,0.005,0.02010412426476378
row-0002981,doi::10.1016/j.combustflame.2009.01.015,43,2,0.012,0.015412958686835464
row-0002982,doi::10.1016/j.combustflame.2009.01.015,43,2,0.01,0.015446733797946574
row-0002983,doi::10.1016/j.combustflame.2009.01.015,43,2,0.011,0.020758776684061443
row-0002984,doi::10.1016/j.combustflame.2009.01.015,43,2,0.021,0.03569133449356045
row-0002985,doi::10.1016/j.combustflame.2009.01.015,43,2,0.024,0.03666097002216582
row-0002986,doi::10.1016/j.combustflame.2009.01.015,43,2,0.023,0.040360227265952245
row-0002987,doi::10.1016/j.combustflame.2009.01.015,43,2,0.024,0.05915630832775738
row-0002988,doi::10.1016/j.combustflame.2009.01.015,43,2,0.022,0.0272092925787955
row-0002990,doi::10.1016/j.combustflame.2009.01.015,43,2,0.023,0.02744060619274109
row-0002991,doi::10.1016/j.combustflame.2009.01.015,43,2,0.026,0.022284205325423648
row-0002992,doi::10.1016/j.combustflame.2009.01.015,43,2,0.028,0.02754642047416739
row-0002993,doi::10.1016/j.combustflame.2009.01.015,43,2,0.034,0.02215911501418363
row-0002994,doi::10.1016/j.combustflame.2009.01.015,43,2,0.034,0.02728996341073287
row-0002995,doi::10.1016/j.combustflame.2009.01.015,43,2,0.01,0.007617210917447197
row-0002996,doi::10.1016/j.combustflame.2009.01.015,43,2,0.0071,0.007617210917447197
row-0002997,doi::10.1016/j.combustflame.2009.01.015,43,2,0.0047,0.007617210917447197
row-0002998,doi::10.1016/j.combustflame.2009.01.015,43,2,0.0042,0.007617210917447197
row-0002999,doi::10.1016/j.combustflame.2009.01.015,43,2,0.013,0.007617210917447197
row-0003000,doi::10.1016/j.combustflame.2009.01.015,43,2,0.015,0.007761927738039111
row-0003001,doi::10.1016/j.combustflame.2009.01.015,43,2,0.0093,0.007761927738039111
row-0003002,doi::10.1016/j.combustflame.2009.01.015,43,2,0.017,0.007792255778660377
row-0003003,doi::10.1016/j.combustflame.2009.01.015,43,2,0.055,0.011562600459090723
row-0003004,doi::10.1016/j.combustflame.2009.01.015,43,2,0.0074,0.007638268133830682
row-0003005,doi::10.1016/j.combustflame.2009.01.015,43,2,0.011,0.007638268133830682
row-0003006,doi::10.1016/j.combustflame.2009.01.015,43,2,0.011,0.007781677068136898
row-0003007,doi::10.1016/j.combustflame.2009.01.015,43,2,0.011,0.007781677068136898
row-0003008,doi::10.1016/j.combustflame.2009.01.015,43,2,0.021,0.007812005108758164
row-0003009,doi::10.1016/j.combustflame.2009.01.015,43,2,0.028,0.007812005108758164
row-0003010,doi::10.1016/j.combustflame.2009.01.015,43,2,0.027,0.007812005108758164
row-0003011,doi::10.1016/j.combustflame.2009.01.015,43,2,0.037,0.007835525365168421
row-0003012,doi::10.1016/j.combustflame.2009.01.015,43,2,0.036,0.007835525365168421
row-0003013,doi::10.1016/j.combustflame.2009.01.015,43,2,0.042,0.008840422328733048
row-0003014,doi::10.1016/j.combustflame.2009.01.015,43,2,0.061,0.011658953870298886
row-0003015,doi::10.1016/j.combustflame.2009.01.015,43,2,0.013,0.005897969530681212
row-0003016,doi::10.1016/j.combustflame.2009.01.015,43,2,0.014,0.006022846825673223
row-0003017,doi::10.1016/j.combustflame.2009.01.015,43,2,0.023,0.00603403514591828
row-0003018,doi::10.1016/j.combustflame.2009.01.015,43,2,0.027,0.00603403514591828
row-0003019,doi::10.1016/j.combustflame.2009.01.015,43,2,0.034,0.0060350872726151125
row-0003020,doi::10.1016/j.combustflame.2009.01.015,43,2,0.052,0.007365500136543058
row-0003021,doi::10.1016/j.combustflame.2009.01.015,43,2,0.022,0.006011587933990774
row-0003022,doi::10.1016/j.combustflame.2009.01.015,43,2,0.021,0.006030974265622106
row-0003023,doi::10.1016/j.combustflame.2009.01.015,43,2,0.026,0.006046354138069061
row-0003024,doi::10.1016/j.combustflame.2009.01.015,43,2,0.03,0.006074356131118495
row-0003025,doi::10.1016/j.combustflame.2009.01.015,43,2,0.031,0.007435634780702962
row-0003514,citation::son youngjin paul d ronney and suleyman gokoglu comparison of carbon dioxide and helium as fire extinguishing agents for spacecraft nasa cp 2004 213205 vol2 2004 pp 409 418,43,2,0.0065,0.03778537170680905
row-0003515,citation::son youngjin paul d ronney and suleyman gokoglu comparison of carbon dioxide and helium as fire extinguishing agents for spacecraft nasa cp 2004 213205 vol2 2004 pp 409 418,43,2,0.026,0.03801994004816898
row-0003516,citation::son youngjin paul d ronney and suleyman gokoglu comparison of carbon dioxide and helium as fire extinguishing agents for spacecraft nasa cp 2004 213205 vol2 2004 pp 409 418,43,2,0.042,0.039195556949054085
row-0003517,citation::son youngjin paul d ronney and suleyman gokoglu comparison of carbon dioxide and helium as fire extinguishing agents for spacecraft nasa cp 2004 213205 vol2 2004 pp 409 418,43,2,0.049,0.040058292042531266
row-0003518,citation::son youngjin paul d ronney and suleyman gokoglu comparison of carbon dioxide and helium as fire extinguishing agents for spacecraft nasa cp 2004 213205 vol2 2004 pp 409 418,43,2,0.065,0.04004246989967412
row-0003519,citation::son youngjin paul d ronney and suleyman gokoglu comparison of carbon dioxide and helium as fire extinguishing agents for spacecraft nasa cp 2004 213205 vol2 2004 pp 409 418,43,2,0.084,0.04014806724011146
row-0003520,citation::son youngjin paul d ronney and suleyman gokoglu comparison of carbon dioxide and helium as fire extinguishing agents for spacecraft nasa cp 2004 213205 vol2 2004 pp 409 418,43,2,0.0055,0.03308035303632596
row-0003521,citation::son youngjin paul d ronney and suleyman gokoglu comparison of carbon dioxide and helium as fire extinguishing agents for spacecraft nasa cp 2004 213205 vol2 2004 pp 409 418,43,2,0.021,0.03358672271543948
row-0003522,citation::son youngjin paul d ronney and suleyman gokoglu comparison of carbon dioxide and helium as fire extinguishing agents for spacecraft nasa cp 2004 213205 vol2 2004 pp 409 418,43,2,0.025,0.03726943989438128
row-0003523,citation::son youngjin paul d ronney and suleyman gokoglu comparison of carbon dioxide and helium as fire extinguishing agents for spacecraft nasa cp 2004 213205 vol2 2004 pp 409 418,43,2,0.048,0.03830997207538431
row-0003524,citation::son youngjin paul d ronney and suleyman gokoglu comparison of carbon dioxide and helium as fire extinguishing agents for spacecraft nasa cp 2004 213205 vol2 2004 pp 409 418,43,2,0.1,0.038288893938129405
row-0003525,citation::son youngjin paul d ronney and suleyman gokoglu comparison of carbon dioxide and helium as fire extinguishing agents for spacecraft nasa cp 2004 213205 vol2 2004 pp 409 418,43,2,0.003,0.03499133190096
row-0003526,citation::son youngjin paul d ronney and suleyman gokoglu comparison of carbon dioxide and helium as fire extinguishing agents for spacecraft nasa cp 2004 213205 vol2 2004 pp 409 418,43,2,0.0115,0.03602041785613444
row-0003527,citation::son youngjin paul d ronney and suleyman gokoglu comparison of carbon dioxide and helium as fire extinguishing agents for spacecraft nasa cp 2004 213205 vol2 2004 pp 409 418,43,2,0.035,0.03680326367510181
row-0003528,citation::son youngjin paul d ronney and suleyman gokoglu comparison of carbon dioxide and helium as fire extinguishing agents for spacecraft nasa cp 2004 213205 vol2 2004 pp 409 418,43,2,0.07,0.03695098968220582
row-0003529,citation::son youngjin paul d ronney and suleyman gokoglu comparison of carbon dioxide and helium as fire extinguishing agents for spacecraft nasa cp 2004 213205 vol2 2004 pp 409 418,43,2,0.0028,0.03111451842170406
row-0003530,citation::son youngjin paul d ronney and suleyman gokoglu comparison of carbon dioxide and helium as fire extinguishing agents for spacecraft nasa cp 2004 213205 vol2 2004 pp 409 418,43,2,0.0065,0.03115416174087378
row-0003531,citation::son youngjin paul d ronney and suleyman gokoglu comparison of carbon dioxide and helium as fire extinguishing agents for spacecraft nasa cp 2004 213205 vol2 2004 pp 409 418,43,2,0.018,0.031612211556350946
row-0003532,citation::son youngjin paul d ronney and suleyman gokoglu comparison of carbon dioxide and helium as fire extinguishing agents for spacecraft nasa cp 2004 213205 vol2 2004 pp 409 418,43,2,0.035,0.03599270305816453
row-0003533,citation::son youngjin paul d ronney and suleyman gokoglu comparison of carbon dioxide and helium as fire extinguishing agents for spacecraft nasa cp 2004 213205 vol2 2004 pp 409 418,43,2,0.062,0.03597162492090963
row-0003534,citation::son youngjin paul d ronney and suleyman gokoglu comparison of carbon dioxide and helium as fire extinguishing agents for spacecraft nasa cp 2004 213205 vol2 2004 pp 409 418,43,2,0.04,0.02656779999576739
row-0003535,citation::son youngjin paul d ronney and suleyman gokoglu comparison of carbon dioxide and helium as fire extinguishing agents for spacecraft nasa cp 2004 213205 vol2 2004 pp 409 418,43,2,0.09,0.02695663970396602
row-0003536,citation::son youngjin paul d ronney and suleyman gokoglu comparison of carbon dioxide and helium as fire extinguishing agents for spacecraft nasa cp 2004 213205 vol2 2004 pp 409 418,43,2,0.029,0.02379590231270351
row-0003537,citation::son youngjin paul d ronney and suleyman gokoglu comparison of carbon dioxide and helium as fire extinguishing agents for spacecraft nasa cp 2004 213205 vol2 2004 pp 409 418,43,2,0.044,0.02574339351542069
row-0003538,citation::son youngjin paul d ronney and suleyman gokoglu comparison of carbon dioxide and helium as fire extinguishing agents for spacecraft nasa cp 2004 213205 vol2 2004 pp 409 418,43,2,0.085,0.026110053223619322
row-0003539,citation::son youngjin paul d ronney and suleyman gokoglu comparison of carbon dioxide and helium as fire extinguishing agents for spacecraft nasa cp 2004 213205 vol2 2004 pp 409 418,43,2,0.05306,0.014416981201008762
row-0003540,citation::son youngjin paul d ronney and suleyman gokoglu comparison of carbon dioxide and helium as fire extinguishing agents for spacecraft nasa cp 2004 213205 vol2 2004 pp 409 418,43,2,0.03694,0.01376798724081114
row-0003541,citation::son youngjin paul d ronney and suleyman gokoglu comparison of carbon dioxide and helium as fire extinguishing agents for spacecraft nasa cp 2004 213205 vol2 2004 pp 409 418,43,2,0.00667,0.013712439540692631
row-0003543,citation::son youngjin paul d ronney and suleyman gokoglu comparison of carbon dioxide and helium as fire extinguishing agents for spacecraft nasa cp 2004 213205 vol2 2004 pp 409 418,43,2,0.05278,0.010392911731715943
row-0003544,citation::son youngjin paul d ronney and suleyman gokoglu comparison of carbon dioxide and helium as fire extinguishing agents for spacecraft nasa cp 2004 213205 vol2 2004 pp 409 418,43,2,0.03417,0.010629837558056103
row-0003545,citation::son youngjin paul d ronney and suleyman gokoglu comparison of carbon dioxide and helium as fire extinguishing agents for spacecraft nasa cp 2004 213205 vol2 2004 pp 409 418,43,2,0.02333,0.010419164096569612
row-0003546,citation::son youngjin paul d ronney and suleyman gokoglu comparison of carbon dioxide and helium as fire extinguishing agents for spacecraft nasa cp 2004 213205 vol2 2004 pp 409 418,43,2,0.0175,0.010943399762527985
row-0003547,citation::son youngjin paul d ronney and suleyman gokoglu comparison of carbon dioxide and helium as fire extinguishing agents for spacecraft nasa cp 2004 213205 vol2 2004 pp 409 418,43,2,0.01417,0.012498448241720285
row-0003548,citation::son youngjin paul d ronney and suleyman gokoglu comparison of carbon dioxide and helium as fire extinguishing agents for spacecraft nasa cp 2004 213205 vol2 2004 pp 409 418,43,2,0.05278,0.014673416330069978
row-0003549,citation::son youngjin paul d ronney and suleyman gokoglu comparison of carbon dioxide and helium as fire extinguishing agents for spacecraft nasa cp 2004 213205 vol2 2004 pp 409 418,43,2,0.02778,0.01465111624252112
row-0003550,citation::son youngjin paul d ronney and suleyman gokoglu comparison of carbon dioxide and helium as fire extinguishing agents for spacecraft nasa cp 2004 213205 vol2 2004 pp 409 418,43,2,0.01694,0.014631744227869104
row-0003551,citation::son youngjin paul d ronney and suleyman gokoglu comparison of carbon dioxide and helium as fire extinguishing agents for spacecraft nasa cp 2004 213205 vol2 2004 pp 409 418,43,2,0.0075,0.014631744227869104
row-0003552,citation::son youngjin paul d ronney and suleyman gokoglu comparison of carbon dioxide and helium as fire extinguishing agents for spacecraft nasa cp 2004 213205 vol2 2004 pp 409 418,43,2,0.02859,0.01585066257345775
row-0003553,citation::son youngjin paul d ronney and suleyman gokoglu comparison of carbon dioxide and helium as fire extinguishing agents for spacecraft nasa cp 2004 213205 vol2 2004 pp 409 418,43,2,0.01114,0.015779091231940576
row-0003554,citation::son youngjin paul d ronney and suleyman gokoglu comparison of carbon dioxide and helium as fire extinguishing agents for spacecraft nasa cp 2004 213205 vol2 2004 pp 409 418,43,2,0.01291,0.012732644233277163
row-0003555,citation::son youngjin paul d ronney and suleyman gokoglu comparison of carbon dioxide and helium as fire extinguishing agents for spacecraft nasa cp 2004 213205 vol2 2004 pp 409 418,43,2,0.00432,0.010260417900477707
row-0003556,citation::son youngjin paul d ronney and suleyman gokoglu comparison of carbon dioxide and helium as fire extinguishing agents for spacecraft nasa cp 2004 213205 vol2 2004 pp 409 418,43,2,0.02859,0.016529683049599755
row-0003557,citation::son youngjin paul d ronney and suleyman gokoglu comparison of carbon dioxide and helium as fire extinguishing agents for spacecraft nasa cp 2004 213205 vol2 2004 pp 409 418,43,2,0.01495,0.01632886250096398
row-0003558,citation::son youngjin paul d ronney and suleyman gokoglu comparison of carbon dioxide and helium as fire extinguishing agents for spacecraft nasa cp 2004 213205 vol2 2004 pp 409 418,43,2,0.00895,0.015831418320982015
row-0003560,citation::son youngjin paul d ronney and suleyman gokoglu comparison of carbon dioxide and helium as fire extinguishing agents for spacecraft nasa cp 2004 213205 vol2 2004 pp 409 418,43,2,0.02845,0.014228104633593672
row-0003561,citation::son youngjin paul d ronney and suleyman gokoglu comparison of carbon dioxide and helium as fire extinguishing agents for spacecraft nasa cp 2004 213205 vol2 2004 pp 409 418,43,2,0.00718,0.014295657398316394
row-0003562,citation::son youngjin paul d ronney and suleyman gokoglu comparison of carbon dioxide and helium as fire extinguishing agents for spacecraft nasa cp 2004 213205 vol2 2004 pp 409 418,43,2,0.00855,0.014041520841679462
row-0003564,citation::son youngjin paul d ronney and suleyman gokoglu comparison of carbon dioxide and helium as fire extinguishing agents for spacecraft nasa cp 2004 213205 vol2 2004 pp 409 418,43,2,0.02708,0.022306809651569216
row-0003565,citation::son youngjin paul d ronney and suleyman gokoglu comparison of carbon dioxide and helium as fire extinguishing agents for spacecraft nasa cp 2004 213205 vol2 2004 pp 409 418,43,2,0.01333,0.021739736951035905
row-0003566,citation::son youngjin paul d ronney and suleyman gokoglu comparison of carbon dioxide and helium as fire extinguishing agents for spacecraft nasa cp 2004 213205 vol2 2004 pp 409 418,43,2,0.01222,0.02088704924782112
row-0003567,citation::son youngjin paul d ronney and suleyman gokoglu comparison of carbon dioxide and helium as fire extinguishing agents for spacecraft nasa cp 2004 213205 vol2 2004 pp 409 418,43,2,0.02722,0.02374735496342432
row-0003568,citation::son youngjin paul d ronney and suleyman gokoglu comparison of carbon dioxide and helium as fire extinguishing agents for spacecraft nasa cp 2004 213205 vol2 2004 pp 409 418,43,2,0.01194,0.024092949470209908
row-0003569,citation::son youngjin paul d ronney and suleyman gokoglu comparison of carbon dioxide and helium as fire extinguishing agents for spacecraft nasa cp 2004 213205 vol2 2004 pp 409 418,43,2,0.0075,0.023655414626993332
row-0003570,citation::son youngjin paul d ronney and suleyman gokoglu comparison of carbon dioxide and helium as fire extinguishing agents for spacecraft nasa cp 2004 213205 vol2 2004 pp 409 418,43,2,0.02708,0.014583032088068817
row-0003571,citation::son youngjin paul d ronney and suleyman gokoglu comparison of carbon dioxide and helium as fire extinguishing agents for spacecraft nasa cp 2004 213205 vol2 2004 pp 409 418,43,2,0.01208,0.014477151860614643
row-0003572,citation::son youngjin paul d ronney and suleyman gokoglu comparison of carbon dioxide and helium as fire extinguishing agents for spacecraft nasa cp 2004 213205 vol2 2004 pp 409 418,43,2,0.00944,0.014318306747469848
row-0003573,citation::son youngjin paul d ronney and suleyman gokoglu comparison of carbon dioxide and helium as fire extinguishing agents for spacecraft nasa cp 2004 213205 vol2 2004 pp 409 418,43,2,0.04405,0.014588351400227474
row-0003574,citation::son youngjin paul d ronney and suleyman gokoglu comparison of carbon dioxide and helium as fire extinguishing agents for spacecraft nasa cp 2004 213205 vol2 2004 pp 409 418,43,2,0.01786,0.012212992856200503
row-0003575,citation::son youngjin paul d ronney and suleyman gokoglu comparison of carbon dioxide and helium as fire extinguishing agents for spacecraft nasa cp 2004 213205 vol2 2004 pp 409 418,43,2,0.01381,0.010082035157109202
row-0003576,citation::son youngjin paul d ronney and suleyman gokoglu comparison of carbon dioxide and helium as fire extinguishing agents for spacecraft nasa cp 2004 213205 vol2 2004 pp 409 418,43,2,0.00595,0.00926374093395376
row-0003577,citation::son youngjin paul d ronney and suleyman gokoglu comparison of carbon dioxide and helium as fire extinguishing agents for spacecraft nasa cp 2004 213205 vol2 2004 pp 409 418,43,2,0.04429,0.010562064803860394
row-0003578,citation::son youngjin paul d ronney and suleyman gokoglu comparison of carbon dioxide and helium as fire extinguishing agents for spacecraft nasa cp 2004 213205 vol2 2004 pp 409 418,43,2,0.03143,0.010498277039952805
row-0003579,citation::son youngjin paul d ronney and suleyman gokoglu comparison of carbon dioxide and helium as fire extinguishing agents for spacecraft nasa cp 2004 213205 vol2 2004 pp 409 418,43,2,0.01952,0.01005264870750309
row-0003580,citation::son youngjin paul d ronney and suleyman gokoglu comparison of carbon dioxide and helium as fire extinguishing agents for spacecraft nasa cp 2004 213205 vol2 2004 pp 409 418,43,2,0.00833,0.009672903571094743
row-0003582,citation::son youngjin paul d ronney and suleyman gokoglu comparison of carbon dioxide and helium as fire extinguishing agents for spacecraft nasa cp 2004 213205 vol2 2004 pp 409 418,43,2,0.04405,0.015050120279566946
row-0003583,citation::son youngjin paul d ronney and suleyman gokoglu comparison of carbon dioxide and helium as fire extinguishing agents for spacecraft nasa cp 2004 213205 vol2 2004 pp 409 418,43,2,0.03167,0.01504342861662066
row-0003584,citation::son youngjin paul d ronney and suleyman gokoglu comparison of carbon dioxide and helium as fire extinguishing agents for spacecraft nasa cp 2004 213205 vol2 2004 pp 409 418,43,2,0.01762,0.014784647259190426
row-0003585,citation::son youngjin paul d ronney and suleyman gokoglu comparison of carbon dioxide and helium as fire extinguishing agents for spacecraft nasa cp 2004 213205 vol2 2004 pp 409 418,43,2,0.00905,0.014474257745678926
row-0003587,citation::son youngjin paul d ronney and suleyman gokoglu comparison of carbon dioxide and helium as fire extinguishing agents for spacecraft nasa cp 2004 213205 vol2 2004 pp 409 418,43,2,0.03947,0.014416981201008762
row-0003588,citation::son youngjin paul d ronney and suleyman gokoglu comparison of carbon dioxide and helium as fire extinguishing agents for spacecraft nasa cp 2004 213205 vol2 2004 pp 409 418,43,2,0.03026,0.01376798724081114
row-0003589,citation::son youngjin paul d ronney and suleyman gokoglu comparison of carbon dioxide and helium as fire extinguishing agents for spacecraft nasa cp 2004 213205 vol2 2004 pp 409 418,43,2,0.02049,0.011943330573206361
row-0003590,citation::son youngjin paul d ronney and suleyman gokoglu comparison of carbon dioxide and helium as fire extinguishing agents for spacecraft nasa cp 2004 213205 vol2 2004 pp 409 418,43,2,0.01148,0.009441471782832915
row-0003591,citation::son youngjin paul d ronney and suleyman gokoglu comparison of carbon dioxide and helium as fire extinguishing agents for spacecraft nasa cp 2004 213205 vol2 2004 pp 409 418,43,2,0.03947,0.010392911731715943
row-0003592,citation::son youngjin paul d ronney and suleyman gokoglu comparison of carbon dioxide and helium as fire extinguishing agents for spacecraft nasa cp 2004 213205 vol2 2004 pp 409 418,43,2,0.02989,0.010419164096569612
row-0003593,citation::son youngjin paul d ronney and suleyman gokoglu comparison of carbon dioxide and helium as fire extinguishing agents for spacecraft nasa cp 2004 213205 vol2 2004 pp 409 418,43,2,0.0186,0.010392911731715943
row-0003594,citation::son youngjin paul d ronney and suleyman gokoglu comparison of carbon dioxide and helium as fire extinguishing agents for spacecraft nasa cp 2004 213205 vol2 2004 pp 409 418,43,2,0.00826,0.014264162343123157
row-0003595,citation::son youngjin paul d ronney and suleyman gokoglu comparison of carbon dioxide and helium as fire extinguishing agents for spacecraft nasa cp 2004 213205 vol2 2004 pp 409 418,43,2,0.03947,0.014673416330069978
row-0003596,citation::son youngjin paul d ronney and suleyman gokoglu comparison of carbon dioxide and helium as fire extinguishing agents for spacecraft nasa cp 2004 213205 vol2 2004 pp 409 418,43,2,0.03576,0.014673416330069978
row-0003597,citation::son youngjin paul d ronney and suleyman gokoglu comparison of carbon dioxide and helium as fire extinguishing agents for spacecraft nasa cp 2004 213205 vol2 2004 pp 409 418,43,2,0.01708,0.014369090792761642
row-0003598,citation::son youngjin paul d ronney and suleyman gokoglu comparison of carbon dioxide and helium as fire extinguishing agents for spacecraft nasa cp 2004 213205 vol2 2004 pp 409 418,43,2,0.01091,0.014118741730498242
row-0003599,citation::son youngjin paul d ronney and suleyman gokoglu comparison of carbon dioxide and helium as fire extinguishing agents for spacecraft nasa cp 2004 213205 vol2 2004 pp 409 418,43,2,0.0217,0.015844897905014393
row-0003600,citation::son youngjin paul d ronney and suleyman gokoglu comparison of carbon dioxide and helium as fire extinguishing agents for spacecraft nasa cp 2004 213205 vol2 2004 pp 409 418,43,2,0.0183,0.01290946722886075
row-0003601,citation::son youngjin paul d ronney and suleyman gokoglu comparison of carbon dioxide and helium as fire extinguishing agents for spacecraft nasa cp 2004 213205 vol2 2004 pp 409 418,43,2,0.00435,0.010632637588562787
row-0003602,citation::son youngjin paul d ronney and suleyman gokoglu comparison of carbon dioxide and helium as fire extinguishing agents for spacecraft nasa cp 2004 213205 vol2 2004 pp 409 418,43,2,0.0217,0.01598491189955282
row-0003603,citation::son youngjin paul d ronney and suleyman gokoglu comparison of carbon dioxide and helium as fire extinguishing agents for spacecraft nasa cp 2004 213205 vol2 2004 pp 409 418,43,2,0.01596,0.015342685191476637
row-0003604,citation::son youngjin paul d ronney and suleyman gokoglu comparison of carbon dioxide and helium as fire extinguishing agents for spacecraft nasa cp 2004 213205 vol2 2004 pp 409 418,43,2,0.00513,0.014795963736757175
row-0003605,citation::son youngjin paul d ronney and suleyman gokoglu comparison of carbon dioxide and helium as fire extinguishing agents for spacecraft nasa cp 2004 213205 vol2 2004 pp 409 418,43,2,0.02183,0.014519406404149695
row-0003606,citation::son youngjin paul d ronney and suleyman gokoglu comparison of carbon dioxide and helium as fire extinguishing agents for spacecraft nasa cp 2004 213205 vol2 2004 pp 409 418,43,2,0.01583,0.014318458865689632
row-0003607,citation::son youngjin paul d ronney and suleyman gokoglu comparison of carbon dioxide and helium as fire extinguishing agents for spacecraft nasa cp 2004 213205 vol2 2004 pp 409 418,43,2,0.00735,0.014050331818937572
row-0003626,doi::10.1016/j.proci.2014.07.017,43,2,1e-05,0.0030086227148157767
row-0003627,doi::10.1016/j.proci.2014.07.017,43,2,1e-05,0.0029725890265961752
row-0003628,doi::10.1016/j.proci.2014.07.017,43,2,1e-05,0.0029725890265961752
row-0003629,doi::10.1016/j.proci.2014.07.017,43,2,0.0002,0.0029725890265961752
row-0003630,doi::10.1016/j.proci.2014.07.017,43,2,0.00023,0.0029725890265961752
row-0003631,doi::10.1016/j.proci.2014.07.017,43,2,0.00043,0.0029725890265961752
row-0003632,doi::10.1016/j.proci.2014.07.017,43,2,0.00047,0.0029725890265961752
row-0003633,doi::10.1016/j.proci.2014.07.017,43,2,0.00045,0.0029725890265961752
row-0003634,doi::10.1016/j.proci.2014.07.017,43,2,0.00044,0.0029725890265961752
row-0003635,doi::10.1016/j.proci.2014.07.017,43,2,0.00071,0.0029725890265961752
row-0003636,doi::10.1016/j.proci.2014.07.017,43,2,0.00078,0.0029725890265961752
row-0003637,doi::10.1016/j.proci.2014.07.017,43,2,0.00085,0.0029725890265961752
row-0003638,doi::10.1016/j.proci.2014.07.017,43,2,0.00079,0.0029725890265961752
row-0003639,doi::10.1016/j.proci.2014.07.017,43,2,0.00101,0.0029725890265961752
row-0003640,doi::10.1016/j.proci.2014.07.017,43,2,0.00122,0.0029725890265961752
row-0003641,doi::10.1016/j.proci.2014.07.017,43,2,0.00125,0.0029725890265961752
row-0003642,doi::10.1016/j.proci.2014.07.017,43,2,0.00134,0.0029725890265961752
row-0003643,doi::10.1016/j.proci.2014.07.017,43,2,0.00117,0.0029725890265961752
row-0003644,doi::10.1016/j.proci.2014.07.017,43,2,0.00115,0.0029725890265961752
row-0003645,doi::10.1016/j.proci.2014.07.017,43,2,0.00146,0.0029725890265961752
row-0003646,doi::10.1016/j.proci.2014.07.017,43,2,0.00164,0.0029725890265961752
row-0003647,doi::10.1016/j.proci.2014.07.017,43,2,0.00163,0.002841701422021609
row-0003648,doi::10.1016/j.proci.2014.07.017,43,2,0.00269,0.0029434184653302164
row-0003649,doi::10.1016/j.proci.2014.07.017,43,2,0.00573,0.0038386494554777605
row-0003650,doi::10.1016/j.proci.2014.07.017,43,2,0.0001,0.001510313702722533
row-0003651,doi::10.1016/j.proci.2014.07.017,43,2,2e-05,0.0015094136193891997
row-0003652,doi::10.1016/j.proci.2014.07.017,43,2,2e-05,0.0015045048419999225
row-0003653,doi::10.1016/j.proci.2014.07.017,43,2,0.00048,0.0015045048419999225
row-0003654,doi::10.1016/j.proci.2014.07.017,43,2,0.00089,0.0015045048419999225
row-0003655,doi::10.1016/j.proci.2014.07.017,43,2,0.0008,0.0015045048419999225
row-0003656,doi::10.1016/j.proci.2014.07.017,43,2,0.00069,0.0015045048419999225
row-0003657,doi::10.1016/j.proci.2014.07.017,43,2,0.00085,0.0015045048419999225
row-0003658,doi::10.1016/j.proci.2014.07.017,43,2,0.00107,0.0015045048419999225
row-0003659,doi::10.1016/j.proci.2014.07.017,43,2,0.00111,0.0015045048419999225
row-0003660,doi::10.1016/j.proci.2014.07.017,43,2,0.0015,0.0015045048419999225
row-0003661,doi::10.1016/j.proci.2014.07.017,43,2,0.00195,0.0015090260871002245
row-0003662,doi::10.1016/j.proci.2014.07.017,43,2,0.00295,0.0015090260871002245
row-0003663,doi::10.1016/j.proci.2014.07.017,43,2,0.00324,0.0018106719095355617
row-0003664,doi::10.1016/j.proci.2014.07.017,43,2,0.00361,0.0018106719095355617
row-0003665,doi::10.1016/j.proci.2014.07.017,43,2,0.00313,0.0019756665349366116
row-0003666,doi::10.1016/j.proci.2014.07.017,43,2,0.00316,0.0021990976892506623
row-0003667,doi::10.1016/j.proci.2014.07.017,43,2,0.00314,0.0022080938917775398
row-0003668,doi::10.1016/j.proci.2014.07.017,43,2,0.00387,0.0022207076491848506
row-0003669,doi::10.1016/j.proci.2014.07.017,43,2,0.00359,0.002337008516020775
row-0003670,doi::10.1016/j.proci.2014.07.017,43,2,0.00447,0.00239796585320431
row-0003671,doi::10.1016/j.proci.2014.07.017,43,2,0.00443,0.002414943981947116
row-0003672,doi::10.1016/j.proci.2014.07.017,43,2,0.0039,0.0024434606020860986
row-0003673,doi::10.1016/j.proci.2014.07.017,43,2,0.00429,0.002481076077541744
row-0003674,doi::10.1016/j.proci.2014.07.017,43,2,0.00428,0.0028567914096681566
row-0003675,doi::10.1016/j.proci.2014.07.017,43,2,0.00428,0.0025058410911262103
row-0003676,doi::10.1016/j.proci.2014.07.017,43,2,0.00529,0.0029125799739899965
row-0003677,doi::10.1016/j.proci.2014.07.017,43,2,1e-05,0.0027314993607582792
row-0003678,doi::10.1016/j.proci.2014.07.017,43,2,1e-05,0.00274612504548011
row-0003679,doi::10.1016/j.proci.2014.07.017,43,2,1e-05,0.00274612504548011
row-0003680,doi::10.1016/j.proci.2014.07.017,43,2,0.0002,0.00274612504548011
row-0003681,doi::10.1016/j.proci.2014.07.017,43,2,0.00022,0.0028270106455641803
row-0003682,doi::10.1016/j.proci.2014.07.017,43,2,0.00029,0.0028270106455641803
row-0003683,doi::10.1016/j.proci.2014.07.017,43,2,0.00033,0.0028381914539559105
row-0003684,doi::10.1016/j.proci.2014.07.017,43,2,0.00047,0.0028270106455641803
row-0003685,doi::10.1016/j.proci.2014.07.017,43,2,0.00044,0.0028270106455641803
row-0003686,doi::10.1016/j.proci.2014.07.017,43,2,0.00057,0.0028270106455641803
row-0003687,doi::10.1016/j.proci.2014.07.017,43,2,0.00048,0.0028270106455641803
row-0003688,doi::10.1016/j.proci.2014.07.017,43,2,0.00079,0.0028270106455641803
row-0003689,doi::10.1016/j.proci.2014.07.017,43,2,0.00089,0.0028294517566752916
row-0003690,doi::10.1016/j.proci.2014.07.017,43,2,0.00101,0.0028381914539559105
row-0003691,doi::10.1016/j.proci.2014.07.017,43,2,0.00115,0.0028294517566752916
row-0003692,doi::10.1016/j.proci.2014.07.017,43,2,0.00115,0.002872060142929032
row-0003693,doi::10.1016/j.proci.2014.07.017,43,2,0.0009,0.0028771010108641173
row-0003694,doi::10.1016/j.proci.2014.07.017,43,2,0.00096,0.002878410751123858
row-0003695,doi::10.1016/j.proci.2014.07.017,43,2,0.00104,0.002878410751123858
row-0003696,doi::10.1016/j.proci.2014.07.017,43,2,0.00153,0.0028771010108641173
row-0003697,doi::10.1016/j.proci.2014.07.017,43,2,0.00171,0.0028771010108641173
row-0003698,doi::10.1016/j.proci.2014.07.017,43,2,0.00173,0.002878410751123858
row-0003699,doi::10.1016/j.proci.2014.07.017,43,2,0.00152,0.002878410751123858
row-0003700,doi::10.1016/j.proci.2014.07.017,43,2,0.00145,0.0028842946292138745
row-0003701,doi::10.1016/j.proci.2014.07.017,43,2,0.00185,0.0028842946292138745
row-0003702,doi::10.1016/j.proci.2014.07.017,43,2,0.00185,0.0028856003204661904
row-0003703,doi::10.1016/j.proci.2014.07.017,43,2,0.00209,0.002901501583880077
row-0003704,doi::10.1016/j.proci.2014.07.017,43,2,0.00222,0.002893202233537374
row-0003705,doi::10.1016/j.proci.2014.07.017,43,2,0.00253,0.003125328372623808
row-0003711,doi::10.1016/j.proci.2014.07.017,43,2,0.00049,0.0014519019642797737
row-0003715,doi::10.1016/j.proci.2014.07.017,43,2,0.0011,0.0014332303987438393
row-0003716,doi::10.1016/j.proci.2014.07.017,43,2,0.00081,0.0014302307058413394
row-0003717,doi::10.1016/j.proci.2014.07.017,43,2,0.00067,0.0014379458851275701
row-0003718,doi::10.1016/j.proci.2014.07.017,43,2,0.0005,0.0014351394832306168
row-0003720,doi::10.1016/j.proci.2014.07.017,43,2,0.00045,0.0014351394832306168
row-0003722,doi::10.1016/j.proci.2014.07.017,43,2,0.00038,0.0014360395665639501
row-0003726,doi::10.1016/j.proci.2014.07.017,43,2,0.0017,0.0016221598753553936
row-0003727,doi::10.1016/j.proci.2014.07.017,43,2,0.00115,0.0014292447822447866
row-0003728,doi::10.1016/j.proci.2014.07.017,43,2,0.00079,0.0014341535596340642
row-0003729,doi::10.1016/j.proci.2014.07.017,43,2,0.00078,0.0014341535596340642
row-0003730,doi::10.1016/j.proci.2014.07.017,43,2,0.0008,0.0014341535596340642
row-0003731,doi::10.1016/j.proci.2014.07.017,43,2,0.00063,0.0014341535596340642
row-0003732,doi::10.1016/j.proci.2014.07.017,43,2,0.0005,0.0014350536429673974
row-0003735,doi::10.1016/j.proci.2014.07.017,43,2,0.001,0.0014155017598567025
row-0003736,doi::10.1016/j.proci.2014.07.017,43,2,0.00083,0.0014190937725400974
row-0003737,doi::10.1016/j.proci.2014.07.017,43,2,0.00083,0.0014190937725400974
row-0003738,doi::10.1016/j.proci.2014.07.017,43,2,0.00063,0.0014190937725400974
row-0003742,doi::10.1016/j.proci.2014.07.017,43,2,0.00209,0.0016405364084524235
row-0003743,doi::10.1016/j.proci.2014.07.017,43,2,0.00162,0.0014285963066445787
row-0003744,doi::10.1016/j.proci.2014.07.017,43,2,0.00119,0.001425596613742079
row-0003745,doi::10.1016/j.proci.2014.07.017,43,2,0.00026,0.001425596613742079
row-0003747,doi::10.1016/j.proci.2014.07.017,43,2,0.00117,0.0029630878204415195
row-0003748,doi::10.1016/j.proci.2014.07.017,43,2,0.00106,0.002950402986783518
row-0003749,doi::10.1016/j.proci.2014.07.017,43,2,0.00065,0.0028195452438053666
row-0003751,doi::10.1016/j.proci.2014.07.017,43,2,0.00048,0.002792831033183926
row-0003753,doi::10.1016/j.proci.2014.07.017,43,2,0.00142,0.00321322911113259
row-0003754,doi::10.1016/j.proci.2014.07.017,43,2,0.00113,0.0031446250726103707
row-0003755,doi::10.1016/j.proci.2014.07.017,43,2,0.00097,0.0031368894658048603
row-0003756,doi::10.1016/j.proci.2014.07.017,43,2,0.00075,0.0030400199447285056
row-0003757,doi::10.1016/j.proci.2014.07.017,43,2,0.00046,0.002981142350441795
row-0003758,doi::10.1016/j.proci.2014.07.017,43,2,0.00031,0.002981142350441795
row-0003759,doi::10.1016/j.proci.2014.07.017,43,2,0.00035,0.002981142350441795
row-0003761,doi::10.1016/j.proci.2014.07.017,43,2,0.00188,0.0032783048131800156
row-0003762,doi::10.1016/j.proci.2014.07.017,43,2,0.00117,0.0031426307557941785
row-0003763,doi::10.1016/j.proci.2014.07.017,43,2,0.00113,0.0031373025647190053
row-0003764,doi::10.1016/j.proci.2014.07.017,43,2,0.0008,0.002982534124682513
row-0003765,doi::10.1016/j.proci.2014.07.017,43,2,0.00046,0.00298034557208714
row-0003768,doi::10.1016/j.proci.2014.07.017,43,2,0.00144,0.0033532562744635476
row-0003769,doi::10.1016/j.proci.2014.07.017,43,2,0.00096,0.0033713295957910516
row-0003770,doi::10.1016/j.proci.2014.07.017,43,2,0.00088,0.00330113864623913
row-0003771,doi::10.1016/j.proci.2014.07.017,43,2,0.00056,0.0032919231652814712
row-0003772,doi::10.1016/j.proci.2014.07.017,43,2,0.00048,0.0032062454390091805
row-0004744,doi::10.1007/s10694-019-00878-w,43,2,0.002,0.060628611710355634
row-0004745,doi::10.1007/s10694-019-00878-w,43,2,0.0208,0.060628611710355634
row-0004746,doi::10.1007/s10694-019-00878-w,43,2,0.0116,0.060628611710355634
row-0004747,doi::10.1007/s10694-019-00878-w,43,2,0.1268,0.036434643451807885
row-0004748,doi::10.1007/s10694-019-00878-w,43,2,0.1194,0.0215732968127773
row-0004749,doi::10.1007/s10694-019-00878-w,43,2,0.1648,0.060628611710355634
row-0004750,doi::10.1007/s10694-019-00878-w,43,2,0.1334,0.03727940863101175
row-0004751,doi::10.1007/s10694-019-00878-w,43,2,0.1153,0.060628611710355634
row-0004752,doi::10.1007/s10694-019-00878-w,43,2,0.0825,0.060628611710355634
row-0004753,doi::10.1007/s10694-019-00878-w,43,2,0.0358,0.0371637590095002
row-0004754,doi::10.1007/s10694-019-00878-w,43,2,0.0545,0.060628611710355634
row-0004989,doi::10.1007/s12217-018-9655-0,43,2,4e-05,0.0007589829430369732
row-0004990,doi::10.1007/s12217-018-9655-0,43,2,0.0001,0.0006891542397278442
row-0004991,doi::10.1007/s12217-018-9655-0,43,2,0.00016,0.0006527002399053265
row-0004992,doi::10.1007/s12217-018-9655-0,43,2,2e-05,0.0006407254649335417
row-0004993,doi::10.1007/s12217-018-9655-0,43,2,0.0001,0.0006408938885838082
row-0004994,doi::10.1007/s12217-018-9655-0,43,2,0.00014,0.0005980094879676395
row-0004995,doi::10.1007/s12217-018-9655-0,43,2,2e-05,0.000491322718664372
row-0004996,doi::10.1007/s12217-018-9655-0,43,2,3e-05,0.0004918398894338254
row-0004997,doi::10.1007/s12217-018-9655-0,43,2,0.00048,0.0006588824402678745
row-0004998,doi::10.1007/s12217-018-9655-0,43,2,0.00058,0.0023742012390658928
row-0004999,doi::10.1007/s12217-018-9655-0,43,2,0.00075,0.0023090196937543715
row-0005000,doi::10.1007/s12217-018-9655-0,43,2,0.00093,0.0023134179279042082
row-0005002,doi::10.1007/s12217-018-9655-0,43,2,0.0013,0.002262338790301526
row-0005003,doi::10.1007/s12217-018-9655-0,43,2,0.00026,0.00081773199273457
row-0005004,doi::10.1007/s12217-018-9655-0,43,2,0.00038,0.0008157984516694261
row-0005005,doi::10.1007/s12217-018-9655-0,43,2,0.00042,0.0007424506674430315
row-0005006,doi::10.1007/s12217-018-9655-0,43,2,0.00051,0.0007468736225050833
row-0005007,doi::10.1007/s12217-018-9655-0,43,2,0.0006,0.0007464990017539614
row-0005008,doi::10.1007/s12217-018-9655-0,43,2,0.00078,0.0007041151928009604
row-0005009,doi::10.1007/s12217-018-9655-0,43,2,0.0008,0.0007099676932842086
row-0005010,doi::10.1007/s12217-018-9655-0,43,2,0.00026,0.0007674464590298765
row-0005011,doi::10.1007/s12217-018-9655-0,43,2,0.00033,0.0006943550958561133
row-0005012,doi::10.1007/s12217-018-9655-0,43,2,0.00037,0.0006946314622616498
row-0005013,doi::10.1007/s12217-018-9655-0,43,2,0.00051,0.0006512833388345833
row-0005014,doi::10.1007/s12217-018-9655-0,43,2,0.00018,0.0006549489215625515
row-0005015,doi::10.1007/s12217-018-9655-0,43,2,0.00022,0.0005806409304482737
row-0005016,doi::10.1007/s12217-018-9655-0,43,2,0.00026,0.0005804077047337606
row-0005017,doi::10.1007/s12217-018-9655-0,43,2,0.00033,0.0005319684566310446
row-0005018,doi::10.1007/s12217-018-9655-0,43,2,5e-05,0.0006916823189127519
row-0005019,doi::10.1007/s12217-018-9655-0,43,2,6e-05,0.000688131934542736
row-0005020,doi::10.1007/s12217-018-9655-0,43,2,7e-05,0.0006207267704771193
row-0005021,doi::10.1007/s12217-018-9655-0,43,2,9e-05,0.0005453635548020995
row-0005022,doi::10.1007/s12217-018-9655-0,43,2,0.00012,0.0005438463636905937
row-0005023,doi::10.1007/s12217-018-9655-0,43,2,0.00015,0.0005435031082975426
row-0005024,doi::10.1007/s12217-018-9655-0,43,2,0.00023,0.0004944822839000423
row-0005025,doi::10.1007/s12217-018-9655-0,43,2,4e-05,0.0005295380748995979
row-0005026,doi::10.1007/s12217-018-9655-0,43,2,5e-05,0.0004569585544004891
row-0005027,doi::10.1007/s12217-018-9655-0,43,2,5e-05,0.0004554413632889832
row-0005028,doi::10.1007/s12217-018-9655-0,43,2,7e-05,0.00045514762901207093
row-0005029,doi::10.1007/s12217-018-9655-0,43,2,9e-05,0.00040455287953815934
row-0005030,doi::10.1007/s12217-018-9655-0,43,2,3e-05,0.0004409185572273069
row-0005031,doi::10.1007/s12217-018-9655-0,43,2,3e-05,0.00039334841022710274
row-0005032,doi::10.1007/s12217-018-9655-0,43,2,3e-05,0.00039297266497914397
row-0000033,citation::andracchio charles r and thomas h cochran burning of solids in oxygen rich environments in normal and reduced gravity nasa technical memorandum x 3055 national aeronautics and space administration may 1974,43,3,0.067,0.07144187530895443
row-0000034,citation::andracchio charles r and thomas h cochran burning of solids in oxygen rich environments in normal and reduced gravity nasa technical memorandum x 3055 national aeronautics and space administration may 1974,43,3,0.055,0.0696266624049896
row-0000035,citation::andracchio charles r and thomas h cochran burning of solids in oxygen rich environments in normal and reduced gravity nasa technical memorandum x 3055 national aeronautics and space administration may 1974,43,3,0.029,0.028592897904475337
row-0000036,citation::andracchio charles r and thomas h cochran burning of solids in oxygen rich environments in normal and reduced gravity nasa technical memorandum x 3055 national aeronautics and space administration may 1974,43,3,0.02,0.026856821612210164
row-0000037,citation::andracchio charles r and thomas h cochran burning of solids in oxygen rich environments in normal and reduced gravity nasa technical memorandum x 3055 national aeronautics and space administration may 1974,43,3,0.017,0.0176443737012706
row-0000038,citation::andracchio charles r and thomas h cochran burning of solids in oxygen rich environments in normal and reduced gravity nasa technical memorandum x 3055 national aeronautics and space administration may 1974,43,3,0.009,0.015158415220342
row-0000039,citation::andracchio charles r and thomas h cochran burning of solids in oxygen rich environments in normal and reduced gravity nasa technical memorandum x 3055 national aeronautics and space administration may 1974,43,3,0.07,0.07219095966117578
row-0000040,citation::andracchio charles r and thomas h cochran burning of solids in oxygen rich environments in normal and reduced gravity nasa technical memorandum x 3055 national aeronautics and space administration may 1974,43,3,0.055,0.07040859271994389
row-0000041,citation::andracchio charles r and thomas h cochran burning of solids in oxygen rich environments in normal and reduced gravity nasa technical memorandum x 3055 national aeronautics and space administration may 1974,43,3,0.032,0.030720512119285934
row-0000042,citation::andracchio charles r and thomas h cochran burning of solids in oxygen rich environments in normal and reduced gravity nasa technical memorandum x 3055 national aeronautics and space administration may 1974,43,3,0.02,0.02913026016107032
row-0000043,citation::andracchio charles r and thomas h cochran burning of solids in oxygen rich environments in normal and reduced gravity nasa technical memorandum x 3055 national aeronautics and space administration may 1974,43,3,0.019,0.01951327311489541
row-0000044,citation::andracchio charles r and thomas h cochran burning of solids in oxygen rich environments in normal and reduced gravity nasa technical memorandum x 3055 national aeronautics and space administration may 1974,43,3,0.012,0.017204698193106292
row-0000045,citation::andracchio charles r and thomas h cochran burning of solids in oxygen rich environments in normal and reduced gravity nasa technical memorandum x 3055 national aeronautics and space administration may 1974,43,3,0.102,0.06915556316589985
row-0000046,citation::andracchio charles r and thomas h cochran burning of solids in oxygen rich environments in normal and reduced gravity nasa technical memorandum x 3055 national aeronautics and space administration may 1974,43,3,0.097,0.0674863949867246
row-0000047,citation::andracchio charles r and thomas h cochran burning of solids in oxygen rich environments in normal and reduced gravity nasa technical memorandum x 3055 national aeronautics and space administration may 1974,43,3,0.078,0.03824602898327787
row-0000048,citation::andracchio charles r and thomas h cochran burning of solids in oxygen rich environments in normal and reduced gravity nasa technical memorandum x 3055 national aeronautics and space administration may 1974,43,3,0.049,0.03734399435299051
row-0000049,citation::andracchio charles r and thomas h cochran burning of solids in oxygen rich environments in normal and reduced gravity nasa technical memorandum x 3055 national aeronautics and space administration may 1974,43,3,0.069,0.02596417526309429
row-0000050,citation::andracchio charles r and thomas h cochran burning of solids in oxygen rich environments in normal and reduced gravity nasa technical memorandum x 3055 national aeronautics and space administration may 1974,43,3,0.036,0.02480762594533928
row-0000256,doi::10.1016/j.combustflame.2020.12.005,43,3,0.083,0.05835460522580059
row-0000257,doi::10.1016/j.combustflame.2020.12.005,43,3,0.113,0.02478737505705318
row-0000258,doi::10.1016/j.combustflame.2020.12.005,43,3,0.124,0.02478737505705318
row-0000259,doi::10.1016/j.combustflame.2020.12.005,43,3,0.143,0.02478737505705318
row-0000260,doi::10.1016/j.combustflame.2020.12.005,43,3,0.161,0.02478737505705318
row-0000262,doi::10.1016/j.combustflame.2020.12.005,43,3,0.134,0.02465260154720043
row-0000263,doi::10.1016/j.combustflame.2020.12.005,43,3,0.151,0.02465260154720043
row-0000264,doi::10.1016/j.combustflame.2020.12.005,43,3,0.211,0.02465260154720043
row-0000294,doi::10.1016/s1540-7489(02)80211-3,43,3,0.012,0.00855024980773716
row-0000295,doi::10.1016/s1540-7489(02)80211-3,43,3,0.011,0.008549650663352134
row-0000296,doi::10.1016/s1540-7489(02)80211-3,43,3,0.01,0.008549650663352134
row-0000297,doi::10.1016/s1540-7489(02)80211-3,43,3,0.014,0.008549650663352134
row-0000298,doi::10.1016/s1540-7489(02)80211-3,43,3,0.013,0.008574586472875945
row-0000299,doi::10.1016/s1540-7489(02)80211-3,43,3,0.015,0.008574586472875945
row-0000301,doi::10.1016/s1540-7489(02)80211-3,43,3,0.015,0.008574586472875945
row-0000302,doi::10.1016/s1540-7489(02)80211-3,43,3,0.012,0.008579751409931226
row-0000303,doi::10.1016/s1540-7489(02)80211-3,43,3,0.03,0.00858660020895175
row-0000304,doi::10.1016/s1540-7489(02)80211-3,43,3,0.033,0.00858660020895175
row-0000305,doi::10.1016/s1540-7489(02)80211-3,43,3,0.036,0.00858660020895175
row-0000306,doi::10.1016/s1540-7489(02)80211-3,43,3,0.007,0.008549650663352134
row-0000307,doi::10.1016/s1540-7489(02)80211-3,43,3,0.0072,0.008549650663352134
row-0000308,doi::10.1016/s1540-7489(02)80211-3,43,3,0.008,0.008574586472875945
row-0000309,doi::10.1016/s1540-7489(02)80211-3,43,3,0.0075,0.008574586472875945
row-0000310,doi::10.1016/s1540-7489(02)80211-3,43,3,0.009,0.00858660020895175
row-0000311,doi::10.1016/s1540-7489(02)80211-3,43,3,0.0095,0.00858660020895175
row-0000312,doi::10.1016/s1540-7489(02)80211-3,43,3,0.008,0.00859202989933969
row-0000313,doi::10.1016/s1540-7489(02)80211-3,43,3,0.0075,0.00859202989933969
row-0000314,doi::10.1016/s1540-7489(02)80211-3,43,3,0.0075,0.00859202989933969
row-0000315,doi::10.1016/s1540-7489(02)80211-3,43,3,0.0075,0.00859202989933969
row-0000353,citation::ferkul paul v et al combustion experiments on the mir space station 37th aerospace sciences meeting and exhibit american institute of aeronautics and astronautics 1999 paper aiaa 99 0439,43,3,0.0016,0.0007905194138459305
row-0000354,citation::ferkul paul v et al combustion experiments on the mir space station 37th aerospace sciences meeting and exhibit american institute of aeronautics and astronautics 1999 paper aiaa 99 0439,43,3,0.0012,0.0008181156384211248
row-0000355,citation::ferkul paul v et al combustion experiments on the mir space station 37th aerospace sciences meeting and exhibit american institute of aeronautics and astronautics 1999 paper aiaa 99 0439,43,3,0.0015,0.0007907587104575316
row-0000356,citation::ferkul paul v et al combustion experiments on the mir space station 37th aerospace sciences meeting and exhibit american institute of aeronautics and astronautics 1999 paper aiaa 99 0439,43,3,0.0011,0.0008164518621973485
row-0001207,doi::10.1016/j.proci.2024.105199,43,3,0.0041,0.0022476503744227184
row-0001208,doi::10.1016/j.proci.2024.105199,43,3,0.004,0.0022476503744227184
row-0001209,doi::10.1016/j.proci.2024.105199,43,3,0.0036,0.0022476503744227184
row-0001210,doi::10.1016/j.proci.2024.105199,43,3,0.0058,0.002374376786243126
row-0001211,doi::10.1016/j.proci.2024.105199,43,3,0.006,0.002374376786243126
row-0001212,doi::10.1016/j.proci.2024.105199,43,3,0.007,0.0023962326372780076
row-0001213,doi::10.1016/j.proci.2024.105199,43,3,0.0032,0.002962794317877511
row-0001215,doi::10.1016/j.proci.2024.105199,43,3,0.0035,0.002962794317877511
row-0001216,doi::10.1016/j.proci.2024.105199,43,3,0.0049,0.0029668367490152726
row-0001217,doi::10.1016/j.proci.2024.105199,43,3,0.0051,0.0029668367490152726
row-0001218,doi::10.1016/j.proci.2024.105199,43,3,0.0045,0.0029668367490152726
row-0001219,doi::10.1016/j.proci.2024.105199,43,3,0.0049,0.0029668367490152726
row-0001220,doi::10.1016/j.proci.2024.105199,43,3,0.004,0.0029668367490152726
row-0001222,doi::10.1016/j.proci.2024.105199,43,3,0.0016,0.0016192913450731466
row-0001223,doi::10.1016/j.proci.2024.105199,43,3,0.0015,0.0016784312430317466
row-0001224,doi::10.1016/j.proci.2024.105199,43,3,0.0019,0.0017064520239970318
row-0001225,doi::10.1016/j.proci.2024.105199,43,3,0.002,0.0017064520239970318
row-0001226,doi::10.1016/j.proci.2024.105199,43,3,0.0021,0.0017064520239970318
row-0001227,doi::10.1016/j.proci.2024.105199,43,3,0.0021,0.0017678351845185135
row-0001228,doi::10.1016/j.proci.2024.105199,43,3,0.002,0.0017916733112864581
row-0001230,doi::10.1016/j.proci.2024.105199,43,3,0.0018,0.0017916733112864581
row-0001231,doi::10.1016/j.proci.2024.105199,43,3,0.0019,0.0017916733112864581
row-0001725,doi::10.1016/j.combustflame.2020.12.042,43,3,0.0017,0.002422856555845283
row-0001726,doi::10.1016/j.combustflame.2020.12.042,43,3,0.0012,0.002422856555845283
row-0001727,doi::10.1016/j.combustflame.2020.12.042,43,3,0.0019,0.002422856555845283
row-0001728,doi::10.1016/j.combustflame.2020.12.042,43,3,0.0022,0.002422856555845283
row-0001833,doi::10.1016/j.proci.2024.105766,43,3,0.007,0.0024645749682312306
row-0001834,doi::10.1016/j.proci.2024.105766,43,3,0.01,0.00241637144057708
row-0001835,doi::10.1016/j.proci.2024.105766,43,3,0.0115,0.002376136209892731
row-0001836,doi::10.1016/j.proci.2024.105766,43,3,0.012,0.0023675297725110657
row-0001837,doi::10.1016/j.proci.2024.105766,43,3,0.012,0.0028786269691136396
row-0001838,doi::10.1016/j.proci.2024.105766,43,3,0.005,0.0024613331321983152
row-0001839,doi::10.1016/j.proci.2024.105766,43,3,0.0055,0.002404523167162499
row-0001840,doi::10.1016/j.proci.2024.105766,43,3,0.006,0.0023613368888591034
row-0001841,doi::10.1016/j.proci.2024.105766,43,3,0.0065,0.002352730451477437
row-0001842,doi::10.1016/j.proci.2024.105766,43,3,0.0065,0.0028324766479795142
row-0001843,doi::10.1016/j.proci.2024.105766,43,3,0.005,0.0024727694945840613
row-0001844,doi::10.1016/j.proci.2024.105766,43,3,0.007,0.002415959529548246
row-0001845,doi::10.1016/j.proci.2024.105766,43,3,0.0075,0.0023737749179115167
row-0001846,doi::10.1016/j.proci.2024.105766,43,3,0.008,0.0023698381914027304
row-0001847,doi::10.1016/j.proci.2024.105766,43,3,0.009,0.002902130293061237
row-0001848,doi::10.1016/j.proci.2024.105766,43,3,0.0026,0.001967348688811889
row-0001849,doi::10.1016/j.proci.2024.105766,43,3,0.0027,0.001880189832014634
row-0001850,doi::10.1016/j.proci.2024.105766,43,3,0.0029,0.0018357792886679934
row-0001851,doi::10.1016/j.proci.2024.105766,43,3,0.0027,0.0018348058361793058
row-0001852,doi::10.1016/j.proci.2024.105766,43,3,0.0026,0.001883276003613968
row-0001853,doi::10.1016/j.proci.2024.105766,43,3,0.0017,0.001927161415155198
row-0001854,doi::10.1016/j.proci.2024.105766,43,3,0.0018,0.0018400025583579424
row-0001855,doi::10.1016/j.proci.2024.105766,43,3,0.002,0.001790770300725588
row-0001856,doi::10.1016/j.proci.2024.105766,43,3,0.0019,0.0017897968482369
row-0001857,doi::10.1016/j.proci.2024.105766,43,3,0.0018,0.001838838297722844
row-0001858,doi::10.1016/j.proci.2024.105766,43,3,0.0015,0.0018490637103891967
row-0001859,doi::10.1016/j.proci.2024.105766,43,3,0.0016,0.001791082635750959
row-0001860,doi::10.1016/j.proci.2024.105766,43,3,0.002,0.0017420941207594788
row-0001861,doi::10.1016/j.proci.2024.105766,43,3,0.0027,0.0017423956592210173
row-0001862,doi::10.1016/j.proci.2024.105766,43,3,0.0025,0.00178799285189236
row-0002786,citation::olson s l and j s t ien near limit flame spread over a thin solid fuel in 0 symposium international on combustion vol 22 no 1 1988 pp 1213 1222 the combustion institute,43,3,0.00503,0.004570563460705988
row-0002787,citation::olson s l and j s t ien near limit flame spread over a thin solid fuel in 0 symposium international on combustion vol 22 no 1 1988 pp 1213 1222 the combustion institute,43,3,0.00613,0.004597123981306992
row-0002788,citation::olson s l and j s t ien near limit flame spread over a thin solid fuel in 0 symposium international on combustion vol 22 no 1 1988 pp 1213 1222 the combustion institute,43,3,0.00755,0.006902982039506503
row-0002789,citation::olson s l and j s t ien near limit flame spread over a thin solid fuel in 0 symposium international on combustion vol 22 no 1 1988 pp 1213 1222 the combustion institute,43,3,0.01147,0.00829212940249391
row-0002790,citation::olson s l and j s t ien near limit flame spread over a thin solid fuel in 0 symposium international on combustion vol 22 no 1 1988 pp 1213 1222 the combustion institute,43,3,0.01415,0.010570431373922138
row-0002791,citation::olson s l and j s t ien near limit flame spread over a thin solid fuel in 0 symposium international on combustion vol 22 no 1 1988 pp 1213 1222 the combustion institute,43,3,0.0147,0.01053751258988265
row-0002792,citation::olson s l and j s t ien near limit flame spread over a thin solid fuel in 0 symposium international on combustion vol 22 no 1 1988 pp 1213 1222 the combustion institute,43,3,0.01533,0.01053751258988265
row-0002793,citation::olson s l and j s t ien near limit flame spread over a thin solid fuel in 0 symposium international on combustion vol 22 no 1 1988 pp 1213 1222 the combustion institute,43,3,0.01974,0.015540761380927972
row-0002794,citation::olson s l and j s t ien near limit flame spread over a thin solid fuel in 0 symposium international on combustion vol 22 no 1 1988 pp 1213 1222 the combustion institute,43,3,0.0306,0.024938982647205152
row-0002795,citation::olson s l and j s t ien near limit flame spread over a thin solid fuel in 0 symposium international on combustion vol 22 no 1 1988 pp 1213 1222 the combustion institute,43,3,0.03622,0.03282119857242038
row-0002796,citation::olson s l and j s t ien near limit flame spread over a thin solid fuel in 0 symposium international on combustion vol 22 no 1 1988 pp 1213 1222 the combustion institute,43,3,0.04342,0.042256110099382196
row-0002797,citation::olson s l and j s t ien near limit flame spread over a thin solid fuel in 0 symposium international on combustion vol 22 no 1 1988 pp 1213 1222 the combustion institute,43,3,0.0529,0.05152234220086963
row-0002798,citation::olson s l and j s t ien near limit flame spread over a thin solid fuel in 0 symposium international on combustion vol 22 no 1 1988 pp 1213 1222 the combustion institute,43,3,0.07704,0.054041649467006216
row-0002799,citation::olson s l and j s t ien near limit flame spread over a thin solid fuel in 0 symposium international on combustion vol 22 no 1 1988 pp 1213 1222 the combustion institute,43,3,0.00544,0.00829212940249391
row-0002800,citation::olson s l and j s t ien near limit flame spread over a thin solid fuel in 0 symposium international on combustion vol 22 no 1 1988 pp 1213 1222 the combustion institute,43,3,0.00571,0.00847947937863322
row-0002801,citation::olson s l and j s t ien near limit flame spread over a thin solid fuel in 0 symposium international on combustion vol 22 no 1 1988 pp 1213 1222 the combustion institute,43,3,0.01107,0.009888171773479396
row-0002802,citation::olson s l and j s t ien near limit flame spread over a thin solid fuel in 0 symposium international on combustion vol 22 no 1 1988 pp 1213 1222 the combustion institute,43,3,0.01283,0.011676299237367528
row-0002803,citation::olson s l and j s t ien near limit flame spread over a thin solid fuel in 0 symposium international on combustion vol 22 no 1 1988 pp 1213 1222 the combustion institute,43,3,0.01714,0.015572007564966713
row-0002804,citation::olson s l and j s t ien near limit flame spread over a thin solid fuel in 0 symposium international on combustion vol 22 no 1 1988 pp 1213 1222 the combustion institute,43,3,0.01796,0.015572007564966713
row-0002805,citation::olson s l and j s t ien near limit flame spread over a thin solid fuel in 0 symposium international on combustion vol 22 no 1 1988 pp 1213 1222 the combustion institute,43,3,0.0191,0.015572007564966713
row-0002806,citation::olson s l and j s t ien near limit flame spread over a thin solid fuel in 0 symposium international on combustion vol 22 no 1 1988 pp 1213 1222 the combustion institute,43,3,0.02184,0.019544806765976887
row-0002807,citation::olson s l and j s t ien near limit flame spread over a thin solid fuel in 0 symposium international on combustion vol 22 no 1 1988 pp 1213 1222 the combustion institute,43,3,0.02669,0.025935373117934923
row-0002808,citation::olson s l and j s t ien near limit flame spread over a thin solid fuel in 0 symposium international on combustion vol 22 no 1 1988 pp 1213 1222 the combustion institute,43,3,0.02758,0.024831311932291045
row-0002809,citation::olson s l and j s t ien near limit flame spread over a thin solid fuel in 0 symposium international on combustion vol 22 no 1 1988 pp 1213 1222 the combustion institute,43,3,0.03869,0.0327146721400193
row-0002810,citation::olson s l and j s t ien near limit flame spread over a thin solid fuel in 0 symposium international on combustion vol 22 no 1 1988 pp 1213 1222 the combustion institute,43,3,0.04662,0.04238442035178439
row-0002811,citation::olson s l and j s t ien near limit flame spread over a thin solid fuel in 0 symposium international on combustion vol 22 no 1 1988 pp 1213 1222 the combustion institute,43,3,0.04979,0.04238442035178439
row-0002812,citation::olson s l and j s t ien near limit flame spread over a thin solid fuel in 0 symposium international on combustion vol 22 no 1 1988 pp 1213 1222 the combustion institute,43,3,0.0633,0.05171692478799267
row-0002813,citation::olson s l and j s t ien near limit flame spread over a thin solid fuel in 0 symposium international on combustion vol 22 no 1 1988 pp 1213 1222 the combustion institute,43,3,0.07383,0.054240372247365956
row-0002814,citation::olson s l and j s t ien near limit flame spread over a thin solid fuel in 0 symposium international on combustion vol 22 no 1 1988 pp 1213 1222 the combustion institute,43,3,0.00288,0.005959502812734062
row-0002815,citation::olson s l and j s t ien near limit flame spread over a thin solid fuel in 0 symposium international on combustion vol 22 no 1 1988 pp 1213 1222 the combustion institute,43,3,0.00329,0.00594396430492608
row-0002816,citation::olson s l and j s t ien near limit flame spread over a thin solid fuel in 0 symposium international on combustion vol 22 no 1 1988 pp 1213 1222 the combustion institute,43,3,0.00338,0.005961778923845173
row-0002817,citation::olson s l and j s t ien near limit flame spread over a thin solid fuel in 0 symposium international on combustion vol 22 no 1 1988 pp 1213 1222 the combustion institute,43,3,0.00601,0.008258994307640481
row-0002818,citation::olson s l and j s t ien near limit flame spread over a thin solid fuel in 0 symposium international on combustion vol 22 no 1 1988 pp 1213 1222 the combustion institute,43,3,0.00675,0.008184922731882904
row-0002819,citation::olson s l and j s t ien near limit flame spread over a thin solid fuel in 0 symposium international on combustion vol 22 no 1 1988 pp 1213 1222 the combustion institute,43,3,0.00853,0.008792136188462798
row-0002820,citation::olson s l and j s t ien near limit flame spread over a thin solid fuel in 0 symposium international on combustion vol 22 no 1 1988 pp 1213 1222 the combustion institute,43,3,0.00915,0.008805467846582458
row-0002821,citation::olson s l and j s t ien near limit flame spread over a thin solid fuel in 0 symposium international on combustion vol 22 no 1 1988 pp 1213 1222 the combustion institute,43,3,0.00945,0.00882505497250229
row-0002822,citation::olson s l and j s t ien near limit flame spread over a thin solid fuel in 0 symposium international on combustion vol 22 no 1 1988 pp 1213 1222 the combustion institute,43,3,0.01028,0.010478306363194934
row-0002823,citation::olson s l and j s t ien near limit flame spread over a thin solid fuel in 0 symposium international on combustion vol 22 no 1 1988 pp 1213 1222 the combustion institute,43,3,0.01206,0.012185747739184032
row-0002824,citation::olson s l and j s t ien near limit flame spread over a thin solid fuel in 0 symposium international on combustion vol 22 no 1 1988 pp 1213 1222 the combustion institute,43,3,0.01688,0.020988788315477416
row-0002825,citation::olson s l and j s t ien near limit flame spread over a thin solid fuel in 0 symposium international on combustion vol 22 no 1 1988 pp 1213 1222 the combustion institute,43,3,0.01769,0.020829913067797533
row-0002826,citation::olson s l and j s t ien near limit flame spread over a thin solid fuel in 0 symposium international on combustion vol 22 no 1 1988 pp 1213 1222 the combustion institute,43,3,0.02298,0.029213759840971874
row-0002827,citation::olson s l and j s t ien near limit flame spread over a thin solid fuel in 0 symposium international on combustion vol 22 no 1 1988 pp 1213 1222 the combustion institute,43,3,0.02931,0.03351478599061086
row-0002828,citation::olson s l and j s t ien near limit flame spread over a thin solid fuel in 0 symposium international on combustion vol 22 no 1 1988 pp 1213 1222 the combustion institute,43,3,0.03468,0.040628469497473084
row-0002829,citation::olson s l and j s t ien near limit flame spread over a thin solid fuel in 0 symposium international on combustion vol 22 no 1 1988 pp 1213 1222 the combustion institute,43,3,0.03844,0.04264136624525263
row-0002830,citation::olson s l and j s t ien near limit flame spread over a thin solid fuel in 0 symposium international on combustion vol 22 no 1 1988 pp 1213 1222 the combustion institute,43,3,0.0026,0.008071368738123119
row-0002831,citation::olson s l and j s t ien near limit flame spread over a thin solid fuel in 0 symposium international on combustion vol 22 no 1 1988 pp 1213 1222 the combustion institute,43,3,0.00373,0.009108268540127785
row-0002832,citation::olson s l and j s t ien near limit flame spread over a thin solid fuel in 0 symposium international on combustion vol 22 no 1 1988 pp 1213 1222 the combustion institute,43,3,0.00406,0.008876129537192684
row-0002833,citation::olson s l and j s t ien near limit flame spread over a thin solid fuel in 0 symposium international on combustion vol 22 no 1 1988 pp 1213 1222 the combustion institute,43,3,0.00471,0.012177152710953236
row-0002834,citation::olson s l and j s t ien near limit flame spread over a thin solid fuel in 0 symposium international on combustion vol 22 no 1 1988 pp 1213 1222 the combustion institute,43,3,0.00547,0.012557687940919627
row-0002835,citation::olson s l and j s t ien near limit flame spread over a thin solid fuel in 0 symposium international on combustion vol 22 no 1 1988 pp 1213 1222 the combustion institute,43,3,0.00627,0.012177152710953236
row-0002836,citation::olson s l and j s t ien near limit flame spread over a thin solid fuel in 0 symposium international on combustion vol 22 no 1 1988 pp 1213 1222 the combustion institute,43,3,0.01275,0.020771463239403706
row-0002837,citation::olson s l and j s t ien near limit flame spread over a thin solid fuel in 0 symposium international on combustion vol 22 no 1 1988 pp 1213 1222 the combustion institute,43,3,0.0142,0.020948348264861368
row-0002838,citation::olson s l and j s t ien near limit flame spread over a thin solid fuel in 0 symposium international on combustion vol 22 no 1 1988 pp 1213 1222 the combustion institute,43,3,0.01537,0.020948348264861368
row-0002839,citation::olson s l and j s t ien near limit flame spread over a thin solid fuel in 0 symposium international on combustion vol 22 no 1 1988 pp 1213 1222 the combustion institute,43,3,0.01988,0.029194210377216673
row-0002840,citation::olson s l and j s t ien near limit flame spread over a thin solid fuel in 0 symposium international on combustion vol 22 no 1 1988 pp 1213 1222 the combustion institute,43,3,0.02183,0.029194210377216673
row-0002841,citation::olson s l and j s t ien near limit flame spread over a thin solid fuel in 0 symposium international on combustion vol 22 no 1 1988 pp 1213 1222 the combustion institute,43,3,0.02256,0.033597512999809176
row-0002842,citation::olson s l and j s t ien near limit flame spread over a thin solid fuel in 0 symposium international on combustion vol 22 no 1 1988 pp 1213 1222 the combustion institute,43,3,0.0342,0.033597512999809176
row-0002843,citation::olson s l and j s t ien near limit flame spread over a thin solid fuel in 0 symposium international on combustion vol 22 no 1 1988 pp 1213 1222 the combustion institute,43,3,0.03372,0.04078690576446916
row-0002844,citation::olson s l and j s t ien near limit flame spread over a thin solid fuel in 0 symposium international on combustion vol 22 no 1 1988 pp 1213 1222 the combustion institute,43,3,0.03617,0.04078690576446916
row-0002845,citation::olson s l and j s t ien near limit flame spread over a thin solid fuel in 0 symposium international on combustion vol 22 no 1 1988 pp 1213 1222 the combustion institute,43,3,0.04569,0.04280741004166048
row-0003026,doi::10.1016/s0010-2180(00)00249-2,43,3,0.00085,0.0011978537944584554
row-0003027,doi::10.1016/s0010-2180(00)00249-2,43,3,0.00088,0.0011978537944584554
row-0003028,doi::10.1016/s0010-2180(00)00249-2,43,3,0.00075,0.0011951074824830053
row-0003029,doi::10.1016/s0010-2180(00)00249-2,43,3,0.0012,0.0011926199396625778
row-0003030,doi::10.1016/s0010-2180(00)00249-2,43,3,0.0011,0.0011926199396625778
row-0003031,doi::10.1016/s0010-2180(00)00249-2,43,3,0.0019,0.0012004021310953001
row-0003032,doi::10.1016/s0010-2180(00)00249-2,43,3,0.0023,0.0012215915644391445
row-0003033,doi::10.1016/s0010-2180(00)00249-2,43,3,0.002,0.0012215915644391445
row-0003034,doi::10.1016/s0010-2180(00)00249-2,43,3,0.0022,0.0012337039450367642
row-0003035,doi::10.1016/s0010-2180(00)00249-2,43,3,0.0017,0.001504238407097073
row-0003036,doi::10.1016/s0010-2180(00)00249-2,43,3,0.0019,0.0026785016048567027
row-0003037,doi::10.1016/s0010-2180(00)00249-2,43,3,0.0022,0.0026785016048567027
row-0003038,doi::10.1016/s0010-2180(00)00249-2,43,3,0.0037,0.0025326442895715175
row-0003039,doi::10.1016/s0010-2180(00)00249-2,43,3,0.004,0.0025219053987022137
row-0003040,doi::10.1016/s0010-2180(00)00249-2,43,3,0.0052,0.0025621770779434175
row-0003041,doi::10.1016/s0010-2180(00)00249-2,43,3,0.0045,0.0025621770779434175
row-0003042,doi::10.1016/s0010-2180(00)00249-2,43,3,0.006,0.0025948522394399582
row-0003043,doi::10.1016/s0010-2180(00)00249-2,43,3,0.0059,0.0026013995791453574
row-0003044,doi::10.1016/s0010-2180(00)00249-2,43,3,0.0032,0.00450378002921932
row-0003045,doi::10.1016/s0010-2180(00)00249-2,43,3,0.0033,0.00450378002921932
row-0003046,doi::10.1016/s0010-2180(00)00249-2,43,3,0.0036,0.00450378002921932
row-0003047,doi::10.1016/s0010-2180(00)00249-2,43,3,0.0037,0.00450378002921932
row-0003048,doi::10.1016/s0010-2180(00)00249-2,43,3,0.0045,0.00450378002921932
row-0003049,doi::10.1016/s0010-2180(00)00249-2,43,3,0.0052,0.00374487626689888
row-0003050,doi::10.1016/s0010-2180(00)00249-2,43,3,0.0077,0.003959733802878419
row-0003051,doi::10.1016/s0010-2180(00)00249-2,43,3,0.0085,0.00450179867994548
row-0003052,doi::10.1016/s0010-2180(00)00249-2,43,3,0.0088,0.0045034108997256996
row-0003053,doi::10.1016/s0010-2180(00)00249-2,43,3,0.0024,0.0014514333013627898
row-0003054,doi::10.1016/s0010-2180(00)00249-2,43,3,0.0014,0.0012259158250889992
row-0003055,doi::10.1016/s0010-2180(00)00249-2,43,3,0.0012,0.0012259158250889992
row-0003056,doi::10.1016/s0010-2180(00)00249-2,43,3,0.00082,0.0012084293388450477
row-0003057,doi::10.1016/s0010-2180(00)00249-2,43,3,0.00077,0.0011931400002686385
row-0003058,doi::10.1016/s0010-2180(00)00249-2,43,3,0.00064,0.0011931400002686385
row-0003062,doi::10.1016/s0010-2180(00)00249-2,43,3,0.0001,0.0015825977149173892
row-0003063,doi::10.1016/s0010-2180(00)00249-2,43,3,0.00088,0.0011978537944584554
row-0003064,doi::10.1016/s0010-2180(00)00249-2,43,3,0.00084,0.0011978537944584554
row-0003065,doi::10.1016/s0010-2180(00)00249-2,43,3,0.00076,0.0011951074824830053
row-0003068,doi::10.1016/s0010-2180(00)00249-2,43,3,0.0019,0.0012004021310953001
row-0003069,doi::10.1016/s0010-2180(00)00249-2,43,3,0.0019,0.0012215915644391445
row-0003070,doi::10.1016/s0010-2180(00)00249-2,43,3,0.0023,0.0012223238266262327
row-0003196,doi::10.1016/j.combustflame.2022.112009,43,3,0.0013,0.012683002299111745
row-0003197,doi::10.1016/j.combustflame.2022.112009,43,3,0.0012,0.012683002299111745
row-0003198,doi::10.1016/j.combustflame.2022.112009,43,3,0.0013,0.012980050678906467
row-0003199,doi::10.1016/j.combustflame.2022.112009,43,3,0.0012,0.013074996069263238
row-0003200,doi::10.1016/j.combustflame.2022.112009,43,3,0.0014,0.013120341927849095
row-0003201,doi::10.1016/j.combustflame.2022.112009,43,3,0.0013,0.013120341927849095
row-0003202,doi::10.1016/j.combustflame.2022.112009,43,3,0.0013,0.013623068146300295
row-0003203,doi::10.1016/j.combustflame.2022.112009,43,3,0.0014,0.014123533457858512
row-0003204,doi::10.1016/j.combustflame.2022.112009,43,3,0.0013,0.01738899407730566
row-0003205,doi::10.1016/j.combustflame.2022.112009,43,3,0.0012,0.01738899407730566
row-0003206,doi::10.1016/j.combustflame.2022.112009,43,3,0.0014,0.01768424417182949
row-0003207,doi::10.1016/j.combustflame.2022.112009,43,3,0.0014,0.01787498720031115
row-0003210,doi::10.1016/j.combustflame.2022.112009,43,3,0.0011,0.012680277638217085
row-0003211,doi::10.1016/j.combustflame.2022.112009,43,3,0.001,0.013103688497644013
row-0003212,doi::10.1016/j.combustflame.2022.112009,43,3,0.0012,0.013072271408368577
row-0003213,doi::10.1016/j.combustflame.2022.112009,43,3,0.0011,0.013620343485405634
row-0003214,doi::10.1016/j.combustflame.2022.112009,43,3,0.0012,0.017386269416411
row-0003215,doi::10.1016/j.combustflame.2022.112009,43,3,0.0013,0.01783392900095495
row-0003216,doi::10.1016/j.combustflame.2022.112009,43,3,0.0013,0.017914281568720523
row-0003217,doi::10.1016/j.combustflame.2022.112009,43,3,0.001,0.017914281568720523
row-0003219,doi::10.1016/j.combustflame.2022.112009,43,3,0.00068,0.012510463505882839
row-0003220,doi::10.1016/j.combustflame.2022.112009,43,3,0.00068,0.012806594311002237
row-0003221,doi::10.1016/j.combustflame.2022.112009,43,3,0.0007,0.012946885559944865
row-0003222,doi::10.1016/j.combustflame.2022.112009,43,3,0.00071,0.013453161225454889
row-0003223,doi::10.1016/j.combustflame.2022.112009,43,3,0.00079,0.01725323190582599
row-0003224,doi::10.1016/j.combustflame.2022.112009,43,3,0.00085,0.017740589706797583
row-0003227,doi::10.1016/j.combustflame.2022.112009,43,3,0.0005,0.012421435271895336
row-0003228,doi::10.1016/j.combustflame.2022.112009,43,3,0.00036,0.012421435271895336
row-0003229,doi::10.1016/j.combustflame.2022.112009,43,3,0.00039,0.012719721107007562
row-0003230,doi::10.1016/j.combustflame.2022.112009,43,3,0.00044,0.012815714945640194
row-0003231,doi::10.1016/j.combustflame.2022.112009,43,3,0.00048,0.012861060804226051
row-0003232,doi::10.1016/j.combustflame.2022.112009,43,3,0.00045,0.013370498582403384
row-0003233,doi::10.1016/j.combustflame.2022.112009,43,3,0.00052,0.01387636512807531
row-0003234,doi::10.1016/j.combustflame.2022.112009,43,3,0.00055,0.013997542221466892
row-0003235,doi::10.1016/j.combustflame.2022.112009,43,3,0.00048,0.017195009201549573
row-0003236,doi::10.1016/j.combustflame.2022.112009,43,3,0.00044,0.017195009201549573
row-0003244,doi::10.1016/j.combustflame.2022.112009,43,3,0.0066,0.014377988187008929
row-0003245,doi::10.1016/j.combustflame.2022.112009,43,3,0.006,0.015292150365203634
row-0003246,doi::10.1016/j.combustflame.2022.112009,43,3,0.0054,0.01855542540926901
row-0003247,doi::10.1016/j.combustflame.2022.112009,43,3,0.0053,0.01897809379797542
row-0003248,doi::10.1016/j.combustflame.2022.112009,43,3,0.008,0.019002000391382015
row-0003249,doi::10.1016/j.combustflame.2022.112009,43,3,0.011,0.019002000391382015
row-0003250,doi::10.1016/j.combustflame.2022.112009,43,3,0.012,0.019002000391382015
row-0003258,doi::10.1016/j.combustflame.2022.112009,43,3,0.0033,0.018871204335861824
row-0003259,doi::10.1016/j.combustflame.2022.112009,43,3,0.0037,0.01889511092926842
row-0003426,citation::s nchez tarifa c and b l zaro experiments conducted on combustion at microgravity in the texus 38 sounding rocket results and conclusions first international symposium on microgravity research and applications on physical sciences and biotechnology 2000,43,3,0.00038,0.0008620507326466271
row-0003427,citation::s nchez tarifa c and b l zaro experiments conducted on combustion at microgravity in the texus 38 sounding rocket results and conclusions first international symposium on microgravity research and applications on physical sciences and biotechnology 2000,43,3,0.00072,0.0008538948080303281
row-0003428,citation::s nchez tarifa c and b l zaro experiments conducted on combustion at microgravity in the texus 38 sounding rocket results and conclusions first international symposium on microgravity research and applications on physical sciences and biotechnology 2000,43,3,0.00069,0.0008513834818126861
row-0003429,citation::s nchez tarifa c and b l zaro experiments conducted on combustion at microgravity in the texus 38 sounding rocket results and conclusions first international symposium on microgravity research and applications on physical sciences and biotechnology 2000,43,3,0.00068,0.0008412994309844584
row-0003430,citation::s nchez tarifa c and b l zaro experiments conducted on combustion at microgravity in the texus 38 sounding rocket results and conclusions first international symposium on microgravity research and applications on physical sciences and biotechnology 2000,43,3,0.00081,0.0008323623102013266
row-0003474,doi::10.1016/s1540-7489(02)80315-7,43,3,0.00548,0.030072639436206413
row-0003475,doi::10.1016/s1540-7489(02)80315-7,43,3,0.00945,0.03412793151175858
row-0003476,doi::10.1016/s1540-7489(02)80315-7,43,3,0.01642,0.03751414450548445
row-0003477,doi::10.1016/s1540-7489(02)80315-7,43,3,0.03293,0.04424019136894539
row-0003478,doi::10.1016/s1540-7489(02)80315-7,43,3,0.04771,0.0444074416452974
row-0003479,doi::10.1016/s1540-7489(02)80315-7,43,3,0.05214,0.044401633645297395
row-0003480,doi::10.1016/s1540-7489(02)80315-7,43,3,0.05751,0.044622069241165026
row-0003481,doi::10.1016/s1540-7489(02)80315-7,43,3,0.05887,0.044401633645297395
row-0003482,doi::10.1016/s1540-7489(02)80315-7,43,3,0.00429,0.029702505380403366
row-0003483,doi::10.1016/s1540-7489(02)80315-7,43,3,0.00453,0.029724350990457525
row-0003484,doi::10.1016/s1540-7489(02)80315-7,43,3,0.01257,0.03401852240656551
row-0003485,doi::10.1016/s1540-7489(02)80315-7,43,3,0.01869,0.03732102202733103
row-0003486,doi::10.1016/s1540-7489(02)80315-7,43,3,0.0254,0.04402206770031578
row-0003487,doi::10.1016/s1540-7489(02)80315-7,43,3,0.03317,0.04418931797666778
row-0003488,doi::10.1016/s1540-7489(02)80315-7,43,3,0.03917,0.04440026699384124
row-0003489,doi::10.1016/s1540-7489(02)80315-7,43,3,0.00287,0.029146372514288834
row-0003490,doi::10.1016/s1540-7489(02)80315-7,43,3,0.00875,0.02909099094308471
row-0003491,doi::10.1016/s1540-7489(02)80315-7,43,3,0.00995,0.031335744257090827
row-0003492,doi::10.1016/s1540-7489(02)80315-7,43,3,0.02101,0.038539591471197295
row-0003493,doi::10.1016/s1540-7489(02)80315-7,43,3,0.05752,0.042435492611967336
row-0003494,doi::10.1016/s1540-7489(02)80315-7,43,3,0.04897,0.045339246507803195
row-0003495,doi::10.1016/s1540-7489(02)80315-7,43,3,0.02599,0.03297248307789821
row-0003496,doi::10.1016/s1540-7489(02)80315-7,43,3,0.03866,0.03833529910914019
row-0003497,doi::10.1016/s1540-7489(02)80315-7,43,3,0.06137,0.04222701101260178
row-0003498,doi::10.1016/s1540-7489(02)80315-7,43,3,0.03449,0.04512309417250691
row-0003499,doi::10.1016/s1540-7489(02)80315-7,43,3,0.014,0.042267882783316266
row-0003500,doi::10.1016/s1540-7489(02)80315-7,43,3,0.031,0.04226538500553849
row-0003501,doi::10.1016/s1540-7489(02)80315-7,43,3,0.043,0.04226538500553849
row-0003502,doi::10.1016/s1540-7489(02)80315-7,43,3,0.047,0.04226538500553849
row-0003503,doi::10.1016/s1540-7489(02)80315-7,43,3,0.045,0.04227940388665737
row-0003504,doi::10.1016/s1540-7489(02)80315-7,43,3,0.046,0.04258143271765971
row-0003505,doi::10.1016/s1540-7489(02)80315-7,43,3,0.048,0.0444074416452974
row-0003506,doi::10.1016/s1540-7489(02)80315-7,43,3,0.024,0.042061253538929075
row-0003507,doi::10.1016/s1540-7489(02)80315-7,43,3,0.0094,0.042061253538929075
row-0003508,doi::10.1016/s1540-7489(02)80315-7,43,3,0.0056,0.0420587557611513
row-0003509,doi::10.1016/s1540-7489(02)80315-7,43,3,0.0043,0.0420587557611513
row-0003510,doi::10.1016/s1540-7489(02)80315-7,43,3,0.019,0.0420587557611513
row-0003511,doi::10.1016/s1540-7489(02)80315-7,43,3,0.024,0.0420587557611513
row-0003512,doi::10.1016/s1540-7489(02)80315-7,43,3,0.021,0.04229417162711867
row-0003513,doi::10.1016/s1540-7489(02)80315-7,43,3,0.034,0.04418931797666778
row-0004909,doi::10.1016/j.proci.2024.105199,43,3,0.0069,0.0024332793758582646
row-0004910,doi::10.1016/j.proci.2024.105199,43,3,0.005,0.0029507746839624034
row-0004911,doi::10.1016/j.proci.2024.105199,43,3,0.0046,0.002951378683962403
row-0004912,doi::10.1016/j.proci.2024.105199,43,3,0.0038,0.002951378683962403
row-0004913,doi::10.1016/j.proci.2024.105199,43,3,0.006,0.0023978608346907366
row-0004914,doi::10.1016/j.proci.2024.105199,43,3,0.0032,0.0029347471249541257
row-0004915,doi::10.1016/j.proci.2024.105199,43,3,0.0058,0.0023978608346907366
row-0004916,doi::10.1016/j.proci.2024.105199,43,3,0.0035,0.0029347471249541257
row-0004917,doi::10.1016/j.proci.2024.105199,43,3,0.0042,0.002270501002533643
row-0004918,doi::10.1016/j.proci.2024.105199,43,3,0.004,0.002270501002533643
row-0004919,doi::10.1016/j.proci.2024.105199,43,3,0.0034,0.002270501002533643
row-0004929,doi::10.1016/j.proci.2024.105199,43,3,0.0021,0.0019136183010091026
row-0004930,doi::10.1016/j.proci.2024.105199,43,3,0.00225,0.0020678052621609664
row-0004931,doi::10.1016/j.proci.2024.105199,43,3,0.0021,0.002085257903493807
row-0004932,doi::10.1016/j.proci.2024.105199,43,3,0.0018,0.002085257903493807
row-0004933,doi::10.1016/j.proci.2024.105199,43,3,0.00175,0.0018374636641349217
row-0004934,doi::10.1016/j.proci.2024.105199,43,3,0.0016,0.0019840934328182683
row-0005033,doi::10.1007/s12217-022-09945-4,43,3,0.0162,0.013168862863308166
row-0005034,doi::10.1007/s12217-022-09945-4,43,3,0.0149,0.01298604598484467
row-0005035,doi::10.1007/s12217-022-09945-4,43,3,0.0128,0.012770879908660751
row-0005036,doi::10.1007/s12217-022-09945-4,43,3,0.0125,0.013313506073466645
row-0005037,doi::10.1007/s12217-022-09945-4,43,3,0.0108,0.013130689195003143
row-0005038,doi::10.1007/s12217-022-09945-4,43,3,0.0095,0.012969294837476388
row-0005039,doi::10.1007/s12217-022-09945-4,43,3,0.0075,0.012929665266612956
row-0005040,doi::10.1007/s12217-022-09945-4,43,3,0.0065,0.01082002647569279
row-0005041,doi::10.1007/s12217-022-09945-4,43,3,0.003,0.005632910355235811
row-0005042,doi::10.1007/s12217-022-09945-4,43,3,0.0025,0.003672063275711192
row-0005043,doi::10.1007/s12217-022-09945-4,43,3,0.002,0.0025114266890014815
row-0000003,citation::andracchio charles r and john c aydelott comparison of flame spreading over thin flat surfaces in normal gravity and weightlessness in an oxygen environment nasa technical memorandum nasa tm x 1992 1970,43,4,0.056,0.039590364578952764
row-0000004,citation::andracchio charles r and john c aydelott comparison of flame spreading over thin flat surfaces in normal gravity and weightlessness in an oxygen environment nasa technical memorandum nasa tm x 1992 1970,43,4,0.036,0.039408771914977846
row-0000005,citation::andracchio charles r and john c aydelott comparison of flame spreading over thin flat surfaces in normal gravity and weightlessness in an oxygen environment nasa technical memorandum nasa tm x 1992 1970,43,4,0.06,0.039590364578952764
row-0000006,citation::andracchio charles r and john c aydelott comparison of flame spreading over thin flat surfaces in normal gravity and weightlessness in an oxygen environment nasa technical memorandum nasa tm x 1992 1970,43,4,0.042,0.039408771914977846
row-0000008,citation::andracchio charles r and john c aydelott comparison of flame spreading over thin flat surfaces in normal gravity and weightlessness in an oxygen environment nasa technical memorandum nasa tm x 1992 1970,43,4,0.043,0.039408771914977846
row-0000009,citation::andracchio charles r and john c aydelott comparison of flame spreading over thin flat surfaces in normal gravity and weightlessness in an oxygen environment nasa technical memorandum nasa tm x 1992 1970,43,4,0.03,0.03814193926316406
row-0000010,citation::andracchio charles r and john c aydelott comparison of flame spreading over thin flat surfaces in normal gravity and weightlessness in an oxygen environment nasa technical memorandum nasa tm x 1992 1970,43,4,0.022,0.03796034659918913
row-0000011,citation::andracchio charles r and john c aydelott comparison of flame spreading over thin flat surfaces in normal gravity and weightlessness in an oxygen environment nasa technical memorandum nasa tm x 1992 1970,43,4,0.035,0.03814193926316406
row-0000012,citation::andracchio charles r and john c aydelott comparison of flame spreading over thin flat surfaces in normal gravity and weightlessness in an oxygen environment nasa technical memorandum nasa tm x 1992 1970,43,4,0.023,0.03796034659918913
row-0000013,citation::andracchio charles r and john c aydelott comparison of flame spreading over thin flat surfaces in normal gravity and weightlessness in an oxygen environment nasa technical memorandum nasa tm x 1992 1970,43,4,0.032,0.03814193926316406
row-0000015,citation::andracchio charles r and john c aydelott comparison of flame spreading over thin flat surfaces in normal gravity and weightlessness in an oxygen environment nasa technical memorandum nasa tm x 1992 1970,43,4,0.098,0.035624326393168516
row-0000016,citation::andracchio charles r and john c aydelott comparison of flame spreading over thin flat surfaces in normal gravity and weightlessness in an oxygen environment nasa technical memorandum nasa tm x 1992 1970,43,4,0.09,0.03586163349824012
row-0000017,citation::andracchio charles r and john c aydelott comparison of flame spreading over thin flat surfaces in normal gravity and weightlessness in an oxygen environment nasa technical memorandum nasa tm x 1992 1970,43,4,0.106,0.035624326393168516
row-0000018,citation::andracchio charles r and john c aydelott comparison of flame spreading over thin flat surfaces in normal gravity and weightlessness in an oxygen environment nasa technical memorandum nasa tm x 1992 1970,43,4,0.087,0.03586163349824012
row-0000021,citation::andracchio charles r and john c aydelott comparison of flame spreading over thin flat surfaces in normal gravity and weightlessness in an oxygen environment nasa technical memorandum nasa tm x 1992 1970,43,4,0.105,0.035148251422309804
row-0000022,citation::andracchio charles r and john c aydelott comparison of flame spreading over thin flat surfaces in normal gravity and weightlessness in an oxygen environment nasa technical memorandum nasa tm x 1992 1970,43,4,0.093,0.03528378703351295
row-0000023,citation::andracchio charles r and john c aydelott comparison of flame spreading over thin flat surfaces in normal gravity and weightlessness in an oxygen environment nasa technical memorandum nasa tm x 1992 1970,43,4,0.116,0.035148251422309804
row-0000024,citation::andracchio charles r and john c aydelott comparison of flame spreading over thin flat surfaces in normal gravity and weightlessness in an oxygen environment nasa technical memorandum nasa tm x 1992 1970,43,4,0.099,0.03528378703351295
row-0000025,citation::andracchio charles r and john c aydelott comparison of flame spreading over thin flat surfaces in normal gravity and weightlessness in an oxygen environment nasa technical memorandum nasa tm x 1992 1970,43,4,0.102,0.035148251422309804
row-0000027,citation::andracchio charles r and john c aydelott comparison of flame spreading over thin flat surfaces in normal gravity and weightlessness in an oxygen environment nasa technical memorandum nasa tm x 1992 1970,43,4,0.02,0.020369473910695508
row-0000028,citation::andracchio charles r and john c aydelott comparison of flame spreading over thin flat surfaces in normal gravity and weightlessness in an oxygen environment nasa technical memorandum nasa tm x 1992 1970,43,4,0.015,0.020126336491709793
row-0000029,citation::andracchio charles r and john c aydelott comparison of flame spreading over thin flat surfaces in normal gravity and weightlessness in an oxygen environment nasa technical memorandum nasa tm x 1992 1970,43,4,0.023,0.020369473910695508
row-0000030,citation::andracchio charles r and john c aydelott comparison of flame spreading over thin flat surfaces in normal gravity and weightlessness in an oxygen environment nasa technical memorandum nasa tm x 1992 1970,43,4,0.012,0.020126336491709793
row-0000051,citation::andracchio charles r and thomas h cochran gravity effects on flame spreading over solid surfaces nasa technical note d 8228 national aeronautics and space administration may 1976,43,4,0.0303,0.03395520492317302
row-0000052,citation::andracchio charles r and thomas h cochran gravity effects on flame spreading over solid surfaces nasa technical note d 8228 national aeronautics and space administration may 1976,43,4,0.0204,0.033826366538668634
row-0000053,citation::andracchio charles r and thomas h cochran gravity effects on flame spreading over solid surfaces nasa technical note d 8228 national aeronautics and space administration may 1976,43,4,0.0279,0.028358979288523156
row-0000054,citation::andracchio charles r and thomas h cochran gravity effects on flame spreading over solid surfaces nasa technical note d 8228 national aeronautics and space administration may 1976,43,4,0.0192,0.028360190328177947
row-0000055,citation::andracchio charles r and thomas h cochran gravity effects on flame spreading over solid surfaces nasa technical note d 8228 national aeronautics and space administration may 1976,43,4,0.0266,0.028626254441602196
row-0000056,citation::andracchio charles r and thomas h cochran gravity effects on flame spreading over solid surfaces nasa technical note d 8228 national aeronautics and space administration may 1976,43,4,0.0176,0.02852794637935888
row-0000057,citation::andracchio charles r and thomas h cochran gravity effects on flame spreading over solid surfaces nasa technical note d 8228 national aeronautics and space administration may 1976,43,4,0.0263,0.032721411042831466
row-0000058,citation::andracchio charles r and thomas h cochran gravity effects on flame spreading over solid surfaces nasa technical note d 8228 national aeronautics and space administration may 1976,43,4,0.0162,0.03259641574923617
row-0000059,citation::andracchio charles r and thomas h cochran gravity effects on flame spreading over solid surfaces nasa technical note d 8228 national aeronautics and space administration may 1976,43,4,0.0234,0.014600074809218199
row-0000060,citation::andracchio charles r and thomas h cochran gravity effects on flame spreading over solid surfaces nasa technical note d 8228 national aeronautics and space administration may 1976,43,4,0.0152,0.014672695233306561
row-0000061,citation::andracchio charles r and thomas h cochran gravity effects on flame spreading over solid surfaces nasa technical note d 8228 national aeronautics and space administration may 1976,43,4,0.022,0.013658965093283603
row-0000062,citation::andracchio charles r and thomas h cochran gravity effects on flame spreading over solid surfaces nasa technical note d 8228 national aeronautics and space administration may 1976,43,4,0.0127,0.013627739742074367
row-0000063,citation::andracchio charles r and thomas h cochran gravity effects on flame spreading over solid surfaces nasa technical note d 8228 national aeronautics and space administration may 1976,43,4,0.02,0.015722739027654437
row-0000064,citation::andracchio charles r and thomas h cochran gravity effects on flame spreading over solid surfaces nasa technical note d 8228 national aeronautics and space administration may 1976,43,4,0.0117,0.015694987018474816
row-0000065,citation::andracchio charles r and thomas h cochran gravity effects on flame spreading over solid surfaces nasa technical note d 8228 national aeronautics and space administration may 1976,43,4,0.0198,0.014434307881604958
row-0000066,citation::andracchio charles r and thomas h cochran gravity effects on flame spreading over solid surfaces nasa technical note d 8228 national aeronautics and space administration may 1976,43,4,0.0079,0.014450428070227539
row-0000067,citation::andracchio charles r and thomas h cochran gravity effects on flame spreading over solid surfaces nasa technical note d 8228 national aeronautics and space administration may 1976,43,4,0.0224,0.013036478141321039
row-0000068,citation::andracchio charles r and thomas h cochran gravity effects on flame spreading over solid surfaces nasa technical note d 8228 national aeronautics and space administration may 1976,43,4,0.015,0.011834229460068669
row-0000070,citation::andracchio charles r and thomas h cochran gravity effects on flame spreading over solid surfaces nasa technical note d 8228 national aeronautics and space administration may 1976,43,4,0.0143,0.011099646177885844
row-0000071,citation::andracchio charles r and thomas h cochran gravity effects on flame spreading over solid surfaces nasa technical note d 8228 national aeronautics and space administration may 1976,43,4,0.0054,0.011149021483333807
row-0000072,citation::andracchio charles r and thomas h cochran gravity effects on flame spreading over solid surfaces nasa technical note d 8228 national aeronautics and space administration may 1976,43,4,0.067,0.035360463259695364
row-0000073,citation::andracchio charles r and thomas h cochran gravity effects on flame spreading over solid surfaces nasa technical note d 8228 national aeronautics and space administration may 1976,43,4,0.0558,0.03523162487519097
row-0000074,citation::andracchio charles r and thomas h cochran gravity effects on flame spreading over solid surfaces nasa technical note d 8228 national aeronautics and space administration may 1976,43,4,0.0172,0.022244572311522815
row-0000075,citation::andracchio charles r and thomas h cochran gravity effects on flame spreading over solid surfaces nasa technical note d 8228 national aeronautics and space administration may 1976,43,4,0.009,0.02202332575541819
row-0000076,citation::andracchio charles r and thomas h cochran gravity effects on flame spreading over solid surfaces nasa technical note d 8228 national aeronautics and space administration may 1976,43,4,0.07,0.04127084344166853
row-0000077,citation::andracchio charles r and thomas h cochran gravity effects on flame spreading over solid surfaces nasa technical note d 8228 national aeronautics and space administration may 1976,43,4,0.055,0.04111265119436028
row-0000078,citation::andracchio charles r and thomas h cochran gravity effects on flame spreading over solid surfaces nasa technical note d 8228 national aeronautics and space administration may 1976,43,4,0.032,0.04003285960300944
row-0000079,citation::andracchio charles r and thomas h cochran gravity effects on flame spreading over solid surfaces nasa technical note d 8228 national aeronautics and space administration may 1976,43,4,0.02,0.03987466735570118
row-0000080,citation::andracchio charles r and thomas h cochran gravity effects on flame spreading over solid surfaces nasa technical note d 8228 national aeronautics and space administration may 1976,43,4,0.019,0.02798049051843177
row-0000081,citation::andracchio charles r and thomas h cochran gravity effects on flame spreading over solid surfaces nasa technical note d 8228 national aeronautics and space administration may 1976,43,4,0.012,0.027748049963159636
row-0000082,citation::andracchio charles r and thomas h cochran gravity effects on flame spreading over solid surfaces nasa technical note d 8228 national aeronautics and space administration may 1976,43,4,0.0763,0.04130238706453495
row-0000083,citation::andracchio charles r and thomas h cochran gravity effects on flame spreading over solid surfaces nasa technical note d 8228 national aeronautics and space administration may 1976,43,4,0.0633,0.04114413291907855
row-0000084,citation::andracchio charles r and thomas h cochran gravity effects on flame spreading over solid surfaces nasa technical note d 8228 national aeronautics and space administration may 1976,43,4,0.0402,0.040206158746799385
row-0000085,citation::andracchio charles r and thomas h cochran gravity effects on flame spreading over solid surfaces nasa technical note d 8228 national aeronautics and space administration may 1976,43,4,0.024,0.04004790460134298
row-0000086,citation::andracchio charles r and thomas h cochran gravity effects on flame spreading over solid surfaces nasa technical note d 8228 national aeronautics and space administration may 1976,43,4,0.102,0.0413687264644406
row-0000087,citation::andracchio charles r and thomas h cochran gravity effects on flame spreading over solid surfaces nasa technical note d 8228 national aeronautics and space administration may 1976,43,4,0.097,0.041210472318984205
row-0000088,citation::andracchio charles r and thomas h cochran gravity effects on flame spreading over solid surfaces nasa technical note d 8228 national aeronautics and space administration may 1976,43,4,0.078,0.040272498146705034
row-0000089,citation::andracchio charles r and thomas h cochran gravity effects on flame spreading over solid surfaces nasa technical note d 8228 national aeronautics and space administration may 1976,43,4,0.049,0.040114244001248626
row-0000090,citation::andracchio charles r and thomas h cochran gravity effects on flame spreading over solid surfaces nasa technical note d 8228 national aeronautics and space administration may 1976,43,4,0.0335,0.02846372259258886
row-0000091,citation::andracchio charles r and thomas h cochran gravity effects on flame spreading over solid surfaces nasa technical note d 8228 national aeronautics and space administration may 1976,43,4,0.0176,0.028231220139168588
row-0000092,citation::andracchio charles r and thomas h cochran gravity effects on flame spreading over solid surfaces nasa technical note d 8228 national aeronautics and space administration may 1976,43,4,0.0647,0.02987963146423815
row-0000093,citation::andracchio charles r and thomas h cochran gravity effects on flame spreading over solid surfaces nasa technical note d 8228 national aeronautics and space administration may 1976,43,4,0.0473,0.02987647319986364
row-0000094,citation::andracchio charles r and thomas h cochran gravity effects on flame spreading over solid surfaces nasa technical note d 8228 national aeronautics and space administration may 1976,43,4,0.058,0.030033360618342688
row-0000095,citation::andracchio charles r and thomas h cochran gravity effects on flame spreading over solid surfaces nasa technical note d 8228 national aeronautics and space administration may 1976,43,4,0.0473,0.029955565213104208
row-0000096,citation::andracchio charles r and thomas h cochran gravity effects on flame spreading over solid surfaces nasa technical note d 8228 national aeronautics and space administration may 1976,43,4,0.0582,0.03442802358205331
row-0000097,citation::andracchio charles r and thomas h cochran gravity effects on flame spreading over solid surfaces nasa technical note d 8228 national aeronautics and space administration may 1976,43,4,0.0432,0.03430302828845802
row-0000098,citation::andracchio charles r and thomas h cochran gravity effects on flame spreading over solid surfaces nasa technical note d 8228 national aeronautics and space administration may 1976,43,4,0.0536,0.01737400007014432
row-0000099,citation::andracchio charles r and thomas h cochran gravity effects on flame spreading over solid surfaces nasa technical note d 8228 national aeronautics and space administration may 1976,43,4,0.0392,0.017425494853825354
row-0000100,citation::andracchio charles r and thomas h cochran gravity effects on flame spreading over solid surfaces nasa technical note d 8228 national aeronautics and space administration may 1976,43,4,0.0472,0.01625100284382746
row-0000101,citation::andracchio charles r and thomas h cochran gravity effects on flame spreading over solid surfaces nasa technical note d 8228 national aeronautics and space administration may 1976,43,4,0.0328,0.01622353381324502
row-0000102,citation::andracchio charles r and thomas h cochran gravity effects on flame spreading over solid surfaces nasa technical note d 8228 national aeronautics and space administration may 1976,43,4,0.0489,0.019067703033313184
row-0000103,citation::andracchio charles r and thomas h cochran gravity effects on flame spreading over solid surfaces nasa technical note d 8228 national aeronautics and space administration may 1976,43,4,0.0317,0.019015198851756926
row-0000104,citation::andracchio charles r and thomas h cochran gravity effects on flame spreading over solid surfaces nasa technical note d 8228 national aeronautics and space administration may 1976,43,4,0.0444,0.015590278596609096
row-0000106,citation::andracchio charles r and thomas h cochran gravity effects on flame spreading over solid surfaces nasa technical note d 8228 national aeronautics and space administration may 1976,43,4,0.0333,0.0143078379040808
row-0000107,citation::andracchio charles r and thomas h cochran gravity effects on flame spreading over solid surfaces nasa technical note d 8228 national aeronautics and space administration may 1976,43,4,0.0169,0.014317290596572075
row-0000108,citation::andracchio charles r and thomas h cochran gravity effects on flame spreading over solid surfaces nasa technical note d 8228 national aeronautics and space administration may 1976,43,4,0.0311,0.013679928851959792
row-0000109,citation::andracchio charles r and thomas h cochran gravity effects on flame spreading over solid surfaces nasa technical note d 8228 national aeronautics and space administration may 1976,43,4,0.0143,0.01374981681441259
row-0000110,citation::andracchio charles r and thomas h cochran gravity effects on flame spreading over solid surfaces nasa technical note d 8228 national aeronautics and space administration may 1976,43,4,0.0156,0.019096883260423334
row-0000111,citation::andracchio charles r and thomas h cochran gravity effects on flame spreading over solid surfaces nasa technical note d 8228 national aeronautics and space administration may 1976,43,4,0.009,0.018890088115370247
row-0000112,citation::andracchio charles r and thomas h cochran gravity effects on flame spreading over solid surfaces nasa technical note d 8228 national aeronautics and space administration may 1976,43,4,0.0134,0.017861385522807364
row-0000113,citation::andracchio charles r and thomas h cochran gravity effects on flame spreading over solid surfaces nasa technical note d 8228 national aeronautics and space administration may 1976,43,4,0.0078,0.017715859374316786
row-0000114,citation::andracchio charles r and thomas h cochran gravity effects on flame spreading over solid surfaces nasa technical note d 8228 national aeronautics and space administration may 1976,43,4,0.0137,0.020810774747636537
row-0000115,citation::andracchio charles r and thomas h cochran gravity effects on flame spreading over solid surfaces nasa technical note d 8228 national aeronautics and space administration may 1976,43,4,0.0079,0.020635972910744496
row-0000116,citation::andracchio charles r and thomas h cochran gravity effects on flame spreading over solid surfaces nasa technical note d 8228 national aeronautics and space administration may 1976,43,4,0.0128,0.008956991858072711
row-0000117,citation::andracchio charles r and thomas h cochran gravity effects on flame spreading over solid surfaces nasa technical note d 8228 national aeronautics and space administration may 1976,43,4,0.0055,0.008837677547478358
row-0000118,citation::andracchio charles r and thomas h cochran gravity effects on flame spreading over solid surfaces nasa technical note d 8228 national aeronautics and space administration may 1976,43,4,0.0086,0.007087996759626973
row-0000121,citation::andracchio charles r and thomas h cochran gravity effects on flame spreading over solid surfaces nasa technical note d 8228 national aeronautics and space administration may 1976,43,4,0.0045,0.007642538883754275
row-0000125,doi::10.1080/01457632.2025.2529751,43,4,0.0059,0.0019914155355154994
row-0000126,doi::10.1080/01457632.2025.2529751,43,4,0.00285,0.0017984642359839406
row-0000127,doi::10.1080/01457632.2025.2529751,43,4,0.00172,0.0017837388199634363
row-0000128,doi::10.1080/01457632.2025.2529751,43,4,0.00116,0.001756219367022955
row-0000129,doi::10.1080/01457632.2025.2529751,43,4,0.00739,0.001954427448589233
row-0000130,doi::10.1080/01457632.2025.2529751,43,4,0.00374,0.0017599029814482406
row-0000131,doi::10.1080/01457632.2025.2529751,43,4,0.00212,0.0017451775654277364
row-0000132,doi::10.1080/01457632.2025.2529751,43,4,0.00129,0.00171748656703271
row-0000365,doi::10.1016/s1540-7489(02)80310-8,43,4,0.0019,0.0017401108861112328
row-0000366,doi::10.1016/s1540-7489(02)80310-8,43,4,0.00175,0.0016190816315120927
row-0000367,doi::10.1016/s1540-7489(02)80310-8,43,4,0.0019,0.0016046734289551514
row-0000368,doi::10.1016/s1540-7489(02)80310-8,43,4,0.002,0.0016046734289551514
row-0000369,doi::10.1016/s1540-7489(02)80310-8,43,4,0.00175,0.0016205715600024614
row-0000370,doi::10.1016/s1540-7489(02)80310-8,43,4,0.0028,0.0020306505269835663
row-0000371,doi::10.1016/s1540-7489(02)80310-8,43,4,0.0031,0.0019959776834333775
row-0000372,doi::10.1016/s1540-7489(02)80310-8,43,4,0.0032,0.00202654470553796
row-0000373,doi::10.1016/s1540-7489(02)80310-8,43,4,0.00375,0.0020319847090142997
row-0000374,doi::10.1016/s1540-7489(02)80310-8,43,4,0.00345,0.0020358165051392687
row-0000375,doi::10.1016/s1540-7489(02)80310-8,43,4,0.0033,0.002028244620582906
row-0000376,doi::10.1016/s1540-7489(02)80310-8,43,4,0.00355,0.0031753466735336623
row-0000377,doi::10.1016/s1540-7489(02)80310-8,43,4,0.0043,0.0032582882083747344
row-0000378,doi::10.1016/s1540-7489(02)80310-8,43,4,0.0058,0.0033184125013684417
row-0000379,doi::10.1016/s1540-7489(02)80310-8,43,4,0.00625,0.0033184125013684417
row-0000380,doi::10.1016/s1540-7489(02)80310-8,43,4,0.0051,0.0033701068188848214
row-0000381,doi::10.1016/s1540-7489(02)80310-8,43,4,0.0052,0.0033542551720937043
row-0000382,doi::10.1016/s1540-7489(02)80310-8,43,4,0.0052,0.003314859488359556
row-0000383,doi::10.1016/s1540-7489(02)80310-8,43,4,0.0038,0.0020759347830713636
row-0000384,doi::10.1016/s1540-7489(02)80310-8,43,4,0.0042,0.0020464433926614973
row-0000385,doi::10.1016/s1540-7489(02)80310-8,43,4,0.0045,0.002078081788108282
row-0000386,doi::10.1016/s1540-7489(02)80310-8,43,4,0.00435,0.0020927513004956196
row-0000387,doi::10.1016/s1540-7489(02)80310-8,43,4,0.0041,0.0020993348932874046
row-0001334,doi::10.1016/j.proci.2022.07.002,43,4,0.0025,0.0027700878253160005
row-0001335,doi::10.1016/j.proci.2022.07.002,43,4,0.0021,0.002696146763501685
row-0001336,doi::10.1016/j.proci.2022.07.002,43,4,0.0035,0.0026943724554316525
row-0001337,doi::10.1016/j.proci.2022.07.002,43,4,0.0039,0.0026943724554316525
row-0001338,doi::10.1016/j.proci.2022.07.002,43,4,0.0045,0.002707038839125675
row-0001345,doi::10.1016/j.proci.2022.07.002,43,4,0.0019,0.0027430232164627442
row-0001346,doi::10.1016/j.proci.2022.07.002,43,4,0.0026,0.0027438127679842565
row-0001347,doi::10.1016/j.proci.2022.07.002,43,4,0.0042,0.0027438127679842565
row-0001348,doi::10.1016/j.proci.2022.07.002,43,4,0.0052,0.0027483524740229567
row-0001349,doi::10.1016/j.proci.2022.07.002,43,4,0.005,0.0027601313269924772
row-0001350,doi::10.1016/j.proci.2022.07.002,43,4,0.0028,0.002743349126237029
row-0001351,doi::10.1016/j.proci.2022.07.002,43,4,0.0038,0.002743349126237029
row-0001352,doi::10.1016/j.proci.2022.07.002,43,4,0.0042,0.0027513582857077797
row-0001353,doi::10.1016/j.proci.2022.07.002,43,4,0.0012,0.0026696183855830875
row-0001354,doi::10.1016/j.proci.2022.07.002,43,4,0.0025,0.0026761313214681425
row-0001355,doi::10.1016/j.proci.2022.07.002,43,4,0.0036,0.0026761313214681425
row-0001356,doi::10.1016/j.proci.2022.07.002,43,4,0.0038,0.0026921325384955
row-0001358,doi::10.1016/j.proci.2022.07.002,43,4,0.0018,0.0025445805012347103
row-0001359,doi::10.1016/j.proci.2022.07.002,43,4,0.0025,0.0025445805012347103
row-0001360,doi::10.1016/j.proci.2022.07.002,43,4,0.0028,0.0025726396741000894
row-0001365,doi::10.1016/j.proci.2022.07.002,43,4,0.002,0.002718373003362418
row-0001366,doi::10.1016/j.proci.2022.07.002,43,4,0.003,0.0027251415194488957
row-0001367,doi::10.1016/j.proci.2022.07.002,43,4,0.0042,0.0027251415194488957
row-0001368,doi::10.1016/j.proci.2022.07.002,43,4,0.0055,0.0027177573042082947
row-0001369,doi::10.1016/j.proci.2022.07.002,43,4,0.0048,0.0027644714660469013
row-0001370,doi::10.1016/j.proci.2022.07.002,43,4,0.0027,0.0027915710038134687
row-0001371,doi::10.1016/j.proci.2022.07.002,43,4,0.0036,0.0027915710038134687
row-0001372,doi::10.1016/j.proci.2022.07.002,43,4,0.0046,0.002789348136189165
row-0001373,doi::10.1016/j.proci.2022.07.002,43,4,0.0018,0.0027171100755036064
row-0001374,doi::10.1016/j.proci.2022.07.002,43,4,0.0024,0.0027258269849016505
row-0001375,doi::10.1016/j.proci.2022.07.002,43,4,0.0035,0.0027258269849016505
row-0001376,doi::10.1016/j.proci.2022.07.002,43,4,0.0038,0.0027343129521307298
row-0001378,doi::10.1016/j.proci.2022.07.002,43,4,0.0014,0.0025244690149923395
row-0001379,doi::10.1016/j.proci.2022.07.002,43,4,0.0024,0.0025244690149923395
row-0001442,doi::10.1016/j.proci.2022.07.002,43,4,0.002,0.0016090723382655532
row-0001443,doi::10.1016/j.proci.2022.07.002,43,4,0.0023,0.0016913233610337402
row-0001444,doi::10.1016/j.proci.2022.07.002,43,4,0.0022,0.0016829911032874342
row-0001445,doi::10.1016/j.proci.2022.07.002,43,4,0.0022,0.0016977178814355314
row-0001446,doi::10.1016/j.proci.2022.07.002,43,4,0.0021,0.0016218063130200406
row-0001447,doi::10.1016/j.proci.2022.07.002,43,4,0.0021,0.001635276841168138
row-0001448,doi::10.1016/j.proci.2022.07.002,43,4,0.002,0.0016262719522398533
row-0001449,doi::10.1016/j.proci.2022.07.002,43,4,0.0019,0.0016120450137239086
row-0001450,doi::10.1016/j.proci.2022.07.002,43,4,0.0016,0.0016255155418720057
row-0001451,doi::10.1016/j.proci.2022.07.002,43,4,0.0018,0.0015376301683822998
row-0001452,doi::10.1016/j.proci.2022.07.002,43,4,0.0017,0.0016249915991914346
row-0001455,doi::10.1016/j.proci.2022.07.002,43,4,0.0015,0.0015092738555885616
row-0001456,doi::10.1016/j.proci.2022.07.002,43,4,0.0014,0.0015967825979584594
row-0001458,doi::10.1016/j.proci.2022.07.002,43,4,0.0013,0.0015210889681810382
row-0001465,doi::10.1016/j.proci.2022.07.002,43,4,0.0015,0.0015920618559776122
row-0001466,doi::10.1016/j.proci.2022.07.002,43,4,0.0016,0.0016983363068802822
row-0001467,doi::10.1016/j.proci.2022.07.002,43,4,0.002,0.0016893102396101664
row-0001468,doi::10.1016/j.proci.2022.07.002,43,4,0.0024,0.0017091570433992891
row-0001469,doi::10.1016/j.proci.2022.07.002,43,4,0.002,0.0016623443505361683
row-0001470,doi::10.1016/j.proci.2022.07.002,43,4,0.0013,0.0016508184805591514
row-0001471,doi::10.1016/j.proci.2022.07.002,43,4,0.0015,0.001635897732519397
row-0001472,doi::10.1016/j.proci.2022.07.002,43,4,0.0015,0.00165448828630852
row-0001473,doi::10.1016/j.proci.2022.07.002,43,4,0.0012,0.0015320105687105508
row-0001474,doi::10.1016/j.proci.2022.07.002,43,4,0.0011,0.001648846901961957
row-0001475,doi::10.1016/j.proci.2022.07.002,43,4,0.0011,0.001633926153922203
row-0001476,doi::10.1016/j.proci.2022.07.002,43,4,0.0011,0.0016525167077113259
row-0001480,doi::10.1016/j.proci.2022.07.002,43,4,0.001,0.0015739947348450262
row-0001482,doi::10.1016/j.proci.2022.07.002,43,4,0.0009,0.0014834083109501938
row-0001489,doi::10.1016/j.proci.2022.07.002,43,4,0.0015,0.0013960767244498252
row-0001490,doi::10.1016/j.proci.2022.07.002,43,4,0.0015,0.0015018939256478611
row-0001491,doi::10.1016/j.proci.2022.07.002,43,4,0.0018,0.00149254950723276
row-0001492,doi::10.1016/j.proci.2022.07.002,43,4,0.0024,0.00149254950723276
row-0001493,doi::10.1016/j.proci.2022.07.002,43,4,0.0017,0.0014559454317158267
row-0001494,doi::10.1016/j.proci.2022.07.002,43,4,0.002,0.0014559454317158267
row-0001495,doi::10.1016/j.proci.2022.07.002,43,4,0.0012,0.0014678908420858391
row-0001496,doi::10.1016/j.proci.2022.07.002,43,4,0.0014,0.0014516303282373325
row-0001497,doi::10.1016/j.proci.2022.07.002,43,4,0.0015,0.0014516303282373325
row-0001498,doi::10.1016/j.proci.2022.07.002,43,4,0.0012,0.001346128966534987
row-0001499,doi::10.1016/j.proci.2022.07.002,43,4,0.0011,0.0014648205160365747
row-0001501,doi::10.1016/j.proci.2022.07.002,43,4,0.0011,0.0014485600021880676
row-0001582,doi::10.1016/j.proci.2024.105775,43,4,0.00606,0.023938135113414583
row-0001583,doi::10.1016/j.proci.2024.105775,43,4,0.00622,0.02399585609802997
row-0001584,doi::10.1016/j.proci.2024.105775,43,4,0.00569,0.02399585609802997
row-0001585,doi::10.1016/j.proci.2024.105775,43,4,0.0065,0.023902536862889665
row-0001586,doi::10.1016/j.proci.2024.105775,43,4,0.00751,0.023902536862889665
row-0001587,doi::10.1016/j.proci.2024.105775,43,4,0.00783,0.023902536862889665
row-0001588,doi::10.1016/j.proci.2024.105775,43,4,0.00679,0.02399314274570625
row-0001589,doi::10.1016/j.proci.2024.105775,43,4,0.00786,0.02399314274570625
row-0001590,doi::10.1016/j.proci.2024.105775,43,4,0.00814,0.02399314274570625
row-0001591,doi::10.1016/j.proci.2024.105775,43,4,0.00732,0.025291048427451272
row-0001592,doi::10.1016/j.proci.2024.105775,43,4,0.0082,0.02531163372156892
row-0001593,doi::10.1016/j.proci.2024.105775,43,4,0.00802,0.025291048427451272
row-0001594,doi::10.1016/j.proci.2024.105775,43,4,0.00688,0.025484000959011842
row-0001595,doi::10.1016/j.proci.2024.105775,43,4,0.00739,0.025484000959011842
row-0001596,doi::10.1016/j.proci.2024.105775,43,4,0.0072,0.025484000959011842
row-0001597,doi::10.1016/j.proci.2024.105775,43,4,0.00688,0.025647125387583267
row-0001598,doi::10.1016/j.proci.2024.105775,43,4,0.00732,0.025484000959011842
row-0001599,doi::10.1016/j.proci.2024.105775,43,4,0.00701,0.025647125387583267
row-0001600,doi::10.1016/j.proci.2024.105775,43,4,0.00691,0.025811111101868976
row-0001601,doi::10.1016/j.proci.2024.105775,43,4,0.00729,0.025811111101868976
row-0001602,doi::10.1016/j.proci.2024.105775,43,4,0.0066,0.025811111101868976
row-0001603,doi::10.1016/j.proci.2024.105775,43,4,0.00669,0.025811111101868976
row-0001604,doi::10.1016/j.proci.2024.105775,43,4,0.00723,0.025811111101868976
row-0001605,doi::10.1016/j.proci.2024.105775,43,4,0.00672,0.025811111101868976
row-0001606,doi::10.1016/j.proci.2024.105775,43,4,0.00628,0.025811111101868976
row-0001607,doi::10.1016/j.proci.2024.105775,43,4,0.00723,0.025811111101868976
row-0001608,doi::10.1016/j.proci.2024.105775,43,4,0.00666,0.025811111101868976
row-0001609,doi::10.1016/j.proci.2024.105775,43,4,0.00613,0.025811111101868976
row-0001610,doi::10.1016/j.proci.2024.105775,43,4,0.00729,0.025811111101868976
row-0001611,doi::10.1016/j.proci.2024.105775,43,4,0.00669,0.025811111101868976
row-0001612,doi::10.1016/j.proci.2024.105775,43,4,0.00594,0.03013919504517301
row-0001613,doi::10.1016/j.proci.2024.105775,43,4,0.0061,0.030381091478676018
row-0001614,doi::10.1016/j.proci.2024.105775,43,4,0.00842,0.030199424820547188
row-0001615,doi::10.1016/j.proci.2024.105775,43,4,0.00689,0.03076329359717789
row-0001616,doi::10.1016/j.proci.2024.105775,43,4,0.00777,0.030700743245821522
row-0001617,doi::10.1016/j.proci.2024.105775,43,4,0.00865,0.03116034991818616
row-0001618,doi::10.1016/j.proci.2024.105775,43,4,0.00702,0.03069946085552617
row-0001619,doi::10.1016/j.proci.2024.105775,43,4,0.0084,0.03051341141860836
row-0001620,doi::10.1016/j.proci.2024.105775,43,4,0.01104,0.031455416900922836
row-0001621,doi::10.1016/j.proci.2024.105775,43,4,0.00759,0.03035388084918017
row-0001622,doi::10.1016/j.proci.2024.105775,43,4,0.00847,0.030330943598483696
row-0001623,doi::10.1016/j.proci.2024.105775,43,4,0.01117,0.031240077314803105
row-0001624,doi::10.1016/j.proci.2024.105775,43,4,0.00857,0.030428604133774007
row-0001625,doi::10.1016/j.proci.2024.105775,43,4,0.01036,0.030469873071888726
row-0001626,doi::10.1016/j.proci.2024.105775,43,4,0.01209,0.03130061765668941
row-0001627,doi::10.1016/j.proci.2024.105775,43,4,0.00832,0.030428604133774007
row-0001628,doi::10.1016/j.proci.2024.105775,43,4,0.01008,0.030588492279095936
row-0001629,doi::10.1016/j.proci.2024.105775,43,4,0.01203,0.031855261024004496
row-0001630,doi::10.1016/j.proci.2024.105775,43,4,0.0081,0.030433416800440673
row-0001631,doi::10.1016/j.proci.2024.105775,43,4,0.01014,0.03083300344785115
row-0001632,doi::10.1016/j.proci.2024.105775,43,4,0.01181,0.031855261024004496
row-0001633,doi::10.1016/j.proci.2024.105775,43,4,0.00801,0.030442405550440674
row-0001634,doi::10.1016/j.proci.2024.105775,43,4,0.00955,0.030929131177150244
row-0001635,doi::10.1016/j.proci.2024.105775,43,4,0.01153,0.0336974574782237
row-0001636,doi::10.1016/j.proci.2024.105775,43,4,0.00792,0.030366316048396815
row-0001637,doi::10.1016/j.proci.2024.105775,43,4,0.00886,0.031041162695263705
row-0001638,doi::10.1016/j.proci.2024.105775,43,4,0.01122,0.03370725593976216
row-0001639,doi::10.1016/j.proci.2024.105775,43,4,0.00767,0.03023210565462392
row-0001640,doi::10.1016/j.proci.2024.105775,43,4,0.00842,0.031098280719073234
row-0001641,doi::10.1016/j.proci.2024.105775,43,4,0.01031,0.03369105763206986
row-0001642,doi::10.1007/s12217-024-10147-3,43,4,0.006,0.024041297260112334
row-0001643,doi::10.1007/s12217-024-10147-3,43,4,0.00748,0.023855750490340645
row-0001644,doi::10.1007/s12217-024-10147-3,43,4,0.00807,0.02399314274570625
row-0001645,doi::10.1007/s12217-024-10147-3,43,4,0.0082,0.025978567477548568
row-0001646,doi::10.1007/s12217-024-10147-3,43,4,0.00739,0.025484000959011842
row-0001647,doi::10.1007/s12217-024-10147-3,43,4,0.00727,0.025484000959011842
row-0001648,doi::10.1007/s12217-024-10147-3,43,4,0.00728,0.025811111101868976
row-0001649,doi::10.1007/s12217-024-10147-3,43,4,0.00723,0.025811111101868976
row-0001650,doi::10.1007/s12217-024-10147-3,43,4,0.00723,0.025811111101868976
row-0001651,doi::10.1007/s12217-024-10147-3,43,4,0.00717,0.025811111101868976
row-0001652,doi::10.1007/s12217-024-10147-3,43,4,0.00594,0.030116854319454284
row-0001653,doi::10.1007/s12217-024-10147-3,43,4,0.0061,0.03042374205730512
row-0001654,doi::10.1007/s12217-024-10147-3,43,4,0.00839,0.023686772741895883
row-0001655,doi::10.1007/s12217-024-10147-3,43,4,0.00693,0.03076329359717789
row-0001656,doi::10.1007/s12217-024-10147-3,43,4,0.00776,0.030700743245821522
row-0001657,doi::10.1007/s12217-024-10147-3,43,4,0.00889,0.024798075534110738
row-0001658,doi::10.1007/s12217-024-10147-3,43,4,0.00704,0.03069946085552617
row-0001659,doi::10.1007/s12217-024-10147-3,43,4,0.00837,0.030649201103482307
row-0001660,doi::10.1007/s12217-024-10147-3,43,4,0.01105,0.02499877837287858
row-0001661,doi::10.1007/s12217-024-10147-3,43,4,0.00763,0.03042052080044068
row-0001662,doi::10.1007/s12217-024-10147-3,43,4,0.01029,0.030469873071888726
row-0001663,doi::10.1007/s12217-024-10147-3,43,4,0.01198,0.027151931220100435
row-0001664,doi::10.1007/s12217-024-10147-3,43,4,0.0086,0.030428604133774007
row-0001665,doi::10.1007/s12217-024-10147-3,43,4,0.01006,0.030588492279095936
row-0001666,doi::10.1007/s12217-024-10147-3,43,4,0.01182,0.027180754904426778
row-0001667,doi::10.1007/s12217-024-10147-3,43,4,0.00833,0.030433416800440673
row-0001668,doi::10.1007/s12217-024-10147-3,43,4,0.00952,0.0308666929744212
row-0001669,doi::10.1007/s12217-024-10147-3,43,4,0.0115,0.027120153318956695
row-0001670,doi::10.1007/s12217-024-10147-3,43,4,0.00808,0.030366316048396815
row-0001671,doi::10.1007/s12217-024-10147-3,43,4,0.00882,0.030966816452839465
row-0001672,doi::10.1007/s12217-024-10147-3,43,4,0.01117,0.02715740830836209
row-0001673,doi::10.1007/s12217-024-10147-3,43,4,0.00801,0.03023210565462392
row-0001674,doi::10.1007/s12217-024-10147-3,43,4,0.00844,0.031098280719073234
row-0001675,doi::10.1007/s12217-024-10147-3,43,4,0.01026,0.027207672486628264
row-0003073,doi::10.1016/j.combustflame.2018.10.012,43,4,0.00529,0.0015348327342900227
row-0003074,doi::10.1016/j.combustflame.2018.10.012,43,4,0.00289,0.0014677571316508067
row-0003075,doi::10.1016/j.combustflame.2018.10.012,43,4,0.00187,0.0013573526083929272
row-0003076,doi::10.1016/j.combustflame.2018.10.012,43,4,0.00136,0.0013305707579375028
row-0003077,doi::10.1016/j.combustflame.2018.10.012,43,4,0.00116,0.0013123197811575065
row-0003078,doi::10.1016/j.combustflame.2018.10.012,43,4,0.00314,0.0015366770362380746
row-0003079,doi::10.1016/j.combustflame.2018.10.012,43,4,0.00209,0.0014638776255319257
row-0003080,doi::10.1016/j.combustflame.2018.10.012,43,4,0.00056,0.0013088899400908894
row-0003081,doi::10.1016/j.combustflame.2018.10.012,43,4,0.00086,0.0013093760169230772
row-0003082,doi::10.1016/j.combustflame.2018.10.012,43,4,0.001,0.0013246470548573018
row-0003083,doi::10.1016/j.combustflame.2018.10.012,43,4,0.00114,0.0016500354290284154
row-0003084,doi::10.1016/j.combustflame.2018.10.012,43,4,0.00113,0.0021583829283383345
row-0003085,doi::10.1016/j.combustflame.2018.10.012,43,4,0.00141,0.001698072896938855
row-0003086,doi::10.1016/j.combustflame.2018.10.012,43,4,0.00153,0.0023325792828157005
row-0003087,doi::10.1016/j.combustflame.2018.10.012,43,4,0.00157,0.003201717948759241
row-0003088,doi::10.1016/j.combustflame.2018.10.012,43,4,0.00116,0.01066593462827203
row-0003089,doi::10.1016/j.combustflame.2018.10.012,43,4,0.00228,0.0016453120964468706
row-0003090,doi::10.1016/j.combustflame.2018.10.012,43,4,0.00172,0.0016004155135525607
row-0003091,doi::10.1016/j.combustflame.2018.10.012,43,4,0.00123,0.0033041526367401245
row-0003092,doi::10.1016/j.combustflame.2018.10.012,43,4,0.00094,0.004196151219821417
row-0003093,doi::10.1016/j.combustflame.2018.10.012,43,4,0.00254,0.001580084709212378
row-0003094,doi::10.1016/j.combustflame.2018.10.012,43,4,0.00204,0.0015825023444937635
row-0003158,doi::10.1016/j.proci.2024.105358,43,4,0.00145,0.001900981341716427
row-0003159,doi::10.1016/j.proci.2024.105358,43,4,0.0015,0.0022025378028032424
row-0003160,doi::10.1016/j.proci.2024.105358,43,4,0.0019,0.00252170428975607
row-0003161,doi::10.1016/j.proci.2024.105358,43,4,0.0026,0.002858365954068339
row-0003162,doi::10.1016/j.proci.2024.105358,43,4,0.0013,0.002059465780057234
row-0003163,doi::10.1016/j.proci.2024.105358,43,4,0.0017,0.0023582695766066397
row-0003164,doi::10.1016/j.proci.2024.105358,43,4,0.0022,0.0024984798114016976
row-0003165,doi::10.1016/j.proci.2024.105358,43,4,0.00325,0.0026367057542515766
row-0003166,doi::10.1016/j.proci.2024.105358,43,4,0.00175,0.0025462962571171466
row-0003167,doi::10.1016/j.proci.2024.105358,43,4,0.00177,0.002554256358993049
row-0003168,doi::10.1016/j.proci.2024.105358,43,4,0.00192,0.002542621612376056
row-0003169,doi::10.1016/j.proci.2024.105358,43,4,0.0019,0.002560031893109469
row-0003170,doi::10.1016/j.proci.2024.105358,43,4,0.00208,0.002580343026242198
row-0003171,doi::10.1016/j.proci.2024.105358,43,4,0.00208,0.0025091214211406723
row-0003172,doi::10.1016/j.proci.2024.105358,43,4,0.0021,0.0025025440878073384
row-0003173,doi::10.1016/j.proci.2024.105358,43,4,0.0022,0.0025025440878073384
row-0003174,doi::10.1016/j.proci.2024.105358,43,4,0.0021,0.0025097118240710757
row-0003175,doi::10.1016/j.proci.2024.105358,43,4,0.00235,0.002478239487589884
row-0003176,doi::10.1016/j.proci.2024.105358,43,4,0.00102,0.0018636605595382962
row-0003177,doi::10.1016/j.proci.2024.105358,43,4,0.00135,0.0022141553621443637
row-0003178,doi::10.1016/j.proci.2024.105358,43,4,0.0017,0.0022300057285218416
row-0003179,doi::10.1016/j.proci.2024.105358,43,4,0.00195,0.002542621612376056
row-0003180,doi::10.1016/j.proci.2024.105358,43,4,0.0029,0.003425004021082464
row-0003181,doi::10.1016/j.proci.2024.105358,43,4,0.0012,0.0020544414184804505
row-0003182,doi::10.1016/j.proci.2024.105358,43,4,0.0016,0.002366700010977824
row-0003183,doi::10.1016/j.proci.2024.105358,43,4,0.002,0.0023803015249855733
row-0003185,doi::10.1016/j.proci.2024.105358,43,4,0.00305,0.00316203346070235
row-0003186,doi::10.1016/j.proci.2024.105358,43,4,0.0022,0.002675649809448749
row-0003187,doi::10.1016/j.proci.2024.105358,43,4,0.00235,0.0027417083180818575
row-0003188,doi::10.1016/j.proci.2024.105358,43,4,0.0026,0.0027573145806671744
row-0003189,doi::10.1016/j.proci.2024.105358,43,4,0.0025,0.0028317324170118643
row-0003190,doi::10.1016/j.proci.2024.105358,43,4,0.00265,0.0028457793719180685
row-0003191,doi::10.1016/j.proci.2024.105358,43,4,0.00275,0.0028483611168765455
row-0003192,doi::10.1016/j.proci.2024.105358,43,4,0.0027,0.002858365954068339
row-0003193,doi::10.1016/j.proci.2024.105358,43,4,0.00275,0.002865715928188791
row-0003194,doi::10.1016/j.proci.2024.105358,43,4,0.00275,0.002921501066033823
row-0003195,doi::10.1016/j.proci.2024.105358,43,4,0.0028,0.003081148581962729
row-0004084,citation::takahashi shuhei takeshi nagumo kazunori wakai and subrata bhattacharjee effects of ambient condition on flame spread over a thin pmma sheet jsme international journal series b 43 4 2000 556 562,43,4,0.0611,0.02454910594556431
row-0004085,citation::takahashi shuhei takeshi nagumo kazunori wakai and subrata bhattacharjee effects of ambient condition on flame spread over a thin pmma sheet jsme international journal series b 43 4 2000 556 562,43,4,0.05026,0.02454910594556431
row-0004086,citation::takahashi shuhei takeshi nagumo kazunori wakai and subrata bhattacharjee effects of ambient condition on flame spread over a thin pmma sheet jsme international journal series b 43 4 2000 556 562,43,4,0.03538,0.01761012792557456
row-0004087,citation::takahashi shuhei takeshi nagumo kazunori wakai and subrata bhattacharjee effects of ambient condition on flame spread over a thin pmma sheet jsme international journal series b 43 4 2000 556 562,43,4,0.02873,0.01761012792557456
row-0004088,citation::takahashi shuhei takeshi nagumo kazunori wakai and subrata bhattacharjee effects of ambient condition on flame spread over a thin pmma sheet jsme international journal series b 43 4 2000 556 562,43,4,0.02693,0.01761012792557456
row-0004089,citation::takahashi shuhei takeshi nagumo kazunori wakai and subrata bhattacharjee effects of ambient condition on flame spread over a thin pmma sheet jsme international journal series b 43 4 2000 556 562,43,4,0.01369,0.012295114037211181
row-0004090,citation::takahashi shuhei takeshi nagumo kazunori wakai and subrata bhattacharjee effects of ambient condition on flame spread over a thin pmma sheet jsme international journal series b 43 4 2000 556 562,43,4,0.02635,0.007760454459864841
row-0004091,citation::takahashi shuhei takeshi nagumo kazunori wakai and subrata bhattacharjee effects of ambient condition on flame spread over a thin pmma sheet jsme international journal series b 43 4 2000 556 562,43,4,0.01953,0.007760454459864841
row-0004092,citation::takahashi shuhei takeshi nagumo kazunori wakai and subrata bhattacharjee effects of ambient condition on flame spread over a thin pmma sheet jsme international journal series b 43 4 2000 556 562,43,4,0.01088,0.005139876855400533
row-0004093,citation::takahashi shuhei takeshi nagumo kazunori wakai and subrata bhattacharjee effects of ambient condition on flame spread over a thin pmma sheet jsme international journal series b 43 4 2000 556 562,43,4,0.0098,0.005139876855400533
row-0004094,citation::takahashi shuhei takeshi nagumo kazunori wakai and subrata bhattacharjee effects of ambient condition on flame spread over a thin pmma sheet jsme international journal series b 43 4 2000 556 562,43,4,0.00861,0.005139876855400533
row-0004095,citation::takahashi shuhei takeshi nagumo kazunori wakai and subrata bhattacharjee effects of ambient condition on flame spread over a thin pmma sheet jsme international journal series b 43 4 2000 556 562,43,4,0.00426,0.0039169431986440795
row-0004096,citation::takahashi shuhei takeshi nagumo kazunori wakai and subrata bhattacharjee effects of ambient condition on flame spread over a thin pmma sheet jsme international journal series b 43 4 2000 556 562,43,4,0.00347,0.0023158919225908753
row-0004097,citation::takahashi shuhei takeshi nagumo kazunori wakai and subrata bhattacharjee effects of ambient condition on flame spread over a thin pmma sheet jsme international journal series b 43 4 2000 556 562,43,4,0.00309,0.002250183500538136
row-0004098,citation::takahashi shuhei takeshi nagumo kazunori wakai and subrata bhattacharjee effects of ambient condition on flame spread over a thin pmma sheet jsme international journal series b 43 4 2000 556 562,43,4,0.00165,0.0016386197646610415
row-0004099,citation::takahashi shuhei takeshi nagumo kazunori wakai and subrata bhattacharjee effects of ambient condition on flame spread over a thin pmma sheet jsme international journal series b 43 4 2000 556 562,43,4,0.00143,0.0015033172807749821
row-0004100,citation::takahashi shuhei takeshi nagumo kazunori wakai and subrata bhattacharjee effects of ambient condition on flame spread over a thin pmma sheet jsme international journal series b 43 4 2000 556 562,43,4,0.0008,0.001461002092289701
row-0004101,citation::takahashi shuhei takeshi nagumo kazunori wakai and subrata bhattacharjee effects of ambient condition on flame spread over a thin pmma sheet jsme international journal series b 43 4 2000 556 562,43,4,0.00071,0.001461002092289701
row-0004102,citation::takahashi shuhei takeshi nagumo kazunori wakai and subrata bhattacharjee effects of ambient condition on flame spread over a thin pmma sheet jsme international journal series b 43 4 2000 556 562,43,4,0.00501,0.005247368858837321
row-0004103,citation::takahashi shuhei takeshi nagumo kazunori wakai and subrata bhattacharjee effects of ambient condition on flame spread over a thin pmma sheet jsme international journal series b 43 4 2000 556 562,43,4,0.00451,0.005247368858837321
row-0004104,citation::takahashi shuhei takeshi nagumo kazunori wakai and subrata bhattacharjee effects of ambient condition on flame spread over a thin pmma sheet jsme international journal series b 43 4 2000 556 562,43,4,0.00407,0.005247368858837321
row-0004105,citation::takahashi shuhei takeshi nagumo kazunori wakai and subrata bhattacharjee effects of ambient condition on flame spread over a thin pmma sheet jsme international journal series b 43 4 2000 556 562,43,4,0.00112,0.001481588178620941
row-0004106,citation::takahashi shuhei takeshi nagumo kazunori wakai and subrata bhattacharjee effects of ambient condition on flame spread over a thin pmma sheet jsme international journal series b 43 4 2000 556 562,43,4,0.001,0.0014799785595733222
row-0004107,citation::takahashi shuhei takeshi nagumo kazunori wakai and subrata bhattacharjee effects of ambient condition on flame spread over a thin pmma sheet jsme international journal series b 43 4 2000 556 562,43,4,0.00092,0.0014799785595733222
row-0004108,citation::takahashi shuhei takeshi nagumo kazunori wakai and subrata bhattacharjee effects of ambient condition on flame spread over a thin pmma sheet jsme international journal series b 43 4 2000 556 562,43,4,0.00144,0.002072594658967515
row-0004109,citation::takahashi shuhei takeshi nagumo kazunori wakai and subrata bhattacharjee effects of ambient condition on flame spread over a thin pmma sheet jsme international journal series b 43 4 2000 556 562,43,4,0.0012,0.002072594658967515
row-0004110,citation::takahashi shuhei takeshi nagumo kazunori wakai and subrata bhattacharjee effects of ambient condition on flame spread over a thin pmma sheet jsme international journal series b 43 4 2000 556 562,43,4,0.00056,0.0014636933971090933
row-0004111,citation::takahashi shuhei takeshi nagumo kazunori wakai and subrata bhattacharjee effects of ambient condition on flame spread over a thin pmma sheet jsme international journal series b 43 4 2000 556 562,43,4,0.00052,0.001456242036728011
row-0004112,citation::takahashi shuhei takeshi nagumo kazunori wakai and subrata bhattacharjee effects of ambient condition on flame spread over a thin pmma sheet jsme international journal series b 43 4 2000 556 562,43,4,0.00049,0.0014341603648038708
row-0004113,citation::takahashi shuhei takeshi nagumo kazunori wakai and subrata bhattacharjee effects of ambient condition on flame spread over a thin pmma sheet jsme international journal series b 43 4 2000 556 562,43,4,0.00028,0.0014341603648038708
row-0004114,citation::takahashi shuhei takeshi nagumo kazunori wakai and subrata bhattacharjee effects of ambient condition on flame spread over a thin pmma sheet jsme international journal series b 43 4 2000 556 562,43,4,0.00024,0.0014341603648038708
row-0004115,citation::takahashi shuhei takeshi nagumo kazunori wakai and subrata bhattacharjee effects of ambient condition on flame spread over a thin pmma sheet jsme international journal series b 43 4 2000 556 562,43,4,0.00194,0.005027887986376127
row-0004116,citation::takahashi shuhei takeshi nagumo kazunori wakai and subrata bhattacharjee effects of ambient condition on flame spread over a thin pmma sheet jsme international journal series b 43 4 2000 556 562,43,4,0.00166,0.005027887986376127
row-0004117,citation::takahashi shuhei takeshi nagumo kazunori wakai and subrata bhattacharjee effects of ambient condition on flame spread over a thin pmma sheet jsme international journal series b 43 4 2000 556 562,43,4,0.00081,0.001772323908831153
row-0004118,citation::takahashi shuhei takeshi nagumo kazunori wakai and subrata bhattacharjee effects of ambient condition on flame spread over a thin pmma sheet jsme international journal series b 43 4 2000 556 562,43,4,0.00032,0.0014367907460050833
row-0004119,citation::takahashi shuhei takeshi nagumo kazunori wakai and subrata bhattacharjee effects of ambient condition on flame spread over a thin pmma sheet jsme international journal series b 43 4 2000 556 562,43,4,0.00031,0.0012419402669123876
row-0004120,citation::takahashi shuhei takeshi nagumo kazunori wakai and subrata bhattacharjee effects of ambient condition on flame spread over a thin pmma sheet jsme international journal series b 43 4 2000 556 562,43,4,0.0003,0.001224147446922681
row-0004121,citation::takahashi shuhei takeshi nagumo kazunori wakai and subrata bhattacharjee effects of ambient condition on flame spread over a thin pmma sheet jsme international journal series b 43 4 2000 556 562,43,4,0.0001,0.0012025237278412177
row-0004122,citation::takahashi shuhei takeshi nagumo kazunori wakai and subrata bhattacharjee effects of ambient condition on flame spread over a thin pmma sheet jsme international journal series b 43 4 2000 556 562,43,4,0.00113,0.0029810346182729086
row-0004123,citation::takahashi shuhei takeshi nagumo kazunori wakai and subrata bhattacharjee effects of ambient condition on flame spread over a thin pmma sheet jsme international journal series b 43 4 2000 556 562,43,4,0.00104,0.0029810346182729086
row-0004124,citation::takahashi shuhei takeshi nagumo kazunori wakai and subrata bhattacharjee effects of ambient condition on flame spread over a thin pmma sheet jsme international journal series b 43 4 2000 556 562,43,4,0.00049,0.00041708809232167903
row-0004125,citation::takahashi shuhei takeshi nagumo kazunori wakai and subrata bhattacharjee effects of ambient condition on flame spread over a thin pmma sheet jsme international journal series b 43 4 2000 556 562,43,4,0.00038,0.00041708809232167903
row-0004126,citation::takahashi shuhei takeshi nagumo kazunori wakai and subrata bhattacharjee effects of ambient condition on flame spread over a thin pmma sheet jsme international journal series b 43 4 2000 556 562,43,4,0.0003,0.00011639143582393996
row-0004127,citation::takahashi shuhei takeshi nagumo kazunori wakai and subrata bhattacharjee effects of ambient condition on flame spread over a thin pmma sheet jsme international journal series b 43 4 2000 556 562,43,4,0.00025,0.00011639143582393996
row-0004128,citation::takahashi shuhei takeshi nagumo kazunori wakai and subrata bhattacharjee effects of ambient condition on flame spread over a thin pmma sheet jsme international journal series b 43 4 2000 556 562,43,4,0.00066,0.0029161023971715563
row-0004129,citation::takahashi shuhei takeshi nagumo kazunori wakai and subrata bhattacharjee effects of ambient condition on flame spread over a thin pmma sheet jsme international journal series b 43 4 2000 556 562,43,4,0.00052,0.0029161023971715563
row-0004130,citation::takahashi shuhei takeshi nagumo kazunori wakai and subrata bhattacharjee effects of ambient condition on flame spread over a thin pmma sheet jsme international journal series b 43 4 2000 556 562,43,4,0.00032,0.00036766943877622547
row-0004131,citation::takahashi shuhei takeshi nagumo kazunori wakai and subrata bhattacharjee effects of ambient condition on flame spread over a thin pmma sheet jsme international journal series b 43 4 2000 556 562,43,4,0.0003,0.00036766943877622547
row-0004132,citation::takahashi shuhei takeshi nagumo kazunori wakai and subrata bhattacharjee effects of ambient condition on flame spread over a thin pmma sheet jsme international journal series b 43 4 2000 556 562,43,4,0.00018,7.219491208814928e-05
row-0004133,citation::takahashi shuhei takeshi nagumo kazunori wakai and subrata bhattacharjee effects of ambient condition on flame spread over a thin pmma sheet jsme international journal series b 43 4 2000 556 562,43,4,0.00017,7.219491208814928e-05
row-0004134,citation::takahashi shuhei takeshi nagumo kazunori wakai and subrata bhattacharjee effects of ambient condition on flame spread over a thin pmma sheet jsme international journal series b 43 4 2000 556 562,43,4,0.00084,0.002820859172877243
row-0004135,citation::takahashi shuhei takeshi nagumo kazunori wakai and subrata bhattacharjee effects of ambient condition on flame spread over a thin pmma sheet jsme international journal series b 43 4 2000 556 562,43,4,0.0001,6.502127613574642e-05
row-0004136,citation::takahashi shuhei takeshi nagumo kazunori wakai and subrata bhattacharjee effects of ambient condition on flame spread over a thin pmma sheet jsme international journal series b 43 4 2000 556 562,43,4,0.00063,0.002820859172877243
row-0004137,citation::takahashi shuhei takeshi nagumo kazunori wakai and subrata bhattacharjee effects of ambient condition on flame spread over a thin pmma sheet jsme international journal series b 43 4 2000 556 562,43,4,0.00022,0.0003656429832777598
row-0004138,citation::takahashi shuhei takeshi nagumo kazunori wakai and subrata bhattacharjee effects of ambient condition on flame spread over a thin pmma sheet jsme international journal series b 43 4 2000 556 562,43,4,0.00019,0.0003656429832777598
row-0004139,citation::takahashi shuhei takeshi nagumo kazunori wakai and subrata bhattacharjee effects of ambient condition on flame spread over a thin pmma sheet jsme international journal series b 43 4 2000 556 562,43,4,6e-05,6.500675172746903e-05
row-0004140,citation::takahashi shuhei takeshi nagumo kazunori wakai and subrata bhattacharjee effects of ambient condition on flame spread over a thin pmma sheet jsme international journal series b 43 4 2000 556 562,43,4,6e-05,0.008489436333652536
row-0004141,citation::takahashi shuhei takeshi nagumo kazunori wakai and subrata bhattacharjee effects of ambient condition on flame spread over a thin pmma sheet jsme international journal series b 43 4 2000 556 562,43,4,6e-05,0.008489436333652536
row-0004142,citation::takahashi shuhei takeshi nagumo kazunori wakai and subrata bhattacharjee effects of ambient condition on flame spread over a thin pmma sheet jsme international journal series b 43 4 2000 556 562,43,4,6e-05,0.008489436333652536
row-0004143,citation::takahashi shuhei takeshi nagumo kazunori wakai and subrata bhattacharjee effects of ambient condition on flame spread over a thin pmma sheet jsme international journal series b 43 4 2000 556 562,43,4,0.06336,0.02454910594556431
row-0004144,citation::takahashi shuhei takeshi nagumo kazunori wakai and subrata bhattacharjee effects of ambient condition on flame spread over a thin pmma sheet jsme international journal series b 43 4 2000 556 562,43,4,0.05023,0.02454910594556431
row-0004145,citation::takahashi shuhei takeshi nagumo kazunori wakai and subrata bhattacharjee effects of ambient condition on flame spread over a thin pmma sheet jsme international journal series b 43 4 2000 556 562,43,4,0.04648,0.023580158945995838
row-0004146,citation::takahashi shuhei takeshi nagumo kazunori wakai and subrata bhattacharjee effects of ambient condition on flame spread over a thin pmma sheet jsme international journal series b 43 4 2000 556 562,43,4,0.02681,0.007760454459864841
row-0004147,citation::takahashi shuhei takeshi nagumo kazunori wakai and subrata bhattacharjee effects of ambient condition on flame spread over a thin pmma sheet jsme international journal series b 43 4 2000 556 562,43,4,0.01993,0.007760454459864841
row-0004148,citation::takahashi shuhei takeshi nagumo kazunori wakai and subrata bhattacharjee effects of ambient condition on flame spread over a thin pmma sheet jsme international journal series b 43 4 2000 556 562,43,4,0.01115,0.0069633765024408245
row-0004149,citation::takahashi shuhei takeshi nagumo kazunori wakai and subrata bhattacharjee effects of ambient condition on flame spread over a thin pmma sheet jsme international journal series b 43 4 2000 556 562,43,4,0.0061,0.005249024038524004
row-0004150,citation::takahashi shuhei takeshi nagumo kazunori wakai and subrata bhattacharjee effects of ambient condition on flame spread over a thin pmma sheet jsme international journal series b 43 4 2000 556 562,43,4,0.00536,0.004981131818299632
row-0004151,citation::takahashi shuhei takeshi nagumo kazunori wakai and subrata bhattacharjee effects of ambient condition on flame spread over a thin pmma sheet jsme international journal series b 43 4 2000 556 562,43,4,0.0049,0.004396556326908057
row-0004152,citation::takahashi shuhei takeshi nagumo kazunori wakai and subrata bhattacharjee effects of ambient condition on flame spread over a thin pmma sheet jsme international journal series b 43 4 2000 556 562,43,4,0.00425,0.0038981826037124945
row-0004153,citation::takahashi shuhei takeshi nagumo kazunori wakai and subrata bhattacharjee effects of ambient condition on flame spread over a thin pmma sheet jsme international journal series b 43 4 2000 556 562,43,4,0.00497,0.005247368858837321
row-0004154,citation::takahashi shuhei takeshi nagumo kazunori wakai and subrata bhattacharjee effects of ambient condition on flame spread over a thin pmma sheet jsme international journal series b 43 4 2000 556 562,43,4,0.00448,0.004402389581564809
row-0004155,citation::takahashi shuhei takeshi nagumo kazunori wakai and subrata bhattacharjee effects of ambient condition on flame spread over a thin pmma sheet jsme international journal series b 43 4 2000 556 562,43,4,0.00399,0.005247368858837321
row-0004156,citation::takahashi shuhei takeshi nagumo kazunori wakai and subrata bhattacharjee effects of ambient condition on flame spread over a thin pmma sheet jsme international journal series b 43 4 2000 556 562,43,4,0.00202,0.005027887986376127
row-0004157,citation::takahashi shuhei takeshi nagumo kazunori wakai and subrata bhattacharjee effects of ambient condition on flame spread over a thin pmma sheet jsme international journal series b 43 4 2000 556 562,43,4,0.00182,0.004200260549966376
row-0004158,citation::takahashi shuhei takeshi nagumo kazunori wakai and subrata bhattacharjee effects of ambient condition on flame spread over a thin pmma sheet jsme international journal series b 43 4 2000 556 562,43,4,0.00165,0.005027887986376127
row-0004159,citation::takahashi shuhei takeshi nagumo kazunori wakai and subrata bhattacharjee effects of ambient condition on flame spread over a thin pmma sheet jsme international journal series b 43 4 2000 556 562,43,4,0.00139,0.0037065988568304735
row-0004160,citation::takahashi shuhei takeshi nagumo kazunori wakai and subrata bhattacharjee effects of ambient condition on flame spread over a thin pmma sheet jsme international journal series b 43 4 2000 556 562,43,4,0.00156,0.003813202654130474
row-0004161,citation::takahashi shuhei takeshi nagumo kazunori wakai and subrata bhattacharjee effects of ambient condition on flame spread over a thin pmma sheet jsme international journal series b 43 4 2000 556 562,43,4,0.00077,0.004620777139572369
row-0004162,citation::takahashi shuhei takeshi nagumo kazunori wakai and subrata bhattacharjee effects of ambient condition on flame spread over a thin pmma sheet jsme international journal series b 43 4 2000 556 562,43,4,0.00116,0.0029810346182729086
row-0004163,citation::takahashi shuhei takeshi nagumo kazunori wakai and subrata bhattacharjee effects of ambient condition on flame spread over a thin pmma sheet jsme international journal series b 43 4 2000 556 562,43,4,0.00104,0.00265747599497823
row-0004164,citation::takahashi shuhei takeshi nagumo kazunori wakai and subrata bhattacharjee effects of ambient condition on flame spread over a thin pmma sheet jsme international journal series b 43 4 2000 556 562,43,4,0.00121,0.0020218673765021494
row-0004165,citation::takahashi shuhei takeshi nagumo kazunori wakai and subrata bhattacharjee effects of ambient condition on flame spread over a thin pmma sheet jsme international journal series b 43 4 2000 556 562,43,4,0.00083,0.002280561238038805
row-0004166,citation::takahashi shuhei takeshi nagumo kazunori wakai and subrata bhattacharjee effects of ambient condition on flame spread over a thin pmma sheet jsme international journal series b 43 4 2000 556 562,43,4,0.00075,0.0029810346182729086
row-0004167,citation::takahashi shuhei takeshi nagumo kazunori wakai and subrata bhattacharjee effects of ambient condition on flame spread over a thin pmma sheet jsme international journal series b 43 4 2000 556 562,43,4,0.00067,0.0025804796480458406
row-0004168,citation::takahashi shuhei takeshi nagumo kazunori wakai and subrata bhattacharjee effects of ambient condition on flame spread over a thin pmma sheet jsme international journal series b 43 4 2000 556 562,43,4,0.00052,0.0029161023971715563
row-0004169,citation::takahashi shuhei takeshi nagumo kazunori wakai and subrata bhattacharjee effects of ambient condition on flame spread over a thin pmma sheet jsme international journal series b 43 4 2000 556 562,43,4,0.00059,0.002868754343210263
row-0004170,citation::takahashi shuhei takeshi nagumo kazunori wakai and subrata bhattacharjee effects of ambient condition on flame spread over a thin pmma sheet jsme international journal series b 43 4 2000 556 562,43,4,0.00053,0.0025272602607512126
row-0004171,citation::takahashi shuhei takeshi nagumo kazunori wakai and subrata bhattacharjee effects of ambient condition on flame spread over a thin pmma sheet jsme international journal series b 43 4 2000 556 562,43,4,0.00044,0.001899810962237347
row-0004172,citation::takahashi shuhei takeshi nagumo kazunori wakai and subrata bhattacharjee effects of ambient condition on flame spread over a thin pmma sheet jsme international journal series b 43 4 2000 556 562,43,4,0.00082,0.00245820577317008
row-0004173,citation::takahashi shuhei takeshi nagumo kazunori wakai and subrata bhattacharjee effects of ambient condition on flame spread over a thin pmma sheet jsme international journal series b 43 4 2000 556 562,43,4,0.00086,0.002820859172877243
row-0004174,citation::takahashi shuhei takeshi nagumo kazunori wakai and subrata bhattacharjee effects of ambient condition on flame spread over a thin pmma sheet jsme international journal series b 43 4 2000 556 562,43,4,0.00046,0.002045470699844943
row-0004175,citation::takahashi shuhei takeshi nagumo kazunori wakai and subrata bhattacharjee effects of ambient condition on flame spread over a thin pmma sheet jsme international journal series b 43 4 2000 556 562,43,4,0.00026,0.0018062855512610677
row-0004176,citation::takahashi shuhei takeshi nagumo kazunori wakai and subrata bhattacharjee effects of ambient condition on flame spread over a thin pmma sheet jsme international journal series b 43 4 2000 556 562,43,4,0.00062,0.002820859172877243
row-0004217,citation::takahashi shuhei et al effect of ambient gas on flame spread over a solid material in microgravity journal of the japanese society for microgravity application vol 24 no 3 2007 pp 225 230,43,4,0.012,0.0034807509372320445
row-0004218,citation::takahashi shuhei et al effect of ambient gas on flame spread over a solid material in microgravity journal of the japanese society for microgravity application vol 24 no 3 2007 pp 225 230,43,4,0.0108,0.0037097084107402182
row-0004219,citation::takahashi shuhei et al effect of ambient gas on flame spread over a solid material in microgravity journal of the japanese society for microgravity application vol 24 no 3 2007 pp 225 230,43,4,0.0105,0.0034807509372320445
row-0004220,citation::takahashi shuhei et al effect of ambient gas on flame spread over a solid material in microgravity journal of the japanese society for microgravity application vol 24 no 3 2007 pp 225 230,43,4,0.0083,0.003490885793612613
row-0004221,citation::takahashi shuhei et al effect of ambient gas on flame spread over a solid material in microgravity journal of the japanese society for microgravity application vol 24 no 3 2007 pp 225 230,43,4,0.0053,0.00333143543210647
row-0004222,citation::takahashi shuhei et al effect of ambient gas on flame spread over a solid material in microgravity journal of the japanese society for microgravity application vol 24 no 3 2007 pp 225 230,43,4,0.0083,0.003152332706226935
row-0004223,citation::takahashi shuhei et al effect of ambient gas on flame spread over a solid material in microgravity journal of the japanese society for microgravity application vol 24 no 3 2007 pp 225 230,43,4,0.0074,0.003152332706226935
row-0004224,citation::takahashi shuhei et al effect of ambient gas on flame spread over a solid material in microgravity journal of the japanese society for microgravity application vol 24 no 3 2007 pp 225 230,43,4,0.0073,0.0019894003582273433
row-0004225,citation::takahashi shuhei et al effect of ambient gas on flame spread over a solid material in microgravity journal of the japanese society for microgravity application vol 24 no 3 2007 pp 225 230,43,4,0.0068,0.0019894003582273433
row-0004226,citation::takahashi shuhei et al effect of ambient gas on flame spread over a solid material in microgravity journal of the japanese society for microgravity application vol 24 no 3 2007 pp 225 230,43,4,0.005,0.0024984537182634655
row-0004227,citation::takahashi shuhei et al effect of ambient gas on flame spread over a solid material in microgravity journal of the japanese society for microgravity application vol 24 no 3 2007 pp 225 230,43,4,0.0017,0.0020847676142717025
row-0004228,citation::takahashi shuhei et al effect of ambient gas on flame spread over a solid material in microgravity journal of the japanese society for microgravity application vol 24 no 3 2007 pp 225 230,43,4,0.0032,0.0014789023827451772
row-0004229,citation::takahashi shuhei et al effect of ambient gas on flame spread over a solid material in microgravity journal of the japanese society for microgravity application vol 24 no 3 2007 pp 225 230,43,4,0.002,0.0014973442096039742
row-0004312,citation::takahashi shuhei et al effect of ambient gas on flame spread over a solid material in microgravity journal of the japanese society for microgravity application vol 24 no 3 2007 pp 225 230,43,4,0.00067,0.0013040924962870828
row-0004755,doi::10.1007/s12217-015-9419-z,43,4,0.00758,0.004229149729722749
row-0004756,doi::10.1007/s12217-015-9419-z,43,4,0.0112,0.004229149729722749
row-0004757,doi::10.1007/s12217-015-9419-z,43,4,0.012,0.004229149729722749
row-0004758,doi::10.1007/s12217-015-9419-z,43,4,0.01325,0.004229149729722749
row-0004759,doi::10.1007/s12217-015-9419-z,43,4,0.0128,0.004229149729722749
row-0004760,doi::10.1007/s12217-015-9419-z,43,4,0.0117,0.004229149729722749
row-0004761,doi::10.1007/s12217-015-9419-z,43,4,0.0114,0.004229149729722749
row-0004769,doi::10.1007/s10694-019-00896-8,43,4,3e-05,4.8000357650324864e-05
row-0004770,doi::10.1007/s10694-019-00896-8,43,4,3e-05,4.807460742987984e-05
row-0004771,doi::10.1007/s10694-019-00896-8,43,4,6e-05,8.156010610709918e-05
row-0004772,doi::10.1007/s10694-019-00896-8,43,4,0.0001,8.797263828533467e-05
row-0004773,doi::10.1007/s10694-019-00896-8,43,4,0.0001,8.580022846819709e-05
row-0004774,doi::10.1007/s10694-019-00896-8,43,4,0.0001,8.560372924523325e-05
row-0004775,doi::10.1007/s10694-019-00896-8,43,4,0.0001,8.561145116882218e-05
row-0004776,doi::10.1007/s10694-019-00896-8,43,4,0.0001,8.525537292292711e-05
row-0004777,doi::10.1007/s10694-019-00896-8,43,4,9e-05,8.477935609870157e-05
row-0004778,doi::10.1007/s10694-019-00896-8,43,4,7e-05,7.525224943591335e-05
row-0004779,doi::10.1007/s10694-019-00896-8,43,4,6e-05,5.9143635495952166e-05
row-0004780,doi::10.1007/s10694-019-00896-8,43,4,5e-05,3.8762769775318994e-05
row-0004781,doi::10.1007/s10694-019-00896-8,43,4,0.00051,0.00038296474650100426
row-0004782,doi::10.1007/s10694-019-00896-8,43,4,0.00054,0.0003768208511505122
row-0004783,doi::10.1007/s10694-019-00896-8,43,4,0.00056,0.0003559369221683027
row-0004784,doi::10.1007/s10694-019-00896-8,43,4,0.00057,0.0003430976454166633
row-0004785,doi::10.1007/s10694-019-00896-8,43,4,0.00059,0.00036526371217267213
row-0004786,doi::10.1007/s10694-019-00896-8,43,4,0.00061,0.0003671122113304143
row-0004787,doi::10.1007/s10694-019-00896-8,43,4,0.00063,0.0003658255405731244
row-0004788,doi::10.1007/s10694-019-00896-8,43,4,0.00064,0.00036519978067257896
row-0004789,doi::10.1007/s10694-019-00896-8,43,4,0.00065,0.0003643220127875534
row-0004790,doi::10.1007/s10694-019-00896-8,43,4,0.00059,0.0004190719593116176
row-0004791,doi::10.1007/s10694-019-00896-8,43,4,0.00054,0.0004190719593116176
row-0004792,doi::10.1007/s10694-019-00896-8,43,4,0.0012,0.00159261015545304
row-0004793,doi::10.1007/s10694-019-00896-8,43,4,0.0014,0.0016142982824909826
row-0004794,doi::10.1007/s10694-019-00896-8,43,4,0.0014,0.0016085914913332023
row-0004795,doi::10.1007/s10694-019-00896-8,43,4,0.0014,0.0016406457045497961
row-0004796,doi::10.1007/s10694-019-00896-8,43,4,0.0014,0.001639862862444533
row-0004797,doi::10.1007/s10694-019-00896-8,43,4,0.0015,0.0016644601854319979
row-0004798,doi::10.1007/s10694-019-00896-8,43,4,0.0016,0.0018762007371625582
row-0004799,doi::10.1007/s10694-019-00896-8,43,4,0.0017,0.002160581222063992
row-0004800,doi::10.1007/s10694-019-00896-8,43,4,0.0018,0.002466751618442648
row-0004801,doi::10.1007/s10694-019-00896-8,43,4,0.002,0.002639018208149845
row-0004802,doi::10.1007/s10694-019-00896-8,43,4,0.0021,0.0027252900067623047
row-0004803,doi::10.1007/s10694-019-00896-8,43,4,0.0022,0.0027555844381348545
row-0004804,doi::10.1007/s10694-019-00896-8,43,4,0.0023,0.002761644438134854
row-0004805,doi::10.1007/s10694-019-00896-8,43,4,0.00013,0.000284070853593309
row-0004806,doi::10.1007/s10694-019-00896-8,43,4,0.00057,0.00035528714678009776
row-0004807,doi::10.1007/s10694-019-00896-8,43,4,9e-05,0.0002851659470593171
row-0004808,doi::10.1007/s10694-019-00896-8,43,4,0.00054,0.0003559369221683027
row-0004809,doi::10.1007/s10694-019-00896-8,43,4,7e-05,0.00028355471455809535
row-0004810,doi::10.1007/s10694-019-00896-8,43,4,0.00056,0.00035463642650918623
row-0004812,doi::10.1007/s10694-019-00896-8,43,4,0.00033,0.001775702952456343
row-0004813,doi::10.1007/s10694-019-00896-8,43,4,0.00141,0.001639862862444533
row-0004814,doi::10.1007/s10694-019-00896-8,43,4,0.00019,0.0017746949017044633
row-0004815,doi::10.1007/s10694-019-00896-8,43,4,0.00136,0.0016406457045497961
row-0004816,doi::10.1007/s10694-019-00896-8,43,4,0.00014,0.0017246345104007437
row-0004817,doi::10.1007/s10694-019-00896-8,43,4,0.00133,0.0016038925840650318
row-0004827,doi::10.1007/s10694-019-00896-8,43,4,3e-05,4.918324182650718e-05
row-0004828,doi::10.1007/s10694-019-00896-8,43,4,5e-05,5.02619613406829e-05
row-0004829,doi::10.1007/s10694-019-00896-8,43,4,9e-05,7.702131671339006e-05
row-0004830,doi::10.1007/s10694-019-00896-8,43,4,0.00013,0.00015148504860006077
row-0004831,doi::10.1007/s10694-019-00896-8,43,4,0.0004,0.00037577731758407865
row-0004832,doi::10.1007/s10694-019-00896-8,43,4,0.00133,0.00159261015545304
row-0004833,doi::10.1007/s10694-019-00896-8,43,4,0.00014,8.797263828533467e-05
row-0004834,doi::10.1007/s10694-019-00896-8,43,4,0.00015,8.636899795594185e-05
row-0004835,doi::10.1007/s10694-019-00896-8,43,4,0.00016,8.588368333843574e-05
row-0004836,doi::10.1007/s10694-019-00896-8,43,4,0.00016,8.525537292292711e-05
row-0004837,doi::10.1007/s10694-019-00896-8,43,4,0.00016,8.498864738999287e-05
row-0004838,doi::10.1007/s10694-019-00896-8,43,4,0.00016,7.525224943591335e-05
row-0004839,doi::10.1007/s10694-019-00896-8,43,4,0.00012,5.9143635495952166e-05
row-0004840,doi::10.1007/s10694-019-00896-8,43,4,0.00011,3.8762769775318994e-05
row-0004841,doi::10.1007/s10694-019-00896-8,43,4,0.00054,0.00037577731758407865
row-0004842,doi::10.1007/s10694-019-00896-8,43,4,0.00054,0.0003559369221683027
row-0004843,doi::10.1007/s10694-019-00896-8,43,4,0.00055,0.00037577731758407865
row-0004844,doi::10.1007/s10694-019-00896-8,43,4,0.00056,0.00036011807899232384
row-0004845,doi::10.1007/s10694-019-00896-8,43,4,0.00056,0.00035528714678009776
row-0004846,doi::10.1007/s10694-019-00896-8,43,4,0.00058,0.0003430976454166633
row-0004847,doi::10.1007/s10694-019-00896-8,43,4,0.00061,0.00036526371217267213
row-0004848,doi::10.1007/s10694-019-00896-8,43,4,0.00064,0.0003671122113304143
row-0004849,doi::10.1007/s10694-019-00896-8,43,4,0.00065,0.0003658255405731244
row-0004850,doi::10.1007/s10694-019-00896-8,43,4,0.00066,0.00036519978067257896
row-0004851,doi::10.1007/s10694-019-00896-8,43,4,0.0007,0.0003643220127875534
row-0004852,doi::10.1007/s10694-019-00896-8,43,4,0.00062,0.0004190719593116176
row-0004853,doi::10.1007/s10694-019-00896-8,43,4,0.00055,0.0004190719593116176
row-0004854,doi::10.1007/s10694-019-00896-8,43,4,0.0013,0.00159261015545304
row-0004855,doi::10.1007/s10694-019-00896-8,43,4,0.0013,0.0016066342691021908
row-0004856,doi::10.1007/s10694-019-00896-8,43,4,0.0013,0.0016009340126364605
row-0004857,doi::10.1007/s10694-019-00896-8,43,4,0.0014,0.0016256944115203569
row-0004859,doi::10.1007/s10694-019-00896-8,43,4,0.0014,0.0016644601854319979
row-0004860,doi::10.1007/s10694-019-00896-8,43,4,0.0015,0.0018762007371625582
row-0004861,doi::10.1007/s10694-019-00896-8,43,4,0.0017,0.002160581222063992
row-0000003,citation::andracchio charles r and john c aydelott comparison of flame spreading over thin flat surfaces in normal gravity and weightlessness in an oxygen environment nasa technical memorandum nasa tm x 1992 1970,44,0,0.056,0.05612680489746908
row-0000004,citation::andracchio charles r and john c aydelott comparison of flame spreading over thin flat surfaces in normal gravity and weightlessness in an oxygen environment nasa technical memorandum nasa tm x 1992 1970,44,0,0.036,0.05525732863021888
row-0000005,citation::andracchio charles r and john c aydelott comparison of flame spreading over thin flat surfaces in normal gravity and weightlessness in an oxygen environment nasa technical memorandum nasa tm x 1992 1970,44,0,0.06,0.05612680489746908
row-0000006,citation::andracchio charles r and john c aydelott comparison of flame spreading over thin flat surfaces in normal gravity and weightlessness in an oxygen environment nasa technical memorandum nasa tm x 1992 1970,44,0,0.042,0.05525732863021888
row-0000008,citation::andracchio charles r and john c aydelott comparison of flame spreading over thin flat surfaces in normal gravity and weightlessness in an oxygen environment nasa technical memorandum nasa tm x 1992 1970,44,0,0.043,0.05525732863021888
row-0000009,citation::andracchio charles r and john c aydelott comparison of flame spreading over thin flat surfaces in normal gravity and weightlessness in an oxygen environment nasa technical memorandum nasa tm x 1992 1970,44,0,0.03,0.03010269078665248
row-0000010,citation::andracchio charles r and john c aydelott comparison of flame spreading over thin flat surfaces in normal gravity and weightlessness in an oxygen environment nasa technical memorandum nasa tm x 1992 1970,44,0,0.022,0.028984696793835158
row-0000011,citation::andracchio charles r and john c aydelott comparison of flame spreading over thin flat surfaces in normal gravity and weightlessness in an oxygen environment nasa technical memorandum nasa tm x 1992 1970,44,0,0.035,0.03010269078665248
row-0000012,citation::andracchio charles r and john c aydelott comparison of flame spreading over thin flat surfaces in normal gravity and weightlessness in an oxygen environment nasa technical memorandum nasa tm x 1992 1970,44,0,0.023,0.028984696793835158
row-0000013,citation::andracchio charles r and john c aydelott comparison of flame spreading over thin flat surfaces in normal gravity and weightlessness in an oxygen environment nasa technical memorandum nasa tm x 1992 1970,44,0,0.032,0.03010269078665248
row-0000015,citation::andracchio charles r and john c aydelott comparison of flame spreading over thin flat surfaces in normal gravity and weightlessness in an oxygen environment nasa technical memorandum nasa tm x 1992 1970,44,0,0.098,0.054258611540512376
row-0000016,citation::andracchio charles r and john c aydelott comparison of flame spreading over thin flat surfaces in normal gravity and weightlessness in an oxygen environment nasa technical memorandum nasa tm x 1992 1970,44,0,0.09,0.05351432118076016
row-0000017,citation::andracchio charles r and john c aydelott comparison of flame spreading over thin flat surfaces in normal gravity and weightlessness in an oxygen environment nasa technical memorandum nasa tm x 1992 1970,44,0,0.106,0.054258611540512376
row-0000018,citation::andracchio charles r and john c aydelott comparison of flame spreading over thin flat surfaces in normal gravity and weightlessness in an oxygen environment nasa technical memorandum nasa tm x 1992 1970,44,0,0.087,0.05351432118076016
row-0000021,citation::andracchio charles r and john c aydelott comparison of flame spreading over thin flat surfaces in normal gravity and weightlessness in an oxygen environment nasa technical memorandum nasa tm x 1992 1970,44,0,0.105,0.02967653995337058
row-0000022,citation::andracchio charles r and john c aydelott comparison of flame spreading over thin flat surfaces in normal gravity and weightlessness in an oxygen environment nasa technical memorandum nasa tm x 1992 1970,44,0,0.093,0.02891916466079727
row-0000023,citation::andracchio charles r and john c aydelott comparison of flame spreading over thin flat surfaces in normal gravity and weightlessness in an oxygen environment nasa technical memorandum nasa tm x 1992 1970,44,0,0.116,0.02967653995337058
row-0000024,citation::andracchio charles r and john c aydelott comparison of flame spreading over thin flat surfaces in normal gravity and weightlessness in an oxygen environment nasa technical memorandum nasa tm x 1992 1970,44,0,0.099,0.02891916466079727
row-0000025,citation::andracchio charles r and john c aydelott comparison of flame spreading over thin flat surfaces in normal gravity and weightlessness in an oxygen environment nasa technical memorandum nasa tm x 1992 1970,44,0,0.102,0.02967653995337058
row-0000027,citation::andracchio charles r and john c aydelott comparison of flame spreading over thin flat surfaces in normal gravity and weightlessness in an oxygen environment nasa technical memorandum nasa tm x 1992 1970,44,0,0.02,0.015005360453144451
row-0000028,citation::andracchio charles r and john c aydelott comparison of flame spreading over thin flat surfaces in normal gravity and weightlessness in an oxygen environment nasa technical memorandum nasa tm x 1992 1970,44,0,0.015,0.013210239077547916
row-0000029,citation::andracchio charles r and john c aydelott comparison of flame spreading over thin flat surfaces in normal gravity and weightlessness in an oxygen environment nasa technical memorandum nasa tm x 1992 1970,44,0,0.023,0.015005360453144451
row-0000030,citation::andracchio charles r and john c aydelott comparison of flame spreading over thin flat surfaces in normal gravity and weightlessness in an oxygen environment nasa technical memorandum nasa tm x 1992 1970,44,0,0.012,0.013210239077547916
row-0000353,citation::ferkul paul v et al combustion experiments on the mir space station 37th aerospace sciences meeting and exhibit american institute of aeronautics and astronautics 1999 paper aiaa 99 0439,44,0,0.0016,0.0005267351791698727
row-0000354,citation::ferkul paul v et al combustion experiments on the mir space station 37th aerospace sciences meeting and exhibit american institute of aeronautics and astronautics 1999 paper aiaa 99 0439,44,0,0.0012,0.0005341330122627056
row-0000355,citation::ferkul paul v et al combustion experiments on the mir space station 37th aerospace sciences meeting and exhibit american institute of aeronautics and astronautics 1999 paper aiaa 99 0439,44,0,0.0015,0.000526996271521965
row-0000356,citation::ferkul paul v et al combustion experiments on the mir space station 37th aerospace sciences meeting and exhibit american institute of aeronautics and astronautics 1999 paper aiaa 99 0439,44,0,0.0011,0.000526996271521965
row-0000422,citation::grayson g d k r sacksteder p v ferkul and j s t ien flame spreading over a thin solid in low speed concurrent flow drop tower experimental results and comparison with theory 0 science and technology vii 2 1994,44,0,0.0026,0.015509227047871993
row-0000427,citation::grayson g d k r sacksteder p v ferkul and j s t ien flame spreading over a thin solid in low speed concurrent flow drop tower experimental results and comparison with theory 0 science and technology vii 2 1994,44,0,0.0026,0.0163185822797552
row-0000428,citation::grayson g d k r sacksteder p v ferkul and j s t ien flame spreading over a thin solid in low speed concurrent flow drop tower experimental results and comparison with theory 0 science and technology vii 2 1994,44,0,0.0029,0.016286500369067848
row-0000430,citation::grayson g d k r sacksteder p v ferkul and j s t ien flame spreading over a thin solid in low speed concurrent flow drop tower experimental results and comparison with theory 0 science and technology vii 2 1994,44,0,0.003,0.018008323538725352
row-0000431,citation::grayson g d k r sacksteder p v ferkul and j s t ien flame spreading over a thin solid in low speed concurrent flow drop tower experimental results and comparison with theory 0 science and technology vii 2 1994,44,0,0.003,0.018006604788725355
row-0000432,citation::grayson g d k r sacksteder p v ferkul and j s t ien flame spreading over a thin solid in low speed concurrent flow drop tower experimental results and comparison with theory 0 science and technology vii 2 1994,44,0,0.0043,0.0183342171054628
row-0000433,citation::grayson g d k r sacksteder p v ferkul and j s t ien flame spreading over a thin solid in low speed concurrent flow drop tower experimental results and comparison with theory 0 science and technology vii 2 1994,44,0,0.0053,0.0183342171054628
row-0000434,citation::grayson g d k r sacksteder p v ferkul and j s t ien flame spreading over a thin solid in low speed concurrent flow drop tower experimental results and comparison with theory 0 science and technology vii 2 1994,44,0,0.0056,0.019158635710095382
row-0000435,citation::grayson g d k r sacksteder p v ferkul and j s t ien flame spreading over a thin solid in low speed concurrent flow drop tower experimental results and comparison with theory 0 science and technology vii 2 1994,44,0,0.0047,0.02025475180145503
row-0000438,citation::grayson g d k r sacksteder p v ferkul and j s t ien flame spreading over a thin solid in low speed concurrent flow drop tower experimental results and comparison with theory 0 science and technology vii 2 1994,44,0,0.0047,0.02428404176067916
row-0000439,citation::grayson g d k r sacksteder p v ferkul and j s t ien flame spreading over a thin solid in low speed concurrent flow drop tower experimental results and comparison with theory 0 science and technology vii 2 1994,44,0,0.0041,0.02428404176067916
row-0000440,citation::grayson g d k r sacksteder p v ferkul and j s t ien flame spreading over a thin solid in low speed concurrent flow drop tower experimental results and comparison with theory 0 science and technology vii 2 1994,44,0,0.0057,0.024281325722506804
row-0000441,citation::grayson g d k r sacksteder p v ferkul and j s t ien flame spreading over a thin solid in low speed concurrent flow drop tower experimental results and comparison with theory 0 science and technology vii 2 1994,44,0,0.0055,0.024267755189216568
row-0000442,citation::grayson g d k r sacksteder p v ferkul and j s t ien flame spreading over a thin solid in low speed concurrent flow drop tower experimental results and comparison with theory 0 science and technology vii 2 1994,44,0,0.0071,0.024597214171606492
row-0000443,citation::grayson g d k r sacksteder p v ferkul and j s t ien flame spreading over a thin solid in low speed concurrent flow drop tower experimental results and comparison with theory 0 science and technology vii 2 1994,44,0,0.0074,0.024638709797869123
row-0000444,citation::grayson g d k r sacksteder p v ferkul and j s t ien flame spreading over a thin solid in low speed concurrent flow drop tower experimental results and comparison with theory 0 science and technology vii 2 1994,44,0,0.0075,0.02670290626136973
row-0000445,citation::grayson g d k r sacksteder p v ferkul and j s t ien flame spreading over a thin solid in low speed concurrent flow drop tower experimental results and comparison with theory 0 science and technology vii 2 1994,44,0,0.009,0.027628416534982554
row-0000446,citation::grayson g d k r sacksteder p v ferkul and j s t ien flame spreading over a thin solid in low speed concurrent flow drop tower experimental results and comparison with theory 0 science and technology vii 2 1994,44,0,0.0103,0.028105586671902435
row-0000637,doi::10.1016/s0082-0784(98)80017-6,44,0,0.0053,0.002775789725080685
row-0000638,doi::10.1016/s0082-0784(98)80017-6,44,0,0.006,0.00281477413972386
row-0000639,doi::10.1016/s0082-0784(98)80017-6,44,0,0.0068,0.002836180549221275
row-0000640,doi::10.1016/s0082-0784(98)80017-6,44,0,0.0071,0.004044924113497796
row-0000641,doi::10.1016/s0082-0784(98)80017-6,44,0,0.0038,0.002775789725080685
row-0000642,doi::10.1016/s0082-0784(98)80017-6,44,0,0.005,0.00281477413972386
row-0000643,doi::10.1016/s0082-0784(98)80017-6,44,0,0.006,0.002836180549221275
row-0000644,doi::10.1016/s0082-0784(98)80017-6,44,0,0.0065,0.004044924113497796
row-0000645,doi::10.1016/s0082-0784(98)80017-6,44,0,0.0027,0.0028542588573919328
row-0000646,doi::10.1016/s0082-0784(98)80017-6,44,0,0.0035,0.0028410448840698217
row-0000647,doi::10.1016/s0082-0784(98)80017-6,44,0,0.0042,0.0028120251661882647
row-0000648,doi::10.1016/s0082-0784(98)80017-6,44,0,0.0049,0.0028592739681114186
row-0000649,doi::10.1016/s0082-0784(98)80017-6,44,0,0.0058,0.004086512653858949
row-0000650,doi::10.1016/s0082-0784(98)80017-6,44,0,0.0025,0.0028542588573919328
row-0000651,doi::10.1016/s0082-0784(98)80017-6,44,0,0.0032,0.0028410448840698217
row-0000652,doi::10.1016/s0082-0784(98)80017-6,44,0,0.0039,0.0028120251661882647
row-0000653,doi::10.1016/s0082-0784(98)80017-6,44,0,0.0048,0.0028592739681114186
row-0000654,doi::10.1016/s0082-0784(98)80017-6,44,0,0.0054,0.004044924113497796
row-0000655,doi::10.1016/s0082-0784(98)80017-6,44,0,0.0057,0.004044924113497796
row-0000656,doi::10.1016/s0082-0784(98)80017-6,44,0,0.0048,0.004086512653858949
row-0000657,doi::10.1016/s0082-0784(98)80017-6,44,0,0.0043,0.0028154695645604614
row-0000658,doi::10.1016/s0082-0784(98)80017-6,44,0,0.0036,0.002812720591024866
row-0000659,doi::10.1016/s0082-0784(98)80017-6,44,0,0.0028,0.002854954282228534
row-0000660,doi::10.1016/s0082-0784(98)80017-6,44,0,0.005,0.004066855607014231
row-0000661,doi::10.1016/s0082-0784(98)80017-6,44,0,0.0045,0.004094908139910429
row-0000662,doi::10.1016/s0082-0784(98)80017-6,44,0,0.0037,0.002860238751055051
row-0000663,doi::10.1016/s0082-0784(98)80017-6,44,0,0.0032,0.0028400438218468215
row-0000664,doi::10.1016/s0082-0784(98)80017-6,44,0,0.0027,0.00288555033847223
row-0000665,doi::10.1016/s0082-0784(98)80017-6,44,0,0.0,0.0039946015477081995
row-0000666,doi::10.1016/s0082-0784(98)80017-6,44,0,0.0025,0.0040119815582925844
row-0000667,doi::10.1016/s0082-0784(98)80017-6,44,0,0.0,0.0037650181767050275
row-0000668,doi::10.1016/s0082-0784(98)80017-6,44,0,0.0027,0.00377805708464206
row-0000669,doi::10.1016/s0082-0784(98)80017-6,44,0,0.0043,0.0037650181767050275
row-0000670,doi::10.1016/s0082-0784(98)80017-6,44,0,0.0028,0.00377805708464206
row-0000671,doi::10.1016/s0082-0784(98)80017-6,44,0,0.0045,0.003499161165905759
row-0000672,doi::10.1016/s0082-0784(98)80017-6,44,0,0.0028,0.003538830048657241
row-0000673,doi::10.1016/s0082-0784(98)80017-6,44,0,0.0044,0.003026668248444846
row-0000674,doi::10.1016/s0082-0784(98)80017-6,44,0,0.0027,0.0031071558292914297
row-0000704,doi::10.1016/j.combustflame.2008.05.023,44,0,0.002,0.026869486049026326
row-0000705,doi::10.1016/j.combustflame.2008.05.023,44,0,0.0018,0.026869486049026326
row-0000706,doi::10.1016/j.combustflame.2008.05.023,44,0,0.0021,0.02718219720592044
row-0000707,doi::10.1016/j.combustflame.2008.05.023,44,0,0.0016,0.02718219720592044
row-0000708,doi::10.1016/j.combustflame.2008.05.023,44,0,0.0026,0.026973894235344017
row-0000710,doi::10.1016/j.combustflame.2008.05.023,44,0,0.0027,0.026973894235344017
row-0000711,doi::10.1016/j.combustflame.2008.05.023,44,0,0.0028,0.026973894235344017
row-0000712,doi::10.1016/j.combustflame.2008.05.023,44,0,0.0029,0.02720925774515189
row-0000713,doi::10.1016/j.combustflame.2008.05.023,44,0,0.0029,0.02763113893011856
row-0000714,doi::10.1016/j.combustflame.2008.05.023,44,0,0.0032,0.02757867908926975
row-0000715,doi::10.1016/j.combustflame.2008.05.023,44,0,0.0029,0.027898364121378416
row-0000716,doi::10.1016/j.combustflame.2008.05.023,44,0,0.0041,0.025371830002455194
row-0000717,doi::10.1016/j.combustflame.2008.05.023,44,0,0.0042,0.025371830002455194
row-0000718,doi::10.1016/j.combustflame.2008.05.023,44,0,0.0048,0.020924090368942414
row-0000719,doi::10.1016/j.combustflame.2008.05.023,44,0,0.0044,0.020778296960577824
row-0000720,doi::10.1016/j.combustflame.2008.05.023,44,0,0.0042,0.020693807617347952
row-0000721,doi::10.1016/j.combustflame.2008.05.023,44,0,0.0044,0.020693807617347952
row-0000722,doi::10.1016/j.combustflame.2008.05.023,44,0,0.0047,0.020693807617347952
row-0000723,doi::10.1016/j.combustflame.2008.05.023,44,0,0.0051,0.020693807617347952
row-0000724,doi::10.1016/j.combustflame.2008.05.023,44,0,0.0012,0.028553847495602795
row-0000725,doi::10.1016/j.combustflame.2008.05.023,44,0,0.0019,0.021456737036731583
row-0000726,doi::10.1016/j.combustflame.2008.05.023,44,0,0.0021,0.021456737036731583
row-0000727,doi::10.1016/j.combustflame.2008.05.023,44,0,0.0025,0.021456737036731583
row-0000728,doi::10.1016/j.combustflame.2008.05.023,44,0,0.0015,0.02137224769350171
row-0000729,doi::10.1016/j.combustflame.2008.05.023,44,0,0.0016,0.02137224769350171
row-0000730,doi::10.1016/j.combustflame.2008.05.023,44,0,0.002,0.02137224769350171
row-0000731,doi::10.1016/j.combustflame.2008.05.023,44,0,0.0024,0.02137224769350171
row-0000732,doi::10.1016/j.combustflame.2008.05.023,44,0,0.0022,0.02138805969624022
row-0000733,doi::10.1016/j.combustflame.2008.05.023,44,0,0.0024,0.02138805969624022
row-0000734,doi::10.1016/j.combustflame.2008.05.023,44,0,0.0033,0.02138805969624022
row-0000735,doi::10.1016/j.combustflame.2008.05.023,44,0,0.0028,0.021382763969749478
row-0000736,doi::10.1016/j.combustflame.2008.05.023,44,0,0.0032,0.021359968445338696
row-0000737,doi::10.1016/j.combustflame.2008.05.023,44,0,0.0041,0.021022694014468248
row-0000738,doi::10.1016/j.combustflame.2008.05.023,44,0,0.0044,0.021022694014468248
row-0000739,doi::10.1016/j.combustflame.2008.05.023,44,0,0.0037,0.020932177741773278
row-0000740,doi::10.1016/j.combustflame.2008.05.023,44,0,0.004,0.020932177741773278
row-0000741,doi::10.1016/j.combustflame.2008.05.023,44,0,0.0044,0.020932177741773278
row-0000742,doi::10.1016/j.combustflame.2008.05.023,44,0,0.0049,0.02086426959562523
row-0000743,doi::10.1016/j.combustflame.2008.05.023,44,0,0.0051,0.020916450414460306
row-0000744,doi::10.1016/j.combustflame.2008.05.023,44,0,0.006,0.020936079174561913
row-0000745,doi::10.1016/j.combustflame.2008.05.023,44,0,0.0009,0.02066534754205762
row-0000746,doi::10.1016/j.combustflame.2008.05.023,44,0,0.0015,0.020428026082106455
row-0000747,doi::10.1016/j.combustflame.2008.05.023,44,0,0.0019,0.02047069133868634
row-0000748,doi::10.1016/j.combustflame.2008.05.023,44,0,0.002,0.02047069133868634
row-0000749,doi::10.1016/j.combustflame.2008.05.023,44,0,0.0025,0.020314686896268332
row-0000750,doi::10.1016/j.combustflame.2008.05.023,44,0,0.0029,0.020314686896268332
row-0000751,doi::10.1016/j.combustflame.2008.05.023,44,0,0.0035,0.020057295549853645
row-0000752,doi::10.1016/j.combustflame.2008.05.023,44,0,0.0036,0.020057295549853645
row-0000753,doi::10.1016/j.combustflame.2008.05.023,44,0,0.0038,0.020057295549853645
row-0000754,doi::10.1016/j.combustflame.2008.05.023,44,0,0.0039,0.020057295549853645
row-0000755,doi::10.1016/j.combustflame.2008.05.023,44,0,0.0045,0.020057295549853645
row-0000756,doi::10.1016/j.combustflame.2008.05.023,44,0,0.0049,0.020057295549853645
row-0000757,doi::10.1016/j.combustflame.2008.05.023,44,0,0.0032,0.01954158402229028
row-0000758,doi::10.1016/j.combustflame.2008.05.023,44,0,0.0039,0.01949006938136887
row-0000759,doi::10.1016/j.combustflame.2008.05.023,44,0,0.0045,0.019234963510125793
row-0000761,doi::10.1016/j.combustflame.2008.05.023,44,0,0.0046,0.017905346885732837
row-0001732,doi::10.1016/j.proci.2024.105255,44,0,0.00138,0.0015263007045728172
row-0001733,doi::10.1016/j.proci.2024.105255,44,0,0.00151,0.0015313340511447092
row-0001734,doi::10.1016/j.proci.2024.105255,44,0,0.00169,0.0015534292036202021
row-0001736,doi::10.1016/j.proci.2024.105255,44,0,0.00122,0.0016044229377403475
row-0001737,doi::10.1016/j.proci.2024.105255,44,0,0.00144,0.0016304704490181096
row-0001738,doi::10.1016/j.proci.2024.105255,44,0,0.0018,0.001706734661500085
row-0001739,doi::10.1016/j.proci.2024.105255,44,0,0.00202,0.001707334680977778
row-0001740,doi::10.1016/j.proci.2024.105255,44,0,0.00188,0.0016941884868952254
row-0001741,doi::10.1016/j.proci.2024.105255,44,0,0.00191,0.001706734661500085
row-0001742,doi::10.1016/j.proci.2024.105255,44,0,0.00182,0.0017064350044350967
row-0001743,doi::10.1016/j.proci.2024.105255,44,0,0.00192,0.001680590744386843
row-0001833,doi::10.1016/j.proci.2024.105766,44,0,0.007,0.004453979923576111
row-0001834,doi::10.1016/j.proci.2024.105766,44,0,0.01,0.004225357467849691
row-0001835,doi::10.1016/j.proci.2024.105766,44,0,0.0115,0.004179918060076929
row-0001836,doi::10.1016/j.proci.2024.105766,44,0,0.012,0.004179918060076929
row-0001837,doi::10.1016/j.proci.2024.105766,44,0,0.012,0.003452512637025696
row-0001838,doi::10.1016/j.proci.2024.105766,44,0,0.005,0.004458891750351251
row-0001839,doi::10.1016/j.proci.2024.105766,44,0,0.0055,0.004230269294624831
row-0001840,doi::10.1016/j.proci.2024.105766,44,0,0.006,0.004184829886852068
row-0001841,doi::10.1016/j.proci.2024.105766,44,0,0.0065,0.004184829886852068
row-0001842,doi::10.1016/j.proci.2024.105766,44,0,0.0065,0.003427606138177233
row-0001843,doi::10.1016/j.proci.2024.105766,44,0,0.005,0.004329761972006894
row-0001844,doi::10.1016/j.proci.2024.105766,44,0,0.007,0.004097078646715257
row-0001845,doi::10.1016/j.proci.2024.105766,44,0,0.0075,0.00404874085697963
row-0001846,doi::10.1016/j.proci.2024.105766,44,0,0.008,0.004001196725458756
row-0001847,doi::10.1016/j.proci.2024.105766,44,0,0.009,0.003410111761021824
row-0001848,doi::10.1016/j.proci.2024.105766,44,0,0.0026,0.0022245952804415144
row-0001849,doi::10.1016/j.proci.2024.105766,44,0,0.0027,0.0019436653594370969
row-0001850,doi::10.1016/j.proci.2024.105766,44,0,0.0029,0.001865269917997086
row-0001851,doi::10.1016/j.proci.2024.105766,44,0,0.0027,0.0018597862883674562
row-0001852,doi::10.1016/j.proci.2024.105766,44,0,0.0026,0.0018657237181818403
row-0001853,doi::10.1016/j.proci.2024.105766,44,0,0.0017,0.00217475233046645
row-0001854,doi::10.1016/j.proci.2024.105766,44,0,0.0018,0.0018938224094620312
row-0001855,doi::10.1016/j.proci.2024.105766,44,0,0.002,0.0018154269680220206
row-0001856,doi::10.1016/j.proci.2024.105766,44,0,0.0019,0.0018099433383923908
row-0001857,doi::10.1016/j.proci.2024.105766,44,0,0.0018,0.0018447147486425086
row-0001858,doi::10.1016/j.proci.2024.105766,44,0,0.0015,0.0021102482584751895
row-0001859,doi::10.1016/j.proci.2024.105766,44,0,0.0016,0.0018132199345432332
row-0001860,doi::10.1016/j.proci.2024.105766,44,0,0.002,0.0017339287913488363
row-0001861,doi::10.1016/j.proci.2024.105766,44,0,0.0027,0.0017497991476481856
row-0001862,doi::10.1016/j.proci.2024.105766,44,0,0.0025,0.0017586533665525322
row-0002297,citation::meyer florian jan hei meier hans christoph ries and christian eigenbrod sooting behavior in concurrent and upward burning of cylindrical pmma samples 52nd international conference on environmental systems ices 2023 171 calgary canada 16 20 july 2023,44,0,0.00274,0.0004046890648617717
row-0002298,citation::meyer florian jan hei meier hans christoph ries and christian eigenbrod sooting behavior in concurrent and upward burning of cylindrical pmma samples 52nd international conference on environmental systems ices 2023 171 calgary canada 16 20 july 2023,44,0,0.00212,0.00040040776663574846
row-0002299,citation::meyer florian jan hei meier hans christoph ries and christian eigenbrod sooting behavior in concurrent and upward burning of cylindrical pmma samples 52nd international conference on environmental systems ices 2023 171 calgary canada 16 20 july 2023,44,0,0.00138,0.021907170721533944
row-0002300,citation::meyer florian jan hei meier hans christoph ries and christian eigenbrod sooting behavior in concurrent and upward burning of cylindrical pmma samples 52nd international conference on environmental systems ices 2023 171 calgary canada 16 20 july 2023,44,0,0.00197,0.02190363965511665
row-0002301,citation::meyer florian jan hei meier hans christoph ries and christian eigenbrod sooting behavior in concurrent and upward burning of cylindrical pmma samples 52nd international conference on environmental systems ices 2023 171 calgary canada 16 20 july 2023,44,0,0.00123,0.030858258653323947
row-0002302,citation::meyer florian jan hei meier hans christoph ries and christian eigenbrod sooting behavior in concurrent and upward burning of cylindrical pmma samples 52nd international conference on environmental systems ices 2023 171 calgary canada 16 20 july 2023,44,0,0.00189,0.030856447374935668
row-0002699,citation::friedman robert brian jackson and sandra olson testing and selection of fire resistant materials for spacecraft use nasa technical memorandum 2000 209773 mar 2000 nasa sti program office glenn research center cleveland ohio,44,0,0.0053,0.007117509815758052
row-0002700,citation::friedman robert brian jackson and sandra olson testing and selection of fire resistant materials for spacecraft use nasa technical memorandum 2000 209773 mar 2000 nasa sti program office glenn research center cleveland ohio,44,0,0.0055,0.007117509815758052
row-0002701,citation::friedman robert brian jackson and sandra olson testing and selection of fire resistant materials for spacecraft use nasa technical memorandum 2000 209773 mar 2000 nasa sti program office glenn research center cleveland ohio,44,0,0.0054,0.007117509815758052
row-0002702,citation::friedman robert brian jackson and sandra olson testing and selection of fire resistant materials for spacecraft use nasa technical memorandum 2000 209773 mar 2000 nasa sti program office glenn research center cleveland ohio,44,0,0.0056,0.008392174632918461
row-0002703,citation::friedman robert brian jackson and sandra olson testing and selection of fire resistant materials for spacecraft use nasa technical memorandum 2000 209773 mar 2000 nasa sti program office glenn research center cleveland ohio,44,0,0.0109,0.010849614004322805
row-0002704,citation::friedman robert brian jackson and sandra olson testing and selection of fire resistant materials for spacecraft use nasa technical memorandum 2000 209773 mar 2000 nasa sti program office glenn research center cleveland ohio,44,0,0.0126,0.011323715747184559
row-0002705,citation::friedman robert brian jackson and sandra olson testing and selection of fire resistant materials for spacecraft use nasa technical memorandum 2000 209773 mar 2000 nasa sti program office glenn research center cleveland ohio,44,0,0.0174,0.011898582995505079
row-0002706,citation::friedman robert brian jackson and sandra olson testing and selection of fire resistant materials for spacecraft use nasa technical memorandum 2000 209773 mar 2000 nasa sti program office glenn research center cleveland ohio,44,0,0.0181,0.011898582995505079
row-0002707,citation::friedman robert brian jackson and sandra olson testing and selection of fire resistant materials for spacecraft use nasa technical memorandum 2000 209773 mar 2000 nasa sti program office glenn research center cleveland ohio,44,0,0.0186,0.011898582995505079
row-0002708,citation::friedman robert brian jackson and sandra olson testing and selection of fire resistant materials for spacecraft use nasa technical memorandum 2000 209773 mar 2000 nasa sti program office glenn research center cleveland ohio,44,0,0.0172,0.011898582995505079
row-0002709,citation::friedman robert brian jackson and sandra olson testing and selection of fire resistant materials for spacecraft use nasa technical memorandum 2000 209773 mar 2000 nasa sti program office glenn research center cleveland ohio,44,0,0.0188,0.011898582995505079
row-0002710,citation::friedman robert brian jackson and sandra olson testing and selection of fire resistant materials for spacecraft use nasa technical memorandum 2000 209773 mar 2000 nasa sti program office glenn research center cleveland ohio,44,0,0.0184,0.011898582995505079
row-0002711,citation::friedman robert brian jackson and sandra olson testing and selection of fire resistant materials for spacecraft use nasa technical memorandum 2000 209773 mar 2000 nasa sti program office glenn research center cleveland ohio,44,0,0.0217,0.01815169925042196
row-0002712,citation::friedman robert brian jackson and sandra olson testing and selection of fire resistant materials for spacecraft use nasa technical memorandum 2000 209773 mar 2000 nasa sti program office glenn research center cleveland ohio,44,0,0.0263,0.020571803074760503
row-0002713,citation::friedman robert brian jackson and sandra olson testing and selection of fire resistant materials for spacecraft use nasa technical memorandum 2000 209773 mar 2000 nasa sti program office glenn research center cleveland ohio,44,0,0.0267,0.020571803074760503
row-0002714,citation::friedman robert brian jackson and sandra olson testing and selection of fire resistant materials for spacecraft use nasa technical memorandum 2000 209773 mar 2000 nasa sti program office glenn research center cleveland ohio,44,0,0.0285,0.020571803074760503
row-0002716,citation::friedman robert brian jackson and sandra olson testing and selection of fire resistant materials for spacecraft use nasa technical memorandum 2000 209773 mar 2000 nasa sti program office glenn research center cleveland ohio,44,0,0.0286,0.020571803074760503
row-0002717,citation::friedman robert brian jackson and sandra olson testing and selection of fire resistant materials for spacecraft use nasa technical memorandum 2000 209773 mar 2000 nasa sti program office glenn research center cleveland ohio,44,0,0.0272,0.020571803074760503
row-0002718,citation::friedman robert brian jackson and sandra olson testing and selection of fire resistant materials for spacecraft use nasa technical memorandum 2000 209773 mar 2000 nasa sti program office glenn research center cleveland ohio,44,0,0.0378,0.022274982327054226
row-0002719,citation::friedman robert brian jackson and sandra olson testing and selection of fire resistant materials for spacecraft use nasa technical memorandum 2000 209773 mar 2000 nasa sti program office glenn research center cleveland ohio,44,0,0.0389,0.022274982327054226
row-0002720,citation::friedman robert brian jackson and sandra olson testing and selection of fire resistant materials for spacecraft use nasa technical memorandum 2000 209773 mar 2000 nasa sti program office glenn research center cleveland ohio,44,0,0.0494,0.03877851993316804
row-0002721,citation::friedman robert brian jackson and sandra olson testing and selection of fire resistant materials for spacecraft use nasa technical memorandum 2000 209773 mar 2000 nasa sti program office glenn research center cleveland ohio,44,0,0.0455,0.03877851993316804
row-0002722,citation::friedman robert brian jackson and sandra olson testing and selection of fire resistant materials for spacecraft use nasa technical memorandum 2000 209773 mar 2000 nasa sti program office glenn research center cleveland ohio,44,0,0.0611,0.05081819384186868
row-0002723,citation::friedman robert brian jackson and sandra olson testing and selection of fire resistant materials for spacecraft use nasa technical memorandum 2000 209773 mar 2000 nasa sti program office glenn research center cleveland ohio,44,0,0.0613,0.05081819384186868
row-0002724,citation::friedman robert brian jackson and sandra olson testing and selection of fire resistant materials for spacecraft use nasa technical memorandum 2000 209773 mar 2000 nasa sti program office glenn research center cleveland ohio,44,0,0.0709,0.05288909210443757
row-0002725,citation::friedman robert brian jackson and sandra olson testing and selection of fire resistant materials for spacecraft use nasa technical memorandum 2000 209773 mar 2000 nasa sti program office glenn research center cleveland ohio,44,0,0.0674,0.05288909210443757
row-0002726,citation::friedman robert brian jackson and sandra olson testing and selection of fire resistant materials for spacecraft use nasa technical memorandum 2000 209773 mar 2000 nasa sti program office glenn research center cleveland ohio,44,0,0.005,0.004805192725328074
row-0002727,citation::friedman robert brian jackson and sandra olson testing and selection of fire resistant materials for spacecraft use nasa technical memorandum 2000 209773 mar 2000 nasa sti program office glenn research center cleveland ohio,44,0,0.0061,0.004811648598619747
row-0002728,citation::friedman robert brian jackson and sandra olson testing and selection of fire resistant materials for spacecraft use nasa technical memorandum 2000 209773 mar 2000 nasa sti program office glenn research center cleveland ohio,44,0,0.0075,0.006618623781999064
row-0002729,citation::friedman robert brian jackson and sandra olson testing and selection of fire resistant materials for spacecraft use nasa technical memorandum 2000 209773 mar 2000 nasa sti program office glenn research center cleveland ohio,44,0,0.0112,0.007607316194118765
row-0002730,citation::friedman robert brian jackson and sandra olson testing and selection of fire resistant materials for spacecraft use nasa technical memorandum 2000 209773 mar 2000 nasa sti program office glenn research center cleveland ohio,44,0,0.0155,0.011470011011200341
row-0002731,citation::friedman robert brian jackson and sandra olson testing and selection of fire resistant materials for spacecraft use nasa technical memorandum 2000 209773 mar 2000 nasa sti program office glenn research center cleveland ohio,44,0,0.0139,0.011470011011200341
row-0002732,citation::friedman robert brian jackson and sandra olson testing and selection of fire resistant materials for spacecraft use nasa technical memorandum 2000 209773 mar 2000 nasa sti program office glenn research center cleveland ohio,44,0,0.0154,0.011470011011200341
row-0002733,citation::friedman robert brian jackson and sandra olson testing and selection of fire resistant materials for spacecraft use nasa technical memorandum 2000 209773 mar 2000 nasa sti program office glenn research center cleveland ohio,44,0,0.0138,0.011470011011200341
row-0002734,citation::friedman robert brian jackson and sandra olson testing and selection of fire resistant materials for spacecraft use nasa technical memorandum 2000 209773 mar 2000 nasa sti program office glenn research center cleveland ohio,44,0,0.0192,0.01257684981969276
row-0002735,citation::friedman robert brian jackson and sandra olson testing and selection of fire resistant materials for spacecraft use nasa technical memorandum 2000 209773 mar 2000 nasa sti program office glenn research center cleveland ohio,44,0,0.0297,0.02073874564337632
row-0002736,citation::friedman robert brian jackson and sandra olson testing and selection of fire resistant materials for spacecraft use nasa technical memorandum 2000 209773 mar 2000 nasa sti program office glenn research center cleveland ohio,44,0,0.0357,0.022387781208164734
row-0002737,citation::friedman robert brian jackson and sandra olson testing and selection of fire resistant materials for spacecraft use nasa technical memorandum 2000 209773 mar 2000 nasa sti program office glenn research center cleveland ohio,44,0,0.0428,0.03900484352680316
row-0002738,citation::friedman robert brian jackson and sandra olson testing and selection of fire resistant materials for spacecraft use nasa technical memorandum 2000 209773 mar 2000 nasa sti program office glenn research center cleveland ohio,44,0,0.0518,0.05109386656708008
row-0002739,citation::friedman robert brian jackson and sandra olson testing and selection of fire resistant materials for spacecraft use nasa technical memorandum 2000 209773 mar 2000 nasa sti program office glenn research center cleveland ohio,44,0,0.0575,0.05109386656708008
row-0002740,citation::friedman robert brian jackson and sandra olson testing and selection of fire resistant materials for spacecraft use nasa technical memorandum 2000 209773 mar 2000 nasa sti program office glenn research center cleveland ohio,44,0,0.0751,0.05325010840107754
row-0002741,citation::friedman robert brian jackson and sandra olson testing and selection of fire resistant materials for spacecraft use nasa technical memorandum 2000 209773 mar 2000 nasa sti program office glenn research center cleveland ohio,44,0,0.0025,0.007030370698380402
row-0002742,citation::friedman robert brian jackson and sandra olson testing and selection of fire resistant materials for spacecraft use nasa technical memorandum 2000 209773 mar 2000 nasa sti program office glenn research center cleveland ohio,44,0,0.004,0.007008500455561299
row-0002743,citation::friedman robert brian jackson and sandra olson testing and selection of fire resistant materials for spacecraft use nasa technical memorandum 2000 209773 mar 2000 nasa sti program office glenn research center cleveland ohio,44,0,0.0036,0.007092078188777359
row-0002744,citation::friedman robert brian jackson and sandra olson testing and selection of fire resistant materials for spacecraft use nasa technical memorandum 2000 209773 mar 2000 nasa sti program office glenn research center cleveland ohio,44,0,0.0047,0.007886957581451715
row-0002745,citation::friedman robert brian jackson and sandra olson testing and selection of fire resistant materials for spacecraft use nasa technical memorandum 2000 209773 mar 2000 nasa sti program office glenn research center cleveland ohio,44,0,0.0063,0.007886957581451715
row-0002746,citation::friedman robert brian jackson and sandra olson testing and selection of fire resistant materials for spacecraft use nasa technical memorandum 2000 209773 mar 2000 nasa sti program office glenn research center cleveland ohio,44,0,0.0054,0.007886957581451715
row-0002747,citation::friedman robert brian jackson and sandra olson testing and selection of fire resistant materials for spacecraft use nasa technical memorandum 2000 209773 mar 2000 nasa sti program office glenn research center cleveland ohio,44,0,0.0142,0.015510405456532287
row-0002748,citation::friedman robert brian jackson and sandra olson testing and selection of fire resistant materials for spacecraft use nasa technical memorandum 2000 209773 mar 2000 nasa sti program office glenn research center cleveland ohio,44,0,0.0129,0.015510405456532287
row-0002749,citation::friedman robert brian jackson and sandra olson testing and selection of fire resistant materials for spacecraft use nasa technical memorandum 2000 209773 mar 2000 nasa sti program office glenn research center cleveland ohio,44,0,0.0155,0.015510405456532287
row-0002750,citation::friedman robert brian jackson and sandra olson testing and selection of fire resistant materials for spacecraft use nasa technical memorandum 2000 209773 mar 2000 nasa sti program office glenn research center cleveland ohio,44,0,0.02,0.020154529290971647
row-0002751,citation::friedman robert brian jackson and sandra olson testing and selection of fire resistant materials for spacecraft use nasa technical memorandum 2000 209773 mar 2000 nasa sti program office glenn research center cleveland ohio,44,0,0.0219,0.020154529290971647
row-0002752,citation::friedman robert brian jackson and sandra olson testing and selection of fire resistant materials for spacecraft use nasa technical memorandum 2000 209773 mar 2000 nasa sti program office glenn research center cleveland ohio,44,0,0.0226,0.026455163664989765
row-0002753,citation::friedman robert brian jackson and sandra olson testing and selection of fire resistant materials for spacecraft use nasa technical memorandum 2000 209773 mar 2000 nasa sti program office glenn research center cleveland ohio,44,0,0.0342,0.026455163664989765
row-0002754,citation::friedman robert brian jackson and sandra olson testing and selection of fire resistant materials for spacecraft use nasa technical memorandum 2000 209773 mar 2000 nasa sti program office glenn research center cleveland ohio,44,0,0.0344,0.03223006127947953
row-0002755,citation::friedman robert brian jackson and sandra olson testing and selection of fire resistant materials for spacecraft use nasa technical memorandum 2000 209773 mar 2000 nasa sti program office glenn research center cleveland ohio,44,0,0.0355,0.03223006127947953
row-0002756,citation::friedman robert brian jackson and sandra olson testing and selection of fire resistant materials for spacecraft use nasa technical memorandum 2000 209773 mar 2000 nasa sti program office glenn research center cleveland ohio,44,0,0.0459,0.03307709641815311
row-0002757,citation::friedman robert brian jackson and sandra olson testing and selection of fire resistant materials for spacecraft use nasa technical memorandum 2000 209773 mar 2000 nasa sti program office glenn research center cleveland ohio,44,0,0.0272,0.03307709641815311
row-0002758,citation::friedman robert brian jackson and sandra olson testing and selection of fire resistant materials for spacecraft use nasa technical memorandum 2000 209773 mar 2000 nasa sti program office glenn research center cleveland ohio,44,0,0.0028,0.0049526886693806406
row-0002759,citation::friedman robert brian jackson and sandra olson testing and selection of fire resistant materials for spacecraft use nasa technical memorandum 2000 209773 mar 2000 nasa sti program office glenn research center cleveland ohio,44,0,0.0033,0.0049526886693806406
row-0002760,citation::friedman robert brian jackson and sandra olson testing and selection of fire resistant materials for spacecraft use nasa technical memorandum 2000 209773 mar 2000 nasa sti program office glenn research center cleveland ohio,44,0,0.0032,0.004811648598619747
row-0002762,citation::friedman robert brian jackson and sandra olson testing and selection of fire resistant materials for spacecraft use nasa technical memorandum 2000 209773 mar 2000 nasa sti program office glenn research center cleveland ohio,44,0,0.0059,0.007607316194118765
row-0002763,citation::friedman robert brian jackson and sandra olson testing and selection of fire resistant materials for spacecraft use nasa technical memorandum 2000 209773 mar 2000 nasa sti program office glenn research center cleveland ohio,44,0,0.0067,0.007607316194118765
row-0002764,citation::friedman robert brian jackson and sandra olson testing and selection of fire resistant materials for spacecraft use nasa technical memorandum 2000 209773 mar 2000 nasa sti program office glenn research center cleveland ohio,44,0,0.0068,0.007607316194118765
row-0002766,citation::friedman robert brian jackson and sandra olson testing and selection of fire resistant materials for spacecraft use nasa technical memorandum 2000 209773 mar 2000 nasa sti program office glenn research center cleveland ohio,44,0,0.0085,0.011470011011200341
row-0002767,citation::friedman robert brian jackson and sandra olson testing and selection of fire resistant materials for spacecraft use nasa technical memorandum 2000 209773 mar 2000 nasa sti program office glenn research center cleveland ohio,44,0,0.0094,0.011470011011200341
row-0002768,citation::friedman robert brian jackson and sandra olson testing and selection of fire resistant materials for spacecraft use nasa technical memorandum 2000 209773 mar 2000 nasa sti program office glenn research center cleveland ohio,44,0,0.0091,0.011470011011200341
row-0002769,citation::friedman robert brian jackson and sandra olson testing and selection of fire resistant materials for spacecraft use nasa technical memorandum 2000 209773 mar 2000 nasa sti program office glenn research center cleveland ohio,44,0,0.0121,0.01257684981969276
row-0002770,citation::friedman robert brian jackson and sandra olson testing and selection of fire resistant materials for spacecraft use nasa technical memorandum 2000 209773 mar 2000 nasa sti program office glenn research center cleveland ohio,44,0,0.018,0.02073874564337632
row-0002771,citation::friedman robert brian jackson and sandra olson testing and selection of fire resistant materials for spacecraft use nasa technical memorandum 2000 209773 mar 2000 nasa sti program office glenn research center cleveland ohio,44,0,0.0172,0.02073874564337632
row-0002772,citation::friedman robert brian jackson and sandra olson testing and selection of fire resistant materials for spacecraft use nasa technical memorandum 2000 209773 mar 2000 nasa sti program office glenn research center cleveland ohio,44,0,0.0228,0.022387781208164734
row-0002773,citation::friedman robert brian jackson and sandra olson testing and selection of fire resistant materials for spacecraft use nasa technical memorandum 2000 209773 mar 2000 nasa sti program office glenn research center cleveland ohio,44,0,0.029,0.03900484352680316
row-0002774,citation::friedman robert brian jackson and sandra olson testing and selection of fire resistant materials for spacecraft use nasa technical memorandum 2000 209773 mar 2000 nasa sti program office glenn research center cleveland ohio,44,0,0.0334,0.05109386656708008
row-0002775,citation::friedman robert brian jackson and sandra olson testing and selection of fire resistant materials for spacecraft use nasa technical memorandum 2000 209773 mar 2000 nasa sti program office glenn research center cleveland ohio,44,0,0.0386,0.05325010840107754
row-0002778,citation::friedman robert brian jackson and sandra olson testing and selection of fire resistant materials for spacecraft use nasa technical memorandum 2000 209773 mar 2000 nasa sti program office glenn research center cleveland ohio,44,0,0.0384,0.022274982327054226
row-0002780,citation::friedman robert brian jackson and sandra olson testing and selection of fire resistant materials for spacecraft use nasa technical memorandum 2000 209773 mar 2000 nasa sti program office glenn research center cleveland ohio,44,0,0.021,0.022274982327054226
row-0002891,doi::10.1080/00102209108951711,44,0,0.01694,0.017589548975475166
row-0002892,doi::10.1080/00102209108951711,44,0,0.0202,0.015703457442625322
row-0002893,doi::10.1080/00102209108951711,44,0,0.0203,0.01639089809594789
row-0002894,doi::10.1080/00102209108951711,44,0,0.01959,0.016909386582967683
row-0002895,doi::10.1080/00102209108951711,44,0,0.01884,0.01606455184371414
row-0002896,doi::10.1080/00102209108951711,44,0,0.01888,0.016549258825165943
row-0002897,doi::10.1080/00102209108951711,44,0,0.01084,0.012673041666899965
row-0002898,doi::10.1080/00102209108951711,44,0,0.0114,0.012971339379519052
row-0002899,doi::10.1080/00102209108951711,44,0,0.01276,0.01292537989329513
row-0002900,doi::10.1080/00102209108951711,44,0,0.01485,0.012915882102611844
row-0002901,doi::10.1080/00102209108951711,44,0,0.0144,0.012771219625361215
row-0002902,doi::10.1080/00102209108951711,44,0,0.01417,0.012780295390140554
row-0002903,doi::10.1080/00102209108951711,44,0,0.01401,0.012771219625361215
row-0002904,doi::10.1080/00102209108951711,44,0,0.01327,0.012781898074858989
row-0002905,doi::10.1080/00102209108951711,44,0,0.01286,0.012678079876369009
row-0002906,doi::10.1080/00102209108951711,44,0,0.00307,0.010842909530072007
row-0002907,doi::10.1080/00102209108951711,44,0,0.00639,0.012159344581955292
row-0002908,doi::10.1080/00102209108951711,44,0,0.00845,0.012273001968746106
row-0002909,doi::10.1080/00102209108951711,44,0,0.0192,0.01712907129275481
row-0002910,doi::10.1080/00102209108951711,44,0,0.0188,0.016549258825165943
row-0002911,doi::10.1080/00102209108951711,44,0,0.0194,0.017016780762725663
row-0002912,doi::10.1080/00102209108951711,44,0,0.0156,0.018287014515221387
row-0002913,doi::10.1080/00102209108951711,44,0,0.0112,0.01351479086175984
row-0002914,doi::10.1080/00102209108951711,44,0,0.0132,0.012781898074858989
row-0002915,doi::10.1080/00102209108951711,44,0,0.0148,0.012861673348187698
row-0002916,doi::10.1080/00102209108951711,44,0,0.0108,0.012125450985717942
row-0002917,doi::10.1080/00102209108951711,44,0,0.0075,0.011785863827487988
row-0002918,doi::10.1080/00102209108951711,44,0,0.0073,0.012121833352204327
row-0002919,doi::10.1080/00102209108951711,44,0,0.0083,0.012188909355350684
row-0002920,doi::10.1080/00102209108951711,44,0,0.003,0.011276125852777074
row-0003026,doi::10.1016/s0010-2180(00)00249-2,44,0,0.00085,0.0011548742384129384
row-0003027,doi::10.1016/s0010-2180(00)00249-2,44,0,0.00088,0.0011548742384129384
row-0003028,doi::10.1016/s0010-2180(00)00249-2,44,0,0.00075,0.0011540787834255215
row-0003029,doi::10.1016/s0010-2180(00)00249-2,44,0,0.0012,0.001154603823108061
row-0003030,doi::10.1016/s0010-2180(00)00249-2,44,0,0.0011,0.001154603823108061
row-0003031,doi::10.1016/s0010-2180(00)00249-2,44,0,0.0019,0.001161651059224639
row-0003032,doi::10.1016/s0010-2180(00)00249-2,44,0,0.0023,0.0011681189650027928
row-0003033,doi::10.1016/s0010-2180(00)00249-2,44,0,0.002,0.0011681189650027928
row-0003034,doi::10.1016/s0010-2180(00)00249-2,44,0,0.0022,0.0011728237983469317
row-0003035,doi::10.1016/s0010-2180(00)00249-2,44,0,0.0017,0.0012827336274965047
row-0003036,doi::10.1016/s0010-2180(00)00249-2,44,0,0.0019,0.0026739587309339693
row-0003037,doi::10.1016/s0010-2180(00)00249-2,44,0,0.0022,0.0026739587309339693
row-0003038,doi::10.1016/s0010-2180(00)00249-2,44,0,0.0037,0.0024815670258059295
row-0003039,doi::10.1016/s0010-2180(00)00249-2,44,0,0.004,0.0024962790176851963
row-0003040,doi::10.1016/s0010-2180(00)00249-2,44,0,0.0052,0.002516863179914114
row-0003041,doi::10.1016/s0010-2180(00)00249-2,44,0,0.0045,0.002516863179914114
row-0003042,doi::10.1016/s0010-2180(00)00249-2,44,0,0.006,0.0025506370450332216
row-0003043,doi::10.1016/s0010-2180(00)00249-2,44,0,0.0059,0.0025534064309981337
row-0003044,doi::10.1016/s0010-2180(00)00249-2,44,0,0.0032,0.004311105660031581
row-0003045,doi::10.1016/s0010-2180(00)00249-2,44,0,0.0033,0.004311105660031581
row-0003046,doi::10.1016/s0010-2180(00)00249-2,44,0,0.0036,0.004311105660031581
row-0003047,doi::10.1016/s0010-2180(00)00249-2,44,0,0.0037,0.004311105660031581
row-0003048,doi::10.1016/s0010-2180(00)00249-2,44,0,0.0045,0.004311105660031581
row-0003049,doi::10.1016/s0010-2180(00)00249-2,44,0,0.0052,0.0038240037087800814
row-0003050,doi::10.1016/s0010-2180(00)00249-2,44,0,0.0077,0.004068520147460308
row-0003051,doi::10.1016/s0010-2180(00)00249-2,44,0,0.0085,0.004420931527300263
row-0003052,doi::10.1016/s0010-2180(00)00249-2,44,0,0.0088,0.004420931527300263
row-0003053,doi::10.1016/s0010-2180(00)00249-2,44,0,0.0024,0.0012342874858243236
row-0003054,doi::10.1016/s0010-2180(00)00249-2,44,0,0.0014,0.0011552770770179386
row-0003055,doi::10.1016/s0010-2180(00)00249-2,44,0,0.0012,0.0011552770770179386
row-0003056,doi::10.1016/s0010-2180(00)00249-2,44,0,0.00082,0.0011525843884279243
row-0003057,doi::10.1016/s0010-2180(00)00249-2,44,0,0.00077,0.0011503454263469277
row-0003058,doi::10.1016/s0010-2180(00)00249-2,44,0,0.00064,0.0011503454263469277
row-0003062,doi::10.1016/s0010-2180(00)00249-2,44,0,0.0001,0.0016506472521373703
row-0003063,doi::10.1016/s0010-2180(00)00249-2,44,0,0.00088,0.0011548742384129384
row-0003064,doi::10.1016/s0010-2180(00)00249-2,44,0,0.00084,0.0011548742384129384
row-0003065,doi::10.1016/s0010-2180(00)00249-2,44,0,0.00076,0.0011540787834255215
row-0003068,doi::10.1016/s0010-2180(00)00249-2,44,0,0.0019,0.001161651059224639
row-0003069,doi::10.1016/s0010-2180(00)00249-2,44,0,0.0019,0.0011681189650027928
row-0003070,doi::10.1016/s0010-2180(00)00249-2,44,0,0.0023,0.0011695211628049906
row-0003514,citation::son youngjin paul d ronney and suleyman gokoglu comparison of carbon dioxide and helium as fire extinguishing agents for spacecraft nasa cp 2004 213205 vol2 2004 pp 409 418,44,0,0.0065,0.03892726103977376
row-0003515,citation::son youngjin paul d ronney and suleyman gokoglu comparison of carbon dioxide and helium as fire extinguishing agents for spacecraft nasa cp 2004 213205 vol2 2004 pp 409 418,44,0,0.026,0.03892726103977376
row-0003516,citation::son youngjin paul d ronney and suleyman gokoglu comparison of carbon dioxide and helium as fire extinguishing agents for spacecraft nasa cp 2004 213205 vol2 2004 pp 409 418,44,0,0.042,0.03918152479426463
row-0003517,citation::son youngjin paul d ronney and suleyman gokoglu comparison of carbon dioxide and helium as fire extinguishing agents for spacecraft nasa cp 2004 213205 vol2 2004 pp 409 418,44,0,0.049,0.040345383039077636
row-0003518,citation::son youngjin paul d ronney and suleyman gokoglu comparison of carbon dioxide and helium as fire extinguishing agents for spacecraft nasa cp 2004 213205 vol2 2004 pp 409 418,44,0,0.065,0.0406326141808573
row-0003519,citation::son youngjin paul d ronney and suleyman gokoglu comparison of carbon dioxide and helium as fire extinguishing agents for spacecraft nasa cp 2004 213205 vol2 2004 pp 409 418,44,0,0.084,0.04075023932489953
row-0003520,citation::son youngjin paul d ronney and suleyman gokoglu comparison of carbon dioxide and helium as fire extinguishing agents for spacecraft nasa cp 2004 213205 vol2 2004 pp 409 418,44,0,0.0055,0.03819172679482323
row-0003521,citation::son youngjin paul d ronney and suleyman gokoglu comparison of carbon dioxide and helium as fire extinguishing agents for spacecraft nasa cp 2004 213205 vol2 2004 pp 409 418,44,0,0.021,0.03820615861300505
row-0003522,citation::son youngjin paul d ronney and suleyman gokoglu comparison of carbon dioxide and helium as fire extinguishing agents for spacecraft nasa cp 2004 213205 vol2 2004 pp 409 418,44,0,0.025,0.03923757511733135
row-0003523,citation::son youngjin paul d ronney and suleyman gokoglu comparison of carbon dioxide and helium as fire extinguishing agents for spacecraft nasa cp 2004 213205 vol2 2004 pp 409 418,44,0,0.048,0.040367493592058275
row-0003524,citation::son youngjin paul d ronney and suleyman gokoglu comparison of carbon dioxide and helium as fire extinguishing agents for spacecraft nasa cp 2004 213205 vol2 2004 pp 409 418,44,0,0.1,0.040367493592058275
row-0003525,citation::son youngjin paul d ronney and suleyman gokoglu comparison of carbon dioxide and helium as fire extinguishing agents for spacecraft nasa cp 2004 213205 vol2 2004 pp 409 418,44,0,0.003,0.03561189061775604
row-0003526,citation::son youngjin paul d ronney and suleyman gokoglu comparison of carbon dioxide and helium as fire extinguishing agents for spacecraft nasa cp 2004 213205 vol2 2004 pp 409 418,44,0,0.0115,0.035802308300818333
row-0003527,citation::son youngjin paul d ronney and suleyman gokoglu comparison of carbon dioxide and helium as fire extinguishing agents for spacecraft nasa cp 2004 213205 vol2 2004 pp 409 418,44,0,0.035,0.036944191503614526
row-0003528,citation::son youngjin paul d ronney and suleyman gokoglu comparison of carbon dioxide and helium as fire extinguishing agents for spacecraft nasa cp 2004 213205 vol2 2004 pp 409 418,44,0,0.07,0.037390663303921934
row-0003529,citation::son youngjin paul d ronney and suleyman gokoglu comparison of carbon dioxide and helium as fire extinguishing agents for spacecraft nasa cp 2004 213205 vol2 2004 pp 409 418,44,0,0.0028,0.03523758004167753
row-0003530,citation::son youngjin paul d ronney and suleyman gokoglu comparison of carbon dioxide and helium as fire extinguishing agents for spacecraft nasa cp 2004 213205 vol2 2004 pp 409 418,44,0,0.0065,0.03526873447230623
row-0003531,citation::son youngjin paul d ronney and suleyman gokoglu comparison of carbon dioxide and helium as fire extinguishing agents for spacecraft nasa cp 2004 213205 vol2 2004 pp 409 418,44,0,0.018,0.03531164213464389
row-0003532,citation::son youngjin paul d ronney and suleyman gokoglu comparison of carbon dioxide and helium as fire extinguishing agents for spacecraft nasa cp 2004 213205 vol2 2004 pp 409 418,44,0,0.035,0.03720632716945453
row-0003533,citation::son youngjin paul d ronney and suleyman gokoglu comparison of carbon dioxide and helium as fire extinguishing agents for spacecraft nasa cp 2004 213205 vol2 2004 pp 409 418,44,0,0.062,0.03720632716945453
row-0003534,citation::son youngjin paul d ronney and suleyman gokoglu comparison of carbon dioxide and helium as fire extinguishing agents for spacecraft nasa cp 2004 213205 vol2 2004 pp 409 418,44,0,0.04,0.030302129128462228
row-0003535,citation::son youngjin paul d ronney and suleyman gokoglu comparison of carbon dioxide and helium as fire extinguishing agents for spacecraft nasa cp 2004 213205 vol2 2004 pp 409 418,44,0,0.09,0.030728908524224902
row-0003536,citation::son youngjin paul d ronney and suleyman gokoglu comparison of carbon dioxide and helium as fire extinguishing agents for spacecraft nasa cp 2004 213205 vol2 2004 pp 409 418,44,0,0.029,0.025763354747594253
row-0003537,citation::son youngjin paul d ronney and suleyman gokoglu comparison of carbon dioxide and helium as fire extinguishing agents for spacecraft nasa cp 2004 213205 vol2 2004 pp 409 418,44,0,0.044,0.028810847949306467
row-0003538,citation::son youngjin paul d ronney and suleyman gokoglu comparison of carbon dioxide and helium as fire extinguishing agents for spacecraft nasa cp 2004 213205 vol2 2004 pp 409 418,44,0,0.085,0.02920301002132752
row-0003539,citation::son youngjin paul d ronney and suleyman gokoglu comparison of carbon dioxide and helium as fire extinguishing agents for spacecraft nasa cp 2004 213205 vol2 2004 pp 409 418,44,0,0.05306,0.01594209313972479
row-0003540,citation::son youngjin paul d ronney and suleyman gokoglu comparison of carbon dioxide and helium as fire extinguishing agents for spacecraft nasa cp 2004 213205 vol2 2004 pp 409 418,44,0,0.03694,0.014393476764564947
row-0003541,citation::son youngjin paul d ronney and suleyman gokoglu comparison of carbon dioxide and helium as fire extinguishing agents for spacecraft nasa cp 2004 213205 vol2 2004 pp 409 418,44,0,0.00667,0.014035909325189866
row-0003543,citation::son youngjin paul d ronney and suleyman gokoglu comparison of carbon dioxide and helium as fire extinguishing agents for spacecraft nasa cp 2004 213205 vol2 2004 pp 409 418,44,0,0.05278,0.011062895268180358
row-0003544,citation::son youngjin paul d ronney and suleyman gokoglu comparison of carbon dioxide and helium as fire extinguishing agents for spacecraft nasa cp 2004 213205 vol2 2004 pp 409 418,44,0,0.03417,0.011327069387351363
row-0003545,citation::son youngjin paul d ronney and suleyman gokoglu comparison of carbon dioxide and helium as fire extinguishing agents for spacecraft nasa cp 2004 213205 vol2 2004 pp 409 418,44,0,0.02333,0.011008837182501105
row-0003546,citation::son youngjin paul d ronney and suleyman gokoglu comparison of carbon dioxide and helium as fire extinguishing agents for spacecraft nasa cp 2004 213205 vol2 2004 pp 409 418,44,0,0.0175,0.011201275368148815
row-0003547,citation::son youngjin paul d ronney and suleyman gokoglu comparison of carbon dioxide and helium as fire extinguishing agents for spacecraft nasa cp 2004 213205 vol2 2004 pp 409 418,44,0,0.01417,0.011593807832120474
row-0003548,citation::son youngjin paul d ronney and suleyman gokoglu comparison of carbon dioxide and helium as fire extinguishing agents for spacecraft nasa cp 2004 213205 vol2 2004 pp 409 418,44,0,0.05278,0.01586003879861088
row-0003549,citation::son youngjin paul d ronney and suleyman gokoglu comparison of carbon dioxide and helium as fire extinguishing agents for spacecraft nasa cp 2004 213205 vol2 2004 pp 409 418,44,0,0.02778,0.015808515845317683
row-0003550,citation::son youngjin paul d ronney and suleyman gokoglu comparison of carbon dioxide and helium as fire extinguishing agents for spacecraft nasa cp 2004 213205 vol2 2004 pp 409 418,44,0,0.01694,0.015322921027160695
row-0003551,citation::son youngjin paul d ronney and suleyman gokoglu comparison of carbon dioxide and helium as fire extinguishing agents for spacecraft nasa cp 2004 213205 vol2 2004 pp 409 418,44,0,0.0075,0.015322921027160695
row-0003552,citation::son youngjin paul d ronney and suleyman gokoglu comparison of carbon dioxide and helium as fire extinguishing agents for spacecraft nasa cp 2004 213205 vol2 2004 pp 409 418,44,0,0.02859,0.015375707949071603
row-0003553,citation::son youngjin paul d ronney and suleyman gokoglu comparison of carbon dioxide and helium as fire extinguishing agents for spacecraft nasa cp 2004 213205 vol2 2004 pp 409 418,44,0,0.01114,0.015361940270500174
row-0003554,citation::son youngjin paul d ronney and suleyman gokoglu comparison of carbon dioxide and helium as fire extinguishing agents for spacecraft nasa cp 2004 213205 vol2 2004 pp 409 418,44,0,0.01291,0.01342222569210009
row-0003555,citation::son youngjin paul d ronney and suleyman gokoglu comparison of carbon dioxide and helium as fire extinguishing agents for spacecraft nasa cp 2004 213205 vol2 2004 pp 409 418,44,0,0.00432,0.008925732911126878
row-0003556,citation::son youngjin paul d ronney and suleyman gokoglu comparison of carbon dioxide and helium as fire extinguishing agents for spacecraft nasa cp 2004 213205 vol2 2004 pp 409 418,44,0,0.02859,0.015788088202619458
row-0003557,citation::son youngjin paul d ronney and suleyman gokoglu comparison of carbon dioxide and helium as fire extinguishing agents for spacecraft nasa cp 2004 213205 vol2 2004 pp 409 418,44,0,0.01495,0.01577986677404803
row-0003558,citation::son youngjin paul d ronney and suleyman gokoglu comparison of carbon dioxide and helium as fire extinguishing agents for spacecraft nasa cp 2004 213205 vol2 2004 pp 409 418,44,0,0.00895,0.015391888930906277
row-0003560,citation::son youngjin paul d ronney and suleyman gokoglu comparison of carbon dioxide and helium as fire extinguishing agents for spacecraft nasa cp 2004 213205 vol2 2004 pp 409 418,44,0,0.02845,0.01446340325666343
row-0003561,citation::son youngjin paul d ronney and suleyman gokoglu comparison of carbon dioxide and helium as fire extinguishing agents for spacecraft nasa cp 2004 213205 vol2 2004 pp 409 418,44,0,0.00718,0.014477472923369789
row-0003562,citation::son youngjin paul d ronney and suleyman gokoglu comparison of carbon dioxide and helium as fire extinguishing agents for spacecraft nasa cp 2004 213205 vol2 2004 pp 409 418,44,0,0.00855,0.014297289083881119
row-0003564,citation::son youngjin paul d ronney and suleyman gokoglu comparison of carbon dioxide and helium as fire extinguishing agents for spacecraft nasa cp 2004 213205 vol2 2004 pp 409 418,44,0,0.02708,0.02260002034053817
row-0003565,citation::son youngjin paul d ronney and suleyman gokoglu comparison of carbon dioxide and helium as fire extinguishing agents for spacecraft nasa cp 2004 213205 vol2 2004 pp 409 418,44,0,0.01333,0.021993054356580517
row-0003566,citation::son youngjin paul d ronney and suleyman gokoglu comparison of carbon dioxide and helium as fire extinguishing agents for spacecraft nasa cp 2004 213205 vol2 2004 pp 409 418,44,0,0.01222,0.020708399229540795
row-0003567,citation::son youngjin paul d ronney and suleyman gokoglu comparison of carbon dioxide and helium as fire extinguishing agents for spacecraft nasa cp 2004 213205 vol2 2004 pp 409 418,44,0,0.02722,0.02405263974192567
row-0003568,citation::son youngjin paul d ronney and suleyman gokoglu comparison of carbon dioxide and helium as fire extinguishing agents for spacecraft nasa cp 2004 213205 vol2 2004 pp 409 418,44,0,0.01194,0.024227126174061454
row-0003569,citation::son youngjin paul d ronney and suleyman gokoglu comparison of carbon dioxide and helium as fire extinguishing agents for spacecraft nasa cp 2004 213205 vol2 2004 pp 409 418,44,0,0.0075,0.024084326375966393
row-0003570,citation::son youngjin paul d ronney and suleyman gokoglu comparison of carbon dioxide and helium as fire extinguishing agents for spacecraft nasa cp 2004 213205 vol2 2004 pp 409 418,44,0,0.02708,0.01395334538848834
row-0003571,citation::son youngjin paul d ronney and suleyman gokoglu comparison of carbon dioxide and helium as fire extinguishing agents for spacecraft nasa cp 2004 213205 vol2 2004 pp 409 418,44,0,0.01208,0.014152508067855367
row-0003572,citation::son youngjin paul d ronney and suleyman gokoglu comparison of carbon dioxide and helium as fire extinguishing agents for spacecraft nasa cp 2004 213205 vol2 2004 pp 409 418,44,0,0.00944,0.013788682607270336
row-0003573,citation::son youngjin paul d ronney and suleyman gokoglu comparison of carbon dioxide and helium as fire extinguishing agents for spacecraft nasa cp 2004 213205 vol2 2004 pp 409 418,44,0,0.04405,0.016103930445049923
row-0003574,citation::son youngjin paul d ronney and suleyman gokoglu comparison of carbon dioxide and helium as fire extinguishing agents for spacecraft nasa cp 2004 213205 vol2 2004 pp 409 418,44,0,0.01786,0.012898430346315198
row-0003575,citation::son youngjin paul d ronney and suleyman gokoglu comparison of carbon dioxide and helium as fire extinguishing agents for spacecraft nasa cp 2004 213205 vol2 2004 pp 409 418,44,0,0.01381,0.011506026723460983
row-0003576,citation::son youngjin paul d ronney and suleyman gokoglu comparison of carbon dioxide and helium as fire extinguishing agents for spacecraft nasa cp 2004 213205 vol2 2004 pp 409 418,44,0,0.00595,0.01037459163278317
row-0003577,citation::son youngjin paul d ronney and suleyman gokoglu comparison of carbon dioxide and helium as fire extinguishing agents for spacecraft nasa cp 2004 213205 vol2 2004 pp 409 418,44,0,0.04429,0.01133549006452356
row-0003578,citation::son youngjin paul d ronney and suleyman gokoglu comparison of carbon dioxide and helium as fire extinguishing agents for spacecraft nasa cp 2004 213205 vol2 2004 pp 409 418,44,0,0.03143,0.010814428460446123
row-0003579,citation::son youngjin paul d ronney and suleyman gokoglu comparison of carbon dioxide and helium as fire extinguishing agents for spacecraft nasa cp 2004 213205 vol2 2004 pp 409 418,44,0,0.01952,0.010203761563622378
row-0003580,citation::son youngjin paul d ronney and suleyman gokoglu comparison of carbon dioxide and helium as fire extinguishing agents for spacecraft nasa cp 2004 213205 vol2 2004 pp 409 418,44,0,0.00833,0.010050287321842608
row-0003582,citation::son youngjin paul d ronney and suleyman gokoglu comparison of carbon dioxide and helium as fire extinguishing agents for spacecraft nasa cp 2004 213205 vol2 2004 pp 409 418,44,0,0.04405,0.0159934941533
row-0003583,citation::son youngjin paul d ronney and suleyman gokoglu comparison of carbon dioxide and helium as fire extinguishing agents for spacecraft nasa cp 2004 213205 vol2 2004 pp 409 418,44,0,0.03167,0.015552291090602952
row-0003584,citation::son youngjin paul d ronney and suleyman gokoglu comparison of carbon dioxide and helium as fire extinguishing agents for spacecraft nasa cp 2004 213205 vol2 2004 pp 409 418,44,0,0.01762,0.015016401931469879
row-0003585,citation::son youngjin paul d ronney and suleyman gokoglu comparison of carbon dioxide and helium as fire extinguishing agents for spacecraft nasa cp 2004 213205 vol2 2004 pp 409 418,44,0,0.00905,0.014928944802653766
row-0003587,citation::son youngjin paul d ronney and suleyman gokoglu comparison of carbon dioxide and helium as fire extinguishing agents for spacecraft nasa cp 2004 213205 vol2 2004 pp 409 418,44,0,0.03947,0.01594209313972479
row-0003588,citation::son youngjin paul d ronney and suleyman gokoglu comparison of carbon dioxide and helium as fire extinguishing agents for spacecraft nasa cp 2004 213205 vol2 2004 pp 409 418,44,0,0.03026,0.014393476764564947
row-0003589,citation::son youngjin paul d ronney and suleyman gokoglu comparison of carbon dioxide and helium as fire extinguishing agents for spacecraft nasa cp 2004 213205 vol2 2004 pp 409 418,44,0,0.02049,0.012673322906447461
row-0003590,citation::son youngjin paul d ronney and suleyman gokoglu comparison of carbon dioxide and helium as fire extinguishing agents for spacecraft nasa cp 2004 213205 vol2 2004 pp 409 418,44,0,0.01148,0.010940155091818518
row-0003591,citation::son youngjin paul d ronney and suleyman gokoglu comparison of carbon dioxide and helium as fire extinguishing agents for spacecraft nasa cp 2004 213205 vol2 2004 pp 409 418,44,0,0.03947,0.011062895268180358
row-0003592,citation::son youngjin paul d ronney and suleyman gokoglu comparison of carbon dioxide and helium as fire extinguishing agents for spacecraft nasa cp 2004 213205 vol2 2004 pp 409 418,44,0,0.02989,0.011008837182501105
row-0003593,citation::son youngjin paul d ronney and suleyman gokoglu comparison of carbon dioxide and helium as fire extinguishing agents for spacecraft nasa cp 2004 213205 vol2 2004 pp 409 418,44,0,0.0186,0.011062895268180358
row-0003594,citation::son youngjin paul d ronney and suleyman gokoglu comparison of carbon dioxide and helium as fire extinguishing agents for spacecraft nasa cp 2004 213205 vol2 2004 pp 409 418,44,0,0.00826,0.013082785530170752
row-0003595,citation::son youngjin paul d ronney and suleyman gokoglu comparison of carbon dioxide and helium as fire extinguishing agents for spacecraft nasa cp 2004 213205 vol2 2004 pp 409 418,44,0,0.03947,0.01586003879861088
row-0003596,citation::son youngjin paul d ronney and suleyman gokoglu comparison of carbon dioxide and helium as fire extinguishing agents for spacecraft nasa cp 2004 213205 vol2 2004 pp 409 418,44,0,0.03576,0.01586003879861088
row-0003597,citation::son youngjin paul d ronney and suleyman gokoglu comparison of carbon dioxide and helium as fire extinguishing agents for spacecraft nasa cp 2004 213205 vol2 2004 pp 409 418,44,0,0.01708,0.014724350836281593
row-0003598,citation::son youngjin paul d ronney and suleyman gokoglu comparison of carbon dioxide and helium as fire extinguishing agents for spacecraft nasa cp 2004 213205 vol2 2004 pp 409 418,44,0,0.01091,0.014655251869853777
row-0003599,citation::son youngjin paul d ronney and suleyman gokoglu comparison of carbon dioxide and helium as fire extinguishing agents for spacecraft nasa cp 2004 213205 vol2 2004 pp 409 418,44,0,0.0217,0.015579468427559195
row-0003600,citation::son youngjin paul d ronney and suleyman gokoglu comparison of carbon dioxide and helium as fire extinguishing agents for spacecraft nasa cp 2004 213205 vol2 2004 pp 409 418,44,0,0.0183,0.013656157672822878
row-0003601,citation::son youngjin paul d ronney and suleyman gokoglu comparison of carbon dioxide and helium as fire extinguishing agents for spacecraft nasa cp 2004 213205 vol2 2004 pp 409 418,44,0,0.00435,0.009730068484906226
row-0003602,citation::son youngjin paul d ronney and suleyman gokoglu comparison of carbon dioxide and helium as fire extinguishing agents for spacecraft nasa cp 2004 213205 vol2 2004 pp 409 418,44,0,0.0217,0.015659865442970603
row-0003603,citation::son youngjin paul d ronney and suleyman gokoglu comparison of carbon dioxide and helium as fire extinguishing agents for spacecraft nasa cp 2004 213205 vol2 2004 pp 409 418,44,0,0.01596,0.015268175828071197
row-0003604,citation::son youngjin paul d ronney and suleyman gokoglu comparison of carbon dioxide and helium as fire extinguishing agents for spacecraft nasa cp 2004 213205 vol2 2004 pp 409 418,44,0,0.00513,0.01488878267987125
row-0003605,citation::son youngjin paul d ronney and suleyman gokoglu comparison of carbon dioxide and helium as fire extinguishing agents for spacecraft nasa cp 2004 213205 vol2 2004 pp 409 418,44,0,0.02183,0.01476673220640967
row-0003606,citation::son youngjin paul d ronney and suleyman gokoglu comparison of carbon dioxide and helium as fire extinguishing agents for spacecraft nasa cp 2004 213205 vol2 2004 pp 409 418,44,0,0.01583,0.0145867414545912
row-0003607,citation::son youngjin paul d ronney and suleyman gokoglu comparison of carbon dioxide and helium as fire extinguishing agents for spacecraft nasa cp 2004 213205 vol2 2004 pp 409 418,44,0,0.00735,0.014240129802775009
row-0004084,citation::takahashi shuhei takeshi nagumo kazunori wakai and subrata bhattacharjee effects of ambient condition on flame spread over a thin pmma sheet jsme international journal series b 43 4 2000 556 562,44,0,0.0611,0.04051362842831491
row-0004085,citation::takahashi shuhei takeshi nagumo kazunori wakai and subrata bhattacharjee effects of ambient condition on flame spread over a thin pmma sheet jsme international journal series b 43 4 2000 556 562,44,0,0.05026,0.04051362842831491
row-0004086,citation::takahashi shuhei takeshi nagumo kazunori wakai and subrata bhattacharjee effects of ambient condition on flame spread over a thin pmma sheet jsme international journal series b 43 4 2000 556 562,44,0,0.03538,0.02813149379458847
row-0004087,citation::takahashi shuhei takeshi nagumo kazunori wakai and subrata bhattacharjee effects of ambient condition on flame spread over a thin pmma sheet jsme international journal series b 43 4 2000 556 562,44,0,0.02873,0.02813149379458847
row-0004088,citation::takahashi shuhei takeshi nagumo kazunori wakai and subrata bhattacharjee effects of ambient condition on flame spread over a thin pmma sheet jsme international journal series b 43 4 2000 556 562,44,0,0.02693,0.02813149379458847
row-0004089,citation::takahashi shuhei takeshi nagumo kazunori wakai and subrata bhattacharjee effects of ambient condition on flame spread over a thin pmma sheet jsme international journal series b 43 4 2000 556 562,44,0,0.01369,0.023161394623611498
row-0004090,citation::takahashi shuhei takeshi nagumo kazunori wakai and subrata bhattacharjee effects of ambient condition on flame spread over a thin pmma sheet jsme international journal series b 43 4 2000 556 562,44,0,0.02635,0.0234129992306587
row-0004091,citation::takahashi shuhei takeshi nagumo kazunori wakai and subrata bhattacharjee effects of ambient condition on flame spread over a thin pmma sheet jsme international journal series b 43 4 2000 556 562,44,0,0.01953,0.0234129992306587
row-0004092,citation::takahashi shuhei takeshi nagumo kazunori wakai and subrata bhattacharjee effects of ambient condition on flame spread over a thin pmma sheet jsme international journal series b 43 4 2000 556 562,44,0,0.01088,0.020632609579996623
row-0004093,citation::takahashi shuhei takeshi nagumo kazunori wakai and subrata bhattacharjee effects of ambient condition on flame spread over a thin pmma sheet jsme international journal series b 43 4 2000 556 562,44,0,0.0098,0.020716311364838372
row-0004094,citation::takahashi shuhei takeshi nagumo kazunori wakai and subrata bhattacharjee effects of ambient condition on flame spread over a thin pmma sheet jsme international journal series b 43 4 2000 556 562,44,0,0.00861,0.020632609579996623
row-0004095,citation::takahashi shuhei takeshi nagumo kazunori wakai and subrata bhattacharjee effects of ambient condition on flame spread over a thin pmma sheet jsme international journal series b 43 4 2000 556 562,44,0,0.00426,0.018067934306858355
row-0004096,citation::takahashi shuhei takeshi nagumo kazunori wakai and subrata bhattacharjee effects of ambient condition on flame spread over a thin pmma sheet jsme international journal series b 43 4 2000 556 562,44,0,0.00347,0.0056395365195849685
row-0004097,citation::takahashi shuhei takeshi nagumo kazunori wakai and subrata bhattacharjee effects of ambient condition on flame spread over a thin pmma sheet jsme international journal series b 43 4 2000 556 562,44,0,0.00309,0.0024741875540641584
row-0004098,citation::takahashi shuhei takeshi nagumo kazunori wakai and subrata bhattacharjee effects of ambient condition on flame spread over a thin pmma sheet jsme international journal series b 43 4 2000 556 562,44,0,0.00165,0.004481112292066823
row-0004099,citation::takahashi shuhei takeshi nagumo kazunori wakai and subrata bhattacharjee effects of ambient condition on flame spread over a thin pmma sheet jsme international journal series b 43 4 2000 556 562,44,0,0.00143,0.00441310233408756
row-0004100,citation::takahashi shuhei takeshi nagumo kazunori wakai and subrata bhattacharjee effects of ambient condition on flame spread over a thin pmma sheet jsme international journal series b 43 4 2000 556 562,44,0,0.0008,0.0015136917931581808
row-0004101,citation::takahashi shuhei takeshi nagumo kazunori wakai and subrata bhattacharjee effects of ambient condition on flame spread over a thin pmma sheet jsme international journal series b 43 4 2000 556 562,44,0,0.00071,0.0015136917931581808
row-0004102,citation::takahashi shuhei takeshi nagumo kazunori wakai and subrata bhattacharjee effects of ambient condition on flame spread over a thin pmma sheet jsme international journal series b 43 4 2000 556 562,44,0,0.00501,0.00519187908890894
row-0004103,citation::takahashi shuhei takeshi nagumo kazunori wakai and subrata bhattacharjee effects of ambient condition on flame spread over a thin pmma sheet jsme international journal series b 43 4 2000 556 562,44,0,0.00451,0.005194011311131162
row-0004104,citation::takahashi shuhei takeshi nagumo kazunori wakai and subrata bhattacharjee effects of ambient condition on flame spread over a thin pmma sheet jsme international journal series b 43 4 2000 556 562,44,0,0.00407,0.00519187908890894
row-0004105,citation::takahashi shuhei takeshi nagumo kazunori wakai and subrata bhattacharjee effects of ambient condition on flame spread over a thin pmma sheet jsme international journal series b 43 4 2000 556 562,44,0,0.00112,0.0015041360968743554
row-0004106,citation::takahashi shuhei takeshi nagumo kazunori wakai and subrata bhattacharjee effects of ambient condition on flame spread over a thin pmma sheet jsme international journal series b 43 4 2000 556 562,44,0,0.001,0.0014968506977462539
row-0004107,citation::takahashi shuhei takeshi nagumo kazunori wakai and subrata bhattacharjee effects of ambient condition on flame spread over a thin pmma sheet jsme international journal series b 43 4 2000 556 562,44,0,0.00092,0.0014968506977462539
row-0004108,citation::takahashi shuhei takeshi nagumo kazunori wakai and subrata bhattacharjee effects of ambient condition on flame spread over a thin pmma sheet jsme international journal series b 43 4 2000 556 562,44,0,0.00144,0.0021426509498042646
row-0004109,citation::takahashi shuhei takeshi nagumo kazunori wakai and subrata bhattacharjee effects of ambient condition on flame spread over a thin pmma sheet jsme international journal series b 43 4 2000 556 562,44,0,0.0012,0.0021426509498042646
row-0004110,citation::takahashi shuhei takeshi nagumo kazunori wakai and subrata bhattacharjee effects of ambient condition on flame spread over a thin pmma sheet jsme international journal series b 43 4 2000 556 562,44,0,0.00056,0.00147476434839678
row-0004111,citation::takahashi shuhei takeshi nagumo kazunori wakai and subrata bhattacharjee effects of ambient condition on flame spread over a thin pmma sheet jsme international journal series b 43 4 2000 556 562,44,0,0.00052,0.001469004205539637
row-0004112,citation::takahashi shuhei takeshi nagumo kazunori wakai and subrata bhattacharjee effects of ambient condition on flame spread over a thin pmma sheet jsme international journal series b 43 4 2000 556 562,44,0,0.00049,0.0014576692398429205
row-0004113,citation::takahashi shuhei takeshi nagumo kazunori wakai and subrata bhattacharjee effects of ambient condition on flame spread over a thin pmma sheet jsme international journal series b 43 4 2000 556 562,44,0,0.00028,0.0014576692398429205
row-0004114,citation::takahashi shuhei takeshi nagumo kazunori wakai and subrata bhattacharjee effects of ambient condition on flame spread over a thin pmma sheet jsme international journal series b 43 4 2000 556 562,44,0,0.00024,0.0014576692398429205
row-0004115,citation::takahashi shuhei takeshi nagumo kazunori wakai and subrata bhattacharjee effects of ambient condition on flame spread over a thin pmma sheet jsme international journal series b 43 4 2000 556 562,44,0,0.00194,0.00484622260307924
row-0004116,citation::takahashi shuhei takeshi nagumo kazunori wakai and subrata bhattacharjee effects of ambient condition on flame spread over a thin pmma sheet jsme international journal series b 43 4 2000 556 562,44,0,0.00166,0.00484622260307924
row-0004117,citation::takahashi shuhei takeshi nagumo kazunori wakai and subrata bhattacharjee effects of ambient condition on flame spread over a thin pmma sheet jsme international journal series b 43 4 2000 556 562,44,0,0.00081,0.0013156320419463036
row-0004118,citation::takahashi shuhei takeshi nagumo kazunori wakai and subrata bhattacharjee effects of ambient condition on flame spread over a thin pmma sheet jsme international journal series b 43 4 2000 556 562,44,0,0.00032,0.0014443815366997517
row-0004119,citation::takahashi shuhei takeshi nagumo kazunori wakai and subrata bhattacharjee effects of ambient condition on flame spread over a thin pmma sheet jsme international journal series b 43 4 2000 556 562,44,0,0.00031,0.0014443815366997517
row-0004120,citation::takahashi shuhei takeshi nagumo kazunori wakai and subrata bhattacharjee effects of ambient condition on flame spread over a thin pmma sheet jsme international journal series b 43 4 2000 556 562,44,0,0.0003,0.0008991189650072064
row-0004121,citation::takahashi shuhei takeshi nagumo kazunori wakai and subrata bhattacharjee effects of ambient condition on flame spread over a thin pmma sheet jsme international journal series b 43 4 2000 556 562,44,0,0.0001,0.0008886326813289276
row-0004122,citation::takahashi shuhei takeshi nagumo kazunori wakai and subrata bhattacharjee effects of ambient condition on flame spread over a thin pmma sheet jsme international journal series b 43 4 2000 556 562,44,0,0.00113,0.0033394403725170935
row-0004123,citation::takahashi shuhei takeshi nagumo kazunori wakai and subrata bhattacharjee effects of ambient condition on flame spread over a thin pmma sheet jsme international journal series b 43 4 2000 556 562,44,0,0.00104,0.0033394403725170935
row-0004124,citation::takahashi shuhei takeshi nagumo kazunori wakai and subrata bhattacharjee effects of ambient condition on flame spread over a thin pmma sheet jsme international journal series b 43 4 2000 556 562,44,0,0.00049,0.00030235563611274486
row-0004125,citation::takahashi shuhei takeshi nagumo kazunori wakai and subrata bhattacharjee effects of ambient condition on flame spread over a thin pmma sheet jsme international journal series b 43 4 2000 556 562,44,0,0.00038,0.00030235563611274486
row-0004126,citation::takahashi shuhei takeshi nagumo kazunori wakai and subrata bhattacharjee effects of ambient condition on flame spread over a thin pmma sheet jsme international journal series b 43 4 2000 556 562,44,0,0.0003,0.00018900779147181006
row-0004127,citation::takahashi shuhei takeshi nagumo kazunori wakai and subrata bhattacharjee effects of ambient condition on flame spread over a thin pmma sheet jsme international journal series b 43 4 2000 556 562,44,0,0.00025,0.00018900779147181006
row-0004128,citation::takahashi shuhei takeshi nagumo kazunori wakai and subrata bhattacharjee effects of ambient condition on flame spread over a thin pmma sheet jsme international journal series b 43 4 2000 556 562,44,0,0.00066,0.003132043951447337
row-0004129,citation::takahashi shuhei takeshi nagumo kazunori wakai and subrata bhattacharjee effects of ambient condition on flame spread over a thin pmma sheet jsme international journal series b 43 4 2000 556 562,44,0,0.00052,0.003132043951447337
row-0004130,citation::takahashi shuhei takeshi nagumo kazunori wakai and subrata bhattacharjee effects of ambient condition on flame spread over a thin pmma sheet jsme international journal series b 43 4 2000 556 562,44,0,0.00032,0.00019702638598380104
row-0004131,citation::takahashi shuhei takeshi nagumo kazunori wakai and subrata bhattacharjee effects of ambient condition on flame spread over a thin pmma sheet jsme international journal series b 43 4 2000 556 562,44,0,0.0003,0.00019702638598380104
row-0004132,citation::takahashi shuhei takeshi nagumo kazunori wakai and subrata bhattacharjee effects of ambient condition on flame spread over a thin pmma sheet jsme international journal series b 43 4 2000 556 562,44,0,0.00018,9.718430193016077e-05
row-0004133,citation::takahashi shuhei takeshi nagumo kazunori wakai and subrata bhattacharjee effects of ambient condition on flame spread over a thin pmma sheet jsme international journal series b 43 4 2000 556 562,44,0,0.00017,9.718430193016077e-05
row-0004134,citation::takahashi shuhei takeshi nagumo kazunori wakai and subrata bhattacharjee effects of ambient condition on flame spread over a thin pmma sheet jsme international journal series b 43 4 2000 556 562,44,0,0.00084,0.0030941672888942042
row-0004135,citation::takahashi shuhei takeshi nagumo kazunori wakai and subrata bhattacharjee effects of ambient condition on flame spread over a thin pmma sheet jsme international journal series b 43 4 2000 556 562,44,0,0.0001,9.374286880377222e-05
row-0004136,citation::takahashi shuhei takeshi nagumo kazunori wakai and subrata bhattacharjee effects of ambient condition on flame spread over a thin pmma sheet jsme international journal series b 43 4 2000 556 562,44,0,0.00063,0.0031143176185645335
row-0004137,citation::takahashi shuhei takeshi nagumo kazunori wakai and subrata bhattacharjee effects of ambient condition on flame spread over a thin pmma sheet jsme international journal series b 43 4 2000 556 562,44,0,0.00022,0.00021732805769478366
row-0004138,citation::takahashi shuhei takeshi nagumo kazunori wakai and subrata bhattacharjee effects of ambient condition on flame spread over a thin pmma sheet jsme international journal series b 43 4 2000 556 562,44,0,0.00019,0.00021732805769478366
row-0004139,citation::takahashi shuhei takeshi nagumo kazunori wakai and subrata bhattacharjee effects of ambient condition on flame spread over a thin pmma sheet jsme international journal series b 43 4 2000 556 562,44,0,6e-05,0.00012098750242171008
row-0004140,citation::takahashi shuhei takeshi nagumo kazunori wakai and subrata bhattacharjee effects of ambient condition on flame spread over a thin pmma sheet jsme international journal series b 43 4 2000 556 562,44,0,6e-05,0.011749741788048341
row-0004141,citation::takahashi shuhei takeshi nagumo kazunori wakai and subrata bhattacharjee effects of ambient condition on flame spread over a thin pmma sheet jsme international journal series b 43 4 2000 556 562,44,0,6e-05,0.011749741788048341
row-0004142,citation::takahashi shuhei takeshi nagumo kazunori wakai and subrata bhattacharjee effects of ambient condition on flame spread over a thin pmma sheet jsme international journal series b 43 4 2000 556 562,44,0,6e-05,0.011749741788048341
row-0004143,citation::takahashi shuhei takeshi nagumo kazunori wakai and subrata bhattacharjee effects of ambient condition on flame spread over a thin pmma sheet jsme international journal series b 43 4 2000 556 562,44,0,0.06336,0.04051362842831491
row-0004144,citation::takahashi shuhei takeshi nagumo kazunori wakai and subrata bhattacharjee effects of ambient condition on flame spread over a thin pmma sheet jsme international journal series b 43 4 2000 556 562,44,0,0.05023,0.04051362842831491
row-0004145,citation::takahashi shuhei takeshi nagumo kazunori wakai and subrata bhattacharjee effects of ambient condition on flame spread over a thin pmma sheet jsme international journal series b 43 4 2000 556 562,44,0,0.04648,0.03978713607932581
row-0004146,citation::takahashi shuhei takeshi nagumo kazunori wakai and subrata bhattacharjee effects of ambient condition on flame spread over a thin pmma sheet jsme international journal series b 43 4 2000 556 562,44,0,0.02681,0.023450161133147518
row-0004147,citation::takahashi shuhei takeshi nagumo kazunori wakai and subrata bhattacharjee effects of ambient condition on flame spread over a thin pmma sheet jsme international journal series b 43 4 2000 556 562,44,0,0.01993,0.023450161133147518
row-0004148,citation::takahashi shuhei takeshi nagumo kazunori wakai and subrata bhattacharjee effects of ambient condition on flame spread over a thin pmma sheet jsme international journal series b 43 4 2000 556 562,44,0,0.01115,0.020728835975389416
row-0004149,citation::takahashi shuhei takeshi nagumo kazunori wakai and subrata bhattacharjee effects of ambient condition on flame spread over a thin pmma sheet jsme international journal series b 43 4 2000 556 562,44,0,0.0061,0.005217584569082525
row-0004150,citation::takahashi shuhei takeshi nagumo kazunori wakai and subrata bhattacharjee effects of ambient condition on flame spread over a thin pmma sheet jsme international journal series b 43 4 2000 556 562,44,0,0.00536,0.004988906998211375
row-0004151,citation::takahashi shuhei takeshi nagumo kazunori wakai and subrata bhattacharjee effects of ambient condition on flame spread over a thin pmma sheet jsme international journal series b 43 4 2000 556 562,44,0,0.0049,0.004983313279987861
row-0004152,citation::takahashi shuhei takeshi nagumo kazunori wakai and subrata bhattacharjee effects of ambient condition on flame spread over a thin pmma sheet jsme international journal series b 43 4 2000 556 562,44,0,0.00425,0.004875301232977392
row-0004153,citation::takahashi shuhei takeshi nagumo kazunori wakai and subrata bhattacharjee effects of ambient condition on flame spread over a thin pmma sheet jsme international journal series b 43 4 2000 556 562,44,0,0.00497,0.00519187908890894
row-0004154,citation::takahashi shuhei takeshi nagumo kazunori wakai and subrata bhattacharjee effects of ambient condition on flame spread over a thin pmma sheet jsme international journal series b 43 4 2000 556 562,44,0,0.00448,0.004955692385940241
row-0004155,citation::takahashi shuhei takeshi nagumo kazunori wakai and subrata bhattacharjee effects of ambient condition on flame spread over a thin pmma sheet jsme international journal series b 43 4 2000 556 562,44,0,0.00399,0.005194011311131162
row-0004156,citation::takahashi shuhei takeshi nagumo kazunori wakai and subrata bhattacharjee effects of ambient condition on flame spread over a thin pmma sheet jsme international journal series b 43 4 2000 556 562,44,0,0.00202,0.004819938857353456
row-0004157,citation::takahashi shuhei takeshi nagumo kazunori wakai and subrata bhattacharjee effects of ambient condition on flame spread over a thin pmma sheet jsme international journal series b 43 4 2000 556 562,44,0,0.00182,0.004549577579291239
row-0004158,citation::takahashi shuhei takeshi nagumo kazunori wakai and subrata bhattacharjee effects of ambient condition on flame spread over a thin pmma sheet jsme international journal series b 43 4 2000 556 562,44,0,0.00165,0.004819938857353456
row-0004159,citation::takahashi shuhei takeshi nagumo kazunori wakai and subrata bhattacharjee effects of ambient condition on flame spread over a thin pmma sheet jsme international journal series b 43 4 2000 556 562,44,0,0.00139,0.004437634594238346
row-0004160,citation::takahashi shuhei takeshi nagumo kazunori wakai and subrata bhattacharjee effects of ambient condition on flame spread over a thin pmma sheet jsme international journal series b 43 4 2000 556 562,44,0,0.00156,0.0038434552633415183
row-0004161,citation::takahashi shuhei takeshi nagumo kazunori wakai and subrata bhattacharjee effects of ambient condition on flame spread over a thin pmma sheet jsme international journal series b 43 4 2000 556 562,44,0,0.00077,0.004135751709530506
row-0004162,citation::takahashi shuhei takeshi nagumo kazunori wakai and subrata bhattacharjee effects of ambient condition on flame spread over a thin pmma sheet jsme international journal series b 43 4 2000 556 562,44,0,0.00116,0.0033394403725170935
row-0004163,citation::takahashi shuhei takeshi nagumo kazunori wakai and subrata bhattacharjee effects of ambient condition on flame spread over a thin pmma sheet jsme international journal series b 43 4 2000 556 562,44,0,0.00104,0.0030472251041835114
row-0004164,citation::takahashi shuhei takeshi nagumo kazunori wakai and subrata bhattacharjee effects of ambient condition on flame spread over a thin pmma sheet jsme international journal series b 43 4 2000 556 562,44,0,0.00121,0.003047134362593349
row-0004165,citation::takahashi shuhei takeshi nagumo kazunori wakai and subrata bhattacharjee effects of ambient condition on flame spread over a thin pmma sheet jsme international journal series b 43 4 2000 556 562,44,0,0.00083,0.003040292138189465
row-0004166,citation::takahashi shuhei takeshi nagumo kazunori wakai and subrata bhattacharjee effects of ambient condition on flame spread over a thin pmma sheet jsme international journal series b 43 4 2000 556 562,44,0,0.00075,0.0033394403725170935
row-0004167,citation::takahashi shuhei takeshi nagumo kazunori wakai and subrata bhattacharjee effects of ambient condition on flame spread over a thin pmma sheet jsme international journal series b 43 4 2000 556 562,44,0,0.00067,0.002829997862792899
row-0004168,citation::takahashi shuhei takeshi nagumo kazunori wakai and subrata bhattacharjee effects of ambient condition on flame spread over a thin pmma sheet jsme international journal series b 43 4 2000 556 562,44,0,0.00052,0.003132043951447337
row-0004169,citation::takahashi shuhei takeshi nagumo kazunori wakai and subrata bhattacharjee effects of ambient condition on flame spread over a thin pmma sheet jsme international journal series b 43 4 2000 556 562,44,0,0.00059,0.0031128850068429213
row-0004170,citation::takahashi shuhei takeshi nagumo kazunori wakai and subrata bhattacharjee effects of ambient condition on flame spread over a thin pmma sheet jsme international journal series b 43 4 2000 556 562,44,0,0.00053,0.0028108389181884844
row-0004171,citation::takahashi shuhei takeshi nagumo kazunori wakai and subrata bhattacharjee effects of ambient condition on flame spread over a thin pmma sheet jsme international journal series b 43 4 2000 556 562,44,0,0.00044,0.002816208023628868
row-0004172,citation::takahashi shuhei takeshi nagumo kazunori wakai and subrata bhattacharjee effects of ambient condition on flame spread over a thin pmma sheet jsme international journal series b 43 4 2000 556 562,44,0,0.00082,0.0027921212002397664
row-0004173,citation::takahashi shuhei takeshi nagumo kazunori wakai and subrata bhattacharjee effects of ambient condition on flame spread over a thin pmma sheet jsme international journal series b 43 4 2000 556 562,44,0,0.00086,0.0030941672888942042
row-0004174,citation::takahashi shuhei takeshi nagumo kazunori wakai and subrata bhattacharjee effects of ambient condition on flame spread over a thin pmma sheet jsme international journal series b 43 4 2000 556 562,44,0,0.00046,0.00278633404376953
row-0004175,citation::takahashi shuhei takeshi nagumo kazunori wakai and subrata bhattacharjee effects of ambient condition on flame spread over a thin pmma sheet jsme international journal series b 43 4 2000 556 562,44,0,0.00026,0.0027974903056801506
row-0004176,citation::takahashi shuhei takeshi nagumo kazunori wakai and subrata bhattacharjee effects of ambient condition on flame spread over a thin pmma sheet jsme international journal series b 43 4 2000 556 562,44,0,0.00062,0.0031241411899931046
row-0004938,doi::10.1016/j.proci.2016.06.028,44,0,0.00275,0.0012822580186614618
row-0004939,doi::10.1016/j.proci.2016.06.028,44,0,0.00175,0.0011581602138806425
row-0004940,doi::10.1016/j.proci.2016.06.028,44,0,0.0008,0.0011525994898022806
row-0004941,doi::10.1016/j.proci.2016.06.028,44,0,0.0007,0.0011525994898022806
row-0004942,doi::10.1016/j.proci.2016.06.028,44,0,0.0008,0.0011336319589608857
row-0004943,doi::10.1016/j.proci.2016.06.028,44,0,0.001,0.0011075542944825373
row-0004944,doi::10.1016/j.proci.2016.06.028,44,0,0.0009,0.001104707422969394
row-0004945,doi::10.1016/j.proci.2016.06.028,44,0,0.002,0.0012822580186614618
row-0004946,doi::10.1016/j.proci.2016.06.028,44,0,0.00275,0.0016087784839747437
row-0004947,doi::10.1016/j.proci.2016.06.028,44,0,0.0015,0.0012543773025247584
row-0000051,citation::andracchio charles r and thomas h cochran gravity effects on flame spreading over solid surfaces nasa technical note d 8228 national aeronautics and space administration may 1976,44,1,0.0303,0.025696290096713145
row-0000052,citation::andracchio charles r and thomas h cochran gravity effects on flame spreading over solid surfaces nasa technical note d 8228 national aeronautics and space administration may 1976,44,1,0.0204,0.024972382074379303
row-0000053,citation::andracchio charles r and thomas h cochran gravity effects on flame spreading over solid surfaces nasa technical note d 8228 national aeronautics and space administration may 1976,44,1,0.0279,0.022628589391416445
row-0000054,citation::andracchio charles r and thomas h cochran gravity effects on flame spreading over solid surfaces nasa technical note d 8228 national aeronautics and space administration may 1976,44,1,0.0192,0.021941132035122442
row-0000055,citation::andracchio charles r and thomas h cochran gravity effects on flame spreading over solid surfaces nasa technical note d 8228 national aeronautics and space administration may 1976,44,1,0.0266,0.022636935489550286
row-0000056,citation::andracchio charles r and thomas h cochran gravity effects on flame spreading over solid surfaces nasa technical note d 8228 national aeronautics and space administration may 1976,44,1,0.0176,0.022233515249977805
row-0000057,citation::andracchio charles r and thomas h cochran gravity effects on flame spreading over solid surfaces nasa technical note d 8228 national aeronautics and space administration may 1976,44,1,0.0263,0.02628349074425141
row-0000058,citation::andracchio charles r and thomas h cochran gravity effects on flame spreading over solid surfaces nasa technical note d 8228 national aeronautics and space administration may 1976,44,1,0.0162,0.0255318383428326
row-0000059,citation::andracchio charles r and thomas h cochran gravity effects on flame spreading over solid surfaces nasa technical note d 8228 national aeronautics and space administration may 1976,44,1,0.0234,0.017230804232994727
row-0000060,citation::andracchio charles r and thomas h cochran gravity effects on flame spreading over solid surfaces nasa technical note d 8228 national aeronautics and space administration may 1976,44,1,0.0152,0.01667399769051746
row-0000061,citation::andracchio charles r and thomas h cochran gravity effects on flame spreading over solid surfaces nasa technical note d 8228 national aeronautics and space administration may 1976,44,1,0.022,0.01785211302889439
row-0000062,citation::andracchio charles r and thomas h cochran gravity effects on flame spreading over solid surfaces nasa technical note d 8228 national aeronautics and space administration may 1976,44,1,0.0127,0.01758635182187415
row-0000063,citation::andracchio charles r and thomas h cochran gravity effects on flame spreading over solid surfaces nasa technical note d 8228 national aeronautics and space administration may 1976,44,1,0.02,0.020749578633117337
row-0000064,citation::andracchio charles r and thomas h cochran gravity effects on flame spreading over solid surfaces nasa technical note d 8228 national aeronautics and space administration may 1976,44,1,0.0117,0.02023293642995762
row-0000065,citation::andracchio charles r and thomas h cochran gravity effects on flame spreading over solid surfaces nasa technical note d 8228 national aeronautics and space administration may 1976,44,1,0.0198,0.01622418121260221
row-0000066,citation::andracchio charles r and thomas h cochran gravity effects on flame spreading over solid surfaces nasa technical note d 8228 national aeronautics and space administration may 1976,44,1,0.0079,0.016039512689211072
row-0000067,citation::andracchio charles r and thomas h cochran gravity effects on flame spreading over solid surfaces nasa technical note d 8228 national aeronautics and space administration may 1976,44,1,0.0224,0.013635601596080996
row-0000068,citation::andracchio charles r and thomas h cochran gravity effects on flame spreading over solid surfaces nasa technical note d 8228 national aeronautics and space administration may 1976,44,1,0.015,0.013102260199441888
row-0000070,citation::andracchio charles r and thomas h cochran gravity effects on flame spreading over solid surfaces nasa technical note d 8228 national aeronautics and space administration may 1976,44,1,0.0143,0.012541719547071525
row-0000071,citation::andracchio charles r and thomas h cochran gravity effects on flame spreading over solid surfaces nasa technical note d 8228 national aeronautics and space administration may 1976,44,1,0.0054,0.012459936312974417
row-0000072,citation::andracchio charles r and thomas h cochran gravity effects on flame spreading over solid surfaces nasa technical note d 8228 national aeronautics and space administration may 1976,44,1,0.067,0.058730848123044736
row-0000073,citation::andracchio charles r and thomas h cochran gravity effects on flame spreading over solid surfaces nasa technical note d 8228 national aeronautics and space administration may 1976,44,1,0.0558,0.058156451739699834
row-0000074,citation::andracchio charles r and thomas h cochran gravity effects on flame spreading over solid surfaces nasa technical note d 8228 national aeronautics and space administration may 1976,44,1,0.0172,0.017267566800148522
row-0000075,citation::andracchio charles r and thomas h cochran gravity effects on flame spreading over solid surfaces nasa technical note d 8228 national aeronautics and space administration may 1976,44,1,0.009,0.01637771343465491
row-0000076,citation::andracchio charles r and thomas h cochran gravity effects on flame spreading over solid surfaces nasa technical note d 8228 national aeronautics and space administration may 1976,44,1,0.07,0.061807111672719635
row-0000077,citation::andracchio charles r and thomas h cochran gravity effects on flame spreading over solid surfaces nasa technical note d 8228 national aeronautics and space administration may 1976,44,1,0.055,0.061207343608722056
row-0000078,citation::andracchio charles r and thomas h cochran gravity effects on flame spreading over solid surfaces nasa technical note d 8228 national aeronautics and space administration may 1976,44,1,0.032,0.030058413718891914
row-0000079,citation::andracchio charles r and thomas h cochran gravity effects on flame spreading over solid surfaces nasa technical note d 8228 national aeronautics and space administration may 1976,44,1,0.02,0.02932912029258522
row-0000080,citation::andracchio charles r and thomas h cochran gravity effects on flame spreading over solid surfaces nasa technical note d 8228 national aeronautics and space administration may 1976,44,1,0.019,0.021418608738206592
row-0000081,citation::andracchio charles r and thomas h cochran gravity effects on flame spreading over solid surfaces nasa technical note d 8228 national aeronautics and space administration may 1976,44,1,0.012,0.02055050985750334
row-0000082,citation::andracchio charles r and thomas h cochran gravity effects on flame spreading over solid surfaces nasa technical note d 8228 national aeronautics and space administration may 1976,44,1,0.0763,0.060579010138068996
row-0000083,citation::andracchio charles r and thomas h cochran gravity effects on flame spreading over solid surfaces nasa technical note d 8228 national aeronautics and space administration may 1976,44,1,0.0633,0.06003160495285928
row-0000084,citation::andracchio charles r and thomas h cochran gravity effects on flame spreading over solid surfaces nasa technical note d 8228 national aeronautics and space administration may 1976,44,1,0.0402,0.03724303004881497
row-0000085,citation::andracchio charles r and thomas h cochran gravity effects on flame spreading over solid surfaces nasa technical note d 8228 national aeronautics and space administration may 1976,44,1,0.024,0.0367505104669235
row-0000086,citation::andracchio charles r and thomas h cochran gravity effects on flame spreading over solid surfaces nasa technical note d 8228 national aeronautics and space administration may 1976,44,1,0.102,0.06077372062136056
row-0000087,citation::andracchio charles r and thomas h cochran gravity effects on flame spreading over solid surfaces nasa technical note d 8228 national aeronautics and space administration may 1976,44,1,0.097,0.060226315436150854
row-0000088,citation::andracchio charles r and thomas h cochran gravity effects on flame spreading over solid surfaces nasa technical note d 8228 national aeronautics and space administration may 1976,44,1,0.078,0.03758079275646551
row-0000089,citation::andracchio charles r and thomas h cochran gravity effects on flame spreading over solid surfaces nasa technical note d 8228 national aeronautics and space administration may 1976,44,1,0.049,0.03708827317457404
row-0000090,citation::andracchio charles r and thomas h cochran gravity effects on flame spreading over solid surfaces nasa technical note d 8228 national aeronautics and space administration may 1976,44,1,0.0335,0.029492380145864472
row-0000091,citation::andracchio charles r and thomas h cochran gravity effects on flame spreading over solid surfaces nasa technical note d 8228 national aeronautics and space administration may 1976,44,1,0.0176,0.02898864139749732
row-0000092,citation::andracchio charles r and thomas h cochran gravity effects on flame spreading over solid surfaces nasa technical note d 8228 national aeronautics and space administration may 1976,44,1,0.0647,0.05408854350194143
row-0000093,citation::andracchio charles r and thomas h cochran gravity effects on flame spreading over solid surfaces nasa technical note d 8228 national aeronautics and space administration may 1976,44,1,0.0473,0.053559351016365414
row-0000094,citation::andracchio charles r and thomas h cochran gravity effects on flame spreading over solid surfaces nasa technical note d 8228 national aeronautics and space administration may 1976,44,1,0.058,0.04585696663833093
row-0000095,citation::andracchio charles r and thomas h cochran gravity effects on flame spreading over solid surfaces nasa technical note d 8228 national aeronautics and space administration may 1976,44,1,0.0473,0.04554575011643013
row-0000096,citation::andracchio charles r and thomas h cochran gravity effects on flame spreading over solid surfaces nasa technical note d 8228 national aeronautics and space administration may 1976,44,1,0.0582,0.05891340589031824
row-0000097,citation::andracchio charles r and thomas h cochran gravity effects on flame spreading over solid surfaces nasa technical note d 8228 national aeronautics and space administration may 1976,44,1,0.0432,0.058311265127888375
row-0000098,citation::andracchio charles r and thomas h cochran gravity effects on flame spreading over solid surfaces nasa technical note d 8228 national aeronautics and space administration may 1976,44,1,0.0536,0.041525787074028764
row-0000099,citation::andracchio charles r and thomas h cochran gravity effects on flame spreading over solid surfaces nasa technical note d 8228 national aeronautics and space administration may 1976,44,1,0.0392,0.04110729451885569
row-0000100,citation::andracchio charles r and thomas h cochran gravity effects on flame spreading over solid surfaces nasa technical note d 8228 national aeronautics and space administration may 1976,44,1,0.0472,0.03402082383798838
row-0000101,citation::andracchio charles r and thomas h cochran gravity effects on flame spreading over solid surfaces nasa technical note d 8228 national aeronautics and space administration may 1976,44,1,0.0328,0.033821807871643135
row-0000102,citation::andracchio charles r and thomas h cochran gravity effects on flame spreading over solid surfaces nasa technical note d 8228 national aeronautics and space administration may 1976,44,1,0.0489,0.0437792084048251
row-0000103,citation::andracchio charles r and thomas h cochran gravity effects on flame spreading over solid surfaces nasa technical note d 8228 national aeronautics and space administration may 1976,44,1,0.0317,0.043409966788027374
row-0000104,citation::andracchio charles r and thomas h cochran gravity effects on flame spreading over solid surfaces nasa technical note d 8228 national aeronautics and space administration may 1976,44,1,0.0444,0.02695814878232623
row-0000106,citation::andracchio charles r and thomas h cochran gravity effects on flame spreading over solid surfaces nasa technical note d 8228 national aeronautics and space administration may 1976,44,1,0.0333,0.016961676555220247
row-0000107,citation::andracchio charles r and thomas h cochran gravity effects on flame spreading over solid surfaces nasa technical note d 8228 national aeronautics and space administration may 1976,44,1,0.0169,0.016831226825031
row-0000108,citation::andracchio charles r and thomas h cochran gravity effects on flame spreading over solid surfaces nasa technical note d 8228 national aeronautics and space administration may 1976,44,1,0.0311,0.015822396916209618
row-0000109,citation::andracchio charles r and thomas h cochran gravity effects on flame spreading over solid surfaces nasa technical note d 8228 national aeronautics and space administration may 1976,44,1,0.0143,0.015689407468437302
row-0000110,citation::andracchio charles r and thomas h cochran gravity effects on flame spreading over solid surfaces nasa technical note d 8228 national aeronautics and space administration may 1976,44,1,0.0156,0.014761758625242734
row-0000111,citation::andracchio charles r and thomas h cochran gravity effects on flame spreading over solid surfaces nasa technical note d 8228 national aeronautics and space administration may 1976,44,1,0.009,0.01390051456648161
row-0000112,citation::andracchio charles r and thomas h cochran gravity effects on flame spreading over solid surfaces nasa technical note d 8228 national aeronautics and space administration may 1976,44,1,0.0134,0.01385796975978427
row-0000113,citation::andracchio charles r and thomas h cochran gravity effects on flame spreading over solid surfaces nasa technical note d 8228 national aeronautics and space administration may 1976,44,1,0.0078,0.013350469265119562
row-0000114,citation::andracchio charles r and thomas h cochran gravity effects on flame spreading over solid surfaces nasa technical note d 8228 national aeronautics and space administration may 1976,44,1,0.0137,0.01734460037463795
row-0000115,citation::andracchio charles r and thomas h cochran gravity effects on flame spreading over solid surfaces nasa technical note d 8228 national aeronautics and space administration may 1976,44,1,0.0079,0.016504893891735435
row-0000116,citation::andracchio charles r and thomas h cochran gravity effects on flame spreading over solid surfaces nasa technical note d 8228 national aeronautics and space administration may 1976,44,1,0.0128,0.00979874449753338
row-0000117,citation::andracchio charles r and thomas h cochran gravity effects on flame spreading over solid surfaces nasa technical note d 8228 national aeronautics and space administration may 1976,44,1,0.0055,0.009079158871910992
row-0000118,citation::andracchio charles r and thomas h cochran gravity effects on flame spreading over solid surfaces nasa technical note d 8228 national aeronautics and space administration may 1976,44,1,0.0086,0.009376155161011797
row-0000121,citation::andracchio charles r and thomas h cochran gravity effects on flame spreading over solid surfaces nasa technical note d 8228 national aeronautics and space administration may 1976,44,1,0.0045,0.010379394093132904
row-0000256,doi::10.1016/j.combustflame.2020.12.005,44,1,0.083,0.06111897725851749
row-0000257,doi::10.1016/j.combustflame.2020.12.005,44,1,0.113,0.02918512170845297
row-0000258,doi::10.1016/j.combustflame.2020.12.005,44,1,0.124,0.02918512170845297
row-0000259,doi::10.1016/j.combustflame.2020.12.005,44,1,0.143,0.02918512170845297
row-0000260,doi::10.1016/j.combustflame.2020.12.005,44,1,0.161,0.02918512170845297
row-0000262,doi::10.1016/j.combustflame.2020.12.005,44,1,0.134,0.02911542779931106
row-0000263,doi::10.1016/j.combustflame.2020.12.005,44,1,0.151,0.02911542779931106
row-0000264,doi::10.1016/j.combustflame.2020.12.005,44,1,0.211,0.02911542779931106
row-0000365,doi::10.1016/s1540-7489(02)80310-8,44,1,0.0019,0.0017661102372150501
row-0000366,doi::10.1016/s1540-7489(02)80310-8,44,1,0.00175,0.0017232162321451391
row-0000367,doi::10.1016/s1540-7489(02)80310-8,44,1,0.0019,0.0017022857625870087
row-0000368,doi::10.1016/s1540-7489(02)80310-8,44,1,0.002,0.0017022857625870087
row-0000369,doi::10.1016/s1540-7489(02)80310-8,44,1,0.00175,0.0016391208159934826
row-0000370,doi::10.1016/s1540-7489(02)80310-8,44,1,0.0028,0.002034517847642307
row-0000371,doi::10.1016/s1540-7489(02)80310-8,44,1,0.0031,0.0020338788408647748
row-0000372,doi::10.1016/s1540-7489(02)80310-8,44,1,0.0032,0.002044941878557827
row-0000373,doi::10.1016/s1540-7489(02)80310-8,44,1,0.00375,0.002043633137700817
row-0000374,doi::10.1016/s1540-7489(02)80310-8,44,1,0.00345,0.002042755945252273
row-0000375,doi::10.1016/s1540-7489(02)80310-8,44,1,0.0033,0.0020402771378397987
row-0000376,doi::10.1016/s1540-7489(02)80310-8,44,1,0.00355,0.002861224767520797
row-0000377,doi::10.1016/s1540-7489(02)80310-8,44,1,0.0043,0.002903120676108739
row-0000378,doi::10.1016/s1540-7489(02)80310-8,44,1,0.0058,0.0029165786525363014
row-0000379,doi::10.1016/s1540-7489(02)80310-8,44,1,0.00625,0.0029165786525363014
row-0000380,doi::10.1016/s1540-7489(02)80310-8,44,1,0.0051,0.002945585965164275
row-0000381,doi::10.1016/s1540-7489(02)80310-8,44,1,0.0052,0.002920538270821477
row-0000382,doi::10.1016/s1540-7489(02)80310-8,44,1,0.0052,0.002880655862826474
row-0000383,doi::10.1016/s1540-7489(02)80310-8,44,1,0.0038,0.002401204967310021
row-0000384,doi::10.1016/s1540-7489(02)80310-8,44,1,0.0042,0.0024331050679123546
row-0000385,doi::10.1016/s1540-7489(02)80310-8,44,1,0.0045,0.002468408607421032
row-0000386,doi::10.1016/s1540-7489(02)80310-8,44,1,0.00435,0.0024824986024025828
row-0000387,doi::10.1016/s1540-7489(02)80310-8,44,1,0.0041,0.0024752186096457032
row-0000636,doi::10.1016/s0082-0784(98)80102-1,44,1,0.0042,0.003568240212262147
row-0001642,doi::10.1007/s12217-024-10147-3,44,1,0.006,0.009676149110235711
row-0001643,doi::10.1007/s12217-024-10147-3,44,1,0.00748,0.009112330453614863
row-0001644,doi::10.1007/s12217-024-10147-3,44,1,0.00807,0.0086916206074188
row-0001645,doi::10.1007/s12217-024-10147-3,44,1,0.0082,0.009254740294909058
row-0001646,doi::10.1007/s12217-024-10147-3,44,1,0.00739,0.007713558705498805
row-0001647,doi::10.1007/s12217-024-10147-3,44,1,0.00727,0.007582930611942089
row-0001648,doi::10.1007/s12217-024-10147-3,44,1,0.00728,0.007522606104885834
row-0001649,doi::10.1007/s12217-024-10147-3,44,1,0.00723,0.00960781884610897
row-0001650,doi::10.1007/s12217-024-10147-3,44,1,0.00723,0.010191701191235907
row-0001651,doi::10.1007/s12217-024-10147-3,44,1,0.00717,0.01134155829444023
row-0001652,doi::10.1007/s12217-024-10147-3,44,1,0.00594,0.007690844940456402
row-0001653,doi::10.1007/s12217-024-10147-3,44,1,0.0061,0.007722851116866713
row-0001654,doi::10.1007/s12217-024-10147-3,44,1,0.00839,0.008302340671402753
row-0001655,doi::10.1007/s12217-024-10147-3,44,1,0.00693,0.007867311090910972
row-0001656,doi::10.1007/s12217-024-10147-3,44,1,0.00776,0.008030858481778095
row-0001657,doi::10.1007/s12217-024-10147-3,44,1,0.00889,0.009560384356959672
row-0001658,doi::10.1007/s12217-024-10147-3,44,1,0.00704,0.007889148145996408
row-0001659,doi::10.1007/s12217-024-10147-3,44,1,0.00837,0.008104437406815249
row-0001660,doi::10.1007/s12217-024-10147-3,44,1,0.01105,0.010026458291494835
row-0001661,doi::10.1007/s12217-024-10147-3,44,1,0.00763,0.008384948333444857
row-0001662,doi::10.1007/s12217-024-10147-3,44,1,0.01029,0.008950584679873986
row-0001663,doi::10.1007/s12217-024-10147-3,44,1,0.01198,0.01033592358059641
row-0001664,doi::10.1007/s12217-024-10147-3,44,1,0.0086,0.008458471085923729
row-0001665,doi::10.1007/s12217-024-10147-3,44,1,0.01006,0.00905462059953245
row-0001666,doi::10.1007/s12217-024-10147-3,44,1,0.01182,0.010352749188921416
row-0001667,doi::10.1007/s12217-024-10147-3,44,1,0.00833,0.008473644427250083
row-0001668,doi::10.1007/s12217-024-10147-3,44,1,0.00952,0.009488249261919967
row-0001669,doi::10.1007/s12217-024-10147-3,44,1,0.0115,0.010098452252913594
row-0001670,doi::10.1007/s12217-024-10147-3,44,1,0.00808,0.008481552298398542
row-0001671,doi::10.1007/s12217-024-10147-3,44,1,0.00882,0.009524981741265306
row-0001672,doi::10.1007/s12217-024-10147-3,44,1,0.01117,0.009989791187728574
row-0001673,doi::10.1007/s12217-024-10147-3,44,1,0.00801,0.0085023269635133
row-0001674,doi::10.1007/s12217-024-10147-3,44,1,0.00844,0.009675627328748217
row-0001675,doi::10.1007/s12217-024-10147-3,44,1,0.01026,0.00996701385439524
row-0002448,doi::10.1016/j.proci.2018.05.007,44,1,0.0015,0.002453841860336283
row-0002449,doi::10.1016/j.proci.2018.05.007,44,1,0.0025,0.002941640931667274
row-0002450,doi::10.1016/j.proci.2018.05.007,44,1,0.0028,0.0031505234626442087
row-0002451,doi::10.1016/j.proci.2018.05.007,44,1,0.003,0.002477118777754424
row-0002452,doi::10.1016/j.proci.2018.05.007,44,1,0.0026,0.0029600551780643294
row-0002453,doi::10.1016/j.proci.2018.05.007,44,1,0.0026,0.0031647762727893443
row-0002454,doi::10.1016/j.proci.2018.05.007,44,1,0.0027,0.002474014259486848
row-0002455,doi::10.1016/j.proci.2018.05.007,44,1,0.0035,0.0024717836143255574
row-0002456,doi::10.1016/j.proci.2018.05.007,44,1,0.003,0.002981974619005935
row-0002457,doi::10.1016/j.proci.2018.05.007,44,1,0.0031,0.0031796586195926837
row-0002458,doi::10.1016/j.proci.2018.05.007,44,1,0.0029,0.002514031264633965
row-0002459,doi::10.1016/j.proci.2018.05.007,44,1,0.0035,0.0025118006194726743
row-0002460,doi::10.1016/j.proci.2018.05.007,44,1,0.0038,0.002992719080044896
row-0002461,doi::10.1016/j.proci.2018.05.007,44,1,0.0036,0.0031842712624498264
row-0002462,doi::10.1016/j.proci.2018.05.007,44,1,0.0014,0.0013142810373561271
row-0002463,doi::10.1016/j.proci.2018.05.007,44,1,0.0021,0.0013206030118226787
row-0002464,doi::10.1016/j.proci.2018.05.007,44,1,0.0021,0.0013498563472382234
row-0002465,doi::10.1016/j.proci.2018.05.007,44,1,0.0026,0.0015569976765591395
row-0002466,doi::10.1016/j.proci.2018.05.007,44,1,0.0019,0.00188679766666831
row-0002467,doi::10.1016/j.proci.2018.05.007,44,1,0.0022,0.0018936816219559222
row-0002468,doi::10.1016/j.proci.2018.05.007,44,1,0.0023,0.0019389314255981636
row-0002469,doi::10.1016/j.proci.2018.05.007,44,1,0.0024,0.0020678410330497946
row-0002470,doi::10.1016/j.proci.2018.05.007,44,1,0.0026,0.002127992860981544
row-0002471,doi::10.1016/j.proci.2018.05.007,44,1,0.0026,0.002134876816269156
row-0002472,doi::10.1016/j.proci.2018.05.007,44,1,0.0026,0.002176141398276595
row-0002473,doi::10.1016/j.proci.2018.05.007,44,1,0.0026,0.0023010952417463386
row-0002474,doi::10.1016/j.proci.2018.05.007,44,1,0.0029,0.002548070154507262
row-0002475,doi::10.1016/j.proci.2018.05.007,44,1,0.0029,0.002554954109794874
row-0002476,doi::10.1016/j.proci.2018.05.007,44,1,0.0024,0.0025920481464872663
row-0002477,doi::10.1016/j.proci.2018.05.007,44,1,0.003,0.002717587347717144
row-0002786,citation::olson s l and j s t ien near limit flame spread over a thin solid fuel in 0 symposium international on combustion vol 22 no 1 1988 pp 1213 1222 the combustion institute,44,1,0.00503,0.004890760750904159
row-0002787,citation::olson s l and j s t ien near limit flame spread over a thin solid fuel in 0 symposium international on combustion vol 22 no 1 1988 pp 1213 1222 the combustion institute,44,1,0.00613,0.004901287721101146
row-0002788,citation::olson s l and j s t ien near limit flame spread over a thin solid fuel in 0 symposium international on combustion vol 22 no 1 1988 pp 1213 1222 the combustion institute,44,1,0.00755,0.007596593390029654
row-0002789,citation::olson s l and j s t ien near limit flame spread over a thin solid fuel in 0 symposium international on combustion vol 22 no 1 1988 pp 1213 1222 the combustion institute,44,1,0.01147,0.008679732477222557
row-0002790,citation::olson s l and j s t ien near limit flame spread over a thin solid fuel in 0 symposium international on combustion vol 22 no 1 1988 pp 1213 1222 the combustion institute,44,1,0.01415,0.010213636244099617
row-0002791,citation::olson s l and j s t ien near limit flame spread over a thin solid fuel in 0 symposium international on combustion vol 22 no 1 1988 pp 1213 1222 the combustion institute,44,1,0.0147,0.010181730476238654
row-0002792,citation::olson s l and j s t ien near limit flame spread over a thin solid fuel in 0 symposium international on combustion vol 22 no 1 1988 pp 1213 1222 the combustion institute,44,1,0.01533,0.010181730476238654
row-0002793,citation::olson s l and j s t ien near limit flame spread over a thin solid fuel in 0 symposium international on combustion vol 22 no 1 1988 pp 1213 1222 the combustion institute,44,1,0.01974,0.015690991608080563
row-0002794,citation::olson s l and j s t ien near limit flame spread over a thin solid fuel in 0 symposium international on combustion vol 22 no 1 1988 pp 1213 1222 the combustion institute,44,1,0.0306,0.024171024410502288
row-0002795,citation::olson s l and j s t ien near limit flame spread over a thin solid fuel in 0 symposium international on combustion vol 22 no 1 1988 pp 1213 1222 the combustion institute,44,1,0.03622,0.033198710796957825
row-0002796,citation::olson s l and j s t ien near limit flame spread over a thin solid fuel in 0 symposium international on combustion vol 22 no 1 1988 pp 1213 1222 the combustion institute,44,1,0.04342,0.03982860327690435
row-0002797,citation::olson s l and j s t ien near limit flame spread over a thin solid fuel in 0 symposium international on combustion vol 22 no 1 1988 pp 1213 1222 the combustion institute,44,1,0.0529,0.05205054524879025
row-0002798,citation::olson s l and j s t ien near limit flame spread over a thin solid fuel in 0 symposium international on combustion vol 22 no 1 1988 pp 1213 1222 the combustion institute,44,1,0.07704,0.05534888786921565
row-0002799,citation::olson s l and j s t ien near limit flame spread over a thin solid fuel in 0 symposium international on combustion vol 22 no 1 1988 pp 1213 1222 the combustion institute,44,1,0.00544,0.008679732477222557
row-0002800,citation::olson s l and j s t ien near limit flame spread over a thin solid fuel in 0 symposium international on combustion vol 22 no 1 1988 pp 1213 1222 the combustion institute,44,1,0.00571,0.008668944176859072
row-0002801,citation::olson s l and j s t ien near limit flame spread over a thin solid fuel in 0 symposium international on combustion vol 22 no 1 1988 pp 1213 1222 the combustion institute,44,1,0.01107,0.009525959065563043
row-0002802,citation::olson s l and j s t ien near limit flame spread over a thin solid fuel in 0 symposium international on combustion vol 22 no 1 1988 pp 1213 1222 the combustion institute,44,1,0.01283,0.010910403297250407
row-0002803,citation::olson s l and j s t ien near limit flame spread over a thin solid fuel in 0 symposium international on combustion vol 22 no 1 1988 pp 1213 1222 the combustion institute,44,1,0.01714,0.015768454926028578
row-0002804,citation::olson s l and j s t ien near limit flame spread over a thin solid fuel in 0 symposium international on combustion vol 22 no 1 1988 pp 1213 1222 the combustion institute,44,1,0.01796,0.015768454926028578
row-0002805,citation::olson s l and j s t ien near limit flame spread over a thin solid fuel in 0 symposium international on combustion vol 22 no 1 1988 pp 1213 1222 the combustion institute,44,1,0.0191,0.015768454926028578
row-0002806,citation::olson s l and j s t ien near limit flame spread over a thin solid fuel in 0 symposium international on combustion vol 22 no 1 1988 pp 1213 1222 the combustion institute,44,1,0.02184,0.0187283844532198
row-0002807,citation::olson s l and j s t ien near limit flame spread over a thin solid fuel in 0 symposium international on combustion vol 22 no 1 1988 pp 1213 1222 the combustion institute,44,1,0.02669,0.025466637817024792
row-0002808,citation::olson s l and j s t ien near limit flame spread over a thin solid fuel in 0 symposium international on combustion vol 22 no 1 1988 pp 1213 1222 the combustion institute,44,1,0.02758,0.024208799909741605
row-0002809,citation::olson s l and j s t ien near limit flame spread over a thin solid fuel in 0 symposium international on combustion vol 22 no 1 1988 pp 1213 1222 the combustion institute,44,1,0.03869,0.03322563444955524
row-0002810,citation::olson s l and j s t ien near limit flame spread over a thin solid fuel in 0 symposium international on combustion vol 22 no 1 1988 pp 1213 1222 the combustion institute,44,1,0.04662,0.0398473072570866
row-0002811,citation::olson s l and j s t ien near limit flame spread over a thin solid fuel in 0 symposium international on combustion vol 22 no 1 1988 pp 1213 1222 the combustion institute,44,1,0.04979,0.0398473072570866
row-0002812,citation::olson s l and j s t ien near limit flame spread over a thin solid fuel in 0 symposium international on combustion vol 22 no 1 1988 pp 1213 1222 the combustion institute,44,1,0.0633,0.05201670600084047
row-0002813,citation::olson s l and j s t ien near limit flame spread over a thin solid fuel in 0 symposium international on combustion vol 22 no 1 1988 pp 1213 1222 the combustion institute,44,1,0.07383,0.05537705791170878
row-0002814,citation::olson s l and j s t ien near limit flame spread over a thin solid fuel in 0 symposium international on combustion vol 22 no 1 1988 pp 1213 1222 the combustion institute,44,1,0.00288,0.005302617587894111
row-0002815,citation::olson s l and j s t ien near limit flame spread over a thin solid fuel in 0 symposium international on combustion vol 22 no 1 1988 pp 1213 1222 the combustion institute,44,1,0.00329,0.005297796040275063
row-0002816,citation::olson s l and j s t ien near limit flame spread over a thin solid fuel in 0 symposium international on combustion vol 22 no 1 1988 pp 1213 1222 the combustion institute,44,1,0.00338,0.005309344393323975
row-0002817,citation::olson s l and j s t ien near limit flame spread over a thin solid fuel in 0 symposium international on combustion vol 22 no 1 1988 pp 1213 1222 the combustion institute,44,1,0.00601,0.008079489255890627
row-0002818,citation::olson s l and j s t ien near limit flame spread over a thin solid fuel in 0 symposium international on combustion vol 22 no 1 1988 pp 1213 1222 the combustion institute,44,1,0.00675,0.008079489255890627
row-0002819,citation::olson s l and j s t ien near limit flame spread over a thin solid fuel in 0 symposium international on combustion vol 22 no 1 1988 pp 1213 1222 the combustion institute,44,1,0.00853,0.009033150054833754
row-0002820,citation::olson s l and j s t ien near limit flame spread over a thin solid fuel in 0 symposium international on combustion vol 22 no 1 1988 pp 1213 1222 the combustion institute,44,1,0.00915,0.009015521854530723
row-0002821,citation::olson s l and j s t ien near limit flame spread over a thin solid fuel in 0 symposium international on combustion vol 22 no 1 1988 pp 1213 1222 the combustion institute,44,1,0.00945,0.009047427622391685
row-0002822,citation::olson s l and j s t ien near limit flame spread over a thin solid fuel in 0 symposium international on combustion vol 22 no 1 1988 pp 1213 1222 the combustion institute,44,1,0.01028,0.011034554605789528
row-0002823,citation::olson s l and j s t ien near limit flame spread over a thin solid fuel in 0 symposium international on combustion vol 22 no 1 1988 pp 1213 1222 the combustion institute,44,1,0.01206,0.012700615277113204
row-0002824,citation::olson s l and j s t ien near limit flame spread over a thin solid fuel in 0 symposium international on combustion vol 22 no 1 1988 pp 1213 1222 the combustion institute,44,1,0.01688,0.020976198295224884
row-0002825,citation::olson s l and j s t ien near limit flame spread over a thin solid fuel in 0 symposium international on combustion vol 22 no 1 1988 pp 1213 1222 the combustion institute,44,1,0.01769,0.020660733413291835
row-0002826,citation::olson s l and j s t ien near limit flame spread over a thin solid fuel in 0 symposium international on combustion vol 22 no 1 1988 pp 1213 1222 the combustion institute,44,1,0.02298,0.03087826450164046
row-0002827,citation::olson s l and j s t ien near limit flame spread over a thin solid fuel in 0 symposium international on combustion vol 22 no 1 1988 pp 1213 1222 the combustion institute,44,1,0.02931,0.03304806088434524
row-0002828,citation::olson s l and j s t ien near limit flame spread over a thin solid fuel in 0 symposium international on combustion vol 22 no 1 1988 pp 1213 1222 the combustion institute,44,1,0.03468,0.043343211143196586
row-0002829,citation::olson s l and j s t ien near limit flame spread over a thin solid fuel in 0 symposium international on combustion vol 22 no 1 1988 pp 1213 1222 the combustion institute,44,1,0.03844,0.04594876550596903
row-0002830,citation::olson s l and j s t ien near limit flame spread over a thin solid fuel in 0 symposium international on combustion vol 22 no 1 1988 pp 1213 1222 the combustion institute,44,1,0.0026,0.008390532144457494
row-0002831,citation::olson s l and j s t ien near limit flame spread over a thin solid fuel in 0 symposium international on combustion vol 22 no 1 1988 pp 1213 1222 the combustion institute,44,1,0.00373,0.00925950930559747
row-0002832,citation::olson s l and j s t ien near limit flame spread over a thin solid fuel in 0 symposium international on combustion vol 22 no 1 1988 pp 1213 1222 the combustion institute,44,1,0.00406,0.009009587059290097
row-0002833,citation::olson s l and j s t ien near limit flame spread over a thin solid fuel in 0 symposium international on combustion vol 22 no 1 1988 pp 1213 1222 the combustion institute,44,1,0.00471,0.01266574997796683
row-0002834,citation::olson s l and j s t ien near limit flame spread over a thin solid fuel in 0 symposium international on combustion vol 22 no 1 1988 pp 1213 1222 the combustion institute,44,1,0.00547,0.012851631141233843
row-0002835,citation::olson s l and j s t ien near limit flame spread over a thin solid fuel in 0 symposium international on combustion vol 22 no 1 1988 pp 1213 1222 the combustion institute,44,1,0.00627,0.01266574997796683
row-0002836,citation::olson s l and j s t ien near limit flame spread over a thin solid fuel in 0 symposium international on combustion vol 22 no 1 1988 pp 1213 1222 the combustion institute,44,1,0.01275,0.020643435509793546
row-0002837,citation::olson s l and j s t ien near limit flame spread over a thin solid fuel in 0 symposium international on combustion vol 22 no 1 1988 pp 1213 1222 the combustion institute,44,1,0.0142,0.02095890039172659
row-0002838,citation::olson s l and j s t ien near limit flame spread over a thin solid fuel in 0 symposium international on combustion vol 22 no 1 1988 pp 1213 1222 the combustion institute,44,1,0.01537,0.02095890039172659
row-0002839,citation::olson s l and j s t ien near limit flame spread over a thin solid fuel in 0 symposium international on combustion vol 22 no 1 1988 pp 1213 1222 the combustion institute,44,1,0.01988,0.030926433369548874
row-0002840,citation::olson s l and j s t ien near limit flame spread over a thin solid fuel in 0 symposium international on combustion vol 22 no 1 1988 pp 1213 1222 the combustion institute,44,1,0.02183,0.030926433369548874
row-0002841,citation::olson s l and j s t ien near limit flame spread over a thin solid fuel in 0 symposium international on combustion vol 22 no 1 1988 pp 1213 1222 the combustion institute,44,1,0.02256,0.03306508703171014
row-0002842,citation::olson s l and j s t ien near limit flame spread over a thin solid fuel in 0 symposium international on combustion vol 22 no 1 1988 pp 1213 1222 the combustion institute,44,1,0.0342,0.03306508703171014
row-0002843,citation::olson s l and j s t ien near limit flame spread over a thin solid fuel in 0 symposium international on combustion vol 22 no 1 1988 pp 1213 1222 the combustion institute,44,1,0.03372,0.04331933889981939
row-0002844,citation::olson s l and j s t ien near limit flame spread over a thin solid fuel in 0 symposium international on combustion vol 22 no 1 1988 pp 1213 1222 the combustion institute,44,1,0.03617,0.04334479465739516
row-0002845,citation::olson s l and j s t ien near limit flame spread over a thin solid fuel in 0 symposium international on combustion vol 22 no 1 1988 pp 1213 1222 the combustion institute,44,1,0.04569,0.045972906136697446
row-0002846,doi::10.1016/s0082-0784(89)80132-8,44,1,0.0054,0.005766650214227285
row-0002847,doi::10.1016/s0082-0784(89)80132-8,44,1,0.0087,0.009535711478379569
row-0002848,doi::10.1016/s0082-0784(89)80132-8,44,1,0.0035,0.005170227951547756
row-0002849,doi::10.1016/s0082-0784(89)80132-8,44,1,0.004,0.006582517218814198
row-0002850,doi::10.1016/s0082-0784(89)80132-8,44,1,0.0064,0.008396205335546247
row-0002851,doi::10.1016/s0082-0784(89)80132-8,44,1,0.0021,0.0047214110089991495
row-0002852,doi::10.1016/s0082-0784(89)80132-8,44,1,0.0027,0.005050203200692939
row-0002853,doi::10.1016/s0082-0784(89)80132-8,44,1,0.0036,0.006146700672924464
row-0002854,doi::10.1016/s0082-0784(89)80132-8,44,1,0.0019,0.006074713083436139
row-0003073,doi::10.1016/j.combustflame.2018.10.012,44,1,0.00529,0.0015146702624761305
row-0003074,doi::10.1016/j.combustflame.2018.10.012,44,1,0.00289,0.00147465028291281
row-0003075,doi::10.1016/j.combustflame.2018.10.012,44,1,0.00187,0.0013732528035180925
row-0003076,doi::10.1016/j.combustflame.2018.10.012,44,1,0.00136,0.001343530814478449
row-0003077,doi::10.1016/j.combustflame.2018.10.012,44,1,0.00116,0.001334708306933737
row-0003078,doi::10.1016/j.combustflame.2018.10.012,44,1,0.00314,0.0015157827624761304
row-0003079,doi::10.1016/j.combustflame.2018.10.012,44,1,0.00209,0.0014728322609347884
row-0003080,doi::10.1016/j.combustflame.2018.10.012,44,1,0.00056,0.0013424038074029633
row-0003081,doi::10.1016/j.combustflame.2018.10.012,44,1,0.00086,0.0013390366355826996
row-0003082,doi::10.1016/j.combustflame.2018.10.012,44,1,0.001,0.0013466881496477783
row-0003083,doi::10.1016/j.combustflame.2018.10.012,44,1,0.00114,0.0014798885674175044
row-0003084,doi::10.1016/j.combustflame.2018.10.012,44,1,0.00113,0.002060333620362528
row-0003085,doi::10.1016/j.combustflame.2018.10.012,44,1,0.00141,0.0016102402784945982
row-0003086,doi::10.1016/j.combustflame.2018.10.012,44,1,0.00153,0.002270039851646258
row-0003087,doi::10.1016/j.combustflame.2018.10.012,44,1,0.00157,0.0030080100691479185
row-0003088,doi::10.1016/j.combustflame.2018.10.012,44,1,0.00116,0.0036630766257390378
row-0003089,doi::10.1016/j.combustflame.2018.10.012,44,1,0.00228,0.0020978186992861754
row-0003090,doi::10.1016/j.combustflame.2018.10.012,44,1,0.00172,0.0020606151084964354
row-0003091,doi::10.1016/j.combustflame.2018.10.012,44,1,0.00123,0.003957804744108094
row-0003092,doi::10.1016/j.combustflame.2018.10.012,44,1,0.00094,0.004517770043766687
row-0003093,doi::10.1016/j.combustflame.2018.10.012,44,1,0.00254,0.0015972073119474284
row-0003094,doi::10.1016/j.combustflame.2018.10.012,44,1,0.00204,0.0015972073119474284
row-0003426,citation::s nchez tarifa c and b l zaro experiments conducted on combustion at microgravity in the texus 38 sounding rocket results and conclusions first international symposium on microgravity research and applications on physical sciences and biotechnology 2000,44,1,0.00038,0.0009243162584612632
row-0003427,citation::s nchez tarifa c and b l zaro experiments conducted on combustion at microgravity in the texus 38 sounding rocket results and conclusions first international symposium on microgravity research and applications on physical sciences and biotechnology 2000,44,1,0.00072,0.0008951055426468289
row-0003428,citation::s nchez tarifa c and b l zaro experiments conducted on combustion at microgravity in the texus 38 sounding rocket results and conclusions first international symposium on microgravity research and applications on physical sciences and biotechnology 2000,44,1,0.00069,0.0008728597273077076
row-0003429,citation::s nchez tarifa c and b l zaro experiments conducted on combustion at microgravity in the texus 38 sounding rocket results and conclusions first international symposium on microgravity research and applications on physical sciences and biotechnology 2000,44,1,0.00068,0.0008585412327872647
row-0003430,citation::s nchez tarifa c and b l zaro experiments conducted on combustion at microgravity in the texus 38 sounding rocket results and conclusions first international symposium on microgravity research and applications on physical sciences and biotechnology 2000,44,1,0.00081,0.000840675562161005
row-0003431,citation::s nchez tarifa c and g l pez juste a study of the combustion problems of solid materials at conditions existing in space stations esa sp 433 1999,44,1,0.001,0.001024240254720578
row-0003432,citation::s nchez tarifa c and g l pez juste a study of the combustion problems of solid materials at conditions existing in space stations esa sp 433 1999,44,1,0.0006,0.0010171536094174438
row-0003433,citation::s nchez tarifa c and g l pez juste a study of the combustion problems of solid materials at conditions existing in space stations esa sp 433 1999,44,1,0.0002,0.0010171536094174438
row-0003434,citation::s nchez tarifa c and g l pez juste a study of the combustion problems of solid materials at conditions existing in space stations esa sp 433 1999,44,1,0.00018,0.0010165434849013423
row-0003435,citation::s nchez tarifa c and g l pez juste a study of the combustion problems of solid materials at conditions existing in space stations esa sp 433 1999,44,1,0.00109,0.0009628391754729235
row-0003436,citation::s nchez tarifa c and g l pez juste a study of the combustion problems of solid materials at conditions existing in space stations esa sp 433 1999,44,1,0.0007,0.00095414427744856
row-0003437,citation::s nchez tarifa c and g l pez juste a study of the combustion problems of solid materials at conditions existing in space stations esa sp 433 1999,44,1,0.0011,0.0009392381876900996
row-0003438,citation::s nchez tarifa c and g l pez juste a study of the combustion problems of solid materials at conditions existing in space stations esa sp 433 1999,44,1,0.00085,0.0009274945460821782
row-0003439,citation::s nchez tarifa c and g l pez juste a study of the combustion problems of solid materials at conditions existing in space stations esa sp 433 1999,44,1,0.0002,0.0009851326870167262
row-0003440,citation::s nchez tarifa c and g l pez juste a study of the combustion problems of solid materials at conditions existing in space stations esa sp 433 1999,44,1,0.0006,0.0009865894781994943
row-0003441,citation::s nchez tarifa c and g l pez juste a study of the combustion problems of solid materials at conditions existing in space stations esa sp 433 1999,44,1,0.00105,0.000996091027657297
row-0004217,citation::takahashi shuhei et al effect of ambient gas on flame spread over a solid material in microgravity journal of the japanese society for microgravity application vol 24 no 3 2007 pp 225 230,44,1,0.012,0.0037942241213470905
row-0004218,citation::takahashi shuhei et al effect of ambient gas on flame spread over a solid material in microgravity journal of the japanese society for microgravity application vol 24 no 3 2007 pp 225 230,44,1,0.0108,0.004325937710567948
row-0004219,citation::takahashi shuhei et al effect of ambient gas on flame spread over a solid material in microgravity journal of the japanese society for microgravity application vol 24 no 3 2007 pp 225 230,44,1,0.0105,0.0037942241213470905
row-0004220,citation::takahashi shuhei et al effect of ambient gas on flame spread over a solid material in microgravity journal of the japanese society for microgravity application vol 24 no 3 2007 pp 225 230,44,1,0.0083,0.00359603754714261
row-0004221,citation::takahashi shuhei et al effect of ambient gas on flame spread over a solid material in microgravity journal of the japanese society for microgravity application vol 24 no 3 2007 pp 225 230,44,1,0.0053,0.00336517527251076
row-0004222,citation::takahashi shuhei et al effect of ambient gas on flame spread over a solid material in microgravity journal of the japanese society for microgravity application vol 24 no 3 2007 pp 225 230,44,1,0.0083,0.0036131179064437225
row-0004223,citation::takahashi shuhei et al effect of ambient gas on flame spread over a solid material in microgravity journal of the japanese society for microgravity application vol 24 no 3 2007 pp 225 230,44,1,0.0074,0.0036131179064437225
row-0004224,citation::takahashi shuhei et al effect of ambient gas on flame spread over a solid material in microgravity journal of the japanese society for microgravity application vol 24 no 3 2007 pp 225 230,44,1,0.0073,0.0021589288355458635
row-0004225,citation::takahashi shuhei et al effect of ambient gas on flame spread over a solid material in microgravity journal of the japanese society for microgravity application vol 24 no 3 2007 pp 225 230,44,1,0.0068,0.0021589288355458635
row-0004226,citation::takahashi shuhei et al effect of ambient gas on flame spread over a solid material in microgravity journal of the japanese society for microgravity application vol 24 no 3 2007 pp 225 230,44,1,0.005,0.0026266442589083314
row-0004227,citation::takahashi shuhei et al effect of ambient gas on flame spread over a solid material in microgravity journal of the japanese society for microgravity application vol 24 no 3 2007 pp 225 230,44,1,0.0017,0.002146761319501746
row-0004228,citation::takahashi shuhei et al effect of ambient gas on flame spread over a solid material in microgravity journal of the japanese society for microgravity application vol 24 no 3 2007 pp 225 230,44,1,0.0032,0.0014494504260243383
row-0004229,citation::takahashi shuhei et al effect of ambient gas on flame spread over a solid material in microgravity journal of the japanese society for microgravity application vol 24 no 3 2007 pp 225 230,44,1,0.002,0.0015118160639080887
row-0004312,citation::takahashi shuhei et al effect of ambient gas on flame spread over a solid material in microgravity journal of the japanese society for microgravity application vol 24 no 3 2007 pp 225 230,44,1,0.00067,0.0012387414220551831
row-0004989,doi::10.1007/s12217-018-9655-0,44,1,4e-05,0.0005339446710647537
row-0004990,doi::10.1007/s12217-018-9655-0,44,1,0.0001,0.000518068295034388
row-0004991,doi::10.1007/s12217-018-9655-0,44,1,0.00016,0.0005281303644520404
row-0004992,doi::10.1007/s12217-018-9655-0,44,1,2e-05,0.0004526263749239856
row-0004993,doi::10.1007/s12217-018-9655-0,44,1,0.0001,0.0004302837778597517
row-0004994,doi::10.1007/s12217-018-9655-0,44,1,0.00014,0.0004377596201532212
row-0004995,doi::10.1007/s12217-018-9655-0,44,1,2e-05,0.0003644637874288022
row-0004996,doi::10.1007/s12217-018-9655-0,44,1,3e-05,0.0003700151843480969
row-0004997,doi::10.1007/s12217-018-9655-0,44,1,0.00048,0.00044432393293269555
row-0004998,doi::10.1007/s12217-018-9655-0,44,1,0.00058,0.001638953888580859
row-0004999,doi::10.1007/s12217-018-9655-0,44,1,0.00075,0.0016122274088246358
row-0005000,doi::10.1007/s12217-018-9655-0,44,1,0.00093,0.0016123733086810723
row-0005002,doi::10.1007/s12217-018-9655-0,44,1,0.0013,0.0016144066461455612
row-0005003,doi::10.1007/s12217-018-9655-0,44,1,0.00026,0.0005823399360481325
row-0005004,doi::10.1007/s12217-018-9655-0,44,1,0.00038,0.0005443540634446482
row-0005005,doi::10.1007/s12217-018-9655-0,44,1,0.00042,0.0005337502941552366
row-0005006,doi::10.1007/s12217-018-9655-0,44,1,0.00051,0.0005293958492765858
row-0005007,doi::10.1007/s12217-018-9655-0,44,1,0.0006,0.0005223827464891943
row-0005008,doi::10.1007/s12217-018-9655-0,44,1,0.00078,0.0005295545936846246
row-0005009,doi::10.1007/s12217-018-9655-0,44,1,0.0008,0.0005322859270179579
row-0005010,doi::10.1007/s12217-018-9655-0,44,1,0.00026,0.0004746523896096788
row-0005011,doi::10.1007/s12217-018-9655-0,44,1,0.00033,0.00046295195365360055
row-0005012,doi::10.1007/s12217-018-9655-0,44,1,0.00037,0.0004585975087749498
row-0005013,doi::10.1007/s12217-018-9655-0,44,1,0.00051,0.0004593766876749672
row-0005014,doi::10.1007/s12217-018-9655-0,44,1,0.00018,0.00040466848216543953
row-0005015,doi::10.1007/s12217-018-9655-0,44,1,0.00022,0.00039296804620936137
row-0005016,doi::10.1007/s12217-018-9655-0,44,1,0.00026,0.00038838318466404405
row-0005017,doi::10.1007/s12217-018-9655-0,44,1,0.00033,0.0003876752019851357
row-0005018,doi::10.1007/s12217-018-9655-0,44,1,5e-05,0.0004247625112448347
row-0005019,doi::10.1007/s12217-018-9655-0,44,1,6e-05,0.0004042100597562593
row-0005020,doi::10.1007/s12217-018-9655-0,44,1,7e-05,0.0003798769470650289
row-0005021,doi::10.1007/s12217-018-9655-0,44,1,9e-05,0.0003567546230083026
row-0005022,doi::10.1007/s12217-018-9655-0,44,1,0.00012,0.0003500763840473861
row-0005023,doi::10.1007/s12217-018-9655-0,44,1,0.00015,0.00034773314104039304
row-0005024,doi::10.1007/s12217-018-9655-0,44,1,0.00023,0.0003444679416541973
row-0005025,doi::10.1007/s12217-018-9655-0,44,1,4e-05,0.0001747823991475028
row-0005026,doi::10.1007/s12217-018-9655-0,44,1,5e-05,0.000173354520359624
row-0005027,doi::10.1007/s12217-018-9655-0,44,1,5e-05,0.0001715151835640308
row-0005028,doi::10.1007/s12217-018-9655-0,44,1,7e-05,0.00017129962308414242
row-0005029,doi::10.1007/s12217-018-9655-0,44,1,9e-05,0.0001675774458705358
row-0005030,doi::10.1007/s12217-018-9655-0,44,1,3e-05,0.00015473684175083602
row-0005031,doi::10.1007/s12217-018-9655-0,44,1,3e-05,0.0001542595853761149
row-0005032,doi::10.1007/s12217-018-9655-0,44,1,3e-05,0.00015420975311831927
row-0000447,doi::10.1016/j.combustflame.2020.09.003,44,2,0.0014,0.0014268475027502249
row-0000448,doi::10.1016/j.combustflame.2020.09.003,44,2,0.00136,0.0013787733717583628
row-0000449,doi::10.1016/j.combustflame.2020.09.003,44,2,0.00143,0.0013787400384250295
row-0000450,doi::10.1016/j.combustflame.2020.09.003,44,2,0.00142,0.0013786069273139182
row-0000451,doi::10.1016/j.combustflame.2020.09.003,44,2,0.00139,0.0013788357471859966
row-0000452,doi::10.1016/j.combustflame.2020.09.003,44,2,0.00138,0.0013700994685346497
row-0000763,doi::10.1007/s10694-019-00862-4,44,2,3e-05,0.0007760232595470978
row-0000764,doi::10.1007/s10694-019-00862-4,44,2,8e-05,0.000771059753166888
row-0000765,doi::10.1007/s10694-019-00862-4,44,2,0.00015,0.0007724191444117544
row-0000769,doi::10.1007/s10694-019-00862-4,44,2,6e-05,0.0007076012080501967
row-0000774,doi::10.1007/s10694-019-00862-4,44,2,0.0,0.0007333699934627666
row-0000775,doi::10.1007/s10694-019-00862-4,44,2,0.00019,0.0007289125439855854
row-0000776,doi::10.1007/s10694-019-00862-4,44,2,0.00033,0.0007302767649907529
row-0000779,doi::10.1007/s10694-019-00862-4,44,2,6e-05,0.0006900708635796347
row-0000781,doi::10.1007/s10694-019-00862-4,44,2,0.00011,0.000689806650963943
row-0001744,doi::10.1038/s41598-017-18398-4,44,2,6e-05,0.00021332935733543644
row-0001745,doi::10.1038/s41598-017-18398-4,44,2,7e-05,0.00021332935733543644
row-0001746,doi::10.1038/s41598-017-18398-4,44,2,8e-05,0.00018816376501917857
row-0001747,doi::10.1038/s41598-017-18398-4,44,2,7e-05,0.00013283836136670344
row-0001748,doi::10.1038/s41598-017-18398-4,44,2,5e-05,0.00021528971612242952
row-0001749,doi::10.1038/s41598-017-18398-4,44,2,6e-05,0.00021528971612242952
row-0001750,doi::10.1038/s41598-017-18398-4,44,2,7e-05,0.0001901241238061717
row-0001751,doi::10.1038/s41598-017-18398-4,44,2,5e-05,0.00013498860110607743
row-0001752,doi::10.1038/s41598-017-18398-4,44,2,9e-05,0.0001356053051632294
row-0001753,doi::10.1038/s41598-017-18398-4,44,2,9e-05,8.95283741059099e-05
row-0001754,doi::10.1038/s41598-017-18398-4,44,2,9e-05,8.212745339242897e-05
row-0001755,doi::10.1038/s41598-017-18398-4,44,2,9e-05,8.102551063675554e-05
row-0001756,doi::10.1038/s41598-017-18398-4,44,2,9e-05,8.068195622730561e-05
row-0001757,doi::10.1038/s41598-017-18398-4,44,2,8e-05,8.031337446511357e-05
row-0001758,doi::10.1038/s41598-017-18398-4,44,2,6e-05,7.341442009929632e-05
row-0001759,doi::10.1038/s41598-017-18398-4,44,2,6e-05,6.869091241891373e-05
row-0001760,doi::10.1038/s41598-017-18398-4,44,2,5e-05,6.172569314848991e-05
row-0001761,doi::10.1038/s41598-017-18398-4,44,2,4e-05,4.304010622137839e-05
row-0001762,doi::10.1038/s41598-017-18398-4,44,2,4e-05,4.1944406766252114e-05
row-0001763,doi::10.1038/s41598-017-18398-4,44,2,3e-05,3.999241896565289e-05
row-0001764,doi::10.1038/s41598-017-18398-4,44,2,3e-05,3.958068843148117e-05
row-0001765,doi::10.1038/s41598-017-18398-4,44,2,2e-05,3.8705704029917816e-05
row-0001766,doi::10.1038/s41598-017-18398-4,44,2,2e-05,3.8482127190090974e-05
row-0001767,doi::10.1038/s41598-017-18398-4,44,2,2e-05,0.00020961893870509828
row-0001768,doi::10.1038/s41598-017-18398-4,44,2,2e-05,0.00020961893870509828
row-0001769,doi::10.1038/s41598-017-18398-4,44,2,1e-05,0.0004631961875893494
row-0001771,doi::10.1038/s41598-017-18398-4,44,2,3e-05,0.00013017429972278418
row-0001772,doi::10.1038/s41598-017-18398-4,44,2,3e-05,8.251094707967913e-05
row-0001773,doi::10.1038/s41598-017-18398-4,44,2,3e-05,7.517605028760852e-05
row-0001774,doi::10.1038/s41598-017-18398-4,44,2,3e-05,7.374731493135829e-05
row-0001775,doi::10.1038/s41598-017-18398-4,44,2,3e-05,7.310557605978463e-05
row-0001776,doi::10.1038/s41598-017-18398-4,44,2,3e-05,7.075030898714746e-05
row-0001777,doi::10.1038/s41598-017-18398-4,44,2,1e-05,7.035886943872289e-05
row-0001779,doi::10.1038/s41598-017-18398-4,44,2,6e-05,0.00016406826530777297
row-0001780,doi::10.1038/s41598-017-18398-4,44,2,3e-05,0.00012828594145225763
row-0001781,doi::10.1038/s41598-017-18398-4,44,2,2e-05,9.893732452976026e-05
row-0001782,doi::10.1038/s41598-017-18398-4,44,2,6e-05,0.0001332528901033874
row-0001783,doi::10.1038/s41598-017-18398-4,44,2,5e-05,0.00010957855214666728
row-0001784,doi::10.1038/s41598-017-18398-4,44,2,7e-05,0.00016239663184073827
row-0001785,doi::10.1038/s41598-017-18398-4,44,2,4e-05,0.00010204481400694392
row-0001790,doi::10.1038/s41598-017-18398-4,44,2,4e-05,0.00016406826530777297
row-0001792,doi::10.1038/s41598-017-18398-4,44,2,7e-05,0.0001621079065207799
row-0001793,doi::10.1038/s41598-017-18398-4,44,2,9e-05,0.00016239663184073827
row-0001795,doi::10.1038/s41598-017-18398-4,44,2,3e-05,0.00013434563760311152
row-0001796,doi::10.1038/s41598-017-18398-4,44,2,5e-05,0.00013434563760311152
row-0001797,doi::10.1038/s41598-017-18398-4,44,2,6e-05,0.00013452314831201049
row-0001798,doi::10.1038/s41598-017-18398-4,44,2,7e-05,0.00013463436292306995
row-0001799,doi::10.1038/s41598-017-18398-4,44,2,0.0001,0.00013361234570999177
row-0001801,doi::10.1038/s41598-017-18398-4,44,2,3e-05,0.00013387471693946146
row-0001802,doi::10.1038/s41598-017-18398-4,44,2,6e-05,0.00013398593155052087
row-0001803,doi::10.1038/s41598-017-18398-4,44,2,8e-05,0.00013296391433744275
row-0001804,doi::10.1038/s41598-017-18398-4,44,2,0.00011,0.00013425699323372194
row-0001807,doi::10.1038/s41598-017-18398-4,44,2,3e-05,0.00012612661500937479
row-0001808,doi::10.1038/s41598-017-18398-4,44,2,6e-05,0.00013292388242289586
row-0001810,doi::10.1038/s41598-017-18398-4,44,2,3e-05,0.00010702230847892882
row-0001811,doi::10.1038/s41598-017-18398-4,44,2,5e-05,0.00010834616658520977
row-0001812,doi::10.1038/s41598-017-18398-4,44,2,8e-05,0.00011229609630984826
row-0001813,doi::10.1038/s41598-017-18398-4,44,2,0.00011,0.0001136322724594488
row-0001815,doi::10.1038/s41598-017-18398-4,44,2,3e-05,8.978189722752146e-05
row-0001816,doi::10.1038/s41598-017-18398-4,44,2,4e-05,9.009821424070014e-05
row-0001817,doi::10.1038/s41598-017-18398-4,44,2,6e-05,9.429537466154302e-05
row-0001818,doi::10.1038/s41598-017-18398-4,44,2,9e-05,9.571349020508302e-05
row-0001820,doi::10.1038/s41598-017-18398-4,44,2,2e-05,9.408767666818346e-05
row-0001821,doi::10.1038/s41598-017-18398-4,44,2,4e-05,0.0001021244503705803
row-0001822,doi::10.1038/s41598-017-18398-4,44,2,5e-05,0.00010891020560699572
row-0001824,doi::10.1038/s41598-017-18398-4,44,2,3e-05,7.895697500841584e-05
row-0001825,doi::10.1038/s41598-017-18398-4,44,2,4e-05,8.251094707967913e-05
row-0001826,doi::10.1038/s41598-017-18398-4,44,2,6e-05,8.815793713379846e-05
row-0001829,doi::10.1038/s41598-017-18398-4,44,2,1e-05,7.423378463416703e-05
row-0001830,doi::10.1038/s41598-017-18398-4,44,2,3e-05,7.580306998863837e-05
row-0001831,doi::10.1038/s41598-017-18398-4,44,2,5e-05,8.094719998410365e-05
row-0001832,doi::10.1038/s41598-017-18398-4,44,2,8e-05,8.248834762944991e-05
row-0001863,doi::10.1016/j.firesaf.2024.104329,44,2,0.0025,0.0014862430763487827
row-0001870,doi::10.1016/j.firesaf.2024.104329,44,2,0.0024,0.0014898114197491308
row-0001871,doi::10.1016/j.firesaf.2024.104329,44,2,0.00225,0.001483505574665281
row-0001872,doi::10.1016/j.firesaf.2024.104329,44,2,0.0015,0.0014785809351413241
row-0001873,doi::10.1016/j.firesaf.2024.104329,44,2,0.0015,0.0014739389741712594
row-0001874,doi::10.1016/j.firesaf.2024.104329,44,2,0.0015,0.00147204292450796
row-0001880,doi::10.1016/j.firesaf.2024.104329,44,2,0.0015,0.0014345716825275821
row-0001888,doi::10.1016/j.firesaf.2024.104329,44,2,0.0024,0.0014862430763487827
row-0001889,doi::10.1016/j.firesaf.2024.104329,44,2,0.00275,0.0014898114197491308
row-0001890,doi::10.1016/j.firesaf.2024.104329,44,2,0.00225,0.001483505574665281
row-0001891,doi::10.1016/j.firesaf.2024.104329,44,2,0.002,0.0014785809351413241
row-0001892,doi::10.1016/j.firesaf.2024.104329,44,2,0.002,0.0014739389741712594
row-0001893,doi::10.1016/j.firesaf.2024.104329,44,2,0.0024,0.00147204292450796
row-0001895,doi::10.1016/j.firesaf.2024.104329,44,2,0.002,0.00144899333284073
row-0001904,doi::10.1016/j.firesaf.2024.104329,44,2,0.0024,0.0014862430763487827
row-0001906,doi::10.1016/j.firesaf.2024.104329,44,2,0.0029,0.0014898114197491308
row-0001907,doi::10.1016/j.firesaf.2024.104329,44,2,0.00275,0.001483505574665281
row-0001908,doi::10.1016/j.firesaf.2024.104329,44,2,0.002,0.0014785809351413241
row-0001909,doi::10.1016/j.firesaf.2024.104329,44,2,0.002,0.0014739389741712594
row-0001912,doi::10.1016/j.firesaf.2024.104329,44,2,0.002,0.00144899333284073
row-0001918,doi::10.1016/j.firesaf.2024.104329,44,2,0.00275,0.0014862430763487827
row-0001922,doi::10.1016/j.firesaf.2024.104329,44,2,0.00225,0.0014898114197491308
row-0001923,doi::10.1016/j.firesaf.2024.104329,44,2,0.002,0.001483505574665281
row-0001924,doi::10.1016/j.firesaf.2024.104329,44,2,0.0022,0.0014785809351413241
row-0001925,doi::10.1016/j.firesaf.2024.104329,44,2,0.0021,0.0014739389741712594
row-0001928,doi::10.1016/j.firesaf.2024.104329,44,2,0.0015,0.00144899333284073
row-0001934,doi::10.1016/j.firesaf.2024.104329,44,2,0.0015,0.0014310486759222397
row-0001935,doi::10.1016/j.firesaf.2024.104329,44,2,0.0022,0.0014438497958937798
row-0001936,doi::10.1016/j.firesaf.2024.104329,44,2,0.00228,0.0014808889826939712
row-0001937,doi::10.1016/j.firesaf.2024.104329,44,2,0.00235,0.0014838576638646522
row-0001939,doi::10.1016/j.firesaf.2024.104329,44,2,0.00195,0.0014438497958937798
row-0001940,doi::10.1016/j.firesaf.2024.104329,44,2,0.0022,0.0014808889826939712
row-0001941,doi::10.1016/j.firesaf.2024.104329,44,2,0.00235,0.0014838576638646522
row-0001943,doi::10.1016/j.firesaf.2024.104329,44,2,0.002,0.0014438497958937798
row-0001944,doi::10.1016/j.firesaf.2024.104329,44,2,0.0022,0.0014808889826939712
row-0001945,doi::10.1016/j.firesaf.2024.104329,44,2,0.00235,0.0014838576638646522
row-0001947,doi::10.1016/j.firesaf.2024.104329,44,2,0.0015,0.0014574130995149135
row-0001948,doi::10.1016/j.firesaf.2024.104329,44,2,0.00205,0.0014808889826939712
row-0001949,doi::10.1016/j.firesaf.2024.104329,44,2,0.00275,0.0014838576638646522
row-0001950,doi::10.1016/j.firesaf.2024.104329,44,2,0.0024,0.0014871948277778212
row-0001951,doi::10.1016/j.firesaf.2024.104329,44,2,0.00225,0.0014808889826939712
row-0001952,doi::10.1016/j.firesaf.2024.104329,44,2,0.00155,0.0014759643431700145
row-0001953,doi::10.1016/j.firesaf.2024.104329,44,2,0.00155,0.0014713223821999498
row-0001954,doi::10.1016/j.firesaf.2024.104329,44,2,0.0016,0.0014708467567790746
row-0001955,doi::10.1016/j.firesaf.2024.104329,44,2,0.0027,0.0014871948277778212
row-0001956,doi::10.1016/j.firesaf.2024.104329,44,2,0.00225,0.0014808889826939712
row-0001957,doi::10.1016/j.firesaf.2024.104329,44,2,0.0021,0.0014759643431700145
row-0001958,doi::10.1016/j.firesaf.2024.104329,44,2,0.0021,0.0014713223821999498
row-0001959,doi::10.1016/j.firesaf.2024.104329,44,2,0.0024,0.0014708467567790746
row-0001960,doi::10.1016/j.firesaf.2024.104329,44,2,0.0029,0.0014871948277778212
row-0001961,doi::10.1016/j.firesaf.2024.104329,44,2,0.00275,0.0014808889826939712
row-0001962,doi::10.1016/j.firesaf.2024.104329,44,2,0.0021,0.0014759643431700145
row-0001963,doi::10.1016/j.firesaf.2024.104329,44,2,0.002,0.0014713223821999498
row-0001965,doi::10.1016/j.firesaf.2024.104329,44,2,0.00235,0.0014871948277778212
row-0001967,doi::10.1016/j.firesaf.2024.104329,44,2,0.0023,0.0014759643431700145
row-0001968,doi::10.1016/j.firesaf.2024.104329,44,2,0.0021,0.0014713223821999498
row-0002034,doi::10.1016/j.firesaf.2024.104329,44,2,0.0012,0.0018940999288622631
row-0002038,doi::10.1016/j.firesaf.2024.104329,44,2,0.0011,0.0018947035516913222
row-0002039,doi::10.1016/j.firesaf.2024.104329,44,2,0.00125,0.0018339909973456472
row-0002040,doi::10.1016/j.firesaf.2024.104329,44,2,0.00095,0.0018681133920105954
row-0002041,doi::10.1016/j.firesaf.2024.104329,44,2,0.0007,0.0018642492015790101
row-0002044,doi::10.1016/j.firesaf.2024.104329,44,2,0.0009,0.0016978219771140175
row-0002048,doi::10.1016/j.firesaf.2024.104329,44,2,0.0005,0.0015298217739710379
row-0002052,doi::10.1016/j.firesaf.2024.104329,44,2,0.0005,0.0015521302506107551
row-0002056,doi::10.1016/j.firesaf.2024.104329,44,2,0.0011,0.0018940999288622631
row-0002059,doi::10.1016/j.firesaf.2024.104329,44,2,0.0008,0.0018947035516913222
row-0002060,doi::10.1016/j.firesaf.2024.104329,44,2,0.00075,0.0018339909973456472
row-0002061,doi::10.1016/j.firesaf.2024.104329,44,2,0.00055,0.0018681133920105954
row-0002062,doi::10.1016/j.firesaf.2024.104329,44,2,0.0008,0.0018642492015790101
row-0002064,doi::10.1016/j.firesaf.2024.104329,44,2,0.00065,0.0016978219771140175
row-0002068,doi::10.1016/j.firesaf.2024.104329,44,2,0.00045,0.0015298217739710379
row-0002078,doi::10.1016/j.firesaf.2024.104329,44,2,0.00075,0.0018947035516913222
row-0002079,doi::10.1016/j.firesaf.2024.104329,44,2,0.00065,0.0018339909973456472
row-0002080,doi::10.1016/j.firesaf.2024.104329,44,2,0.0005,0.0018681133920105954
row-0002097,doi::10.1016/j.firesaf.2024.104329,44,2,0.0007,0.0018947035516913222
row-0002098,doi::10.1016/j.firesaf.2024.104329,44,2,0.00055,0.0018339909973456472
row-0002099,doi::10.1016/j.firesaf.2024.104329,44,2,0.0005,0.0018681133920105954
row-0002107,doi::10.1016/j.firesaf.2024.104329,44,2,0.00048,0.0015600811792827029
row-0002108,doi::10.1016/j.firesaf.2024.104329,44,2,0.00058,0.001625460725315517
row-0002109,doi::10.1016/j.firesaf.2024.104329,44,2,0.0009,0.0018016072511996602
row-0002110,doi::10.1016/j.firesaf.2024.104329,44,2,0.00115,0.0018507497721472167
row-0002111,doi::10.1016/j.firesaf.2024.104329,44,2,0.00123,0.0018876685195986557
row-0002113,doi::10.1016/j.firesaf.2024.104329,44,2,0.00045,0.001625460725315517
row-0002114,doi::10.1016/j.firesaf.2024.104329,44,2,0.00065,0.0018016072511996602
row-0002115,doi::10.1016/j.firesaf.2024.104329,44,2,0.00075,0.0018507497721472167
row-0002116,doi::10.1016/j.firesaf.2024.104329,44,2,0.00112,0.0018876685195986557
row-0002118,doi::10.1016/j.firesaf.2024.104329,44,2,0.0004,0.0018016072511996602
row-0002119,doi::10.1016/j.firesaf.2024.104329,44,2,0.00065,0.0018507497721472167
row-0002120,doi::10.1016/j.firesaf.2024.104329,44,2,0.00075,0.0018670773921539902
row-0002121,doi::10.1016/j.firesaf.2024.104329,44,2,0.0008,0.0018876685195986557
row-0002123,doi::10.1016/j.firesaf.2024.104329,44,2,0.0006,0.0018507497721472167
row-0002124,doi::10.1016/j.firesaf.2024.104329,44,2,0.0007,0.0018670773921539902
row-0002125,doi::10.1016/j.firesaf.2024.104329,44,2,0.00076,0.0018876685195986557
row-0002126,doi::10.1016/j.firesaf.2024.104329,44,2,0.00105,0.0019112425371156016
row-0002127,doi::10.1016/j.firesaf.2024.104329,44,2,0.00112,0.0018507497721472167
row-0002128,doi::10.1016/j.firesaf.2024.104329,44,2,0.00095,0.0018871693096693077
row-0002129,doi::10.1016/j.firesaf.2024.104329,44,2,0.00068,0.0018833051192377224
row-0002131,doi::10.1016/j.firesaf.2024.104329,44,2,0.00077,0.0019112425371156016
row-0002133,doi::10.1016/j.firesaf.2024.104329,44,2,0.00056,0.0018871693096693077
row-0002134,doi::10.1016/j.firesaf.2024.104329,44,2,0.0004,0.0018833051192377224
row-0002136,doi::10.1016/j.firesaf.2024.104329,44,2,0.00072,0.0019112425371156016
row-0002137,doi::10.1016/j.firesaf.2024.104329,44,2,0.00062,0.0018507497721472167
row-0002138,doi::10.1016/j.firesaf.2024.104329,44,2,0.00045,0.0018871693096693077
row-0002140,doi::10.1016/j.firesaf.2024.104329,44,2,0.00068,0.0019112425371156016
row-0002141,doi::10.1016/j.firesaf.2024.104329,44,2,0.00055,0.0018507497721472167
row-0002142,doi::10.1016/j.firesaf.2024.104329,44,2,0.00045,0.0018871693096693077
row-0002281,citation::mell w e s l olson and t kashiwagi flame spread along free edges of thermally thin samples in 0 proceedings of the combustion institute vol 28 no 2 2000 pp 2843 2849,44,2,0.00325,0.021993034517523557
row-0002282,citation::mell w e s l olson and t kashiwagi flame spread along free edges of thermally thin samples in 0 proceedings of the combustion institute vol 28 no 2 2000 pp 2843 2849,44,2,0.0023,0.022045780339591627
row-0002283,citation::mell w e s l olson and t kashiwagi flame spread along free edges of thermally thin samples in 0 proceedings of the combustion institute vol 28 no 2 2000 pp 2843 2849,44,2,0.00145,0.009764641929865014
row-0002284,citation::mell w e s l olson and t kashiwagi flame spread along free edges of thermally thin samples in 0 proceedings of the combustion institute vol 28 no 2 2000 pp 2843 2849,44,2,0.00125,0.009764641929865014
row-0002286,citation::mell w e s l olson and t kashiwagi flame spread along free edges of thermally thin samples in 0 proceedings of the combustion institute vol 28 no 2 2000 pp 2843 2849,44,2,0.0023,0.007765530032014478
row-0002287,citation::mell w e s l olson and t kashiwagi flame spread along free edges of thermally thin samples in 0 proceedings of the combustion institute vol 28 no 2 2000 pp 2843 2849,44,2,0.0021,0.007765530032014478
row-0002288,citation::mell w e s l olson and t kashiwagi flame spread along free edges of thermally thin samples in 0 proceedings of the combustion institute vol 28 no 2 2000 pp 2843 2849,44,2,0.0018,0.007765530032014478
row-0002289,citation::mell w e s l olson and t kashiwagi flame spread along free edges of thermally thin samples in 0 proceedings of the combustion institute vol 28 no 2 2000 pp 2843 2849,44,2,0.0022,0.007897819986571675
row-0002290,citation::mell w e s l olson and t kashiwagi flame spread along free edges of thermally thin samples in 0 proceedings of the combustion institute vol 28 no 2 2000 pp 2843 2849,44,2,0.002,0.008560267538946207
row-0002291,citation::mell w e s l olson and t kashiwagi flame spread along free edges of thermally thin samples in 0 proceedings of the combustion institute vol 28 no 2 2000 pp 2843 2849,44,2,0.0019,0.008563379716448785
row-0002292,citation::mell w e s l olson and t kashiwagi flame spread along free edges of thermally thin samples in 0 proceedings of the combustion institute vol 28 no 2 2000 pp 2843 2849,44,2,0.0013,0.00937033212934102
row-0002596,citation::nishizawa et al 2003 effect of low external flow on flame spreading over etfe wire under microgravity,44,2,0.0019,0.0038725401739333537
row-0002597,citation::nishizawa et al 2003 effect of low external flow on flame spreading over etfe wire under microgravity,44,2,0.003,0.0038108479857505663
row-0002598,citation::nishizawa et al 2003 effect of low external flow on flame spreading over etfe wire under microgravity,44,2,0.0019,0.003843664269704109
row-0002599,citation::nishizawa et al 2003 effect of low external flow on flame spreading over etfe wire under microgravity,44,2,0.0016,0.003843664269704109
row-0002600,citation::nishizawa et al 2003 effect of low external flow on flame spreading over etfe wire under microgravity,44,2,0.0017,0.0038074523433101384
row-0002601,citation::nishizawa et al 2003 effect of low external flow on flame spreading over etfe wire under microgravity,44,2,0.0018,0.0038001917954092034
row-0002602,citation::nishizawa et al 2003 effect of low external flow on flame spreading over etfe wire under microgravity,44,2,0.0019,0.0037996062750472125
row-0002603,citation::nishizawa et al 2003 effect of low external flow on flame spreading over etfe wire under microgravity,44,2,0.0025,0.004140455948847141
row-0002604,citation::nishizawa et al 2003 effect of low external flow on flame spreading over etfe wire under microgravity,44,2,0.0032,0.004116473924854419
row-0002605,citation::nishizawa et al 2003 effect of low external flow on flame spreading over etfe wire under microgravity,44,2,0.0027,0.004173028259808811
row-0002606,citation::nishizawa et al 2003 effect of low external flow on flame spreading over etfe wire under microgravity,44,2,0.0026,0.004173028259808811
row-0002607,citation::nishizawa et al 2003 effect of low external flow on flame spreading over etfe wire under microgravity,44,2,0.0027,0.004068801673199724
row-0003150,doi::10.1016/j.combustflame.2022.112559,44,2,0.0034,0.06638923485662453
row-0003151,doi::10.1016/j.combustflame.2022.112559,44,2,0.0018,0.004232374765188512
row-0003152,doi::10.1016/j.combustflame.2022.112559,44,2,0.0021,0.0042218024119102466
row-0003153,doi::10.1016/j.combustflame.2022.112559,44,2,0.0026,0.0074059601705304245
row-0003154,doi::10.1016/j.combustflame.2022.112559,44,2,0.0023,0.005175688709953069
row-0003155,doi::10.1016/j.combustflame.2022.112559,44,2,0.0036,0.0041257865408187815
row-0003156,doi::10.1016/j.combustflame.2022.112559,44,2,0.0027,0.004171992318564091
row-0003157,doi::10.1016/j.combustflame.2022.112559,44,2,0.0051,0.00446728972657864
row-0003389,doi::10.1016/s0082-0784(06)80816-7,44,2,0.01165,0.019328231322563432
row-0003390,doi::10.1016/s0082-0784(06)80816-7,44,2,0.01201,0.01933866921076219
row-0003391,doi::10.1016/s0082-0784(06)80816-7,44,2,0.01254,0.019389961948672926
row-0003392,doi::10.1016/s0082-0784(06)80816-7,44,2,0.01325,0.019444948492137203
row-0003393,doi::10.1016/s0082-0784(06)80816-7,44,2,0.01341,0.01944644956356577
row-0003394,doi::10.1016/s0082-0784(06)80816-7,44,2,0.01194,0.019415913720406585
row-0003395,doi::10.1016/s0082-0784(06)80816-7,44,2,0.01123,0.019415913720406585
row-0003396,doi::10.1016/s0082-0784(06)80816-7,44,2,0.01123,0.019415913720406585
row-0003397,doi::10.1016/s0082-0784(06)80816-7,44,2,0.01057,0.019415913720406585
row-0003398,doi::10.1016/s0082-0784(06)80816-7,44,2,0.0107,0.019415913720406585
row-0003399,doi::10.1016/s0082-0784(06)80816-7,44,2,0.00964,0.019415913720406585
row-0003400,doi::10.1016/s0082-0784(06)80816-7,44,2,0.00907,0.019415913720406585
row-0003401,doi::10.1016/s0082-0784(06)80816-7,44,2,0.00817,0.019415913720406585
row-0003402,doi::10.1016/s0082-0784(06)80816-7,44,2,0.00812,0.019415913720406585
row-0003403,doi::10.1016/s0082-0784(06)80816-7,44,2,0.00769,0.019415913720406585
row-0003404,doi::10.1016/s0082-0784(06)80816-7,44,2,0.00874,0.018865337703190408
row-0003405,doi::10.1016/s0082-0784(06)80816-7,44,2,0.00869,0.018935385983166898
row-0003406,doi::10.1016/s0082-0784(06)80816-7,44,2,0.00896,0.0189703645464068
row-0003407,doi::10.1016/s0082-0784(06)80816-7,44,2,0.0089,0.019017558549670053
row-0003408,doi::10.1016/s0082-0784(06)80816-7,44,2,0.00885,0.019017558549670053
row-0003409,doi::10.1016/s0082-0784(06)80816-7,44,2,0.0076,0.018962357324738728
row-0003410,doi::10.1016/s0082-0784(06)80816-7,44,2,0.00741,0.019248103987701843
row-0003411,doi::10.1016/s0082-0784(06)80816-7,44,2,0.00648,0.0192635418759006
row-0003412,doi::10.1016/s0082-0784(06)80816-7,44,2,0.0064,0.019302188109775426
row-0003413,doi::10.1016/s0082-0784(06)80816-7,44,2,0.00602,0.019302188109775426
row-0003414,doi::10.1016/s0082-0784(06)80816-7,44,2,0.00591,0.019338148005895818
row-0003415,doi::10.1016/s0082-0784(06)80816-7,44,2,0.00553,0.019336626934467242
row-0003416,doi::10.1016/s0082-0784(06)80816-7,44,2,0.00549,0.01933846486359238
row-0003417,doi::10.1016/s0082-0784(06)80816-7,44,2,0.00395,0.019262584688670686
row-0003418,doi::10.1016/s0082-0784(06)80816-7,44,2,0.0057,0.019242677108797086
row-0003419,doi::10.1016/s0082-0784(06)80816-7,44,2,0.00504,0.019305659670772392
row-0003420,doi::10.1016/s0082-0784(06)80816-7,44,2,0.00507,0.019319731758684483
row-0003421,doi::10.1016/s0082-0784(06)80816-7,44,2,0.0046,0.019344305904647217
row-0003422,doi::10.1016/s0082-0784(06)80816-7,44,2,0.00335,0.01937874472933904
row-0003423,doi::10.1016/s0082-0784(06)80816-7,44,2,0.00317,0.01938058265846418
row-0003424,doi::10.1016/s0082-0784(06)80816-7,44,2,0.00395,0.019356776089854803
row-0003425,doi::10.1016/s0082-0784(06)80816-7,44,2,0.00289,0.01938219213361149
row-0003455,doi::10.1007/s12217-024-10106-y,44,2,4e-05,0.0003287112732247052
row-0003456,doi::10.1007/s12217-024-10106-y,44,2,4e-05,0.0003375469294838955
row-0003457,doi::10.1007/s12217-024-10106-y,44,2,5e-05,0.0003375469294838955
row-0003458,doi::10.1007/s12217-024-10106-y,44,2,4e-05,0.000336360554270253
row-0003460,doi::10.1007/s12217-024-10106-y,44,2,3e-05,0.0003359375685156781
row-0003461,doi::10.1007/s12217-024-10106-y,44,2,4e-05,0.0003359375685156781
row-0003462,doi::10.1007/s12217-024-10106-y,44,2,3e-05,0.0003332040439391621
row-0003464,doi::10.1007/s12217-024-10106-y,44,2,0.00103,0.0013192578217671972
row-0003465,doi::10.1007/s12217-024-10106-y,44,2,0.00114,0.0013192578217671972
row-0003466,doi::10.1007/s12217-024-10106-y,44,2,0.00125,0.0013127983167696951
row-0003467,doi::10.1007/s12217-024-10106-y,44,2,0.00111,0.0013127983167696951
row-0003468,doi::10.1007/s12217-024-10106-y,44,2,0.00108,0.001295985358659178
row-0003469,doi::10.1007/s12217-024-10106-y,44,2,0.00113,0.001295985358659178
row-0003470,doi::10.1007/s12217-024-10106-y,44,2,0.00118,0.0013127983167696951
row-0003471,doi::10.1007/s12217-024-10106-y,44,2,0.00124,0.0013127983167696951
row-0003472,doi::10.1007/s12217-024-10106-y,44,2,0.00125,0.0013192578217671972
row-0003473,doi::10.1007/s12217-024-10106-y,44,2,0.00126,0.0013192578217671972
row-0003626,doi::10.1016/j.proci.2014.07.017,44,2,1e-05,0.004110915789640408
row-0003627,doi::10.1016/j.proci.2014.07.017,44,2,1e-05,0.004107469532490951
row-0003628,doi::10.1016/j.proci.2014.07.017,44,2,1e-05,0.004107469532490951
row-0003629,doi::10.1016/j.proci.2014.07.017,44,2,0.0002,0.004107469532490951
row-0003630,doi::10.1016/j.proci.2014.07.017,44,2,0.00023,0.004107469532490951
row-0003631,doi::10.1016/j.proci.2014.07.017,44,2,0.00043,0.004107469532490951
row-0003632,doi::10.1016/j.proci.2014.07.017,44,2,0.00047,0.004107469532490951
row-0003633,doi::10.1016/j.proci.2014.07.017,44,2,0.00045,0.004107469532490951
row-0003634,doi::10.1016/j.proci.2014.07.017,44,2,0.00044,0.004107469532490951
row-0003635,doi::10.1016/j.proci.2014.07.017,44,2,0.00071,0.004107469532490951
row-0003636,doi::10.1016/j.proci.2014.07.017,44,2,0.00078,0.004107469532490951
row-0003637,doi::10.1016/j.proci.2014.07.017,44,2,0.00085,0.004107469532490951
row-0003638,doi::10.1016/j.proci.2014.07.017,44,2,0.00079,0.004107469532490951
row-0003639,doi::10.1016/j.proci.2014.07.017,44,2,0.00101,0.004107469532490951
row-0003640,doi::10.1016/j.proci.2014.07.017,44,2,0.00122,0.004107469532490951
row-0003641,doi::10.1016/j.proci.2014.07.017,44,2,0.00125,0.004107469532490951
row-0003642,doi::10.1016/j.proci.2014.07.017,44,2,0.00134,0.004107469532490951
row-0003643,doi::10.1016/j.proci.2014.07.017,44,2,0.00117,0.004107469532490951
row-0003644,doi::10.1016/j.proci.2014.07.017,44,2,0.00115,0.004107469532490951
row-0003645,doi::10.1016/j.proci.2014.07.017,44,2,0.00146,0.004107469532490951
row-0003646,doi::10.1016/j.proci.2014.07.017,44,2,0.00164,0.004107469532490951
row-0003647,doi::10.1016/j.proci.2014.07.017,44,2,0.00163,0.004122158030262806
row-0003648,doi::10.1016/j.proci.2014.07.017,44,2,0.00269,0.004330035745005903
row-0003649,doi::10.1016/j.proci.2014.07.017,44,2,0.00573,0.004779481972021591
row-0003650,doi::10.1016/j.proci.2014.07.017,44,2,0.0001,0.0016350786324247908
row-0003651,doi::10.1016/j.proci.2014.07.017,44,2,2e-05,0.0016350786324247908
row-0003652,doi::10.1016/j.proci.2014.07.017,44,2,2e-05,0.0016255868045832334
row-0003653,doi::10.1016/j.proci.2014.07.017,44,2,0.00048,0.0016255868045832334
row-0003654,doi::10.1016/j.proci.2014.07.017,44,2,0.00089,0.0016239896901553727
row-0003655,doi::10.1016/j.proci.2014.07.017,44,2,0.0008,0.0016223281008813375
row-0003656,doi::10.1016/j.proci.2014.07.017,44,2,0.00069,0.0016223281008813375
row-0003657,doi::10.1016/j.proci.2014.07.017,44,2,0.00085,0.0016223281008813375
row-0003658,doi::10.1016/j.proci.2014.07.017,44,2,0.00107,0.001622651647679367
row-0003659,doi::10.1016/j.proci.2014.07.017,44,2,0.00111,0.0016223281008813375
row-0003660,doi::10.1016/j.proci.2014.07.017,44,2,0.0015,0.0016223281008813375
row-0003661,doi::10.1016/j.proci.2014.07.017,44,2,0.00195,0.0016229394607937889
row-0003662,doi::10.1016/j.proci.2014.07.017,44,2,0.00295,0.0016268249444544214
row-0003663,doi::10.1016/j.proci.2014.07.017,44,2,0.00324,0.0020478088224945
row-0003664,doi::10.1016/j.proci.2014.07.017,44,2,0.00361,0.002055662136056357
row-0003665,doi::10.1016/j.proci.2014.07.017,44,2,0.00313,0.002211916712439703
row-0003666,doi::10.1016/j.proci.2014.07.017,44,2,0.00316,0.0022152699284089194
row-0003667,doi::10.1016/j.proci.2014.07.017,44,2,0.00314,0.0022176297579543734
row-0003668,doi::10.1016/j.proci.2014.07.017,44,2,0.00387,0.00223798255100268
row-0003669,doi::10.1016/j.proci.2014.07.017,44,2,0.00359,0.0025360960997838004
row-0003670,doi::10.1016/j.proci.2014.07.017,44,2,0.00447,0.0026098671559031577
row-0003671,doi::10.1016/j.proci.2014.07.017,44,2,0.00443,0.0026169813574032645
row-0003672,doi::10.1016/j.proci.2014.07.017,44,2,0.0039,0.00262429461076465
row-0003673,doi::10.1016/j.proci.2014.07.017,44,2,0.00429,0.002641870472386793
row-0003674,doi::10.1016/j.proci.2014.07.017,44,2,0.00428,0.00294289891979614
row-0003675,doi::10.1016/j.proci.2014.07.017,44,2,0.00428,0.0026889707860387876
row-0003676,doi::10.1016/j.proci.2014.07.017,44,2,0.00529,0.0029677871100735826
row-0003677,doi::10.1016/j.proci.2014.07.017,44,2,1e-05,0.002908542825422171
row-0003678,doi::10.1016/j.proci.2014.07.017,44,2,1e-05,0.00295110235315265
row-0003679,doi::10.1016/j.proci.2014.07.017,44,2,1e-05,0.00295110235315265
row-0003680,doi::10.1016/j.proci.2014.07.017,44,2,0.0002,0.00295110235315265
row-0003681,doi::10.1016/j.proci.2014.07.017,44,2,0.00022,0.0031460195729831465
row-0003682,doi::10.1016/j.proci.2014.07.017,44,2,0.00029,0.0031460195729831465
row-0003683,doi::10.1016/j.proci.2014.07.017,44,2,0.00033,0.0031460195729831465
row-0003684,doi::10.1016/j.proci.2014.07.017,44,2,0.00047,0.0031460195729831465
row-0003685,doi::10.1016/j.proci.2014.07.017,44,2,0.00044,0.0031460195729831465
row-0003686,doi::10.1016/j.proci.2014.07.017,44,2,0.00057,0.0031460195729831465
row-0003687,doi::10.1016/j.proci.2014.07.017,44,2,0.00048,0.0031460195729831465
row-0003688,doi::10.1016/j.proci.2014.07.017,44,2,0.00079,0.0031460195729831465
row-0003689,doi::10.1016/j.proci.2014.07.017,44,2,0.00089,0.0031460195729831465
row-0003690,doi::10.1016/j.proci.2014.07.017,44,2,0.00101,0.0031460195729831465
row-0003691,doi::10.1016/j.proci.2014.07.017,44,2,0.00115,0.0031460195729831465
row-0003692,doi::10.1016/j.proci.2014.07.017,44,2,0.00115,0.0031523744591287275
row-0003693,doi::10.1016/j.proci.2014.07.017,44,2,0.0009,0.003160424875235276
row-0003694,doi::10.1016/j.proci.2014.07.017,44,2,0.00096,0.0031661461764830486
row-0003695,doi::10.1016/j.proci.2014.07.017,44,2,0.00104,0.0031661461764830486
row-0003696,doi::10.1016/j.proci.2014.07.017,44,2,0.00153,0.003160424875235276
row-0003697,doi::10.1016/j.proci.2014.07.017,44,2,0.00171,0.003160424875235276
row-0003698,doi::10.1016/j.proci.2014.07.017,44,2,0.00173,0.0031661461764830486
row-0003699,doi::10.1016/j.proci.2014.07.017,44,2,0.00152,0.0031699595098163814
row-0003700,doi::10.1016/j.proci.2014.07.017,44,2,0.00145,0.003174672837571253
row-0003701,doi::10.1016/j.proci.2014.07.017,44,2,0.00185,0.003174672837571253
row-0003702,doi::10.1016/j.proci.2014.07.017,44,2,0.00185,0.003174672837571253
row-0003703,doi::10.1016/j.proci.2014.07.017,44,2,0.00209,0.0031776554764601423
row-0003704,doi::10.1016/j.proci.2014.07.017,44,2,0.00222,0.0031776554764601423
row-0003705,doi::10.1016/j.proci.2014.07.017,44,2,0.00253,0.0033490929271409804
row-0003711,doi::10.1016/j.proci.2014.07.017,44,2,0.00049,0.0014220703221695225
row-0003715,doi::10.1016/j.proci.2014.07.017,44,2,0.0011,0.0014223358464001302
row-0003716,doi::10.1016/j.proci.2014.07.017,44,2,0.00081,0.001424638508273075
row-0003717,doi::10.1016/j.proci.2014.07.017,44,2,0.00067,0.0014341182091143784
row-0003718,doi::10.1016/j.proci.2014.07.017,44,2,0.0005,0.0014341182091143784
row-0003720,doi::10.1016/j.proci.2014.07.017,44,2,0.00045,0.0014341182091143784
row-0003722,doi::10.1016/j.proci.2014.07.017,44,2,0.00038,0.0014341182091143784
row-0003726,doi::10.1016/j.proci.2014.07.017,44,2,0.0017,0.0017188370223166966
row-0003727,doi::10.1016/j.proci.2014.07.017,44,2,0.00115,0.0014111115130044575
row-0003728,doi::10.1016/j.proci.2014.07.017,44,2,0.00079,0.0014221883282736216
row-0003729,doi::10.1016/j.proci.2014.07.017,44,2,0.00078,0.0014221883282736216
row-0003730,doi::10.1016/j.proci.2014.07.017,44,2,0.0008,0.0014221883282736216
row-0003731,doi::10.1016/j.proci.2014.07.017,44,2,0.00063,0.0014221883282736216
row-0003732,doi::10.1016/j.proci.2014.07.017,44,2,0.0005,0.0014221883282736216
row-0003735,doi::10.1016/j.proci.2014.07.017,44,2,0.001,0.0014080092083047077
row-0003736,doi::10.1016/j.proci.2014.07.017,44,2,0.00083,0.0014226645047397991
row-0003737,doi::10.1016/j.proci.2014.07.017,44,2,0.00083,0.0014226645047397991
row-0003738,doi::10.1016/j.proci.2014.07.017,44,2,0.00063,0.0014226645047397991
row-0003742,doi::10.1016/j.proci.2014.07.017,44,2,0.00209,0.001725937374873263
row-0003743,doi::10.1016/j.proci.2014.07.017,44,2,0.00162,0.001425905148291235
row-0003744,doi::10.1016/j.proci.2014.07.017,44,2,0.00119,0.001423032214570392
row-0003745,doi::10.1016/j.proci.2014.07.017,44,2,0.00026,0.001426610695736319
row-0003747,doi::10.1016/j.proci.2014.07.017,44,2,0.00117,0.0030193737384388744
row-0003748,doi::10.1016/j.proci.2014.07.017,44,2,0.00106,0.002999717883491281
row-0003749,doi::10.1016/j.proci.2014.07.017,44,2,0.00065,0.0029660170780519777
row-0003751,doi::10.1016/j.proci.2014.07.017,44,2,0.00048,0.0029170521192891726
row-0003753,doi::10.1016/j.proci.2014.07.017,44,2,0.00142,0.003646447758885822
row-0003754,doi::10.1016/j.proci.2014.07.017,44,2,0.00113,0.00348714424099526
row-0003755,doi::10.1016/j.proci.2014.07.017,44,2,0.00097,0.00348714424099526
row-0003756,doi::10.1016/j.proci.2014.07.017,44,2,0.00075,0.003480694101065746
row-0003757,doi::10.1016/j.proci.2014.07.017,44,2,0.00046,0.0034044784767931534
row-0003758,doi::10.1016/j.proci.2014.07.017,44,2,0.00031,0.0034044784767931534
row-0003759,doi::10.1016/j.proci.2014.07.017,44,2,0.00035,0.0034044784767931534
row-0003761,doi::10.1016/j.proci.2014.07.017,44,2,0.00188,0.003721681246679389
row-0003762,doi::10.1016/j.proci.2014.07.017,44,2,0.00117,0.003485830977209865
row-0003763,doi::10.1016/j.proci.2014.07.017,44,2,0.00113,0.003485830977209865
row-0003764,doi::10.1016/j.proci.2014.07.017,44,2,0.0008,0.0034042979303990626
row-0003765,doi::10.1016/j.proci.2014.07.017,44,2,0.00046,0.0034042979303990626
row-0003768,doi::10.1016/j.proci.2014.07.017,44,2,0.00144,0.003808286796164697
row-0003769,doi::10.1016/j.proci.2014.07.017,44,2,0.00096,0.0038422603530591363
row-0003770,doi::10.1016/j.proci.2014.07.017,44,2,0.00088,0.0037802368253409954
row-0003771,doi::10.1016/j.proci.2014.07.017,44,2,0.00056,0.00375483693343353
row-0003772,doi::10.1016/j.proci.2014.07.017,44,2,0.00048,0.003555997933764884
row-0004313,doi::10.1038/s41598-017-18398-4,44,2,0.00159,0.0016626745122182872
row-0004314,doi::10.1038/s41598-017-18398-4,44,2,0.00173,0.0016008061793862246
row-0004315,doi::10.1038/s41598-017-18398-4,44,2,0.00178,0.0016008061793862246
row-0004316,doi::10.1038/s41598-017-18398-4,44,2,0.00229,0.001903926015563123
row-0004317,doi::10.1038/s41598-017-18398-4,44,2,0.00254,0.0018861427567490336
row-0004318,doi::10.1038/s41598-017-18398-4,44,2,0.00262,0.0019914290655040964
row-0004319,doi::10.1038/s41598-017-18398-4,44,2,0.00184,0.0019872027497146224
row-0004320,doi::10.1038/s41598-017-18398-4,44,2,0.00175,0.0019872027497146224
row-0004321,doi::10.1038/s41598-017-18398-4,44,2,0.00169,0.0019872027497146224
row-0004322,doi::10.1038/s41598-017-18398-4,44,2,0.00148,0.002556021130147888
row-0004323,doi::10.1038/s41598-017-18398-4,44,2,0.00103,0.002557215257132015
row-0004324,doi::10.1038/s41598-017-18398-4,44,2,0.00045,0.002556021130147888
row-0004325,doi::10.1038/s41598-017-18398-4,44,2,0.00153,0.0023933456356493594
row-0004326,doi::10.1038/s41598-017-18398-4,44,2,0.00114,0.0023892547785065023
row-0004327,doi::10.1038/s41598-017-18398-4,44,2,0.00119,0.002250907341450639
row-0004328,doi::10.1038/s41598-017-18398-4,44,2,0.00097,0.002250907341450639
row-0004329,doi::10.1038/s41598-017-18398-4,44,2,0.00063,0.002531811160848922
row-0004330,doi::10.1038/s41598-017-18398-4,44,2,0.0004,0.002591552831864215
row-0004331,doi::10.1038/s41598-017-18398-4,44,2,0.00151,0.002355207563713419
row-0004332,doi::10.1038/s41598-017-18398-4,44,2,0.00163,0.002534708921430906
row-0004333,doi::10.1038/s41598-017-18398-4,44,2,0.00196,0.002781527850670853
row-0004334,doi::10.1038/s41598-017-18398-4,44,2,0.00141,0.0016390101184775782
row-0004335,doi::10.1038/s41598-017-18398-4,44,2,0.00087,0.0014043379953856225
row-0004339,doi::10.1038/s41598-017-18398-4,44,2,0.0009,0.0014974270819414792
row-0004340,doi::10.1038/s41598-017-18398-4,44,2,0.00058,0.0014974270819414792
row-0004341,doi::10.1038/s41598-017-18398-4,44,2,0.00086,0.0014964819755742846
row-0004342,doi::10.1038/s41598-017-18398-4,44,2,0.00119,0.0015021780627499288
row-0004434,citation::urban david l interactions between flames on parallel solid surfaces nasa 0 combustion workshop n96 15588 1997,44,2,0.00896,0.029912946433663774
row-0004435,citation::urban david l interactions between flames on parallel solid surfaces nasa 0 combustion workshop n96 15588 1997,44,2,0.00802,0.029896599703598415
row-0004436,citation::urban david l interactions between flames on parallel solid surfaces nasa 0 combustion workshop n96 15588 1997,44,2,0.00703,0.029827905824993364
row-0004437,citation::urban david l interactions between flames on parallel solid surfaces nasa 0 combustion workshop n96 15588 1997,44,2,0.01095,0.0294262501867273
row-0004438,citation::urban david l interactions between flames on parallel solid surfaces nasa 0 combustion workshop n96 15588 1997,44,2,0.01259,0.026502765839928673
row-0004439,citation::urban david l interactions between flames on parallel solid surfaces nasa 0 combustion workshop n96 15588 1997,44,2,0.01304,0.02321640015523426
row-0004440,citation::urban david l interactions between flames on parallel solid surfaces nasa 0 combustion workshop n96 15588 1997,44,2,0.01714,0.02206469903875847
row-0004441,citation::urban david l interactions between flames on parallel solid surfaces nasa 0 combustion workshop n96 15588 1997,44,2,0.01497,0.02206469903875847
row-0004442,citation::urban david l interactions between flames on parallel solid surfaces nasa 0 combustion workshop n96 15588 1997,44,2,0.01619,0.019907213539813323
row-0004443,citation::urban david l interactions between flames on parallel solid surfaces nasa 0 combustion workshop n96 15588 1997,44,2,0.01466,0.019907213539813323
row-0004769,doi::10.1007/s10694-019-00896-8,44,2,3e-05,0.00012828594145225763
row-0004770,doi::10.1007/s10694-019-00896-8,44,2,3e-05,0.0001258174096226047
row-0004771,doi::10.1007/s10694-019-00896-8,44,2,6e-05,0.00013292388242289586
row-0004772,doi::10.1007/s10694-019-00896-8,44,2,0.0001,0.00011531892585030073
row-0004773,doi::10.1007/s10694-019-00896-8,44,2,0.0001,8.634116961305877e-05
row-0004774,doi::10.1007/s10694-019-00896-8,44,2,0.0001,8.577535477722878e-05
row-0004775,doi::10.1007/s10694-019-00896-8,44,2,0.0001,8.494711805480086e-05
row-0004776,doi::10.1007/s10694-019-00896-8,44,2,0.0001,8.484501127269407e-05
row-0004777,doi::10.1007/s10694-019-00896-8,44,2,9e-05,8.43435003782087e-05
row-0004778,doi::10.1007/s10694-019-00896-8,44,2,7e-05,7.685306038622805e-05
row-0004779,doi::10.1007/s10694-019-00896-8,44,2,6e-05,6.0968970089065335e-05
row-0004780,doi::10.1007/s10694-019-00896-8,44,2,5e-05,5.027537967526057e-05
row-0004781,doi::10.1007/s10694-019-00896-8,44,2,0.00051,0.0006450229120360448
row-0004782,doi::10.1007/s10694-019-00896-8,44,2,0.00054,0.0006439399394874509
row-0004783,doi::10.1007/s10694-019-00896-8,44,2,0.00056,0.0006489708198669141
row-0004784,doi::10.1007/s10694-019-00896-8,44,2,0.00057,0.0006299878186360534
row-0004785,doi::10.1007/s10694-019-00896-8,44,2,0.00059,0.0006218844732225578
row-0004786,doi::10.1007/s10694-019-00896-8,44,2,0.00061,0.0006212212813138795
row-0004787,doi::10.1007/s10694-019-00896-8,44,2,0.00063,0.0006175078807096156
row-0004788,doi::10.1007/s10694-019-00896-8,44,2,0.00064,0.0006172887529230574
row-0004789,doi::10.1007/s10694-019-00896-8,44,2,0.00065,0.0006170078507229184
row-0004790,doi::10.1007/s10694-019-00896-8,44,2,0.00059,0.0007804849758641017
row-0004791,doi::10.1007/s10694-019-00896-8,44,2,0.00054,0.0007804849758641017
row-0004792,doi::10.1007/s10694-019-00896-8,44,2,0.0012,0.0015426595199321735
row-0004793,doi::10.1007/s10694-019-00896-8,44,2,0.0014,0.001546020943116832
row-0004794,doi::10.1007/s10694-019-00896-8,44,2,0.0014,0.0015157889616788604
row-0004795,doi::10.1007/s10694-019-00896-8,44,2,0.0014,0.001575858665768613
row-0004796,doi::10.1007/s10694-019-00896-8,44,2,0.0014,0.0015995998383316285
row-0004797,doi::10.1007/s10694-019-00896-8,44,2,0.0015,0.0015838396711829873
row-0004798,doi::10.1007/s10694-019-00896-8,44,2,0.0016,0.0012341638916218488
row-0004799,doi::10.1007/s10694-019-00896-8,44,2,0.0017,0.0011781784266057468
row-0004800,doi::10.1007/s10694-019-00896-8,44,2,0.0018,0.0011882342913342547
row-0004801,doi::10.1007/s10694-019-00896-8,44,2,0.002,0.0016865559496162532
row-0004802,doi::10.1007/s10694-019-00896-8,44,2,0.0021,0.001908540276739422
row-0004803,doi::10.1007/s10694-019-00896-8,44,2,0.0022,0.0020705310728991013
row-0004804,doi::10.1007/s10694-019-00896-8,44,2,0.0023,0.0020705310728991013
row-0004805,doi::10.1007/s10694-019-00896-8,44,2,0.00013,0.0006349706212108097
row-0004806,doi::10.1007/s10694-019-00896-8,44,2,0.00057,0.0006333904910598183
row-0004807,doi::10.1007/s10694-019-00896-8,44,2,9e-05,0.000651895577468886
row-0004808,doi::10.1007/s10694-019-00896-8,44,2,0.00054,0.0006489708198669141
row-0004809,doi::10.1007/s10694-019-00896-8,44,2,7e-05,0.0006498258834380098
row-0004810,doi::10.1007/s10694-019-00896-8,44,2,0.00056,0.000646901125836038
row-0004812,doi::10.1007/s10694-019-00896-8,44,2,0.00033,0.0018073126552438528
row-0004813,doi::10.1007/s10694-019-00896-8,44,2,0.00141,0.0015995998383316285
row-0004814,doi::10.1007/s10694-019-00896-8,44,2,0.00019,0.001741893556788741
row-0004815,doi::10.1007/s10694-019-00896-8,44,2,0.00136,0.001575858665768613
row-0004816,doi::10.1007/s10694-019-00896-8,44,2,0.00014,0.0016519655282405548
row-0004817,doi::10.1007/s10694-019-00896-8,44,2,0.00133,0.0015086770507807216
row-0004827,doi::10.1007/s10694-019-00896-8,44,2,3e-05,0.00010824117356984535
row-0004828,doi::10.1007/s10694-019-00896-8,44,2,5e-05,0.00010985193902368073
row-0004829,doi::10.1007/s10694-019-00896-8,44,2,9e-05,0.0001138378687483192
row-0004830,doi::10.1007/s10694-019-00896-8,44,2,0.00013,0.0003476595154771081
row-0004831,doi::10.1007/s10694-019-00896-8,44,2,0.0004,0.000634482176908853
row-0004832,doi::10.1007/s10694-019-00896-8,44,2,0.00133,0.0015426595199321735
row-0004833,doi::10.1007/s10694-019-00896-8,44,2,0.00014,0.00011531892585030073
row-0004834,doi::10.1007/s10694-019-00896-8,44,2,0.00015,9.343768386031284e-05
row-0004835,doi::10.1007/s10694-019-00896-8,44,2,0.00016,8.502767361035642e-05
row-0004836,doi::10.1007/s10694-019-00896-8,44,2,0.00016,8.484501127269407e-05
row-0004837,doi::10.1007/s10694-019-00896-8,44,2,0.00016,8.4319214663923e-05
row-0004838,doi::10.1007/s10694-019-00896-8,44,2,0.00016,7.685306038622805e-05
row-0004839,doi::10.1007/s10694-019-00896-8,44,2,0.00012,6.0968970089065335e-05
row-0004840,doi::10.1007/s10694-019-00896-8,44,2,0.00011,5.027537967526057e-05
row-0004841,doi::10.1007/s10694-019-00896-8,44,2,0.00054,0.000634482176908853
row-0004842,doi::10.1007/s10694-019-00896-8,44,2,0.00054,0.0006489708198669141
row-0004843,doi::10.1007/s10694-019-00896-8,44,2,0.00055,0.000634482176908853
row-0004844,doi::10.1007/s10694-019-00896-8,44,2,0.00056,0.0006471176872395467
row-0004845,doi::10.1007/s10694-019-00896-8,44,2,0.00056,0.0006333904910598183
row-0004846,doi::10.1007/s10694-019-00896-8,44,2,0.00058,0.0006299878186360534
row-0004847,doi::10.1007/s10694-019-00896-8,44,2,0.00061,0.0006218844732225578
row-0004848,doi::10.1007/s10694-019-00896-8,44,2,0.00064,0.0006212212813138795
row-0004849,doi::10.1007/s10694-019-00896-8,44,2,0.00065,0.0006175078807096156
row-0004850,doi::10.1007/s10694-019-00896-8,44,2,0.00066,0.0006172887529230574
row-0004851,doi::10.1007/s10694-019-00896-8,44,2,0.0007,0.0006170078507229184
row-0004852,doi::10.1007/s10694-019-00896-8,44,2,0.00062,0.0007804849758641017
row-0004853,doi::10.1007/s10694-019-00896-8,44,2,0.00055,0.0007804849758641017
row-0004854,doi::10.1007/s10694-019-00896-8,44,2,0.0013,0.0015426595199321735
row-0004855,doi::10.1007/s10694-019-00896-8,44,2,0.0013,0.0015446581226040113
row-0004856,doi::10.1007/s10694-019-00896-8,44,2,0.0013,0.0015096997836999764
row-0004857,doi::10.1007/s10694-019-00896-8,44,2,0.0014,0.0015536667031698082
row-0004859,doi::10.1007/s10694-019-00896-8,44,2,0.0014,0.0015838396711829873
row-0004860,doi::10.1007/s10694-019-00896-8,44,2,0.0015,0.0012341638916218488
row-0004861,doi::10.1007/s10694-019-00896-8,44,2,0.0017,0.0011781784266057468
row-0005044,doi::10.1016/j.combustflame.2019.03.040,44,2,0.00015,0.0004132235602708778
row-0005045,doi::10.1016/j.combustflame.2019.03.040,44,2,0.0001,0.0003779660865347758
row-0005046,doi::10.1016/j.combustflame.2019.03.040,44,2,4e-05,0.0003807163492624077
row-0005048,doi::10.1016/j.combustflame.2019.03.040,44,2,0.00014,0.0003439006959491117
row-0005049,doi::10.1016/j.combustflame.2019.03.040,44,2,0.0001,0.00031077079015278205
row-0005050,doi::10.1016/j.combustflame.2019.03.040,44,2,2e-05,0.0003115896797318233
row-0005052,doi::10.1016/j.combustflame.2019.03.040,44,2,3e-05,0.00032681436432042266
row-0005053,doi::10.1016/j.combustflame.2019.03.040,44,2,2e-05,0.00029171738086929144
row-0000033,citation::andracchio charles r and thomas h cochran burning of solids in oxygen rich environments in normal and reduced gravity nasa technical memorandum x 3055 national aeronautics and space administration may 1974,44,3,0.067,0.06783942036795924
row-0000034,citation::andracchio charles r and thomas h cochran burning of solids in oxygen rich environments in normal and reduced gravity nasa technical memorandum x 3055 national aeronautics and space administration may 1974,44,3,0.055,0.06619765542863508
row-0000035,citation::andracchio charles r and thomas h cochran burning of solids in oxygen rich environments in normal and reduced gravity nasa technical memorandum x 3055 national aeronautics and space administration may 1974,44,3,0.029,0.02848956039901418
row-0000036,citation::andracchio charles r and thomas h cochran burning of solids in oxygen rich environments in normal and reduced gravity nasa technical memorandum x 3055 national aeronautics and space administration may 1974,44,3,0.02,0.027339833114702672
row-0000037,citation::andracchio charles r and thomas h cochran burning of solids in oxygen rich environments in normal and reduced gravity nasa technical memorandum x 3055 national aeronautics and space administration may 1974,44,3,0.017,0.018631636857021766
row-0000038,citation::andracchio charles r and thomas h cochran burning of solids in oxygen rich environments in normal and reduced gravity nasa technical memorandum x 3055 national aeronautics and space administration may 1974,44,3,0.009,0.01749391199181656
row-0000039,citation::andracchio charles r and thomas h cochran burning of solids in oxygen rich environments in normal and reduced gravity nasa technical memorandum x 3055 national aeronautics and space administration may 1974,44,3,0.07,0.06900959010995546
row-0000040,citation::andracchio charles r and thomas h cochran burning of solids in oxygen rich environments in normal and reduced gravity nasa technical memorandum x 3055 national aeronautics and space administration may 1974,44,3,0.055,0.06760238193460434
row-0000041,citation::andracchio charles r and thomas h cochran burning of solids in oxygen rich environments in normal and reduced gravity nasa technical memorandum x 3055 national aeronautics and space administration may 1974,44,3,0.032,0.03440529734138327
row-0000042,citation::andracchio charles r and thomas h cochran burning of solids in oxygen rich environments in normal and reduced gravity nasa technical memorandum x 3055 national aeronautics and space administration may 1974,44,3,0.02,0.03347599748937498
row-0000043,citation::andracchio charles r and thomas h cochran burning of solids in oxygen rich environments in normal and reduced gravity nasa technical memorandum x 3055 national aeronautics and space administration may 1974,44,3,0.019,0.02264968330541895
row-0000044,citation::andracchio charles r and thomas h cochran burning of solids in oxygen rich environments in normal and reduced gravity nasa technical memorandum x 3055 national aeronautics and space administration may 1974,44,3,0.012,0.021681287564783457
row-0000045,citation::andracchio charles r and thomas h cochran burning of solids in oxygen rich environments in normal and reduced gravity nasa technical memorandum x 3055 national aeronautics and space administration may 1974,44,3,0.102,0.06746914387278724
row-0000046,citation::andracchio charles r and thomas h cochran burning of solids in oxygen rich environments in normal and reduced gravity nasa technical memorandum x 3055 national aeronautics and space administration may 1974,44,3,0.097,0.06619447807732096
row-0000047,citation::andracchio charles r and thomas h cochran burning of solids in oxygen rich environments in normal and reduced gravity nasa technical memorandum x 3055 national aeronautics and space administration may 1974,44,3,0.078,0.042774782869841474
row-0000048,citation::andracchio charles r and thomas h cochran burning of solids in oxygen rich environments in normal and reduced gravity nasa technical memorandum x 3055 national aeronautics and space administration may 1974,44,3,0.049,0.042301792726403185
row-0000049,citation::andracchio charles r and thomas h cochran burning of solids in oxygen rich environments in normal and reduced gravity nasa technical memorandum x 3055 national aeronautics and space administration may 1974,44,3,0.069,0.029208864987194987
row-0000050,citation::andracchio charles r and thomas h cochran burning of solids in oxygen rich environments in normal and reduced gravity nasa technical memorandum x 3055 national aeronautics and space administration may 1974,44,3,0.036,0.028595777595313374
row-0000125,doi::10.1080/01457632.2025.2529751,44,3,0.0059,0.0030363240188065336
row-0000126,doi::10.1080/01457632.2025.2529751,44,3,0.00285,0.0023869107799843817
row-0000127,doi::10.1080/01457632.2025.2529751,44,3,0.00172,0.002251296912619264
row-0000128,doi::10.1080/01457632.2025.2529751,44,3,0.00116,0.002217432245301395
row-0000129,doi::10.1080/01457632.2025.2529751,44,3,0.00739,0.0029332320553455034
row-0000130,doi::10.1080/01457632.2025.2529751,44,3,0.00374,0.0023372980512247
row-0000131,doi::10.1080/01457632.2025.2529751,44,3,0.00212,0.0022021195786440027
row-0000132,doi::10.1080/01457632.2025.2529751,44,3,0.00129,0.0021660903636827205
row-0000171,doi::10.1016/j.firesaf.2015.11.011,44,3,0.0043,0.0070205726666673195
row-0000172,doi::10.1016/j.firesaf.2015.11.011,44,3,0.00415,0.007875512351465889
row-0000173,doi::10.1016/j.firesaf.2015.11.011,44,3,0.00405,0.008083025890010066
row-0000174,doi::10.1016/j.firesaf.2015.11.011,44,3,0.00405,0.008127994465684392
row-0000175,doi::10.1016/j.firesaf.2015.11.011,44,3,0.0038,0.008092248488720179
row-0000176,doi::10.1016/j.firesaf.2015.11.011,44,3,0.0038,0.008269487125860816
row-0000177,doi::10.1016/j.firesaf.2015.11.011,44,3,0.0036,0.008269487125860816
row-0000185,doi::10.1016/j.firesaf.2015.11.011,44,3,0.00223,0.001988791212252354
row-0000186,doi::10.1016/j.firesaf.2015.11.011,44,3,0.0011,0.0015689994145493876
row-0000187,doi::10.1016/j.firesaf.2015.11.011,44,3,0.00069,0.0014627024570734173
row-0000188,doi::10.1016/j.firesaf.2015.11.011,44,3,0.00045,0.0014534335926592184
row-0000189,doi::10.1016/j.firesaf.2015.11.011,44,3,0.0096,0.013724661920123442
row-0000190,doi::10.1016/j.firesaf.2015.11.011,44,3,0.0068,0.011260815349578776
row-0000191,doi::10.1016/j.firesaf.2015.11.011,44,3,0.0066,0.00694506035555122
row-0000192,doi::10.1016/j.firesaf.2015.11.011,44,3,0.0048,0.00694506035555122
row-0000193,doi::10.1016/j.firesaf.2015.11.011,44,3,0.004,0.0059997532201205165
row-0000194,doi::10.1016/j.firesaf.2015.11.011,44,3,0.0021,0.001988791212252354
row-0000294,doi::10.1016/s1540-7489(02)80211-3,44,3,0.012,0.005021660264118013
row-0000295,doi::10.1016/s1540-7489(02)80211-3,44,3,0.011,0.005021640264118013
row-0000296,doi::10.1016/s1540-7489(02)80211-3,44,3,0.01,0.005022404668879918
row-0000297,doi::10.1016/s1540-7489(02)80211-3,44,3,0.014,0.005022404668879918
row-0000298,doi::10.1016/s1540-7489(02)80211-3,44,3,0.013,0.005022404668879918
row-0000299,doi::10.1016/s1540-7489(02)80211-3,44,3,0.015,0.005022404668879918
row-0000301,doi::10.1016/s1540-7489(02)80211-3,44,3,0.015,0.005022404668879918
row-0000302,doi::10.1016/s1540-7489(02)80211-3,44,3,0.012,0.005022404668879918
row-0000303,doi::10.1016/s1540-7489(02)80211-3,44,3,0.03,0.005050102730852697
row-0000304,doi::10.1016/s1540-7489(02)80211-3,44,3,0.033,0.005059066228389642
row-0000305,doi::10.1016/s1540-7489(02)80211-3,44,3,0.036,0.005059066228389642
row-0000306,doi::10.1016/s1540-7489(02)80211-3,44,3,0.007,0.005021640264118013
row-0000307,doi::10.1016/s1540-7489(02)80211-3,44,3,0.0072,0.005022404668879918
row-0000308,doi::10.1016/s1540-7489(02)80211-3,44,3,0.008,0.005022404668879918
row-0000309,doi::10.1016/s1540-7489(02)80211-3,44,3,0.0075,0.005022404668879918
row-0000310,doi::10.1016/s1540-7489(02)80211-3,44,3,0.009,0.005059066228389642
row-0000311,doi::10.1016/s1540-7489(02)80211-3,44,3,0.0095,0.005059066228389642
row-0000312,doi::10.1016/s1540-7489(02)80211-3,44,3,0.008,0.005319206119582277
row-0000313,doi::10.1016/s1540-7489(02)80211-3,44,3,0.0075,0.005319206119582277
row-0000314,doi::10.1016/s1540-7489(02)80211-3,44,3,0.0075,0.005315435048153705
row-0000315,doi::10.1016/s1540-7489(02)80211-3,44,3,0.0075,0.005315435048153705
row-0000675,citation::kimzey john howard flammability during weightlessness nasa technical memorandum nasa tm x 58001 may 1966,44,3,0.01524,0.03482362301569364
row-0000676,citation::kimzey john howard flammability during weightlessness nasa technical memorandum nasa tm x 58001 may 1966,44,3,0.01778,0.03650447457078168
row-0000677,citation::kimzey john howard flammability during weightlessness nasa technical memorandum nasa tm x 58001 may 1966,44,3,0.00203,0.0342252013540165
row-0000678,citation::kimzey john howard flammability during weightlessness nasa technical memorandum nasa tm x 58001 may 1966,44,3,0.00381,0.036047964227749724
row-0000681,citation::kimzey john howard flammability during weightlessness nasa technical memorandum nasa tm x 58001 may 1966,44,3,0.00508,0.014528476850020396
row-0000682,citation::kimzey john howard flammability during weightlessness nasa technical memorandum nasa tm x 58001 may 1966,44,3,0.01016,0.01942607848250829
row-0000683,citation::kimzey john howard flammability during weightlessness nasa technical memorandum nasa tm x 58001 may 1966,44,3,0.00254,0.013689004896202813
row-0000691,citation::kimzey john howard flammability during weightlessness nasa technical memorandum nasa tm x 58001 may 1966,44,3,0.01524,0.015373349192253692
row-0000692,citation::kimzey john howard flammability during weightlessness nasa technical memorandum nasa tm x 58001 may 1966,44,3,0.01778,0.019727803702780027
row-0000694,citation::kimzey john howard flammability during weightlessness nasa technical memorandum nasa tm x 58001 may 1966,44,3,0.00203,0.014388479453888423
row-0000695,citation::kimzey john howard flammability during weightlessness nasa technical memorandum nasa tm x 58001 may 1966,44,3,0.00381,0.018935058190663188
row-0000696,citation::kimzey john howard flammability during weightlessness nasa technical memorandum nasa tm x 58001 may 1966,44,3,0.00102,0.0006355828199753382
row-0000697,citation::kimzey john howard flammability during weightlessness nasa technical memorandum nasa tm x 58001 may 1966,44,3,0.0127,0.014422133576189652
row-0000698,citation::kimzey john howard flammability during weightlessness nasa technical memorandum nasa tm x 58001 may 1966,44,3,0.02794,0.01942607848250829
row-0000700,citation::kimzey john howard flammability during weightlessness nasa technical memorandum nasa tm x 58001 may 1966,44,3,0.00203,0.013582661622372066
row-0000791,doi::10.1016/j.firesaf.2023.103989,44,3,0.004,0.0035434700726754546
row-0000792,doi::10.1016/j.firesaf.2023.103989,44,3,0.0039,0.00351167234896914
row-0000793,doi::10.1016/j.firesaf.2023.103989,44,3,0.0036,0.003056557454395575
row-0000794,doi::10.1016/j.firesaf.2023.103989,44,3,0.0035,0.00307172088837826
row-0000795,doi::10.1016/j.firesaf.2023.103989,44,3,0.0034,0.00307172088837826
row-0000796,doi::10.1016/j.firesaf.2023.103989,44,3,0.003,0.0029988982860995363
row-0000797,doi::10.1016/j.firesaf.2023.103989,44,3,0.0024,0.0030136341098763115
row-0000798,doi::10.1016/j.firesaf.2023.103989,44,3,0.0016,0.0030588230450392323
row-0000800,doi::10.1016/j.firesaf.2023.103989,44,3,0.0039,0.0035554369705438752
row-0000801,doi::10.1016/j.firesaf.2023.103989,44,3,0.0036,0.002973486872651165
row-0000802,doi::10.1016/j.firesaf.2023.103989,44,3,0.0035,0.0029868467352052778
row-0000803,doi::10.1016/j.firesaf.2023.103989,44,3,0.0031,0.0029868467352052778
row-0000804,doi::10.1016/j.firesaf.2023.103989,44,3,0.0029,0.002955790765053566
row-0000805,doi::10.1016/j.firesaf.2023.103989,44,3,0.0021,0.0029638388987287545
row-0000806,doi::10.1016/j.firesaf.2023.103989,44,3,0.0023,0.0029643019553372224
row-0000808,doi::10.1016/j.firesaf.2023.103989,44,3,0.0037,0.003641691578016286
row-0000809,doi::10.1016/j.firesaf.2023.103989,44,3,0.0036,0.003619796943181374
row-0000810,doi::10.1016/j.firesaf.2023.103989,44,3,0.0034,0.0031004913283175194
row-0000811,doi::10.1016/j.firesaf.2023.103989,44,3,0.0033,0.0031138511908716314
row-0000812,doi::10.1016/j.firesaf.2023.103989,44,3,0.0029,0.0031138511908716314
row-0000813,doi::10.1016/j.firesaf.2023.103989,44,3,0.0024,0.003065574137998959
row-0000814,doi::10.1016/j.firesaf.2023.103989,44,3,0.0018,0.0030736222716741483
row-0000816,doi::10.1016/j.firesaf.2023.103989,44,3,0.00225,0.003431618580323561
row-0000817,doi::10.1016/j.firesaf.2023.103989,44,3,0.00225,0.003431618580323561
row-0000821,doi::10.1016/j.firesaf.2023.103989,44,3,0.0012,0.0038691523390531214
row-0000822,doi::10.1016/j.firesaf.2023.103989,44,3,0.0013,0.0038691523390531214
row-0000823,doi::10.1016/j.firesaf.2023.103989,44,3,0.0015,0.00386339220319962
row-0000827,doi::10.1016/j.firesaf.2023.103989,44,3,0.0027,0.00475816654650744
row-0000828,doi::10.1016/j.firesaf.2023.103989,44,3,0.0025,0.004615476895452475
row-0000829,doi::10.1016/j.firesaf.2023.103989,44,3,0.0025,0.0038754271726665675
row-0000832,doi::10.1016/j.firesaf.2023.103989,44,3,0.0028,0.00475032695733844
row-0000833,doi::10.1016/j.firesaf.2023.103989,44,3,0.0028,0.004748290290671774
row-0000836,doi::10.1016/j.firesaf.2023.103989,44,3,0.0025,0.004765941249957399
row-0000837,doi::10.1016/j.firesaf.2023.103989,44,3,0.0026,0.004747546990410682
row-0000838,doi::10.1016/j.firesaf.2023.103989,44,3,0.0027,0.004747639933147103
row-0000839,doi::10.1016/j.firesaf.2023.103989,44,3,0.0029,0.004731665514870226
row-0000840,doi::10.1016/j.firesaf.2023.103989,44,3,0.0029,0.004731665514870226
row-0000841,doi::10.1016/j.firesaf.2023.103989,44,3,0.0031,0.004731665514870226
row-0000889,doi::10.1016/j.firesaf.2023.103989,44,3,0.0016,0.0029328473955871712
row-0000890,doi::10.1016/j.firesaf.2023.103989,44,3,0.0024,0.002865543346529862
row-0000891,doi::10.1016/j.firesaf.2023.103989,44,3,0.0034,0.0027619761675532132
row-0000892,doi::10.1016/j.firesaf.2023.103989,44,3,0.004,0.003168214124545537
row-0000893,doi::10.1016/j.firesaf.2023.103989,44,3,0.0024,0.0028482469165408224
row-0000894,doi::10.1016/j.firesaf.2023.103989,44,3,0.0022,0.002799949423147346
row-0000895,doi::10.1016/j.firesaf.2023.103989,44,3,0.0028,0.0027083625068676748
row-0000896,doi::10.1016/j.firesaf.2023.103989,44,3,0.0031,0.002662323367923919
row-0000897,doi::10.1016/j.firesaf.2023.103989,44,3,0.0035,0.0026484376968498586
row-0000898,doi::10.1016/j.firesaf.2023.103989,44,3,0.0036,0.0026479364197935814
row-0000899,doi::10.1016/j.firesaf.2023.103989,44,3,0.0039,0.0031810902998159964
row-0000900,doi::10.1016/j.firesaf.2023.103989,44,3,0.00175,0.002913772454093839
row-0000901,doi::10.1016/j.firesaf.2023.103989,44,3,0.0024,0.002827963742942372
row-0000902,doi::10.1016/j.firesaf.2023.103989,44,3,0.0028,0.0028035500590139497
row-0000903,doi::10.1016/j.firesaf.2023.103989,44,3,0.0033,0.002789664387939889
row-0000904,doi::10.1016/j.firesaf.2023.103989,44,3,0.0034,0.0027891631108836116
row-0000905,doi::10.1016/j.firesaf.2023.103989,44,3,0.0037,0.0032519046325662072
row-0000906,doi::10.1016/j.firesaf.2023.103989,44,3,0.0038,0.003268900094751081
row-0000907,doi::10.1016/j.firesaf.2023.103989,44,3,0.0023,0.002861681703411967
row-0000908,doi::10.1016/j.firesaf.2023.103989,44,3,0.0024,0.002861681703411967
row-0000909,doi::10.1016/j.firesaf.2023.103989,44,3,0.0026,0.0032130966578225884
row-0000910,doi::10.1016/j.firesaf.2023.103989,44,3,0.0022,0.0037009354305963396
row-0000911,doi::10.1016/j.firesaf.2023.103989,44,3,0.0024,0.0037009354305963396
row-0000912,doi::10.1016/j.firesaf.2023.103989,44,3,0.0026,0.0037009354305963396
row-0000913,doi::10.1016/j.firesaf.2023.103989,44,3,0.0025,0.003710254264209785
row-0000914,doi::10.1016/j.firesaf.2023.103989,44,3,0.0026,0.004412037765230397
row-0000915,doi::10.1016/j.firesaf.2023.103989,44,3,0.00275,0.004542069504132544
row-0000916,doi::10.1016/j.firesaf.2023.103989,44,3,0.0026,0.004532193248296877
row-0000917,doi::10.1016/j.firesaf.2023.103989,44,3,0.0027,0.004532193248296877
row-0000918,doi::10.1016/j.firesaf.2023.103989,44,3,0.00275,0.004539226372968552
row-0000919,doi::10.1016/j.firesaf.2023.103989,44,3,0.00275,0.004492444732708702
row-0000920,doi::10.1016/j.firesaf.2023.103989,44,3,0.0025,0.004594794170206736
row-0000921,doi::10.1016/j.firesaf.2023.103989,44,3,0.003,0.0044981713993753674
row-0000922,doi::10.1016/j.firesaf.2023.103989,44,3,0.0032,0.004510631605074553
row-0000923,doi::10.1016/j.firesaf.2023.103989,44,3,0.0031,0.0039429515021676305
row-0000924,doi::10.1016/j.firesaf.2023.103989,44,3,0.0031,0.003932753304609836
row-0000925,doi::10.1016/j.firesaf.2023.103989,44,3,0.0032,0.0038393114635448746
row-0000926,doi::10.1016/j.firesaf.2023.103989,44,3,0.0028,0.0038183483160371054
row-0000927,doi::10.1016/j.firesaf.2023.103989,44,3,0.0022,0.0038204667531555425
row-0000930,doi::10.1016/j.firesaf.2023.103989,44,3,0.0031,0.003792354564432428
row-0000931,doi::10.1016/j.firesaf.2023.103989,44,3,0.0032,0.003767005966615008
row-0000932,doi::10.1016/j.firesaf.2023.103989,44,3,0.0026,0.0036929072432469643
row-0000933,doi::10.1016/j.firesaf.2023.103989,44,3,0.0025,0.0036929072432469643
row-0000934,doi::10.1016/j.firesaf.2023.103989,44,3,0.0024,0.003675224073054642
row-0000935,doi::10.1016/j.firesaf.2023.103989,44,3,0.0024,0.003675224073054642
row-0000936,doi::10.1016/j.firesaf.2023.103989,44,3,0.0024,0.003675224073054642
row-0000937,doi::10.1016/j.firesaf.2023.103989,44,3,0.002,0.003688024299675238
row-0000938,doi::10.1016/j.firesaf.2023.103989,44,3,0.0015,0.003692117719588658
row-0000941,doi::10.1016/j.firesaf.2023.103989,44,3,0.0026,0.003846593666982739
row-0000942,doi::10.1016/j.firesaf.2023.103989,44,3,0.0024,0.00375886321109673
row-0000943,doi::10.1016/j.firesaf.2023.103989,44,3,0.0024,0.00375886321109673
row-0000944,doi::10.1016/j.firesaf.2023.103989,44,3,0.0022,0.0037458484625353568
row-0000945,doi::10.1016/j.firesaf.2023.103989,44,3,0.0018,0.0037460300393210967
row-0000952,doi::10.1016/j.firesaf.2023.103989,44,3,0.0025,0.003764603476023297
row-0000953,doi::10.1016/j.firesaf.2023.103989,44,3,0.0026,0.003768290229270051
row-0000954,doi::10.1016/j.firesaf.2023.103989,44,3,0.0027,0.003768290229270051
row-0000958,doi::10.1016/j.firesaf.2023.103989,44,3,0.0027,0.003775710562214643
row-0000959,doi::10.1016/j.firesaf.2023.103989,44,3,0.003,0.003772750174941621
row-0000960,doi::10.1016/j.firesaf.2023.103989,44,3,0.004,0.0037691423951452378
row-0000963,doi::10.1016/j.firesaf.2023.103989,44,3,0.0038,0.0037887253107760158
row-0000964,doi::10.1016/j.firesaf.2023.103989,44,3,0.0032,0.003781861304935974
row-0000965,doi::10.1016/j.firesaf.2023.103989,44,3,0.0036,0.003781861304935974
row-0000966,doi::10.1016/j.firesaf.2023.103989,44,3,0.003,0.003781861304935974
row-0000969,doi::10.1016/j.firesaf.2023.103989,44,3,0.0039,0.0037939978106580324
row-0000970,doi::10.1016/j.firesaf.2023.103989,44,3,0.0038,0.0037887253107760158
row-0000974,doi::10.1016/j.firesaf.2023.103989,44,3,0.0038,0.0038240484475441567
row-0000975,doi::10.1016/j.firesaf.2023.103989,44,3,0.003,0.0037939978106580324
row-0000976,doi::10.1016/j.firesaf.2023.103989,44,3,0.0024,0.0037939978106580324
row-0001027,doi::10.1016/j.firesaf.2023.103989,44,3,0.0024,0.0036067858978616686
row-0001028,doi::10.1016/j.firesaf.2023.103989,44,3,0.00275,0.00360801446929024
row-0001029,doi::10.1016/j.firesaf.2023.103989,44,3,0.0032,0.003620467260573947
row-0001030,doi::10.1016/j.firesaf.2023.103989,44,3,0.0031,0.0037015058116086786
row-0001031,doi::10.1016/j.firesaf.2023.103989,44,3,0.0032,0.0037036321952298203
row-0001032,doi::10.1016/j.firesaf.2023.103989,44,3,0.0015,0.0034443304343618085
row-0001033,doi::10.1016/j.firesaf.2023.103989,44,3,0.002,0.003445049893887789
row-0001034,doi::10.1016/j.firesaf.2023.103989,44,3,0.0024,0.0034399321539615732
row-0001035,doi::10.1016/j.firesaf.2023.103989,44,3,0.0027,0.003451353610370653
row-0001036,doi::10.1016/j.firesaf.2023.103989,44,3,0.0025,0.003451353610370653
row-0001037,doi::10.1016/j.firesaf.2023.103989,44,3,0.00325,0.003519812880817052
row-0001038,doi::10.1016/j.firesaf.2023.103989,44,3,0.003,0.003540495538486127
row-0001039,doi::10.1016/j.firesaf.2023.103989,44,3,0.00175,0.003507759289027582
row-0001040,doi::10.1016/j.firesaf.2023.103989,44,3,0.00225,0.003520423997339699
row-0001041,doi::10.1016/j.firesaf.2023.103989,44,3,0.0024,0.0035324423368656628
row-0001042,doi::10.1016/j.firesaf.2023.103989,44,3,0.0025,0.0035940133630500627
row-0001043,doi::10.1016/j.firesaf.2023.103989,44,3,0.0026,0.003755962466276281
row-0001044,doi::10.1016/j.firesaf.2023.103989,44,3,0.003,0.003755962466276281
row-0001045,doi::10.1016/j.firesaf.2023.103989,44,3,0.00375,0.003760368679049015
row-0001046,doi::10.1016/j.firesaf.2023.103989,44,3,0.00275,0.003790230510238894
row-0001047,doi::10.1016/j.firesaf.2023.103989,44,3,0.0028,0.003790230510238894
row-0001048,doi::10.1016/j.firesaf.2023.103989,44,3,0.0031,0.003790230510238894
row-0001049,doi::10.1016/j.firesaf.2023.103989,44,3,0.0039,0.003793190897511916
row-0001050,doi::10.1016/j.firesaf.2023.103989,44,3,0.003,0.003799341640233247
row-0001051,doi::10.1016/j.firesaf.2023.103989,44,3,0.0035,0.003799341640233247
row-0001052,doi::10.1016/j.firesaf.2023.103989,44,3,0.0037,0.003799341640233247
row-0001053,doi::10.1016/j.firesaf.2023.103989,44,3,0.0039,0.003808324083191726
row-0001054,doi::10.1016/j.firesaf.2023.103989,44,3,0.0032,0.003808324083191726
row-0001055,doi::10.1016/j.firesaf.2023.103989,44,3,0.0035,0.003808324083191726
row-0001056,doi::10.1016/j.firesaf.2023.103989,44,3,0.004,0.003808872074857501
row-0001057,doi::10.1016/j.firesaf.2023.103989,44,3,0.00275,0.003808872074857501
row-0001058,doi::10.1016/j.firesaf.2023.103989,44,3,0.003,0.003808872074857501
row-0001059,doi::10.1016/j.firesaf.2023.103989,44,3,0.0039,0.0038389227117436252
row-0001061,doi::10.1016/j.firesaf.2023.103989,44,3,0.001,0.0025607164653779937
row-0001062,doi::10.1016/j.firesaf.2023.103989,44,3,0.0012,0.0026111494005493343
row-0001063,doi::10.1016/j.firesaf.2023.103989,44,3,0.001,0.002580575659698858
row-0001074,doi::10.1016/j.firesaf.2023.103989,44,3,0.0013,0.004406054635333856
row-0001075,doi::10.1016/j.firesaf.2023.103989,44,3,0.0014,0.004585294928323984
row-0001078,doi::10.1016/j.firesaf.2023.103989,44,3,0.0012,0.004547043699460656
row-0001082,doi::10.1016/j.firesaf.2023.103989,44,3,0.0014,0.0045565752100195115
row-0001083,doi::10.1016/j.firesaf.2023.103989,44,3,0.0014,0.004610385417806368
row-0001087,doi::10.1016/j.firesaf.2023.103989,44,3,0.0015,0.004944619328464605
row-0001119,doi::10.1016/j.firesaf.2023.103989,44,3,0.0009,0.002370968099963916
row-0001120,doi::10.1016/j.firesaf.2023.103989,44,3,0.001,0.002417026475970145
row-0001121,doi::10.1016/j.firesaf.2023.103989,44,3,0.00125,0.002536730176486162
row-0001122,doi::10.1016/j.firesaf.2023.103989,44,3,0.0011,0.0026390321747802106
row-0001123,doi::10.1016/j.firesaf.2023.103989,44,3,0.00125,0.002898718343091508
row-0001124,doi::10.1016/j.firesaf.2023.103989,44,3,0.0012,0.0033601460785010868
row-0001125,doi::10.1016/j.firesaf.2023.103989,44,3,0.00125,0.003354355602310611
row-0001126,doi::10.1016/j.firesaf.2023.103989,44,3,0.0013,0.003354355602310611
row-0001127,doi::10.1016/j.firesaf.2023.103989,44,3,0.00125,0.0038118686646709354
row-0001128,doi::10.1016/j.firesaf.2023.103989,44,3,0.0014,0.004493834671637741
row-0001129,doi::10.1016/j.firesaf.2023.103989,44,3,0.00125,0.0044572948111954655
row-0001130,doi::10.1016/j.firesaf.2023.103989,44,3,0.0013,0.004472333471191469
row-0001131,doi::10.1016/j.firesaf.2023.103989,44,3,0.0014,0.004484793676890655
row-0001132,doi::10.1016/j.firesaf.2023.103989,44,3,0.0014,0.006169279599723531
row-0001133,doi::10.1016/j.firesaf.2023.103989,44,3,0.0014,0.006567954713204823
row-0001137,doi::10.1016/j.firesaf.2023.103989,44,3,0.0016,0.0015835644184293534
row-0001139,doi::10.1016/j.firesaf.2023.103989,44,3,0.0017,0.0015944614870864236
row-0001141,doi::10.1016/j.firesaf.2023.103989,44,3,0.0018,0.0018678657141221649
row-0001142,doi::10.1016/j.firesaf.2023.103989,44,3,0.0015,0.0016668744037986272
row-0001143,doi::10.1016/j.firesaf.2023.103989,44,3,0.0013,0.001660400631630489
row-0001149,doi::10.1016/j.firesaf.2023.103989,44,3,0.0014,0.0018279801063147423
row-0001150,doi::10.1016/j.firesaf.2023.103989,44,3,0.0016,0.002006019665937605
row-0001151,doi::10.1016/j.firesaf.2023.103989,44,3,0.0016,0.002001670686077665
row-0001152,doi::10.1016/j.firesaf.2023.103989,44,3,0.0016,0.002061494491229977
row-0001155,doi::10.1016/j.firesaf.2023.103989,44,3,0.0016,0.002066701703613498
row-0001156,doi::10.1016/j.firesaf.2023.103989,44,3,0.0016,0.002066701703613498
row-0001157,doi::10.1016/j.firesaf.2023.103989,44,3,0.0016,0.002085526704517511
row-0001158,doi::10.1016/j.firesaf.2023.103989,44,3,0.0017,0.002095007266083217
row-0001164,doi::10.1016/j.firesaf.2023.103989,44,3,0.0017,0.002129751672763533
row-0001165,doi::10.1016/j.firesaf.2023.103989,44,3,0.0017,0.0021439699922099647
row-0001192,doi::10.1016/j.firesaf.2023.103989,44,3,0.0015,0.0016844841970626704
row-0001193,doi::10.1016/j.firesaf.2023.103989,44,3,0.0016,0.0017043591067027056
row-0001194,doi::10.1016/j.firesaf.2023.103989,44,3,0.0018,0.0017434490175894848
row-0001195,doi::10.1016/j.firesaf.2023.103989,44,3,0.00125,0.0016597890588178899
row-0001196,doi::10.1016/j.firesaf.2023.103989,44,3,0.0015,0.001671343715847956
row-0001197,doi::10.1016/j.firesaf.2023.103989,44,3,0.00175,0.0018298503785928073
row-0001198,doi::10.1016/j.firesaf.2023.103989,44,3,0.0014,0.0017135103739012785
row-0001199,doi::10.1016/j.firesaf.2023.103989,44,3,0.0016,0.0017877429662010791
row-0001200,doi::10.1016/j.firesaf.2023.103989,44,3,0.0017,0.0019671359041257457
row-0001201,doi::10.1016/j.firesaf.2023.103989,44,3,0.0015,0.0019653242349330644
row-0001202,doi::10.1016/j.firesaf.2023.103989,44,3,0.0016,0.001961360742510325
row-0001203,doi::10.1016/j.firesaf.2023.103989,44,3,0.0016,0.0019886235213727233
row-0001204,doi::10.1016/j.firesaf.2023.103989,44,3,0.0017,0.0020194935891260733
row-0001205,doi::10.1016/j.firesaf.2023.103989,44,3,0.0016,0.0020218744053257663
row-0001206,doi::10.1016/j.firesaf.2023.103989,44,3,0.0016,0.0020305971297581962
row-0001334,doi::10.1016/j.proci.2022.07.002,44,3,0.0025,0.00394998532865986
row-0001335,doi::10.1016/j.proci.2022.07.002,44,3,0.0021,0.0038479482417338074
row-0001336,doi::10.1016/j.proci.2022.07.002,44,3,0.0035,0.0038143456044496243
row-0001337,doi::10.1016/j.proci.2022.07.002,44,3,0.0039,0.0038143456044496243
row-0001338,doi::10.1016/j.proci.2022.07.002,44,3,0.0045,0.0036862245900878385
row-0001345,doi::10.1016/j.proci.2022.07.002,44,3,0.0019,0.0032191809446006654
row-0001346,doi::10.1016/j.proci.2022.07.002,44,3,0.0026,0.003234535323872686
row-0001347,doi::10.1016/j.proci.2022.07.002,44,3,0.0042,0.003234535323872686
row-0001348,doi::10.1016/j.proci.2022.07.002,44,3,0.0052,0.0031710695607374507
row-0001349,doi::10.1016/j.proci.2022.07.002,44,3,0.005,0.0031602346516422393
row-0001350,doi::10.1016/j.proci.2022.07.002,44,3,0.0028,0.0032015434111933834
row-0001351,doi::10.1016/j.proci.2022.07.002,44,3,0.0038,0.0032015434111933834
row-0001352,doi::10.1016/j.proci.2022.07.002,44,3,0.0042,0.0031374540116945113
row-0001353,doi::10.1016/j.proci.2022.07.002,44,3,0.0012,0.0031683034370053203
row-0001354,doi::10.1016/j.proci.2022.07.002,44,3,0.0025,0.0031814667796575356
row-0001355,doi::10.1016/j.proci.2022.07.002,44,3,0.0036,0.0031814667796575356
row-0001356,doi::10.1016/j.proci.2022.07.002,44,3,0.0038,0.0031173773801586634
row-0001358,doi::10.1016/j.proci.2022.07.002,44,3,0.0018,0.0031831471152621907
row-0001359,doi::10.1016/j.proci.2022.07.002,44,3,0.0025,0.0031807154861895094
row-0001360,doi::10.1016/j.proci.2022.07.002,44,3,0.0028,0.0031136673983030013
row-0001365,doi::10.1016/j.proci.2022.07.002,44,3,0.002,0.0031153298665625847
row-0001366,doi::10.1016/j.proci.2022.07.002,44,3,0.003,0.0031545939591372378
row-0001367,doi::10.1016/j.proci.2022.07.002,44,3,0.0042,0.0031528439591372373
row-0001368,doi::10.1016/j.proci.2022.07.002,44,3,0.0055,0.003083927577765305
row-0001369,doi::10.1016/j.proci.2022.07.002,44,3,0.0048,0.003075488792697774
row-0001370,doi::10.1016/j.proci.2022.07.002,44,3,0.0027,0.003137013968438263
row-0001371,doi::10.1016/j.proci.2022.07.002,44,3,0.0036,0.0031352639684382624
row-0001372,doi::10.1016/j.proci.2022.07.002,44,3,0.0046,0.0030657239507026935
row-0001373,doi::10.1016/j.proci.2022.07.002,44,3,0.0018,0.003080814395528177
row-0001374,doi::10.1016/j.proci.2022.07.002,44,3,0.0024,0.0031221520414627616
row-0001375,doi::10.1016/j.proci.2022.07.002,44,3,0.0035,0.003120402041462761
row-0001376,doi::10.1016/j.proci.2022.07.002,44,3,0.0038,0.003050862023727192
row-0001378,doi::10.1016/j.proci.2022.07.002,44,3,0.0014,0.00311001933905745
row-0001379,doi::10.1016/j.proci.2022.07.002,44,3,0.0024,0.003105837709984768
row-0001442,doi::10.1016/j.proci.2022.07.002,44,3,0.002,0.0017159762354713307
row-0001443,doi::10.1016/j.proci.2022.07.002,44,3,0.0023,0.0018155641091152181
row-0001444,doi::10.1016/j.proci.2022.07.002,44,3,0.0022,0.001807129552594357
row-0001445,doi::10.1016/j.proci.2022.07.002,44,3,0.0022,0.0018052960291526623
row-0001446,doi::10.1016/j.proci.2022.07.002,44,3,0.0021,0.0017317232718864631
row-0001447,doi::10.1016/j.proci.2022.07.002,44,3,0.0021,0.0017298897484447685
row-0001448,doi::10.1016/j.proci.2022.07.002,44,3,0.002,0.0016584406342010864
row-0001449,doi::10.1016/j.proci.2022.07.002,44,3,0.0019,0.0016497711816007873
row-0001450,doi::10.1016/j.proci.2022.07.002,44,3,0.0016,0.0016488912318268043
row-0001451,doi::10.1016/j.proci.2022.07.002,44,3,0.0018,0.0015061558855245596
row-0001452,doi::10.1016/j.proci.2022.07.002,44,3,0.0017,0.0015722707642114573
row-0001455,doi::10.1016/j.proci.2022.07.002,44,3,0.0015,0.0014959210061148154
row-0001456,doi::10.1016/j.proci.2022.07.002,44,3,0.0014,0.0015635556432249127
row-0001458,doi::10.1016/j.proci.2022.07.002,44,3,0.0013,0.001496240672781482
row-0001465,doi::10.1016/j.proci.2022.07.002,44,3,0.0015,0.0017226560577055503
row-0001466,doi::10.1016/j.proci.2022.07.002,44,3,0.0016,0.0018766266919594099
row-0001467,doi::10.1016/j.proci.2022.07.002,44,3,0.002,0.0018706245153157525
row-0001468,doi::10.1016/j.proci.2022.07.002,44,3,0.0024,0.001862004118168054
row-0001469,doi::10.1016/j.proci.2022.07.002,44,3,0.002,0.0017883495317206034
row-0001470,doi::10.1016/j.proci.2022.07.002,44,3,0.0013,0.001721449309222072
row-0001471,doi::10.1016/j.proci.2022.07.002,44,3,0.0015,0.0017157755698323097
row-0001472,doi::10.1016/j.proci.2022.07.002,44,3,0.0015,0.0017091370796856558
row-0001473,doi::10.1016/j.proci.2022.07.002,44,3,0.0012,0.0015389480148149575
row-0001474,doi::10.1016/j.proci.2022.07.002,44,3,0.0011,0.0016769267371816688
row-0001475,doi::10.1016/j.proci.2022.07.002,44,3,0.0011,0.0016700657579729018
row-0001476,doi::10.1016/j.proci.2022.07.002,44,3,0.0011,0.0016634272678262482
row-0001480,doi::10.1016/j.proci.2022.07.002,44,3,0.001,0.0016499727960800584
row-0001482,doi::10.1016/j.proci.2022.07.002,44,3,0.0009,0.0015242906190123993
row-0001489,doi::10.1016/j.proci.2022.07.002,44,3,0.0015,0.001448292715489143
row-0001490,doi::10.1016/j.proci.2022.07.002,44,3,0.0015,0.0016288871814080438
row-0001491,doi::10.1016/j.proci.2022.07.002,44,3,0.0018,0.0016223374663466767
row-0001492,doi::10.1016/j.proci.2022.07.002,44,3,0.0024,0.00160948246193053
row-0001493,doi::10.1016/j.proci.2022.07.002,44,3,0.0017,0.001553533761738189
row-0001494,doi::10.1016/j.proci.2022.07.002,44,3,0.002,0.0015406787573220419
row-0001495,doi::10.1016/j.proci.2022.07.002,44,3,0.0012,0.0015022054829855478
row-0001496,doi::10.1016/j.proci.2022.07.002,44,3,0.0014,0.0014959842051780754
row-0001497,doi::10.1016/j.proci.2022.07.002,44,3,0.0015,0.0014848487662108946
row-0001498,doi::10.1016/j.proci.2022.07.002,44,3,0.0012,0.0012894940842333605
row-0001499,doi::10.1016/j.proci.2022.07.002,44,3,0.0011,0.0014690100950843284
row-0001501,doi::10.1016/j.proci.2022.07.002,44,3,0.0011,0.0014511833783096757
row-0001582,doi::10.1016/j.proci.2024.105775,44,3,0.00606,0.013247200681875662
row-0001583,doi::10.1016/j.proci.2024.105775,44,3,0.00622,0.013246461515208998
row-0001584,doi::10.1016/j.proci.2024.105775,44,3,0.00569,0.013246461515208998
row-0001585,doi::10.1016/j.proci.2024.105775,44,3,0.0065,0.012964468353675587
row-0001586,doi::10.1016/j.proci.2024.105775,44,3,0.00751,0.012964468353675587
row-0001587,doi::10.1016/j.proci.2024.105775,44,3,0.00783,0.012964468353675587
row-0001588,doi::10.1016/j.proci.2024.105775,44,3,0.00679,0.012792688121760886
row-0001589,doi::10.1016/j.proci.2024.105775,44,3,0.00786,0.012792688121760886
row-0001590,doi::10.1016/j.proci.2024.105775,44,3,0.00814,0.012792688121760886
row-0001591,doi::10.1016/j.proci.2024.105775,44,3,0.00732,0.01251791189881464
row-0001592,doi::10.1016/j.proci.2024.105775,44,3,0.0082,0.01251791189881464
row-0001593,doi::10.1016/j.proci.2024.105775,44,3,0.00802,0.01251791189881464
row-0001594,doi::10.1016/j.proci.2024.105775,44,3,0.00688,0.012502397578503372
row-0001595,doi::10.1016/j.proci.2024.105775,44,3,0.00739,0.012502397578503372
row-0001596,doi::10.1016/j.proci.2024.105775,44,3,0.0072,0.012502397578503372
row-0001597,doi::10.1016/j.proci.2024.105775,44,3,0.00688,0.012697158491602552
row-0001598,doi::10.1016/j.proci.2024.105775,44,3,0.00732,0.012697158491602552
row-0001599,doi::10.1016/j.proci.2024.105775,44,3,0.00701,0.012697158491602552
row-0001600,doi::10.1016/j.proci.2024.105775,44,3,0.00691,0.012959597550102873
row-0001601,doi::10.1016/j.proci.2024.105775,44,3,0.00729,0.012959597550102873
row-0001602,doi::10.1016/j.proci.2024.105775,44,3,0.0066,0.012959597550102873
row-0001603,doi::10.1016/j.proci.2024.105775,44,3,0.00669,0.013064235354024442
row-0001604,doi::10.1016/j.proci.2024.105775,44,3,0.00723,0.013064235354024442
row-0001605,doi::10.1016/j.proci.2024.105775,44,3,0.00672,0.013064235354024442
row-0001606,doi::10.1016/j.proci.2024.105775,44,3,0.00628,0.013064235354024442
row-0001607,doi::10.1016/j.proci.2024.105775,44,3,0.00723,0.013064235354024442
row-0001608,doi::10.1016/j.proci.2024.105775,44,3,0.00666,0.013064235354024442
row-0001609,doi::10.1016/j.proci.2024.105775,44,3,0.00613,0.013236193661134
row-0001610,doi::10.1016/j.proci.2024.105775,44,3,0.00729,0.013236193661134
row-0001611,doi::10.1016/j.proci.2024.105775,44,3,0.00669,0.013236193661134
row-0001612,doi::10.1016/j.proci.2024.105775,44,3,0.00594,0.017330035326375184
row-0001613,doi::10.1016/j.proci.2024.105775,44,3,0.0061,0.008446071455701675
row-0001614,doi::10.1016/j.proci.2024.105775,44,3,0.00842,0.008157009641676422
row-0001615,doi::10.1016/j.proci.2024.105775,44,3,0.00689,0.017473568482143723
row-0001616,doi::10.1016/j.proci.2024.105775,44,3,0.00777,0.008936687853392892
row-0001617,doi::10.1016/j.proci.2024.105775,44,3,0.00865,0.009061203608023163
row-0001618,doi::10.1016/j.proci.2024.105775,44,3,0.00702,0.017530191476463872
row-0001619,doi::10.1016/j.proci.2024.105775,44,3,0.0084,0.009088126710762335
row-0001620,doi::10.1016/j.proci.2024.105775,44,3,0.01104,0.009231617590291086
row-0001621,doi::10.1016/j.proci.2024.105775,44,3,0.00759,0.017962039898618398
row-0001622,doi::10.1016/j.proci.2024.105775,44,3,0.00847,0.009638878338410695
row-0001623,doi::10.1016/j.proci.2024.105775,44,3,0.01117,0.009708154652158936
row-0001624,doi::10.1016/j.proci.2024.105775,44,3,0.00857,0.01804909896919846
row-0001625,doi::10.1016/j.proci.2024.105775,44,3,0.01036,0.01017124780199888
row-0001626,doi::10.1016/j.proci.2024.105775,44,3,0.01209,0.009807557812732114
row-0001627,doi::10.1016/j.proci.2024.105775,44,3,0.00832,0.01817797613922937
row-0001628,doi::10.1016/j.proci.2024.105775,44,3,0.01008,0.01017124780199888
row-0001629,doi::10.1016/j.proci.2024.105775,44,3,0.01203,0.009809363808207228
row-0001630,doi::10.1016/j.proci.2024.105775,44,3,0.0081,0.018215031175532245
row-0001631,doi::10.1016/j.proci.2024.105775,44,3,0.01014,0.010197528212150824
row-0001632,doi::10.1016/j.proci.2024.105775,44,3,0.01181,0.00983566703999744
row-0001633,doi::10.1016/j.proci.2024.105775,44,3,0.00801,0.018220255526181596
row-0001634,doi::10.1016/j.proci.2024.105775,44,3,0.00955,0.010227011058000626
row-0001635,doi::10.1016/j.proci.2024.105775,44,3,0.01153,0.010139068996480602
row-0001636,doi::10.1016/j.proci.2024.105775,44,3,0.00792,0.01818492653131774
row-0001637,doi::10.1016/j.proci.2024.105775,44,3,0.00886,0.010240962854835368
row-0001638,doi::10.1016/j.proci.2024.105775,44,3,0.01122,0.01029303299504725
row-0001639,doi::10.1016/j.proci.2024.105775,44,3,0.00767,0.018268934891135676
row-0001640,doi::10.1016/j.proci.2024.105775,44,3,0.00842,0.01028414464753828
row-0001641,doi::10.1016/j.proci.2024.105775,44,3,0.01031,0.01041188940013236
row-0002608,doi::10.1016/j.combustflame.2009.01.015,44,3,0.00088,0.006928473106787391
row-0002609,doi::10.1016/j.combustflame.2009.01.015,44,3,0.00083,0.006928473106787391
row-0002610,doi::10.1016/j.combustflame.2009.01.015,44,3,0.00072,0.006928473106787391
row-0002611,doi::10.1016/j.combustflame.2009.01.015,44,3,0.00065,0.006928473106787391
row-0002612,doi::10.1016/j.combustflame.2009.01.015,44,3,0.0006,0.006928473106787391
row-0002613,doi::10.1016/j.combustflame.2009.01.015,44,3,0.00082,0.006503279747234879
row-0002614,doi::10.1016/j.combustflame.2009.01.015,44,3,0.00076,0.006503279747234879
row-0002615,doi::10.1016/j.combustflame.2009.01.015,44,3,0.0013,0.0065745666181370455
row-0002616,doi::10.1016/j.combustflame.2009.01.015,44,3,0.0012,0.0065745666181370455
row-0002617,doi::10.1016/j.combustflame.2009.01.015,44,3,0.0011,0.0065745666181370455
row-0002619,doi::10.1016/j.combustflame.2009.01.015,44,3,0.00098,0.0065745666181370455
row-0002620,doi::10.1016/j.combustflame.2009.01.015,44,3,0.00093,0.006568364103583754
row-0002621,doi::10.1016/j.combustflame.2009.01.015,44,3,0.00086,0.006568364103583754
row-0002622,doi::10.1016/j.combustflame.2009.01.015,44,3,0.00083,0.006568364103583754
row-0002623,doi::10.1016/j.combustflame.2009.01.015,44,3,0.0014,0.006599801052878964
row-0002624,doi::10.1016/j.combustflame.2009.01.015,44,3,0.0012,0.006599801052878964
row-0002625,doi::10.1016/j.combustflame.2009.01.015,44,3,0.0011,0.006599801052878964
row-0002626,doi::10.1016/j.combustflame.2009.01.015,44,3,0.001,0.006599801052878964
row-0002627,doi::10.1016/j.combustflame.2009.01.015,44,3,0.00088,0.006599801052878964
row-0002628,doi::10.1016/j.combustflame.2009.01.015,44,3,0.0011,0.006395249203906737
row-0002629,doi::10.1016/j.combustflame.2009.01.015,44,3,0.00092,0.006395249203906737
row-0002630,doi::10.1016/j.combustflame.2009.01.015,44,3,0.00072,0.006395249203906737
row-0002631,doi::10.1016/j.combustflame.2009.01.015,44,3,0.0027,0.006136188749692529
row-0002632,doi::10.1016/j.combustflame.2009.01.015,44,3,0.0025,0.006129906028457524
row-0002633,doi::10.1016/j.combustflame.2009.01.015,44,3,0.0024,0.006129906028457524
row-0002634,doi::10.1016/j.combustflame.2009.01.015,44,3,0.0026,0.005937502854055013
row-0002636,doi::10.1016/j.combustflame.2009.01.015,44,3,0.0024,0.006132581493521177
row-0002637,doi::10.1016/j.combustflame.2009.01.015,44,3,0.0023,0.006132581493521177
row-0002638,doi::10.1016/j.combustflame.2009.01.015,44,3,0.0006,0.008934346908105288
row-0002639,doi::10.1016/j.combustflame.2009.01.015,44,3,0.001,0.00904593789712679
row-0002640,doi::10.1016/j.combustflame.2009.01.015,44,3,0.00042,0.009101736280633802
row-0002641,doi::10.1016/j.combustflame.2009.01.015,44,3,0.00015,0.006922760677674556
row-0002642,doi::10.1016/j.combustflame.2009.01.015,44,3,0.0,0.006922760677674556
row-0002643,doi::10.1016/j.combustflame.2009.01.015,44,3,0.00082,0.00696255477592588
row-0002644,doi::10.1016/j.combustflame.2009.01.015,44,3,1e-05,0.006996806300144119
row-0002645,doi::10.1016/j.combustflame.2009.01.015,44,3,0.00086,0.007039213474512182
row-0002646,doi::10.1016/j.combustflame.2009.01.015,44,3,0.0008,0.007039213474512182
row-0002647,doi::10.1016/j.combustflame.2009.01.015,44,3,0.00072,0.007039213474512182
row-0002648,doi::10.1016/j.combustflame.2009.01.015,44,3,0.0014,0.0068378469031437576
row-0002649,doi::10.1016/j.combustflame.2009.01.015,44,3,0.00089,0.0068378469031437576
row-0002650,doi::10.1016/j.combustflame.2009.01.015,44,3,0.00063,0.0068378469031437576
row-0002651,doi::10.1016/j.combustflame.2009.01.015,44,3,0.00062,0.0068378469031437576
row-0002652,doi::10.1016/j.combustflame.2009.01.015,44,3,0.00061,0.006793847266527601
row-0002653,doi::10.1016/j.combustflame.2009.01.015,44,3,0.0011,0.006952983557541783
row-0002655,doi::10.1016/j.combustflame.2009.01.015,44,3,0.00098,0.006952983557541783
row-0002656,doi::10.1016/j.combustflame.2009.01.015,44,3,0.00094,0.006952983557541783
row-0002657,doi::10.1016/j.combustflame.2009.01.015,44,3,0.00086,0.006952983557541783
row-0002658,doi::10.1016/j.combustflame.2009.01.015,44,3,0.00073,0.006952983557541783
row-0002659,doi::10.1016/j.combustflame.2009.01.015,44,3,0.00069,0.00696140655505117
row-0002660,doi::10.1016/j.combustflame.2009.01.015,44,3,0.00055,0.006952983557541783
row-0002661,doi::10.1016/j.combustflame.2009.01.015,44,3,0.00093,0.00696140655505117
row-0002662,doi::10.1016/j.combustflame.2009.01.015,44,3,0.0011,0.006611890342452051
row-0002663,doi::10.1016/j.combustflame.2009.01.015,44,3,0.0024,0.006468682568170315
row-0002973,doi::10.1016/j.combustflame.2009.01.015,44,3,0.026,0.016450611075954875
row-0002974,doi::10.1016/j.combustflame.2009.01.015,44,3,0.014,0.01607099234952931
row-0002975,doi::10.1016/j.combustflame.2009.01.015,44,3,0.013,0.0160044880773359
row-0002976,doi::10.1016/j.combustflame.2009.01.015,44,3,0.011,0.014948747287697468
row-0002977,doi::10.1016/j.combustflame.2009.01.015,44,3,0.0086,0.01502225511180975
row-0002978,doi::10.1016/j.combustflame.2009.01.015,44,3,0.0086,0.014424376201652456
row-0002979,doi::10.1016/j.combustflame.2009.01.015,44,3,0.0077,0.014324614660507296
row-0002980,doi::10.1016/j.combustflame.2009.01.015,44,3,0.005,0.014199633884518073
row-0002981,doi::10.1016/j.combustflame.2009.01.015,44,3,0.012,0.016806985660192297
row-0002982,doi::10.1016/j.combustflame.2009.01.015,44,3,0.01,0.0168160456601923
row-0002983,doi::10.1016/j.combustflame.2009.01.015,44,3,0.011,0.01414956723487516
row-0002984,doi::10.1016/j.combustflame.2009.01.015,44,3,0.021,0.018859882674108035
row-0002985,doi::10.1016/j.combustflame.2009.01.015,44,3,0.024,0.019166992007978438
row-0002986,doi::10.1016/j.combustflame.2009.01.015,44,3,0.023,0.03530594502988361
row-0002987,doi::10.1016/j.combustflame.2009.01.015,44,3,0.024,0.07146128840999927
row-0002988,doi::10.1016/j.combustflame.2009.01.015,44,3,0.022,0.0219813796774351
row-0002990,doi::10.1016/j.combustflame.2009.01.015,44,3,0.023,0.02723991099531379
row-0002991,doi::10.1016/j.combustflame.2009.01.015,44,3,0.026,0.021686399370770243
row-0002992,doi::10.1016/j.combustflame.2009.01.015,44,3,0.028,0.026380149923357455
row-0002993,doi::10.1016/j.combustflame.2009.01.015,44,3,0.034,0.021820191559340715
row-0002994,doi::10.1016/j.combustflame.2009.01.015,44,3,0.034,0.02467781667794121
row-0002995,doi::10.1016/j.combustflame.2009.01.015,44,3,0.01,0.006586164252394606
row-0002996,doi::10.1016/j.combustflame.2009.01.015,44,3,0.0071,0.006586164252394606
row-0002997,doi::10.1016/j.combustflame.2009.01.015,44,3,0.0047,0.006586164252394606
row-0002998,doi::10.1016/j.combustflame.2009.01.015,44,3,0.0042,0.006586164252394606
row-0002999,doi::10.1016/j.combustflame.2009.01.015,44,3,0.013,0.006586164252394606
row-0003000,doi::10.1016/j.combustflame.2009.01.015,44,3,0.015,0.006757836262606999
row-0003001,doi::10.1016/j.combustflame.2009.01.015,44,3,0.0093,0.006757836262606999
row-0003002,doi::10.1016/j.combustflame.2009.01.015,44,3,0.017,0.006757836262606999
row-0003003,doi::10.1016/j.combustflame.2009.01.015,44,3,0.055,0.010417515383920982
row-0003004,doi::10.1016/j.combustflame.2009.01.015,44,3,0.0074,0.006462451701777638
row-0003005,doi::10.1016/j.combustflame.2009.01.015,44,3,0.011,0.006462451701777638
row-0003006,doi::10.1016/j.combustflame.2009.01.015,44,3,0.011,0.006615107194231101
row-0003007,doi::10.1016/j.combustflame.2009.01.015,44,3,0.011,0.006615107194231101
row-0003008,doi::10.1016/j.combustflame.2009.01.015,44,3,0.021,0.006615107194231101
row-0003009,doi::10.1016/j.combustflame.2009.01.015,44,3,0.028,0.006615107194231101
row-0003010,doi::10.1016/j.combustflame.2009.01.015,44,3,0.027,0.006678134571114991
row-0003011,doi::10.1016/j.combustflame.2009.01.015,44,3,0.037,0.006701460063551966
row-0003012,doi::10.1016/j.combustflame.2009.01.015,44,3,0.036,0.006643057063551966
row-0003013,doi::10.1016/j.combustflame.2009.01.015,44,3,0.042,0.008675089878388255
row-0003014,doi::10.1016/j.combustflame.2009.01.015,44,3,0.061,0.010096240469620698
row-0003015,doi::10.1016/j.combustflame.2009.01.015,44,3,0.013,0.005854389974509135
row-0003016,doi::10.1016/j.combustflame.2009.01.015,44,3,0.014,0.005978979441933532
row-0003017,doi::10.1016/j.combustflame.2009.01.015,44,3,0.023,0.006052764319982922
row-0003018,doi::10.1016/j.combustflame.2009.01.015,44,3,0.027,0.006052764319982922
row-0003019,doi::10.1016/j.combustflame.2009.01.015,44,3,0.034,0.006076089812419897
row-0003020,doi::10.1016/j.combustflame.2009.01.015,44,3,0.052,0.008028692532499559
row-0003021,doi::10.1016/j.combustflame.2009.01.015,44,3,0.022,0.005990523976066067
row-0003022,doi::10.1016/j.combustflame.2009.01.015,44,3,0.021,0.006016389343651698
row-0003023,doi::10.1016/j.combustflame.2009.01.015,44,3,0.026,0.006088203544064998
row-0003024,doi::10.1016/j.combustflame.2009.01.015,44,3,0.03,0.006116126703168641
row-0003025,doi::10.1016/j.combustflame.2009.01.015,44,3,0.031,0.00810959330160222
row-0003095,doi::10.1080/00102200490276773,44,3,0.0019,0.0009051915362190473
row-0003096,doi::10.1080/00102200490276773,44,3,0.0032,0.0008586096751098245
row-0003097,doi::10.1080/00102200490276773,44,3,0.0045,0.0008961730378376163
row-0003098,doi::10.1080/00102200490276773,44,3,0.012,0.013589892728029098
row-0003099,doi::10.1080/00102200490276773,44,3,0.012,0.013490375852711494
row-0003100,doi::10.1080/00102200490276773,44,3,0.012,0.013494975141927181
row-0003101,doi::10.1080/00102200490276773,44,3,0.012,0.013494975141927181
row-0003102,doi::10.1080/00102200490276773,44,3,0.013,0.013494975141927181
row-0003103,doi::10.1080/00102200490276773,44,3,0.014,0.013494975141927181
row-0003104,doi::10.1080/00102200490276773,44,3,0.014,0.013494975141927181
row-0003105,doi::10.1080/00102200490276773,44,3,0.015,0.013494975141927181
row-0003106,doi::10.1080/00102200490276773,44,3,0.016,0.013494975141927181
row-0003107,doi::10.1080/00102200490276773,44,3,0.017,0.013494975141927181
row-0003108,doi::10.1080/00102200490276773,44,3,0.018,0.013494975141927181
row-0003109,doi::10.1080/00102200490276773,44,3,0.019,0.013494975141927181
row-0003110,doi::10.1080/00102200490276773,44,3,0.02,0.013494975141927181
row-0003111,doi::10.1080/00102200490276773,44,3,0.022,0.013494975141927181
row-0003112,doi::10.1080/00102200490276773,44,3,0.024,0.013494975141927181
row-0003113,doi::10.1080/00102200490276773,44,3,0.026,0.013494975141927181
row-0003114,doi::10.1080/00102200490276773,44,3,0.027,0.013494975141927181
row-0003115,doi::10.1080/00102200490276773,44,3,0.028,0.013494975141927181
row-0003116,doi::10.1080/00102200490276773,44,3,0.026,0.013494975141927181
row-0003117,doi::10.1080/00102200490276773,44,3,0.024,0.013494975141927181
row-0003118,doi::10.1080/00102200490276773,44,3,0.02,0.013494975141927181
row-0003119,doi::10.1080/00102200490276773,44,3,0.016,0.013494975141927181
row-0003120,doi::10.1080/00102200490276773,44,3,0.013,0.013494975141927181
row-0003121,doi::10.1080/00102200490276773,44,3,0.011,0.013494975141927181
row-0003122,doi::10.1080/00102200490276773,44,3,0.022,0.025245559226710824
row-0003123,doi::10.1080/00102200490276773,44,3,0.023,0.025208688048076654
row-0003124,doi::10.1080/00102200490276773,44,3,0.023,0.025208688048076654
row-0003125,doi::10.1080/00102200490276773,44,3,0.023,0.025208688048076654
row-0003126,doi::10.1080/00102200490276773,44,3,0.023,0.025208688048076654
row-0003127,doi::10.1080/00102200490276773,44,3,0.024,0.025208688048076654
row-0003128,doi::10.1080/00102200490276773,44,3,0.025,0.025208688048076654
row-0003129,doi::10.1080/00102200490276773,44,3,0.025,0.025208688048076654
row-0003130,doi::10.1080/00102200490276773,44,3,0.027,0.025208688048076654
row-0003131,doi::10.1080/00102200490276773,44,3,0.03,0.025208688048076654
row-0003132,doi::10.1080/00102200490276773,44,3,0.031,0.025208688048076654
row-0003133,doi::10.1080/00102200490276773,44,3,0.032,0.025208688048076654
row-0003134,doi::10.1080/00102200490276773,44,3,0.034,0.025208688048076654
row-0003135,doi::10.1080/00102200490276773,44,3,0.036,0.025208688048076654
row-0003136,doi::10.1080/00102200490276773,44,3,0.039,0.025208688048076654
row-0003137,doi::10.1080/00102200490276773,44,3,0.045,0.025208688048076654
row-0003138,doi::10.1080/00102200490276773,44,3,0.051,0.025208688048076654
row-0003139,doi::10.1080/00102200490276773,44,3,0.056,0.025208688048076654
row-0003140,doi::10.1080/00102200490276773,44,3,0.059,0.025208688048076654
row-0003141,doi::10.1080/00102200490276773,44,3,0.062,0.025208688048076654
row-0003142,doi::10.1080/00102200490276773,44,3,0.062,0.025208688048076654
row-0003143,doi::10.1080/00102200490276773,44,3,0.062,0.025208688048076654
row-0003144,doi::10.1080/00102200490276773,44,3,0.059,0.025208688048076654
row-0003145,doi::10.1080/00102200490276773,44,3,0.05,0.025208688048076654
row-0003146,doi::10.1080/00102200490276773,44,3,0.043,0.025208688048076654
row-0003147,doi::10.1080/00102200490276773,44,3,0.031,0.025208688048076654
row-0003148,doi::10.1080/00102200490276773,44,3,0.004,0.02203512846150073
row-0003196,doi::10.1016/j.combustflame.2022.112009,44,3,0.0013,0.008444226119854426
row-0003197,doi::10.1016/j.combustflame.2022.112009,44,3,0.0012,0.008444226119854426
row-0003198,doi::10.1016/j.combustflame.2022.112009,44,3,0.0013,0.008560882503215465
row-0003199,doi::10.1016/j.combustflame.2022.112009,44,3,0.0012,0.008560882503215465
row-0003200,doi::10.1016/j.combustflame.2022.112009,44,3,0.0014,0.008560882503215465
row-0003201,doi::10.1016/j.combustflame.2022.112009,44,3,0.0013,0.008560882503215465
row-0003202,doi::10.1016/j.combustflame.2022.112009,44,3,0.0013,0.008560882503215465
row-0003203,doi::10.1016/j.combustflame.2022.112009,44,3,0.0014,0.008560882503215465
row-0003204,doi::10.1016/j.combustflame.2022.112009,44,3,0.0013,0.008560882503215465
row-0003205,doi::10.1016/j.combustflame.2022.112009,44,3,0.0012,0.008560882503215465
row-0003206,doi::10.1016/j.combustflame.2022.112009,44,3,0.0014,0.008560882503215465
row-0003207,doi::10.1016/j.combustflame.2022.112009,44,3,0.0014,0.008560882503215465
row-0003210,doi::10.1016/j.combustflame.2022.112009,44,3,0.0011,0.008444226119854426
row-0003211,doi::10.1016/j.combustflame.2022.112009,44,3,0.001,0.008560882503215465
row-0003212,doi::10.1016/j.combustflame.2022.112009,44,3,0.0012,0.008560882503215465
row-0003213,doi::10.1016/j.combustflame.2022.112009,44,3,0.0011,0.008560882503215465
row-0003214,doi::10.1016/j.combustflame.2022.112009,44,3,0.0012,0.008560882503215465
row-0003215,doi::10.1016/j.combustflame.2022.112009,44,3,0.0013,0.008560882503215465
row-0003216,doi::10.1016/j.combustflame.2022.112009,44,3,0.0013,0.008560882503215465
row-0003217,doi::10.1016/j.combustflame.2022.112009,44,3,0.001,0.008560882503215465
row-0003219,doi::10.1016/j.combustflame.2022.112009,44,3,0.00068,0.008398413608811555
row-0003220,doi::10.1016/j.combustflame.2022.112009,44,3,0.00068,0.008515256497808666
row-0003221,doi::10.1016/j.combustflame.2022.112009,44,3,0.0007,0.008515256497808666
row-0003222,doi::10.1016/j.combustflame.2022.112009,44,3,0.00071,0.008515256497808666
row-0003223,doi::10.1016/j.combustflame.2022.112009,44,3,0.00079,0.008515256497808666
row-0003224,doi::10.1016/j.combustflame.2022.112009,44,3,0.00085,0.008515256497808666
row-0003227,doi::10.1016/j.combustflame.2022.112009,44,3,0.0005,0.008316569811008426
row-0003228,doi::10.1016/j.combustflame.2022.112009,44,3,0.00036,0.008316569811008426
row-0003229,doi::10.1016/j.combustflame.2022.112009,44,3,0.00039,0.008434577394775706
row-0003230,doi::10.1016/j.combustflame.2022.112009,44,3,0.00044,0.008434577394775706
row-0003231,doi::10.1016/j.combustflame.2022.112009,44,3,0.00048,0.008434577394775706
row-0003232,doi::10.1016/j.combustflame.2022.112009,44,3,0.00045,0.008434577394775706
row-0003233,doi::10.1016/j.combustflame.2022.112009,44,3,0.00052,0.008434577394775706
row-0003234,doi::10.1016/j.combustflame.2022.112009,44,3,0.00055,0.008434577394775706
row-0003235,doi::10.1016/j.combustflame.2022.112009,44,3,0.00048,0.008434577394775706
row-0003236,doi::10.1016/j.combustflame.2022.112009,44,3,0.00044,0.008434577394775706
row-0003244,doi::10.1016/j.combustflame.2022.112009,44,3,0.0066,0.03282799572203242
row-0003245,doi::10.1016/j.combustflame.2022.112009,44,3,0.006,0.03282799572203242
row-0003246,doi::10.1016/j.combustflame.2022.112009,44,3,0.0054,0.03282799572203242
row-0003247,doi::10.1016/j.combustflame.2022.112009,44,3,0.0053,0.03282799572203242
row-0003248,doi::10.1016/j.combustflame.2022.112009,44,3,0.008,0.03282799572203242
row-0003249,doi::10.1016/j.combustflame.2022.112009,44,3,0.011,0.03282799572203242
row-0003250,doi::10.1016/j.combustflame.2022.112009,44,3,0.012,0.03282799572203242
row-0003258,doi::10.1016/j.combustflame.2022.112009,44,3,0.0033,0.03279333002271514
row-0003259,doi::10.1016/j.combustflame.2022.112009,44,3,0.0037,0.03279333002271514
row-0003442,citation::s nchez tarifa c and m rodr guez combustion and flammability characteristics of solids at microgravity in very small velocity flows second european symposium on utilisation of the international space station nov 1998,44,3,0.0001,0.0005517672788088549
row-0003443,citation::s nchez tarifa c and m rodr guez combustion and flammability characteristics of solids at microgravity in very small velocity flows second european symposium on utilisation of the international space station nov 1998,44,3,0.0002,0.0005536482496861109
row-0003444,citation::s nchez tarifa c and m rodr guez combustion and flammability characteristics of solids at microgravity in very small velocity flows second european symposium on utilisation of the international space station nov 1998,44,3,0.00115,0.0007473890560479768
row-0003445,citation::s nchez tarifa c and m rodr guez combustion and flammability characteristics of solids at microgravity in very small velocity flows second european symposium on utilisation of the international space station nov 1998,44,3,0.0006,0.0006952527347257739
row-0003446,citation::s nchez tarifa c and m rodr guez combustion and flammability characteristics of solids at microgravity in very small velocity flows second european symposium on utilisation of the international space station nov 1998,44,3,0.0011,0.0006985116629186739
row-0003447,citation::s nchez tarifa c and m rodr guez combustion and flammability characteristics of solids at microgravity in very small velocity flows second european symposium on utilisation of the international space station nov 1998,44,3,0.0016,0.008808696555246843
row-0003448,citation::s nchez tarifa c and m rodr guez combustion and flammability characteristics of solids at microgravity in very small velocity flows second european symposium on utilisation of the international space station nov 1998,44,3,0.0028,0.012659425042503393
row-0003449,citation::s nchez tarifa c and m rodr guez combustion and flammability characteristics of solids at microgravity in very small velocity flows second european symposium on utilisation of the international space station nov 1998,44,3,0.0016,0.012069809954866423
row-0003450,citation::s nchez tarifa c and m rodr guez combustion and flammability characteristics of solids at microgravity in very small velocity flows second european symposium on utilisation of the international space station nov 1998,44,3,0.0017,0.012063564212102083
row-0003451,citation::s nchez tarifa c and m rodr guez combustion and flammability characteristics of solids at microgravity in very small velocity flows second european symposium on utilisation of the international space station nov 1998,44,3,0.0019,0.014462941081525758
row-0003452,citation::s nchez tarifa c and m rodr guez combustion and flammability characteristics of solids at microgravity in very small velocity flows second european symposium on utilisation of the international space station nov 1998,44,3,0.0018,0.014626680104889645
row-0003453,citation::s nchez tarifa c and m rodr guez combustion and flammability characteristics of solids at microgravity in very small velocity flows second european symposium on utilisation of the international space station nov 1998,44,3,0.0056,0.01849544862063929
row-0003454,citation::s nchez tarifa c and m rodr guez combustion and flammability characteristics of solids at microgravity in very small velocity flows second european symposium on utilisation of the international space station nov 1998,44,3,0.0029,0.017850080144662068
row-0005033,doi::10.1007/s12217-022-09945-4,44,3,0.0162,0.013560278580507998
row-0005034,doi::10.1007/s12217-022-09945-4,44,3,0.0149,0.0137016801160151
row-0005035,doi::10.1007/s12217-022-09945-4,44,3,0.0128,0.013718258735754102
row-0005036,doi::10.1007/s12217-022-09945-4,44,3,0.0125,0.014230932403970562
row-0005037,doi::10.1007/s12217-022-09945-4,44,3,0.0108,0.014372333939477669
row-0005038,doi::10.1007/s12217-022-09945-4,44,3,0.0095,0.014410525892550003
row-0005039,doi::10.1007/s12217-022-09945-4,44,3,0.0075,0.014388912559216671
row-0005040,doi::10.1007/s12217-022-09945-4,44,3,0.0065,0.012652585972631795
row-0005041,doi::10.1007/s12217-022-09945-4,44,3,0.003,0.005882387880021619
row-0005042,doi::10.1007/s12217-022-09945-4,44,3,0.0025,0.0041098849729568265
row-0005043,doi::10.1007/s12217-022-09945-4,44,3,0.002,0.002243544349794685
row-0000133,doi::10.1016/j.proci.2016.06.025,44,4,0.0004,0.0015111863034320107
row-0000134,doi::10.1016/j.proci.2016.06.025,44,4,0.0017,0.0015453447289507558
row-0000135,doi::10.1016/j.proci.2016.06.025,44,4,0.0019,0.0017223483918666653
row-0000136,doi::10.1016/j.proci.2016.06.025,44,4,0.002,0.0017975078965256992
row-0000137,doi::10.1016/j.proci.2016.06.025,44,4,0.0021,0.001869399279180288
row-0000138,doi::10.1016/j.proci.2016.06.025,44,4,0.002,0.001871710256623897
row-0000139,doi::10.1016/j.proci.2016.06.025,44,4,0.00195,0.0018692368378204782
row-0000140,doi::10.1016/j.proci.2016.06.025,44,4,0.0017,0.0018676236565949242
row-0000141,doi::10.1016/j.proci.2016.06.025,44,4,0.0012,0.0018621594591257268
row-0000142,doi::10.1016/j.proci.2016.06.025,44,4,0.0007,0.0018621594591257268
row-0000143,doi::10.1016/j.proci.2016.06.025,44,4,0.0004,0.0011417408650660466
row-0000144,doi::10.1016/j.proci.2016.06.025,44,4,0.001,0.0011671895816456536
row-0000145,doi::10.1016/j.proci.2016.06.025,44,4,0.0011,0.001294468388292596
row-0000146,doi::10.1016/j.proci.2016.06.025,44,4,0.0013,0.0013551485069974146
row-0000147,doi::10.1016/j.proci.2016.06.025,44,4,0.00135,0.001424052933684349
row-0000148,doi::10.1016/j.proci.2016.06.025,44,4,0.00145,0.001424052933684349
row-0000149,doi::10.1016/j.proci.2016.06.025,44,4,0.0014,0.0014215795148809303
row-0000150,doi::10.1016/j.proci.2016.06.025,44,4,0.0011,0.001419966333655376
row-0000151,doi::10.1016/j.proci.2016.06.025,44,4,0.0009,0.0014145021361861786
row-0000152,doi::10.1016/j.proci.2016.06.025,44,4,0.0007,0.0014145021361861786
row-0000266,doi::10.5802/crmeca.149,44,4,0.0011,0.0016022185247368866
row-0000267,doi::10.5802/crmeca.149,44,4,0.00125,0.0016180428937607625
row-0000268,doi::10.5802/crmeca.149,44,4,0.0014,0.001826851854477362
row-0000269,doi::10.5802/crmeca.149,44,4,0.0015,0.0019193481489955882
row-0000270,doi::10.5802/crmeca.149,44,4,0.00145,0.0016197899843908915
row-0000272,doi::10.5802/crmeca.149,44,4,0.0009,0.000889886783202147
row-0000273,doi::10.5802/crmeca.149,44,4,0.0016,0.0016356143534147676
row-0000274,doi::10.5802/crmeca.149,44,4,0.0013,0.0016180428937607625
row-0000275,doi::10.5802/crmeca.149,44,4,0.0009,0.0009582082057868235
row-0000276,doi::10.5802/crmeca.149,44,4,0.0018,0.0019098893033994977
row-0000278,doi::10.5802/crmeca.149,44,4,0.0012,0.0011092457171208705
row-0000279,doi::10.5802/crmeca.149,44,4,0.00195,0.0019984044793076353
row-0000281,doi::10.5802/crmeca.149,44,4,0.0013,0.001133225489934565
row-0000282,doi::10.5802/crmeca.149,44,4,0.00115,0.0016239361558037122
row-0000283,doi::10.5802/crmeca.149,44,4,0.00112,0.0016022185247368866
row-0000284,doi::10.5802/crmeca.149,44,4,0.00107,0.0017379777288791846
row-0000285,doi::10.5802/crmeca.149,44,4,0.00127,0.0016448130146800473
row-0000286,doi::10.5802/crmeca.149,44,4,0.00126,0.0016180428937607625
row-0000287,doi::10.5802/crmeca.149,44,4,0.00116,0.0017495253118241197
row-0000288,doi::10.5802/crmeca.149,44,4,0.00137,0.0016582921614708005
row-0000289,doi::10.5802/crmeca.149,44,4,0.00137,0.001826851854477362
row-0000290,doi::10.5802/crmeca.149,44,4,0.00136,0.0017565405374391255
row-0000291,doi::10.5802/crmeca.149,44,4,0.0015,0.0017749163876710045
row-0000292,doi::10.5802/crmeca.149,44,4,0.0014,0.0019193481489955882
row-0000293,doi::10.5802/crmeca.149,44,4,0.00137,0.0018505088162925234
row-0000340,citation::ferkul paul v an experimental study of opposed flow diffusion flame extinction over a thin fuel in 0 nasa cr 182185 1989,44,4,0.0087,0.009172326211395696
row-0000341,citation::ferkul paul v an experimental study of opposed flow diffusion flame extinction over a thin fuel in 0 nasa cr 182185 1989,44,4,0.0064,0.008945382340828489
row-0000342,citation::ferkul paul v an experimental study of opposed flow diffusion flame extinction over a thin fuel in 0 nasa cr 182185 1989,44,4,0.004,0.007838190738324275
row-0000343,citation::ferkul paul v an experimental study of opposed flow diffusion flame extinction over a thin fuel in 0 nasa cr 182185 1989,44,4,0.0035,0.007384475366329347
row-0000344,citation::ferkul paul v an experimental study of opposed flow diffusion flame extinction over a thin fuel in 0 nasa cr 182185 1989,44,4,0.0036,0.006990180410806196
row-0000345,citation::ferkul paul v an experimental study of opposed flow diffusion flame extinction over a thin fuel in 0 nasa cr 182185 1989,44,4,0.0027,0.006773223514607846
row-0000346,citation::ferkul paul v an experimental study of opposed flow diffusion flame extinction over a thin fuel in 0 nasa cr 182185 1989,44,4,0.0021,0.006802252543809783
row-0000348,citation::ferkul paul v an experimental study of opposed flow diffusion flame extinction over a thin fuel in 0 nasa cr 182185 1989,44,4,0.0019,0.006963518728496282
row-0000453,doi::10.1016/j.combustflame.2020.07.044,44,4,0.00145,0.0016414275297818135
row-0000454,doi::10.1016/j.combustflame.2020.07.044,44,4,0.00124,0.0016067151375499706
row-0000455,doi::10.1016/j.combustflame.2020.07.044,44,4,0.00129,0.001888683302415846
row-0000456,doi::10.1016/j.combustflame.2020.07.044,44,4,0.00127,0.001746172255818684
row-0000457,doi::10.1016/j.combustflame.2020.07.044,44,4,0.00136,0.001746172255818684
row-0000458,doi::10.1016/j.combustflame.2020.07.044,44,4,0.00122,0.0017461568146422135
row-0000459,doi::10.1016/j.combustflame.2020.07.044,44,4,0.0012,0.0017462251737753402
row-0000460,doi::10.1016/j.combustflame.2020.07.044,44,4,0.00123,0.0017462251737753402
row-0000461,doi::10.1016/j.combustflame.2020.07.044,44,4,0.00171,0.0017206554296128732
row-0000462,doi::10.1016/j.combustflame.2020.07.044,44,4,0.00146,0.0016678550643492009
row-0000463,doi::10.1016/j.combustflame.2020.07.044,44,4,0.00139,0.0016489843955668348
row-0000464,doi::10.1016/j.combustflame.2020.07.044,44,4,0.00123,0.0016353603291872885
row-0000465,doi::10.1016/j.combustflame.2020.07.044,44,4,0.00137,0.001638092708194525
row-0000466,doi::10.1016/j.combustflame.2020.07.044,44,4,0.00135,0.001711480822139816
row-0000467,doi::10.1016/j.combustflame.2020.07.044,44,4,0.00129,0.0017589208845152531
row-0000468,doi::10.1016/j.combustflame.2020.07.044,44,4,0.00134,0.0017589208845152531
row-0000469,doi::10.1016/j.combustflame.2020.07.044,44,4,0.0013,0.0017577198387636187
row-0000470,doi::10.1016/j.combustflame.2020.07.044,44,4,0.00135,0.0017577043975871482
row-0000471,doi::10.1016/j.combustflame.2020.07.044,44,4,0.00121,0.0017577727567202753
row-0000472,doi::10.1016/j.combustflame.2020.07.044,44,4,0.00149,0.0017140981136664407
row-0000473,doi::10.1016/j.combustflame.2020.07.044,44,4,0.00154,0.0016634324683097149
row-0000474,doi::10.1016/j.combustflame.2020.07.044,44,4,0.00135,0.0016638950315294673
row-0000475,doi::10.1016/j.combustflame.2020.07.044,44,4,0.00131,0.0016683928939903374
row-0000476,doi::10.1016/j.combustflame.2020.07.044,44,4,0.00133,0.0016681902108212526
row-0000477,doi::10.1016/j.combustflame.2020.07.044,44,4,0.00131,0.0017695539134199739
row-0000478,doi::10.1016/j.combustflame.2020.07.044,44,4,0.00167,0.0018767199060992594
row-0000479,doi::10.1016/j.combustflame.2020.07.044,44,4,0.00165,0.0017769131731605059
row-0000480,doi::10.1016/j.combustflame.2020.07.044,44,4,0.00154,0.001777382798828955
row-0000481,doi::10.1016/j.combustflame.2020.07.044,44,4,0.0014,0.0017791530024802774
row-0000482,doi::10.1016/j.combustflame.2020.07.044,44,4,0.00108,0.0016239361558037122
row-0000483,doi::10.1016/j.combustflame.2020.07.044,44,4,0.00111,0.0015896168865241753
row-0000484,doi::10.1016/j.combustflame.2020.07.044,44,4,0.00119,0.0017360203652083725
row-0000485,doi::10.1016/j.combustflame.2020.07.044,44,4,0.00131,0.0018781172951984546
row-0000486,doi::10.1016/j.combustflame.2020.07.044,44,4,0.00115,0.0017379777288791846
row-0000487,doi::10.1016/j.combustflame.2020.07.044,44,4,0.00111,0.0017379777288791846
row-0000488,doi::10.1016/j.combustflame.2020.07.044,44,4,0.00106,0.0017380460880123117
row-0000489,doi::10.1016/j.combustflame.2020.07.044,44,4,0.00131,0.001680953318652157
row-0000490,doi::10.1016/j.combustflame.2020.07.044,44,4,0.00136,0.0016448130146800473
row-0000491,doi::10.1016/j.combustflame.2020.07.044,44,4,0.0012,0.0016390954241573949
row-0000492,doi::10.1016/j.combustflame.2020.07.044,44,4,0.00136,0.0016218925519110399
row-0000493,doi::10.1016/j.combustflame.2020.07.044,44,4,0.00126,0.001620413871088144
row-0000494,doi::10.1016/j.combustflame.2020.07.044,44,4,0.00135,0.00169916779678283
row-0000495,doi::10.1016/j.combustflame.2020.07.044,44,4,0.00122,0.0017487072898460976
row-0000496,doi::10.1016/j.combustflame.2020.07.044,44,4,0.00125,0.0017487072898460976
row-0000497,doi::10.1016/j.combustflame.2020.07.044,44,4,0.00126,0.0017487072898460976
row-0000498,doi::10.1016/j.combustflame.2020.07.044,44,4,0.00127,0.0017495253118241197
row-0000499,doi::10.1016/j.combustflame.2020.07.044,44,4,0.00125,0.0017495253118241197
row-0000500,doi::10.1016/j.combustflame.2020.07.044,44,4,0.00122,0.0017495936709572466
row-0000501,doi::10.1016/j.combustflame.2020.07.044,44,4,0.0014,0.0017119361987568997
row-0000502,doi::10.1016/j.combustflame.2020.07.044,44,4,0.00135,0.0016582921614708005
row-0000503,doi::10.1016/j.combustflame.2020.07.044,44,4,0.00143,0.0016306501523371988
row-0000504,doi::10.1016/j.combustflame.2020.07.044,44,4,0.00142,0.0016269142668776557
row-0000505,doi::10.1016/j.combustflame.2020.07.044,44,4,0.00142,0.0016314121293385258
row-0000506,doi::10.1016/j.combustflame.2020.07.044,44,4,0.00134,0.0016469016542909275
row-0000507,doi::10.1016/j.combustflame.2020.07.044,44,4,0.00137,0.0017565405374391255
row-0000508,doi::10.1016/j.combustflame.2020.07.044,44,4,0.00137,0.0017565405374391255
row-0000509,doi::10.1016/j.combustflame.2020.07.044,44,4,0.00153,0.0018257224148110498
row-0000510,doi::10.1016/j.combustflame.2020.07.044,44,4,0.00142,0.001774232159099576
row-0000511,doi::10.1016/j.combustflame.2020.07.044,44,4,0.00146,0.0017472043411424446
row-0000512,doi::10.1016/j.combustflame.2020.07.044,44,4,0.0014,0.0017476739668108939
row-0000513,doi::10.1016/j.combustflame.2020.07.044,44,4,0.00146,0.0017476739668108939
row-0000514,doi::10.1016/j.combustflame.2020.07.044,44,4,0.00146,0.0017591336234167771
row-0000515,doi::10.1016/j.combustflame.2020.07.044,44,4,0.00141,0.0018505088162925234
row-0000516,doi::10.1016/j.combustflame.2020.07.044,44,4,0.00131,0.0018505088162925234
row-0000517,doi::10.1016/j.combustflame.2020.07.044,44,4,0.00108,0.0016227196688756078
row-0000518,doi::10.1016/j.combustflame.2020.07.044,44,4,0.00111,0.001595515289713559
row-0000519,doi::10.1016/j.combustflame.2020.07.044,44,4,0.00123,0.0018759118006929604
row-0000520,doi::10.1016/j.combustflame.2020.07.044,44,4,0.00118,0.0017382824907839465
row-0000521,doi::10.1016/j.combustflame.2020.07.044,44,4,0.00112,0.0017382824907839465
row-0000522,doi::10.1016/j.combustflame.2020.07.044,44,4,0.00112,0.0017382824907839465
row-0000523,doi::10.1016/j.combustflame.2020.07.044,44,4,0.00111,0.0017383508499170734
row-0000524,doi::10.1016/j.combustflame.2020.07.044,44,4,0.00115,0.0017383508499170734
row-0000525,doi::10.1016/j.combustflame.2020.07.044,44,4,0.00134,0.001685209258791675
row-0000526,doi::10.1016/j.combustflame.2020.07.044,44,4,0.00137,0.0016830042001857268
row-0000527,doi::10.1016/j.combustflame.2020.07.044,44,4,0.00121,0.0016435965277519426
row-0000528,doi::10.1016/j.combustflame.2020.07.044,44,4,0.00119,0.0016282855913138832
row-0000529,doi::10.1016/j.combustflame.2020.07.044,44,4,0.00115,0.0016263122742775275
row-0000530,doi::10.1016/j.combustflame.2020.07.044,44,4,0.00127,0.001699985818760852
row-0000531,doi::10.1016/j.combustflame.2020.07.044,44,4,0.00132,0.0017498300737288815
row-0000532,doi::10.1016/j.combustflame.2020.07.044,44,4,0.00109,0.0017498300737288815
row-0000533,doi::10.1016/j.combustflame.2020.07.044,44,4,0.00118,0.0017498300737288815
row-0000534,doi::10.1016/j.combustflame.2020.07.044,44,4,0.00136,0.0016523541281781016
row-0000535,doi::10.1016/j.combustflame.2020.07.044,44,4,0.00133,0.0016325851671795365
row-0000536,doi::10.1016/j.combustflame.2020.07.044,44,4,0.00132,0.0016370830296404063
row-0000537,doi::10.1016/j.combustflame.2020.07.044,44,4,0.00127,0.0016512568211040747
row-0000538,doi::10.1016/j.combustflame.2020.07.044,44,4,0.00127,0.0017566802116245892
row-0000539,doi::10.1016/j.combustflame.2020.07.044,44,4,0.00129,0.0017566802116245892
row-0000540,doi::10.1016/j.combustflame.2020.07.044,44,4,0.00141,0.0018143708794892376
row-0000541,doi::10.1016/j.combustflame.2020.07.044,44,4,0.00141,0.0017680324906158792
row-0000542,doi::10.1016/j.combustflame.2020.07.044,44,4,0.00157,0.001749312735990531
row-0000543,doi::10.1016/j.combustflame.2020.07.044,44,4,0.00151,0.00174978236165898
row-0000553,doi::10.1016/j.proci.2018.06.022,44,4,0.00021,0.0006527389950373127
row-0000554,doi::10.1016/j.proci.2018.06.022,44,4,0.00024,0.0005084712277652943
row-0000555,doi::10.1016/j.proci.2018.06.022,44,4,0.00018,0.0005155415946950289
row-0000556,doi::10.1016/j.proci.2018.06.022,44,4,0.00015,0.0005079759226326937
row-0000557,doi::10.1016/j.proci.2018.06.022,44,4,4e-05,0.0005088709863902394
row-0000558,doi::10.1016/j.proci.2018.06.022,44,4,3e-05,0.0005088709863902394
row-0000559,doi::10.1016/j.proci.2018.06.022,44,4,3e-05,0.0005088709863902394
row-0000561,doi::10.1016/j.proci.2018.06.022,44,4,0.00013,0.00021793931167628095
row-0000562,doi::10.1016/j.proci.2018.06.022,44,4,0.00014,9.109670343373692e-05
row-0000563,doi::10.1016/j.proci.2018.06.022,44,4,0.00011,9.312501321180035e-05
row-0000564,doi::10.1016/j.proci.2018.06.022,44,4,9e-05,9.2392125926331e-05
row-0000565,doi::10.1016/j.proci.2018.06.022,44,4,8e-05,9.152380617789999e-05
row-0000566,doi::10.1016/j.proci.2018.06.022,44,4,5e-05,8.97512183380572e-05
row-0000567,doi::10.1016/j.proci.2018.06.022,44,4,3e-05,8.648142058227348e-05
row-0000568,doi::10.1016/j.proci.2018.06.022,44,4,2e-05,8.595845377557078e-05
row-0000569,doi::10.1016/j.proci.2018.06.022,44,4,2e-05,8.571340272719912e-05
row-0000570,doi::10.1016/j.proci.2018.06.022,44,4,1e-05,0.0001226985149690429
row-0000571,doi::10.1016/j.proci.2018.06.022,44,4,0.0001,0.0002171383912156444
row-0000572,doi::10.1016/j.proci.2018.06.022,44,4,0.00011,9.01527293995781e-05
row-0000573,doi::10.1016/j.proci.2018.06.022,44,4,9e-05,9.254023826795635e-05
row-0000574,doi::10.1016/j.proci.2018.06.022,44,4,7e-05,8.959008978052559e-05
row-0000575,doi::10.1016/j.proci.2018.06.022,44,4,4e-05,8.438607406073155e-05
row-0000576,doi::10.1016/j.proci.2018.06.022,44,4,3e-05,8.470079525560793e-05
row-0000577,doi::10.1016/j.proci.2018.06.022,44,4,2e-05,8.464714893322922e-05
row-0000578,doi::10.1016/j.proci.2018.06.022,44,4,2e-05,8.507996848210142e-05
row-0000579,doi::10.1016/j.proci.2018.06.022,44,4,1e-05,0.00015297207776199503
row-0000580,doi::10.1016/j.proci.2018.06.022,44,4,1e-05,0.00025346242245849205
row-0000581,doi::10.1016/j.proci.2018.06.022,44,4,9e-05,0.00021365119886842745
row-0000582,doi::10.1016/j.proci.2018.06.022,44,4,9e-05,8.386209724416798e-05
row-0000583,doi::10.1016/j.proci.2018.06.022,44,4,9e-05,8.434126572256687e-05
row-0000584,doi::10.1016/j.proci.2018.06.022,44,4,9e-05,8.524951546954649e-05
row-0000585,doi::10.1016/j.proci.2018.06.022,44,4,9e-05,8.540630691339676e-05
row-0000586,doi::10.1016/j.proci.2018.06.022,44,4,8e-05,8.470543943570447e-05
row-0000587,doi::10.1016/j.proci.2018.06.022,44,4,6e-05,8.019726185632093e-05
row-0000588,doi::10.1016/j.proci.2018.06.022,44,4,5e-05,7.750225177662172e-05
row-0000589,doi::10.1016/j.proci.2018.06.022,44,4,5e-05,7.589090505063263e-05
row-0000590,doi::10.1016/j.proci.2018.06.022,44,4,4e-05,7.548279348317328e-05
row-0000591,doi::10.1016/j.proci.2018.06.022,44,4,4e-05,7.53494804941279e-05
row-0000592,doi::10.1016/j.proci.2018.06.022,44,4,3e-05,7.53494804941279e-05
row-0000593,doi::10.1016/j.proci.2018.06.022,44,4,3e-05,7.53494804941279e-05
row-0000594,doi::10.1016/j.proci.2018.06.022,44,4,2e-05,7.57823000430001e-05
row-0000595,doi::10.1016/j.proci.2018.06.022,44,4,2e-05,0.00010668929708104976
row-0000596,doi::10.1016/j.proci.2018.06.022,44,4,2e-05,0.0002506444086595315
row-0000597,doi::10.1016/j.proci.2018.06.022,44,4,1e-05,0.0003315904018613561
row-0000598,doi::10.1016/j.proci.2018.06.022,44,4,1e-05,0.0004570535029461365
row-0000600,doi::10.1016/j.proci.2018.06.022,44,4,3e-05,0.0006355611040060742
row-0000601,doi::10.1016/j.proci.2018.06.022,44,4,4e-05,0.00036868046994814076
row-0000602,doi::10.1016/j.proci.2018.06.022,44,4,6e-05,0.00017438492601244297
row-0000603,doi::10.1016/j.proci.2018.06.022,44,4,7e-05,0.0001356268673138341
row-0000604,doi::10.1016/j.proci.2018.06.022,44,4,8e-05,0.0001260220817501645
row-0000605,doi::10.1016/j.proci.2018.06.022,44,4,4e-05,0.0006328966775172908
row-0000606,doi::10.1016/j.proci.2018.06.022,44,4,4e-05,0.0003690702134998434
row-0000607,doi::10.1016/j.proci.2018.06.022,44,4,6e-05,0.00017477629552119502
row-0000608,doi::10.1016/j.proci.2018.06.022,44,4,7e-05,0.0001360182368225862
row-0000609,doi::10.1016/j.proci.2018.06.022,44,4,7e-05,0.00012655798894241335
row-0000610,doi::10.1016/j.proci.2018.06.022,44,4,6e-05,0.0006417987681925639
row-0000611,doi::10.1016/j.proci.2018.06.022,44,4,8e-05,0.0003747585374095373
row-0000612,doi::10.1016/j.proci.2018.06.022,44,4,0.0001,0.00018065978570506915
row-0000613,doi::10.1016/j.proci.2018.06.022,44,4,0.00012,0.0001449965637136128
row-0000614,doi::10.1016/j.proci.2018.06.022,44,4,0.00013,0.00013558954179048946
row-0000615,doi::10.1016/j.proci.2018.06.022,44,4,4e-05,0.0006388201555205396
row-0000616,doi::10.1016/j.proci.2018.06.022,44,4,5e-05,0.00037216964440960927
row-0000617,doi::10.1016/j.proci.2018.06.022,44,4,7e-05,0.00018123255549925006
row-0000618,doi::10.1016/j.proci.2018.06.022,44,4,8e-05,0.00014247449680064123
row-0000619,doi::10.1016/j.proci.2018.06.022,44,4,9e-05,0.0001331105275090968
row-0000621,doi::10.1016/j.proci.2018.06.022,44,4,4e-05,6.757025684421117e-05
row-0000622,doi::10.1016/j.proci.2018.06.022,44,4,6e-05,5.7859992166147644e-05
row-0000623,doi::10.1016/j.proci.2018.06.022,44,4,7e-05,5.124234536075234e-05
row-0000624,doi::10.1016/j.proci.2018.06.022,44,4,0.0001,5.139752530438971e-05
row-0000626,doi::10.1016/j.proci.2018.06.022,44,4,3e-05,6.0087752017511715e-05
row-0000627,doi::10.1016/j.proci.2018.06.022,44,4,6e-05,6.0003156259872176e-05
row-0000628,doi::10.1016/j.proci.2018.06.022,44,4,7e-05,6.0352461296596706e-05
row-0000629,doi::10.1016/j.proci.2018.06.022,44,4,0.0001,6.0597202618226575e-05
row-0000630,doi::10.1016/j.proci.2018.06.022,44,4,0.00011,8.053590251207031e-05
row-0000632,doi::10.1016/j.proci.2018.06.022,44,4,3e-05,5.897397283789887e-05
row-0000633,doi::10.1016/j.proci.2018.06.022,44,4,6e-05,5.932938404004382e-05
row-0000634,doi::10.1016/j.proci.2018.06.022,44,4,8e-05,7.959994813020637e-05
row-0000635,doi::10.1016/j.proci.2018.06.022,44,4,0.00011,8.470543943570447e-05
row-0001207,doi::10.1016/j.proci.2024.105199,44,4,0.0041,0.003359568416977723
row-0001208,doi::10.1016/j.proci.2024.105199,44,4,0.004,0.003359568416977723
row-0001209,doi::10.1016/j.proci.2024.105199,44,4,0.0036,0.003359568416977723
row-0001210,doi::10.1016/j.proci.2024.105199,44,4,0.0058,0.0034845944118395904
row-0001211,doi::10.1016/j.proci.2024.105199,44,4,0.006,0.0034845944118395904
row-0001212,doi::10.1016/j.proci.2024.105199,44,4,0.007,0.0034951501945608807
row-0001213,doi::10.1016/j.proci.2024.105199,44,4,0.0032,0.0037833300814734488
row-0001215,doi::10.1016/j.proci.2024.105199,44,4,0.0035,0.0037833300814734488
row-0001216,doi::10.1016/j.proci.2024.105199,44,4,0.0049,0.003811208946062922
row-0001217,doi::10.1016/j.proci.2024.105199,44,4,0.0051,0.003811208946062922
row-0001218,doi::10.1016/j.proci.2024.105199,44,4,0.0045,0.003811208946062922
row-0001219,doi::10.1016/j.proci.2024.105199,44,4,0.0049,0.003811208946062922
row-0001220,doi::10.1016/j.proci.2024.105199,44,4,0.004,0.003811208946062922
row-0001222,doi::10.1016/j.proci.2024.105199,44,4,0.0016,0.001921021806641785
row-0001223,doi::10.1016/j.proci.2024.105199,44,4,0.0015,0.0019243296627432572
row-0001224,doi::10.1016/j.proci.2024.105199,44,4,0.0019,0.0020446162862689573
row-0001225,doi::10.1016/j.proci.2024.105199,44,4,0.002,0.0020446162862689573
row-0001226,doi::10.1016/j.proci.2024.105199,44,4,0.0021,0.0020446162862689573
row-0001227,doi::10.1016/j.proci.2024.105199,44,4,0.0021,0.002050051966659944
row-0001228,doi::10.1016/j.proci.2024.105199,44,4,0.002,0.002066162998927327
row-0001230,doi::10.1016/j.proci.2024.105199,44,4,0.0018,0.002066162998927327
row-0001231,doi::10.1016/j.proci.2024.105199,44,4,0.0019,0.002066162998927327
row-0001259,doi::10.1007/s10694-019-00935-4,44,4,0.00023,0.0009151904398074287
row-0001260,doi::10.1007/s10694-019-00935-4,44,4,0.0003,0.0009170137852611518
row-0001261,doi::10.1007/s10694-019-00935-4,44,4,0.00045,0.0009818183446199734
row-0001262,doi::10.1007/s10694-019-00935-4,44,4,0.00064,0.0010494281634214509
row-0001264,doi::10.1007/s10694-019-00935-4,44,4,0.00035,0.0009414162224872033
row-0001265,doi::10.1007/s10694-019-00935-4,44,4,0.00055,0.0010861928373575667
row-0001266,doi::10.1007/s10694-019-00935-4,44,4,0.00057,0.0011090872871496369
row-0001267,doi::10.1007/s10694-019-00935-4,44,4,0.00072,0.0011840000362831286
row-0001725,doi::10.1016/j.combustflame.2020.12.042,44,4,0.0017,0.0024002721162628762
row-0001726,doi::10.1016/j.combustflame.2020.12.042,44,4,0.0012,0.0024002721162628762
row-0001727,doi::10.1016/j.combustflame.2020.12.042,44,4,0.0019,0.0024002721162628762
row-0001728,doi::10.1016/j.combustflame.2020.12.042,44,4,0.0022,0.0024002721162628762
row-0003158,doi::10.1016/j.proci.2024.105358,44,4,0.00145,0.0020800632141695203
row-0003159,doi::10.1016/j.proci.2024.105358,44,4,0.0015,0.0027039276668985846
row-0003160,doi::10.1016/j.proci.2024.105358,44,4,0.0019,0.003553095368397312
row-0003161,doi::10.1016/j.proci.2024.105358,44,4,0.0026,0.004158409001441187
row-0003162,doi::10.1016/j.proci.2024.105358,44,4,0.0013,0.002448364448207495
row-0003163,doi::10.1016/j.proci.2024.105358,44,4,0.0017,0.0030199202598200255
row-0003164,doi::10.1016/j.proci.2024.105358,44,4,0.0022,0.0038472655136653636
row-0003165,doi::10.1016/j.proci.2024.105358,44,4,0.00325,0.0044142869330873295
row-0003166,doi::10.1016/j.proci.2024.105358,44,4,0.00175,0.0037649873097091295
row-0003167,doi::10.1016/j.proci.2024.105358,44,4,0.00177,0.0037342526599428018
row-0003168,doi::10.1016/j.proci.2024.105358,44,4,0.00192,0.0037360928564074483
row-0003169,doi::10.1016/j.proci.2024.105358,44,4,0.0019,0.003722376618073644
row-0003170,doi::10.1016/j.proci.2024.105358,44,4,0.00208,0.00404624489785279
row-0003171,doi::10.1016/j.proci.2024.105358,44,4,0.00208,0.004063546543450227
row-0003172,doi::10.1016/j.proci.2024.105358,44,4,0.0021,0.004032166287235859
row-0003173,doi::10.1016/j.proci.2024.105358,44,4,0.0022,0.004032166287235859
row-0003174,doi::10.1016/j.proci.2024.105358,44,4,0.0021,0.004014321537649277
row-0003175,doi::10.1016/j.proci.2024.105358,44,4,0.00235,0.00437118069707017
row-0003176,doi::10.1016/j.proci.2024.105358,44,4,0.00102,0.0020674022841312115
row-0003177,doi::10.1016/j.proci.2024.105358,44,4,0.00135,0.0027042053644008137
row-0003178,doi::10.1016/j.proci.2024.105358,44,4,0.0017,0.003019269062265461
row-0003179,doi::10.1016/j.proci.2024.105358,44,4,0.00195,0.0037360928564074483
row-0003180,doi::10.1016/j.proci.2024.105358,44,4,0.0029,0.004591430736600663
row-0003181,doi::10.1016/j.proci.2024.105358,44,4,0.0012,0.0024302321224175575
row-0003182,doi::10.1016/j.proci.2024.105358,44,4,0.0016,0.0030157328199076254
row-0003183,doi::10.1016/j.proci.2024.105358,44,4,0.002,0.00330796971053711
row-0003185,doi::10.1016/j.proci.2024.105358,44,4,0.00305,0.004873281925772136
row-0003186,doi::10.1016/j.proci.2024.105358,44,4,0.0022,0.004093955514652747
row-0003187,doi::10.1016/j.proci.2024.105358,44,4,0.00235,0.004119742566875189
row-0003188,doi::10.1016/j.proci.2024.105358,44,4,0.0026,0.004148668408913063
row-0003189,doi::10.1016/j.proci.2024.105358,44,4,0.0025,0.0041561615604282145
row-0003190,doi::10.1016/j.proci.2024.105358,44,4,0.00265,0.004151601299093057
row-0003191,doi::10.1016/j.proci.2024.105358,44,4,0.00275,0.004151601299093057
row-0003192,doi::10.1016/j.proci.2024.105358,44,4,0.0027,0.004158409001441187
row-0003193,doi::10.1016/j.proci.2024.105358,44,4,0.00275,0.004166286175336147
row-0003194,doi::10.1016/j.proci.2024.105358,44,4,0.00275,0.004167683539717891
row-0003195,doi::10.1016/j.proci.2024.105358,44,4,0.0028,0.004197202029806703
row-0003474,doi::10.1016/s1540-7489(02)80315-7,44,4,0.00548,0.02631019179121926
row-0003475,doi::10.1016/s1540-7489(02)80315-7,44,4,0.00945,0.029665711971897952
row-0003476,doi::10.1016/s1540-7489(02)80315-7,44,4,0.01642,0.03404313893920595
row-0003477,doi::10.1016/s1540-7489(02)80315-7,44,4,0.03293,0.04314251198385989
row-0003478,doi::10.1016/s1540-7489(02)80315-7,44,4,0.04771,0.043225685881295786
row-0003479,doi::10.1016/s1540-7489(02)80315-7,44,4,0.05214,0.043225685881295786
row-0003480,doi::10.1016/s1540-7489(02)80315-7,44,4,0.05751,0.04345421099231927
row-0003481,doi::10.1016/s1540-7489(02)80315-7,44,4,0.05887,0.04325673032574023
row-0003482,doi::10.1016/s1540-7489(02)80315-7,44,4,0.00429,0.026455286591146064
row-0003483,doi::10.1016/s1540-7489(02)80315-7,44,4,0.00453,0.026416564867120094
row-0003484,doi::10.1016/s1540-7489(02)80315-7,44,4,0.01257,0.029599104851580883
row-0003485,doi::10.1016/s1540-7489(02)80315-7,44,4,0.01869,0.03391538084215946
row-0003486,doi::10.1016/s1540-7489(02)80315-7,44,4,0.0254,0.0429417186535526
row-0003487,doi::10.1016/s1540-7489(02)80315-7,44,4,0.03317,0.0430248925509885
row-0003488,doi::10.1016/s1540-7489(02)80315-7,44,4,0.03917,0.04200573081005192
row-0003489,doi::10.1016/s1540-7489(02)80315-7,44,4,0.00287,0.026278671032720843
row-0003490,doi::10.1016/s1540-7489(02)80315-7,44,4,0.00875,0.026256894579921343
row-0003491,doi::10.1016/s1540-7489(02)80315-7,44,4,0.00995,0.02789216183656411
row-0003492,doi::10.1016/s1540-7489(02)80315-7,44,4,0.02101,0.035158063675486205
row-0003493,doi::10.1016/s1540-7489(02)80315-7,44,4,0.05752,0.039278471521783945
row-0003494,doi::10.1016/s1540-7489(02)80315-7,44,4,0.04897,0.04374958108008447
row-0003495,doi::10.1016/s1540-7489(02)80315-7,44,4,0.02599,0.027997052240056844
row-0003496,doi::10.1016/s1540-7489(02)80315-7,44,4,0.03866,0.034674003090699804
row-0003497,doi::10.1016/s1540-7489(02)80315-7,44,4,0.06137,0.03934719953574363
row-0003498,doi::10.1016/s1540-7489(02)80315-7,44,4,0.03449,0.043555576688791786
row-0003499,doi::10.1016/s1540-7489(02)80315-7,44,4,0.014,0.04081875766661477
row-0003500,doi::10.1016/s1540-7489(02)80315-7,44,4,0.031,0.04081875766661477
row-0003501,doi::10.1016/s1540-7489(02)80315-7,44,4,0.043,0.040810208692406175
row-0003502,doi::10.1016/s1540-7489(02)80315-7,44,4,0.047,0.040810208692406175
row-0003503,doi::10.1016/s1540-7489(02)80315-7,44,4,0.045,0.040930988845352644
row-0003504,doi::10.1016/s1540-7489(02)80315-7,44,4,0.046,0.04140967049870583
row-0003505,doi::10.1016/s1540-7489(02)80315-7,44,4,0.048,0.043225685881295786
row-0003506,doi::10.1016/s1540-7489(02)80315-7,44,4,0.024,0.040665104336307475
row-0003507,doi::10.1016/s1540-7489(02)80315-7,44,4,0.0094,0.040665104336307475
row-0003508,doi::10.1016/s1540-7489(02)80315-7,44,4,0.0056,0.040665104336307475
row-0003509,doi::10.1016/s1540-7489(02)80315-7,44,4,0.0043,0.040665104336307475
row-0003510,doi::10.1016/s1540-7489(02)80315-7,44,4,0.019,0.04065655536209888
row-0003511,doi::10.1016/s1540-7489(02)80315-7,44,4,0.024,0.04065655536209888
row-0003512,doi::10.1016/s1540-7489(02)80315-7,44,4,0.021,0.04083549572894909
row-0003513,doi::10.1016/s1540-7489(02)80315-7,44,4,0.034,0.0430248925509885
row-0004230,doi::10.1016/j.proci.2018.06.022,44,4,0.0016,0.0017269494260938373
row-0004231,doi::10.1016/j.proci.2018.06.022,44,4,0.0014,0.008406065975142436
row-0004232,doi::10.1016/j.proci.2018.06.022,44,4,0.0001,0.0013353954087491808
row-0004233,doi::10.1016/j.proci.2018.06.022,44,4,0.00504,0.020874275874721064
row-0004234,doi::10.1016/j.proci.2018.06.022,44,4,0.00353,0.020863346051064335
row-0004235,doi::10.1016/j.proci.2018.06.022,44,4,0.00292,0.020858208961270792
row-0004236,doi::10.1016/j.proci.2018.06.022,44,4,0.00274,0.020858208961270792
row-0004237,doi::10.1016/j.proci.2018.06.022,44,4,0.00277,0.009872222277705948
row-0004238,doi::10.1016/j.proci.2018.06.022,44,4,0.00258,0.009872222277705948
row-0004239,doi::10.1016/j.proci.2018.06.022,44,4,0.00335,0.009872222277705948
row-0004240,doi::10.1016/j.proci.2018.06.022,44,4,0.0027,0.020854221428803256
row-0004241,doi::10.1016/j.proci.2018.06.022,44,4,0.00256,0.020854221428803256
row-0004242,doi::10.1016/j.proci.2018.06.022,44,4,0.00371,0.020853560666032698
row-0004243,doi::10.1016/j.proci.2018.06.022,44,4,0.0043,0.020853560666032698
row-0004244,doi::10.1016/j.proci.2018.06.022,44,4,0.00479,0.020883778526768357
row-0004245,doi::10.1016/j.proci.2018.06.022,44,4,0.00554,0.02089242689978423
row-0004246,doi::10.1016/j.proci.2018.06.022,44,4,0.00407,0.00584867334987539
row-0004247,doi::10.1016/j.proci.2018.06.022,44,4,0.00346,0.005715888985373519
row-0004248,doi::10.1016/j.proci.2018.06.022,44,4,0.00281,0.005673569678231027
row-0004249,doi::10.1016/j.proci.2018.06.022,44,4,0.00267,0.006125871581146637
row-0004250,doi::10.1016/j.proci.2018.06.022,44,4,0.00371,0.005658655469118503
row-0004251,doi::10.1016/j.proci.2018.06.022,44,4,0.00404,0.005658655469118503
row-0004252,doi::10.1016/j.proci.2018.06.022,44,4,0.00425,0.0056832186436821695
row-0004253,doi::10.1016/j.proci.2018.06.022,44,4,0.00501,0.00586345590046997
row-0004254,doi::10.1016/j.proci.2018.06.022,44,4,0.00505,0.005943293120211142
row-0004255,doi::10.1016/j.proci.2018.06.022,44,4,0.00377,0.007391286467456865
row-0004256,doi::10.1016/j.proci.2018.06.022,44,4,0.00336,0.007332170457942174
row-0004257,doi::10.1016/j.proci.2018.06.022,44,4,0.00316,0.007308130622795208
row-0004258,doi::10.1016/j.proci.2018.06.022,44,4,0.00322,0.007308130622795208
row-0004259,doi::10.1016/j.proci.2018.06.022,44,4,0.00228,0.007804627813635559
row-0004260,doi::10.1016/j.proci.2018.06.022,44,4,0.00327,0.007284335275495404
row-0004261,doi::10.1016/j.proci.2018.06.022,44,4,0.00355,0.007284335275495404
row-0004262,doi::10.1016/j.proci.2018.06.022,44,4,0.00421,0.00730420330587524
row-0004263,doi::10.1016/j.proci.2018.06.022,44,4,0.0045,0.007427060993055404
row-0004264,doi::10.1016/j.proci.2018.06.022,44,4,0.00422,0.007399724874007784
row-0004265,doi::10.1016/j.proci.2018.06.022,44,4,0.00485,0.007676349822620059
row-0004266,doi::10.1016/j.proci.2018.06.022,44,4,0.0035,0.006861926422861482
row-0004267,doi::10.1016/j.proci.2018.06.022,44,4,0.00371,0.006827447024691045
row-0004268,doi::10.1016/j.proci.2018.06.022,44,4,0.00346,0.006799003389954126
row-0004269,doi::10.1016/j.proci.2018.06.022,44,4,0.00294,0.006758346521581511
row-0004270,doi::10.1016/j.proci.2018.06.022,44,4,0.00425,0.006786297930841601
row-0004271,doi::10.1016/j.proci.2018.06.022,44,4,0.00488,0.006799340243856337
row-0004272,doi::10.1016/j.proci.2018.06.022,44,4,0.00535,0.0068818248030400545
row-0004273,doi::10.1016/j.proci.2018.06.022,44,4,0.00582,0.006965271122436044
row-0004274,doi::10.1016/j.proci.2018.06.022,44,4,0.00278,0.003811652686136032
row-0004275,doi::10.1016/j.proci.2018.06.022,44,4,0.00269,0.003779803760120653
row-0004276,doi::10.1016/j.proci.2018.06.022,44,4,0.00164,0.0037431578051277774
row-0004277,doi::10.1016/j.proci.2018.06.022,44,4,0.00095,0.004596453137581791
row-0004278,doi::10.1016/j.proci.2018.06.022,44,4,0.00238,0.0037269649136241144
row-0004279,doi::10.1016/j.proci.2018.06.022,44,4,0.0032,0.0037370980891362595
row-0004280,doi::10.1016/j.proci.2018.06.022,44,4,0.00337,0.003772615871375661
row-0004281,doi::10.1016/j.proci.2018.06.022,44,4,0.00328,0.003825711017478675
row-0004282,doi::10.1016/j.proci.2018.06.022,44,4,0.00312,0.003825711017478675
row-0004283,doi::10.1016/j.proci.2018.06.022,44,4,0.00215,0.0043943358926361925
row-0004284,doi::10.1016/j.proci.2018.06.022,44,4,0.00191,0.004339718725470511
row-0004285,doi::10.1016/j.proci.2018.06.022,44,4,0.00173,0.004339718725470511
row-0004286,doi::10.1016/j.proci.2018.06.022,44,4,0.00078,0.004297359631218257
row-0004287,doi::10.1016/j.proci.2018.06.022,44,4,0.00057,0.005125768844539359
row-0004288,doi::10.1016/j.proci.2018.06.022,44,4,0.00033,0.0049961006227854775
row-0004289,doi::10.1016/j.proci.2018.06.022,44,4,0.00132,0.004265861097198308
row-0004290,doi::10.1016/j.proci.2018.06.022,44,4,0.00146,0.0042900250066634504
row-0004291,doi::10.1016/j.proci.2018.06.022,44,4,0.00193,0.004336903823337213
row-0004292,doi::10.1016/j.proci.2018.06.022,44,4,0.00218,0.004315626526936067
row-0004293,doi::10.1016/j.proci.2018.06.022,44,4,0.00143,0.0031031030828501957
row-0004294,doi::10.1016/j.proci.2018.06.022,44,4,0.00145,0.0030382260018191015
row-0004295,doi::10.1016/j.proci.2018.06.022,44,4,0.00125,0.0030382260018191015
row-0004296,doi::10.1016/j.proci.2018.06.022,44,4,0.00152,0.0029729553639946246
row-0004297,doi::10.1016/j.proci.2018.06.022,44,4,0.00147,0.0036842090779848195
row-0004298,doi::10.1016/j.proci.2018.06.022,44,4,0.00142,0.0036842090779848195
row-0004299,doi::10.1016/j.proci.2018.06.022,44,4,0.002,0.002954553722490961
row-0004300,doi::10.1016/j.proci.2018.06.022,44,4,0.00251,0.002954553722490961
row-0004301,doi::10.1016/j.proci.2018.06.022,44,4,0.00268,0.0029812521532369646
row-0004302,doi::10.1016/j.proci.2018.06.022,44,4,0.00315,0.0030463861542185692
row-0004303,doi::10.1016/j.proci.2018.06.022,44,4,0.00353,0.0031347882056017105
row-0004304,doi::10.1016/j.proci.2018.06.022,44,4,0.00371,0.0031347882056017105
row-0004305,doi::10.1016/j.proci.2018.06.022,44,4,0.00283,0.0013798423012640567
row-0004306,doi::10.1016/j.proci.2018.06.022,44,4,0.00193,0.0013798423012640567
row-0004307,doi::10.1016/j.proci.2018.06.022,44,4,0.00047,0.0013798423012640567
row-0004308,doi::10.1016/j.proci.2018.06.022,44,4,0.00101,0.0012289488933101618
row-0004309,doi::10.1016/j.proci.2018.06.022,44,4,0.00092,0.0011724477509340223
row-0004310,doi::10.1016/j.proci.2018.06.022,44,4,0.00045,0.0011724477509340223
row-0004343,doi::10.1016/s1540-7489(02)80314-5,44,4,0.03828,0.036067270767959785
row-0004344,doi::10.1016/s1540-7489(02)80314-5,44,4,0.03123,0.035386427377556075
row-0004345,doi::10.1016/s1540-7489(02)80314-5,44,4,0.03325,0.03478591611626089
row-0004346,doi::10.1016/s1540-7489(02)80314-5,44,4,0.0339,0.03405557504048032
row-0004347,doi::10.1016/s1540-7489(02)80314-5,44,4,0.03878,0.03398668748585847
row-0004348,doi::10.1016/s1540-7489(02)80314-5,44,4,0.04266,0.03405557504048032
row-0004349,doi::10.1016/s1540-7489(02)80314-5,44,4,0.04468,0.034211032485004386
row-0004350,doi::10.1016/s1540-7489(02)80314-5,44,4,0.04284,0.03434446399511122
row-0004351,doi::10.1016/s1540-7489(02)80314-5,44,4,0.04937,0.034896885378045285
row-0004352,doi::10.1016/s1540-7489(02)80314-5,44,4,0.02333,0.026860153674812277
row-0004353,doi::10.1016/s1540-7489(02)80314-5,44,4,0.01529,0.026211554982367002
row-0004354,doi::10.1016/s1540-7489(02)80314-5,44,4,0.0127,0.025204529708917525
row-0004355,doi::10.1016/s1540-7489(02)80314-5,44,4,0.01496,0.024231551478401277
row-0004356,doi::10.1016/s1540-7489(02)80314-5,44,4,0.01623,0.02424128370680763
row-0004357,doi::10.1016/s1540-7489(02)80314-5,44,4,0.01937,0.024224717920708967
row-0004358,doi::10.1016/s1540-7489(02)80314-5,44,4,0.02189,0.02445900139063308
row-0004359,doi::10.1016/s1540-7489(02)80314-5,44,4,0.0244,0.024624825682617306
row-0004360,doi::10.1016/s1540-7489(02)80314-5,44,4,0.02371,0.025245793232889318
row-0004366,doi::10.1016/s1540-7489(02)80314-5,44,4,0.00567,0.02167384826707897
row-0004367,doi::10.1016/s1540-7489(02)80314-5,44,4,0.00841,0.02167384826707897
row-0004368,doi::10.1016/s1540-7489(02)80314-5,44,4,0.00919,0.02190352958034788
row-0004369,doi::10.1016/s1540-7489(02)80314-5,44,4,0.01056,0.021981263694060255
row-0004370,doi::10.1016/s1540-7489(02)80314-5,44,4,0.00996,0.021995280427942198
row-0004371,doi::10.1016/s1540-7489(02)80314-5,44,4,0.01096,0.021999473489053307
row-0004372,doi::10.1016/s1540-7489(02)80314-5,44,4,0.00898,0.022004230190285575
row-0004373,doi::10.1016/s1540-7489(02)80314-5,44,4,0.01188,0.02215530734699815
row-0004374,doi::10.1016/s1540-7489(02)80314-5,44,4,0.01437,0.02215530734699815
row-0004375,doi::10.1016/s1540-7489(02)80314-5,44,4,0.00955,0.019334913431486557
row-0004376,doi::10.1016/s1540-7489(02)80314-5,44,4,0.00874,0.01872152889316729
row-0004377,doi::10.1016/s1540-7489(02)80314-5,44,4,0.0075,0.018065304231105504
row-0004378,doi::10.1016/s1540-7489(02)80314-5,44,4,0.00947,0.017947239613629533
row-0004379,doi::10.1016/s1540-7489(02)80314-5,44,4,0.01029,0.01806187553545333
row-0004380,doi::10.1016/s1540-7489(02)80314-5,44,4,0.01168,0.01806607428545333
row-0004381,doi::10.1016/s1540-7489(02)80314-5,44,4,0.01145,0.01819517045507456
row-0004382,doi::10.1016/s1540-7489(02)80314-5,44,4,0.01276,0.01865334145604254
row-0004383,doi::10.1016/s1540-7489(02)80314-5,44,4,0.00554,0.011290779389260073
row-0004384,doi::10.1016/s1540-7489(02)80314-5,44,4,0.00459,0.010338065900381511
row-0004385,doi::10.1016/s1540-7489(02)80314-5,44,4,0.00349,0.009503112730220739
row-0004386,doi::10.1016/s1540-7489(02)80314-5,44,4,0.00462,0.009607360649949086
row-0004387,doi::10.1016/s1540-7489(02)80314-5,44,4,0.00553,0.009492850476876256
row-0004388,doi::10.1016/s1540-7489(02)80314-5,44,4,0.00639,0.009551639248996244
row-0004389,doi::10.1016/s1540-7489(02)80314-5,44,4,0.00676,0.009678354870444635
row-0004390,doi::10.1016/s1540-7489(02)80314-5,44,4,0.00621,0.010086543933994028
row-0004391,doi::10.1016/s1540-7489(02)80314-5,44,4,0.00465,0.00893261920064316
row-0004396,doi::10.1016/s1540-7489(02)80314-5,44,4,0.00234,0.0071234303834625005
row-0004397,doi::10.1016/s1540-7489(02)80314-5,44,4,0.0023,0.007166304816662963
row-0004398,doi::10.1016/s1540-7489(02)80314-5,44,4,0.00223,0.007178221150209037
row-0004399,doi::10.1016/s1540-7489(02)80314-5,44,4,0.00321,0.007233196894086084
row-0004400,doi::10.1016/s1540-7489(02)80314-5,44,4,0.00327,0.007235677804786869
row-0004401,doi::10.1016/s1540-7489(02)80314-5,44,4,0.00339,0.007277229912926442
row-0004402,doi::10.1016/s1540-7489(02)80314-5,44,4,0.00406,0.0072917425283110585
row-0004403,doi::10.1016/s1540-7489(02)80314-5,44,4,0.00426,0.007277229912926442
row-0004404,doi::10.1016/s1540-7489(02)80314-5,44,4,0.00376,0.0076198182804817945
row-0004405,doi::10.1016/s1540-7489(02)80314-5,44,4,0.00347,0.007564149069386076
row-0004406,doi::10.1016/s1540-7489(02)80314-5,44,4,0.00317,0.007542066469433583
row-0004407,doi::10.1016/s1540-7489(02)80314-5,44,4,0.00178,0.007974083368132774
row-0004409,doi::10.1016/s1540-7489(02)80314-5,44,4,0.00359,0.007519087788800445
row-0004410,doi::10.1016/s1540-7489(02)80314-5,44,4,0.00426,0.0075316026946577455
row-0004411,doi::10.1016/s1540-7489(02)80314-5,44,4,0.00424,0.00762712426279029
row-0004412,doi::10.1016/s1540-7489(02)80314-5,44,4,0.0051,0.008064284819498823
row-0004413,doi::10.1016/s1540-7489(02)80314-5,44,4,0.00213,0.004846556796853658
row-0004414,doi::10.1016/s1540-7489(02)80314-5,44,4,0.00189,0.004795297394393858
row-0004415,doi::10.1016/s1540-7489(02)80314-5,44,4,0.00217,0.00475834233375505
row-0004416,doi::10.1016/s1540-7489(02)80314-5,44,4,0.00123,0.005352606812538538
row-0004418,doi::10.1016/s1540-7489(02)80314-5,44,4,0.00318,0.004730655133068437
row-0004419,doi::10.1016/s1540-7489(02)80314-5,44,4,0.00295,0.004747465918011042
row-0004420,doi::10.1016/s1540-7489(02)80314-5,44,4,0.00262,0.004794344734684805
row-0004421,doi::10.1016/s1540-7489(02)80314-5,44,4,0.00289,0.004771688233827555
row-0004423,doi::10.1016/s1540-7489(02)80314-5,44,4,0.0012,0.0020920623733793526
row-0004744,doi::10.1007/s10694-019-00878-w,44,4,0.002,0.0644519003650528
row-0004745,doi::10.1007/s10694-019-00878-w,44,4,0.0208,0.0644519003650528
row-0004746,doi::10.1007/s10694-019-00878-w,44,4,0.0116,0.0644519003650528
row-0004747,doi::10.1007/s10694-019-00878-w,44,4,0.1268,0.0467161957785544
row-0004748,doi::10.1007/s10694-019-00878-w,44,4,0.1194,0.010475743658419035
row-0004749,doi::10.1007/s10694-019-00878-w,44,4,0.1648,0.0644519003650528
row-0004750,doi::10.1007/s10694-019-00878-w,44,4,0.1334,0.048265893908909945
row-0004751,doi::10.1007/s10694-019-00878-w,44,4,0.1153,0.0644519003650528
row-0004752,doi::10.1007/s10694-019-00878-w,44,4,0.0825,0.0644519003650528
row-0004753,doi::10.1007/s10694-019-00878-w,44,4,0.0358,0.0467161957785544
row-0004754,doi::10.1007/s10694-019-00878-w,44,4,0.0545,0.0644519003650528
row-0004755,doi::10.1007/s12217-015-9419-z,44,4,0.00758,0.005397890997867864
row-0004756,doi::10.1007/s12217-015-9419-z,44,4,0.0112,0.005397890997867864
row-0004757,doi::10.1007/s12217-015-9419-z,44,4,0.012,0.005397890997867864
row-0004758,doi::10.1007/s12217-015-9419-z,44,4,0.01325,0.005397890997867864
row-0004759,doi::10.1007/s12217-015-9419-z,44,4,0.0128,0.005397890997867864
row-0004760,doi::10.1007/s12217-015-9419-z,44,4,0.0117,0.005397890997867864
row-0004761,doi::10.1007/s12217-015-9419-z,44,4,0.0114,0.005397890997867864
row-0004909,doi::10.1016/j.proci.2024.105199,44,4,0.0069,0.0031058904770078543
row-0004910,doi::10.1016/j.proci.2024.105199,44,4,0.005,0.0033942704242620435
row-0004911,doi::10.1016/j.proci.2024.105199,44,4,0.0046,0.003396037665641354
row-0004912,doi::10.1016/j.proci.2024.105199,44,4,0.0038,0.003396037665641354
row-0004913,doi::10.1016/j.proci.2024.105199,44,4,0.006,0.003086048933801166
row-0004914,doi::10.1016/j.proci.2024.105199,44,4,0.0032,0.0033630414283928774
row-0004915,doi::10.1016/j.proci.2024.105199,44,4,0.0058,0.003086048933801166
row-0004916,doi::10.1016/j.proci.2024.105199,44,4,0.0035,0.0033630414283928774
row-0004917,doi::10.1016/j.proci.2024.105199,44,4,0.0042,0.002964141294851758
row-0004918,doi::10.1016/j.proci.2024.105199,44,4,0.004,0.002964141294851758
row-0004919,doi::10.1016/j.proci.2024.105199,44,4,0.0034,0.002964141294851758
row-0004929,doi::10.1016/j.proci.2024.105199,44,4,0.0021,0.0026021659567497762
row-0004930,doi::10.1016/j.proci.2024.105199,44,4,0.00225,0.0026458185221315965
row-0004931,doi::10.1016/j.proci.2024.105199,44,4,0.0021,0.002657295791439129
row-0004932,doi::10.1016/j.proci.2024.105199,44,4,0.0018,0.002657295791439129
row-0004933,doi::10.1016/j.proci.2024.105199,44,4,0.00175,0.002502537856070115
row-0004934,doi::10.1016/j.proci.2024.105199,44,4,0.0016,0.002541362989799138
