row_id,paper_id,seed,fold,y_true,y_pred
row-0000035,citation::andracchio charles r and thomas h cochran burning of solids in oxygen rich environments in normal and reduced gravity nasa technical memorandum x 3055 national aeronautics and space administration may 1974,42,0,0.029,0.029859720000000107
row-0000039,citation::andracchio charles r and thomas h cochran burning of solids in oxygen rich environments in normal and reduced gravity nasa technical memorandum x 3055 national aeronautics and space administration may 1974,42,0,0.07,0.06701902916666679
row-0000053,citation::andracchio charles r and thomas h cochran gravity effects on flame spreading over solid surfaces nasa technical note d 8228 national aeronautics and space administration may 1976,42,0,0.0279,0.02457198333333342
row-0000054,citation::andracchio charles r and thomas h cochran gravity effects on flame spreading over solid surfaces nasa technical note d 8228 national aeronautics and space administration may 1976,42,0,0.0192,0.018126416190476242
row-0000058,citation::andracchio charles r and thomas h cochran gravity effects on flame spreading over solid surfaces nasa technical note d 8228 national aeronautics and space administration may 1976,42,0,0.0162,0.020344614793650805
row-0000059,citation::andracchio charles r and thomas h cochran gravity effects on flame spreading over solid surfaces nasa technical note d 8228 national aeronautics and space administration may 1976,42,0,0.0234,0.02157651663397714
row-0000061,citation::andracchio charles r and thomas h cochran gravity effects on flame spreading over solid surfaces nasa technical note d 8228 national aeronautics and space administration may 1976,42,0,0.022,0.021353862512598534
row-0000066,citation::andracchio charles r and thomas h cochran gravity effects on flame spreading over solid surfaces nasa technical note d 8228 national aeronautics and space administration may 1976,42,0,0.0079,0.016863394960464986
row-0000078,citation::andracchio charles r and thomas h cochran gravity effects on flame spreading over solid surfaces nasa technical note d 8228 national aeronautics and space administration may 1976,42,0,0.032,0.030224623311688376
row-0000080,citation::andracchio charles r and thomas h cochran gravity effects on flame spreading over solid surfaces nasa technical note d 8228 national aeronautics and space administration may 1976,42,0,0.019,0.019340184168831227
row-0000081,citation::andracchio charles r and thomas h cochran gravity effects on flame spreading over solid surfaces nasa technical note d 8228 national aeronautics and space administration may 1976,42,0,0.012,0.011979777781385209
row-0000084,citation::andracchio charles r and thomas h cochran gravity effects on flame spreading over solid surfaces nasa technical note d 8228 national aeronautics and space administration may 1976,42,0,0.0402,0.04368507759740252
row-0000087,citation::andracchio charles r and thomas h cochran gravity effects on flame spreading over solid surfaces nasa technical note d 8228 national aeronautics and space administration may 1976,42,0,0.097,0.08880623999999994
row-0000104,citation::andracchio charles r and thomas h cochran gravity effects on flame spreading over solid surfaces nasa technical note d 8228 national aeronautics and space administration may 1976,42,0,0.0444,0.0315081548130725
row-0000108,citation::andracchio charles r and thomas h cochran gravity effects on flame spreading over solid surfaces nasa technical note d 8228 national aeronautics and space administration may 1976,42,0,0.0311,0.02152904017829948
row-0000112,citation::andracchio charles r and thomas h cochran gravity effects on flame spreading over solid surfaces nasa technical note d 8228 national aeronautics and space administration may 1976,42,0,0.0134,0.013005907499000765
row-0000126,doi::10.1080/01457632.2025.2529751,42,0,0.00285,0.0022829903374625457
row-0000128,doi::10.1080/01457632.2025.2529751,42,0,0.00116,0.0020684469816853973
row-0000141,doi::10.1016/j.proci.2016.06.025,42,0,0.0012,0.0014955253575346119
row-0000151,doi::10.1016/j.proci.2016.06.025,42,0,0.0009,0.0014366250969389956
row-0000176,doi::10.1016/j.firesaf.2015.11.011,42,0,0.0038,0.004563268871273104
row-0000191,doi::10.1016/j.firesaf.2015.11.011,42,0,0.0066,0.005179813952281778
row-0000268,doi::10.5802/crmeca.149,42,0,0.0014,0.001467295633783033
row-0000274,doi::10.5802/crmeca.149,42,0,0.0013,0.0014576094684689818
row-0000276,doi::10.5802/crmeca.149,42,0,0.0018,0.0014684385009345712
row-0000281,doi::10.5802/crmeca.149,42,0,0.0013,0.0008958925368848128
row-0000283,doi::10.5802/crmeca.149,42,0,0.00112,0.0014520620701491405
row-0000286,doi::10.5802/crmeca.149,42,0,0.00126,0.0014576094684689818
row-0000287,doi::10.5802/crmeca.149,42,0,0.00116,0.0014576094684689818
row-0000296,doi::10.1016/s1540-7489(02)80211-3,42,0,0.01,0.01072144396485841
row-0000303,doi::10.1016/s1540-7489(02)80211-3,42,0,0.03,0.011514592709414892
row-0000305,doi::10.1016/s1540-7489(02)80211-3,42,0,0.036,0.010874801208019936
row-0000308,doi::10.1016/s1540-7489(02)80211-3,42,0,0.008,0.010933822983255076
row-0000341,citation::ferkul paul v an experimental study of opposed flow diffusion flame extinction over a thin fuel in 0 nasa cr 182185 1989,42,0,0.0064,0.006430324514546596
row-0000343,citation::ferkul paul v an experimental study of opposed flow diffusion flame extinction over a thin fuel in 0 nasa cr 182185 1989,42,0,0.0035,0.0037438440685031425
row-0000344,citation::ferkul paul v an experimental study of opposed flow diffusion flame extinction over a thin fuel in 0 nasa cr 182185 1989,42,0,0.0036,0.004305552222143931
row-0000345,citation::ferkul paul v an experimental study of opposed flow diffusion flame extinction over a thin fuel in 0 nasa cr 182185 1989,42,0,0.0027,0.0032165700863437145
row-0000356,citation::ferkul paul v et al combustion experiments on the mir space station 37th aerospace sciences meeting and exhibit american institute of aeronautics and astronautics 1999 paper aiaa 99 0439,42,0,0.0011,0.0011219302927492625
row-0000375,doi::10.1016/s1540-7489(02)80310-8,42,0,0.0033,0.0027156331927996684
row-0000377,doi::10.1016/s1540-7489(02)80310-8,42,0,0.0043,0.005586324023834812
row-0000379,doi::10.1016/s1540-7489(02)80310-8,42,0,0.00625,0.005349996034795423
row-0000383,doi::10.1016/s1540-7489(02)80310-8,42,0,0.0038,0.002749183326198145
row-0000385,doi::10.1016/s1540-7489(02)80310-8,42,0,0.0045,0.00276224665435284
row-0000386,doi::10.1016/s1540-7489(02)80310-8,42,0,0.00435,0.0028155516045029706
row-0000431,citation::grayson g d k r sacksteder p v ferkul and j s t ien flame spreading over a thin solid in low speed concurrent flow drop tower experimental results and comparison with theory 0 science and technology vii 2 1994,42,0,0.003,0.004049350755969292
row-0000432,citation::grayson g d k r sacksteder p v ferkul and j s t ien flame spreading over a thin solid in low speed concurrent flow drop tower experimental results and comparison with theory 0 science and technology vii 2 1994,42,0,0.0043,0.004445235413416542
row-0000438,citation::grayson g d k r sacksteder p v ferkul and j s t ien flame spreading over a thin solid in low speed concurrent flow drop tower experimental results and comparison with theory 0 science and technology vii 2 1994,42,0,0.0047,0.005217401689222113
row-0000439,citation::grayson g d k r sacksteder p v ferkul and j s t ien flame spreading over a thin solid in low speed concurrent flow drop tower experimental results and comparison with theory 0 science and technology vii 2 1994,42,0,0.0041,0.005224373117793543
row-0000441,citation::grayson g d k r sacksteder p v ferkul and j s t ien flame spreading over a thin solid in low speed concurrent flow drop tower experimental results and comparison with theory 0 science and technology vii 2 1994,42,0,0.0055,0.005009606819040363
row-0000446,citation::grayson g d k r sacksteder p v ferkul and j s t ien flame spreading over a thin solid in low speed concurrent flow drop tower experimental results and comparison with theory 0 science and technology vii 2 1994,42,0,0.0103,0.015081140508122063
row-0000448,doi::10.1016/j.combustflame.2020.09.003,42,0,0.00136,0.001459080918071321
row-0000466,doi::10.1016/j.combustflame.2020.07.044,42,0,0.00135,0.0014576094684689818
row-0000469,doi::10.1016/j.combustflame.2020.07.044,42,0,0.0013,0.0014576094684689818
row-0000476,doi::10.1016/j.combustflame.2020.07.044,42,0,0.00133,0.001459080918071321
row-0000478,doi::10.1016/j.combustflame.2020.07.044,42,0,0.00167,0.001477993803557658
row-0000483,doi::10.1016/j.combustflame.2020.07.044,42,0,0.00111,0.0014520620701491405
row-0000485,doi::10.1016/j.combustflame.2020.07.044,42,0,0.00131,0.0014569869819392837
row-0000502,doi::10.1016/j.combustflame.2020.07.044,42,0,0.00135,0.001459080918071321
row-0000505,doi::10.1016/j.combustflame.2020.07.044,42,0,0.00142,0.001459080918071321
row-0000508,doi::10.1016/j.combustflame.2020.07.044,42,0,0.00137,0.001459080918071321
row-0000509,doi::10.1016/j.combustflame.2020.07.044,42,0,0.00153,0.0014601622001926989
row-0000511,doi::10.1016/j.combustflame.2020.07.044,42,0,0.00146,0.0014601622001926989
row-0000519,doi::10.1016/j.combustflame.2020.07.044,42,0,0.00123,0.0014569869819392837
row-0000537,doi::10.1016/j.combustflame.2020.07.044,42,0,0.00127,0.001459080918071321
row-0000540,doi::10.1016/j.combustflame.2020.07.044,42,0,0.00141,0.0014601622001926989
row-0000541,doi::10.1016/j.combustflame.2020.07.044,42,0,0.00141,0.0014601622001926989
row-0000557,doi::10.1016/j.proci.2018.06.022,42,0,4e-05,0.00025436206044885046
row-0000564,doi::10.1016/j.proci.2018.06.022,42,0,9e-05,9.569202774094339e-05
row-0000565,doi::10.1016/j.proci.2018.06.022,42,0,8e-05,9.533162824796325e-05
row-0000584,doi::10.1016/j.proci.2018.06.022,42,0,9e-05,9.586486656173528e-05
row-0000600,doi::10.1016/j.proci.2018.06.022,42,0,3e-05,9.60716614961862e-05
row-0000605,doi::10.1016/j.proci.2018.06.022,42,0,4e-05,9.60716614961862e-05
row-0000606,doi::10.1016/j.proci.2018.06.022,42,0,4e-05,9.569343638796109e-05
row-0000608,doi::10.1016/j.proci.2018.06.022,42,0,7e-05,9.569343638796109e-05
row-0000612,doi::10.1016/j.proci.2018.06.022,42,0,0.0001,9.569343638796109e-05
row-0000618,doi::10.1016/j.proci.2018.06.022,42,0,8e-05,9.569343638796109e-05
row-0000621,doi::10.1016/j.proci.2018.06.022,42,0,4e-05,9.522985718474134e-05
row-0000630,doi::10.1016/j.proci.2018.06.022,42,0,0.00011,9.54206965319078e-05
row-0000633,doi::10.1016/j.proci.2018.06.022,42,0,6e-05,9.522985718474134e-05
row-0000634,doi::10.1016/j.proci.2018.06.022,42,0,8e-05,9.537214751229996e-05
row-0000636,doi::10.1016/s0082-0784(98)80102-1,42,0,0.0042,0.0031605932624637414
row-0000639,doi::10.1016/s0082-0784(98)80017-6,42,0,0.0068,0.0034122321397306453
row-0000641,doi::10.1016/s0082-0784(98)80017-6,42,0,0.0038,0.0032042811270080592
row-0000644,doi::10.1016/s0082-0784(98)80017-6,42,0,0.0065,0.004810472203607001
row-0000646,doi::10.1016/s0082-0784(98)80017-6,42,0,0.0035,0.0031892203691179133
row-0000651,doi::10.1016/s0082-0784(98)80017-6,42,0,0.0032,0.0031892203691179133
row-0000658,doi::10.1016/s0082-0784(98)80017-6,42,0,0.0036,0.0032641195812824902
row-0000662,doi::10.1016/s0082-0784(98)80017-6,42,0,0.0037,0.0032698711370232223
row-0000664,doi::10.1016/s0082-0784(98)80017-6,42,0,0.0027,0.003137385574657103
row-0000665,doi::10.1016/s0082-0784(98)80017-6,42,0,0.0,0.0030760447554705563
row-0000672,doi::10.1016/s0082-0784(98)80017-6,42,0,0.0028,0.003143917588675153
row-0000681,citation::kimzey john howard flammability during weightlessness nasa technical memorandum nasa tm x 58001 may 1966,42,0,0.00508,0.018251978732365733
row-0000682,citation::kimzey john howard flammability during weightlessness nasa technical memorandum nasa tm x 58001 may 1966,42,0,0.01016,0.022168911489010908
row-0000683,citation::kimzey john howard flammability during weightlessness nasa technical memorandum nasa tm x 58001 may 1966,42,0,0.00254,0.003480297095280522
row-0000692,citation::kimzey john howard flammability during weightlessness nasa technical memorandum nasa tm x 58001 may 1966,42,0,0.01778,0.017103938201132235
row-0000696,citation::kimzey john howard flammability during weightlessness nasa technical memorandum nasa tm x 58001 may 1966,42,0,0.00102,0.000670494463407664
row-0000697,citation::kimzey john howard flammability during weightlessness nasa technical memorandum nasa tm x 58001 may 1966,42,0,0.0127,0.018726110732365717
row-0000711,doi::10.1016/j.combustflame.2008.05.023,42,0,0.0028,0.003298172418219004
row-0000714,doi::10.1016/j.combustflame.2008.05.023,42,0,0.0032,0.005949257921031961
row-0000723,doi::10.1016/j.combustflame.2008.05.023,42,0,0.0051,0.0032989641879511552
row-0000724,doi::10.1016/j.combustflame.2008.05.023,42,0,0.0012,0.003367783135532693
row-0000725,doi::10.1016/j.combustflame.2008.05.023,42,0,0.0019,0.0030364268376122773
row-0000734,doi::10.1016/j.combustflame.2008.05.023,42,0,0.0033,0.002954562556163089
row-0000737,doi::10.1016/j.combustflame.2008.05.023,42,0,0.0041,0.003105180708935433
row-0000738,doi::10.1016/j.combustflame.2008.05.023,42,0,0.0044,0.003105180708935433
row-0000743,doi::10.1016/j.combustflame.2008.05.023,42,0,0.0051,0.0033552441514285605
row-0000744,doi::10.1016/j.combustflame.2008.05.023,42,0,0.006,0.003420327237665199
row-0000746,doi::10.1016/j.combustflame.2008.05.023,42,0,0.0015,0.003127109762587618
row-0000748,doi::10.1016/j.combustflame.2008.05.023,42,0,0.002,0.0031556807428464897
row-0000761,doi::10.1016/j.combustflame.2008.05.023,42,0,0.0046,0.0032703722999726575
row-0000791,doi::10.1016/j.firesaf.2023.103989,42,0,0.004,0.003082490285731231
row-0000806,doi::10.1016/j.firesaf.2023.103989,42,0,0.0023,0.002923709507659102
row-0000811,doi::10.1016/j.firesaf.2023.103989,42,0,0.0033,0.00299231570160314
row-0000827,doi::10.1016/j.firesaf.2023.103989,42,0,0.0027,0.0029740818785104124
row-0000828,doi::10.1016/j.firesaf.2023.103989,42,0,0.0025,0.002971726034354568
row-0000893,doi::10.1016/j.firesaf.2023.103989,42,0,0.0024,0.00292148255368011
row-0000896,doi::10.1016/j.firesaf.2023.103989,42,0,0.0031,0.0029895529283862176
row-0000899,doi::10.1016/j.firesaf.2023.103989,42,0,0.0039,0.0030355373275181394
row-0000902,doi::10.1016/j.firesaf.2023.103989,42,0,0.0028,0.002989515782716264
row-0000907,doi::10.1016/j.firesaf.2023.103989,42,0,0.0023,0.003013195274839638
row-0000908,doi::10.1016/j.firesaf.2023.103989,42,0,0.0024,0.0030170635292569646
row-0000910,doi::10.1016/j.firesaf.2023.103989,42,0,0.0022,0.002907641818786662
row-0000914,doi::10.1016/j.firesaf.2023.103989,42,0,0.0026,0.0029693730684832303
row-0000915,doi::10.1016/j.firesaf.2023.103989,42,0,0.00275,0.002971728912639074
row-0000917,doi::10.1016/j.firesaf.2023.103989,42,0,0.0027,0.002973059510929673
row-0000918,doi::10.1016/j.firesaf.2023.103989,42,0,0.00275,0.002974429641542148
row-0000931,doi::10.1016/j.firesaf.2023.103989,42,0,0.0032,0.0029607673233823296
row-0000936,doi::10.1016/j.firesaf.2023.103989,42,0,0.0024,0.002945126878055556
row-0000954,doi::10.1016/j.firesaf.2023.103989,42,0,0.0027,0.002946604385560008
row-0000960,doi::10.1016/j.firesaf.2023.103989,42,0,0.004,0.0029549393353026088
row-0000963,doi::10.1016/j.firesaf.2023.103989,42,0,0.0038,0.0030929544111073268
row-0000966,doi::10.1016/j.firesaf.2023.103989,42,0,0.003,0.00309093155396447
row-0000974,doi::10.1016/j.firesaf.2023.103989,42,0,0.0038,0.0030937984111073266
row-0001035,doi::10.1016/j.firesaf.2023.103989,42,0,0.0027,0.0029583031637922747
row-0001037,doi::10.1016/j.firesaf.2023.103989,42,0,0.00325,0.0029583031637922747
row-0001045,doi::10.1016/j.firesaf.2023.103989,42,0,0.00375,0.0029702617599117994
row-0001061,doi::10.1016/j.firesaf.2023.103989,42,0,0.001,0.0017224791474205951
row-0001063,doi::10.1016/j.firesaf.2023.103989,42,0,0.001,0.0019330036029518388
row-0001122,doi::10.1016/j.firesaf.2023.103989,42,0,0.0011,0.002097516002880771
row-0001124,doi::10.1016/j.firesaf.2023.103989,42,0,0.0012,0.0023019708554883373
row-0001156,doi::10.1016/j.firesaf.2023.103989,42,0,0.0016,0.0017025691725362049
row-0001158,doi::10.1016/j.firesaf.2023.103989,42,0,0.0017,0.0017025691725362049
row-0001196,doi::10.1016/j.firesaf.2023.103989,42,0,0.0015,0.001462420036444387
row-0001201,doi::10.1016/j.firesaf.2023.103989,42,0,0.0015,0.0016934635659036394
row-0001208,doi::10.1016/j.proci.2024.105199,42,0,0.004,0.0042315678581115405
row-0001216,doi::10.1016/j.proci.2024.105199,42,0,0.0049,0.0045390728093322305
row-0001220,doi::10.1016/j.proci.2024.105199,42,0,0.004,0.004531582211041632
row-0001223,doi::10.1016/j.proci.2024.105199,42,0,0.0015,0.0015079768333784121
row-0001226,doi::10.1016/j.proci.2024.105199,42,0,0.0021,0.001509454123429122
row-0001227,doi::10.1016/j.proci.2024.105199,42,0,0.0021,0.00151165037465065
row-0001230,doi::10.1016/j.proci.2024.105199,42,0,0.0018,0.0015123816951015357
row-0001345,doi::10.1016/j.proci.2022.07.002,42,0,0.0019,0.003008862099853182
row-0001349,doi::10.1016/j.proci.2022.07.002,42,0,0.005,0.0030818950556832534
row-0001350,doi::10.1016/j.proci.2022.07.002,42,0,0.0028,0.0030213102227465535
row-0001366,doi::10.1016/j.proci.2022.07.002,42,0,0.003,0.0030095667067260917
row-0001370,doi::10.1016/j.proci.2022.07.002,42,0,0.0027,0.0030125733036578143
row-0001375,doi::10.1016/j.proci.2022.07.002,42,0,0.0035,0.003051627519571569
row-0001378,doi::10.1016/j.proci.2022.07.002,42,0,0.0014,0.002906440665108859
row-0001448,doi::10.1016/j.proci.2022.07.002,42,0,0.002,0.00148030614258796
row-0001450,doi::10.1016/j.proci.2022.07.002,42,0,0.0016,0.00148030614258796
row-0001452,doi::10.1016/j.proci.2022.07.002,42,0,0.0017,0.0014747587442681188
row-0001469,doi::10.1016/j.proci.2022.07.002,42,0,0.002,0.001479108772657808
row-0001474,doi::10.1016/j.proci.2022.07.002,42,0,0.0011,0.001472089924735628
row-0001476,doi::10.1016/j.proci.2022.07.002,42,0,0.0011,0.001472089924735628
row-0001489,doi::10.1016/j.proci.2022.07.002,42,0,0.0015,0.0014601622001926989
row-0001490,doi::10.1016/j.proci.2022.07.002,42,0,0.0015,0.0014623584514142265
row-0001491,doi::10.1016/j.proci.2022.07.002,42,0,0.0018,0.0014623584514142265
row-0001587,doi::10.1016/j.proci.2024.105775,42,0,0.00783,0.008170617232576227
row-0001592,doi::10.1016/j.proci.2024.105775,42,0,0.0082,0.00819570055406392
row-0001593,doi::10.1016/j.proci.2024.105775,42,0,0.00802,0.00819570055406392
row-0001597,doi::10.1016/j.proci.2024.105775,42,0,0.00688,0.00819570055406392
row-0001598,doi::10.1016/j.proci.2024.105775,42,0,0.00732,0.00819570055406392
row-0001600,doi::10.1016/j.proci.2024.105775,42,0,0.00691,0.00819570055406392
row-0001604,doi::10.1016/j.proci.2024.105775,42,0,0.00723,0.008194540667700284
row-0001610,doi::10.1016/j.proci.2024.105775,42,0,0.00729,0.008194540667700284
row-0001612,doi::10.1016/j.proci.2024.105775,42,0,0.00594,0.008349176513485112
row-0001633,doi::10.1016/j.proci.2024.105775,42,0,0.00801,0.008735101031451717
row-0001638,doi::10.1016/j.proci.2024.105775,42,0,0.01122,0.009240927735896026
row-0001660,doi::10.1007/s12217-024-10147-3,42,0,0.01105,0.009166902763806873
row-0001661,doi::10.1007/s12217-024-10147-3,42,0,0.00763,0.008731436866672054
row-0001668,doi::10.1007/s12217-024-10147-3,42,0,0.00952,0.008919173038159745
row-0001671,doi::10.1007/s12217-024-10147-3,42,0,0.00882,0.008885747942921648
row-0001672,doi::10.1007/s12217-024-10147-3,42,0,0.01117,0.009239111772728735
row-0001673,doi::10.1007/s12217-024-10147-3,42,0,0.00801,0.0087240628298872
row-0001736,doi::10.1016/j.proci.2024.105255,42,0,0.00122,0.0014747587442681188
row-0001749,doi::10.1038/s41598-017-18398-4,42,0,6e-05,9.527840620434917e-05
row-0001757,doi::10.1038/s41598-017-18398-4,42,0,8e-05,9.586486656173528e-05
row-0001760,doi::10.1038/s41598-017-18398-4,42,0,5e-05,9.51395720323065e-05
row-0001762,doi::10.1038/s41598-017-18398-4,42,0,4e-05,9.274843173084255e-05
row-0001763,doi::10.1038/s41598-017-18398-4,42,0,3e-05,9.229071114961981e-05
row-0001771,doi::10.1038/s41598-017-18398-4,42,0,3e-05,9.527840620434917e-05
row-0001775,doi::10.1038/s41598-017-18398-4,42,0,3e-05,9.522985718474134e-05
row-0001779,doi::10.1038/s41598-017-18398-4,42,0,6e-05,9.527840620434917e-05
row-0001784,doi::10.1038/s41598-017-18398-4,42,0,7e-05,9.527840620434917e-05
row-0001785,doi::10.1038/s41598-017-18398-4,42,0,4e-05,9.527840620434917e-05
row-0001792,doi::10.1038/s41598-017-18398-4,42,0,7e-05,9.527840620434917e-05
row-0001804,doi::10.1038/s41598-017-18398-4,42,0,0.00011,9.586486656173528e-05
row-0001810,doi::10.1038/s41598-017-18398-4,42,0,3e-05,9.527840620434917e-05
row-0001815,doi::10.1038/s41598-017-18398-4,42,0,3e-05,9.527840620434917e-05
row-0001821,doi::10.1038/s41598-017-18398-4,42,0,4e-05,9.527840620434917e-05
row-0001824,doi::10.1038/s41598-017-18398-4,42,0,3e-05,9.527840620434917e-05
row-0001830,doi::10.1038/s41598-017-18398-4,42,0,3e-05,9.522985718474134e-05
row-0001835,doi::10.1016/j.proci.2024.105766,42,0,0.0115,0.008242300006648207
row-0001837,doi::10.1016/j.proci.2024.105766,42,0,0.012,0.008454232266708325
row-0001842,doi::10.1016/j.proci.2024.105766,42,0,0.0065,0.006742211692611236
row-0001848,doi::10.1016/j.proci.2024.105766,42,0,0.0026,0.0015936325192790703
row-0001849,doi::10.1016/j.proci.2024.105766,42,0,0.0027,0.0015868504964405713
row-0001856,doi::10.1016/j.proci.2024.105766,42,0,0.0019,0.0015361621007809446
row-0001857,doi::10.1016/j.proci.2024.105766,42,0,0.0018,0.0015393734695592252
row-0001858,doi::10.1016/j.proci.2024.105766,42,0,0.0015,0.0015591820857613467
row-0001862,doi::10.1016/j.proci.2024.105766,42,0,0.0025,0.0015380806024076865
row-0001880,doi::10.1016/j.firesaf.2024.104329,42,0,0.0015,0.001480970199176426
row-0001890,doi::10.1016/j.firesaf.2024.104329,42,0,0.00225,0.0017181264870281374
row-0001895,doi::10.1016/j.firesaf.2024.104329,42,0,0.002,0.0014827828017486896
row-0001907,doi::10.1016/j.firesaf.2024.104329,42,0,0.00275,0.0017181264870281374
row-0001909,doi::10.1016/j.firesaf.2024.104329,42,0,0.002,0.0017181264870281374
row-0001922,doi::10.1016/j.firesaf.2024.104329,42,0,0.00225,0.0017193376634987254
row-0001923,doi::10.1016/j.firesaf.2024.104329,42,0,0.002,0.0017181264870281374
row-0001935,doi::10.1016/j.firesaf.2024.104329,42,0,0.0022,0.0014811589812978039
row-0001936,doi::10.1016/j.firesaf.2024.104329,42,0,0.00228,0.00171319849054044
row-0001937,doi::10.1016/j.firesaf.2024.104329,42,0,0.00235,0.00171319849054044
row-0001947,doi::10.1016/j.firesaf.2024.104329,42,0,0.0015,0.0014923030147056184
row-0001948,doi::10.1016/j.firesaf.2024.104329,42,0,0.00205,0.0017139298109913256
row-0001949,doi::10.1016/j.firesaf.2024.104329,42,0,0.00275,0.0017139298109913256
row-0001951,doi::10.1016/j.firesaf.2024.104329,42,0,0.00225,0.00171319849054044
row-0001954,doi::10.1016/j.firesaf.2024.104329,42,0,0.0016,0.0017121270619690114
row-0001962,doi::10.1016/j.firesaf.2024.104329,42,0,0.0021,0.001712858382419897
row-0001963,doi::10.1016/j.firesaf.2024.104329,42,0,0.002,0.001712858382419897
row-0002044,doi::10.1016/j.firesaf.2024.104329,42,0,0.0009,0.000724239877524051
row-0002052,doi::10.1016/j.firesaf.2024.104329,42,0,0.0005,0.0007143062222552204
row-0002060,doi::10.1016/j.firesaf.2024.104329,42,0,0.00075,0.0007110116307817688
row-0002078,doi::10.1016/j.firesaf.2024.104329,42,0,0.00075,0.0007161367743604273
row-0002079,doi::10.1016/j.firesaf.2024.104329,42,0,0.00065,0.0007079925030691453
row-0002115,doi::10.1016/j.firesaf.2024.104329,42,0,0.00075,0.0006937300744866008
row-0002121,doi::10.1016/j.firesaf.2024.104329,42,0,0.0008,0.0007744926775890138
row-0002283,citation::mell w e s l olson and t kashiwagi flame spread along free edges of thermally thin samples in 0 proceedings of the combustion institute vol 28 no 2 2000 pp 2843 2849,42,0,0.00145,0.003726974875422909
row-0002289,citation::mell w e s l olson and t kashiwagi flame spread along free edges of thermally thin samples in 0 proceedings of the combustion institute vol 28 no 2 2000 pp 2843 2849,42,0,0.0022,0.003486647339119483
row-0002291,citation::mell w e s l olson and t kashiwagi flame spread along free edges of thermally thin samples in 0 proceedings of the combustion institute vol 28 no 2 2000 pp 2843 2849,42,0,0.0019,0.0041811155452844044
row-0002292,citation::mell w e s l olson and t kashiwagi flame spread along free edges of thermally thin samples in 0 proceedings of the combustion institute vol 28 no 2 2000 pp 2843 2849,42,0,0.0013,0.009167030844718607
row-0002448,doi::10.1016/j.proci.2018.05.007,42,0,0.0015,0.00293427995573633
row-0002449,doi::10.1016/j.proci.2018.05.007,42,0,0.0025,0.0030113651998167675
row-0002450,doi::10.1016/j.proci.2018.05.007,42,0,0.0028,0.003019510943723003
row-0002453,doi::10.1016/j.proci.2018.05.007,42,0,0.0026,0.003016864506942115
row-0002455,doi::10.1016/j.proci.2018.05.007,42,0,0.0035,0.002932910015119126
row-0002457,doi::10.1016/j.proci.2018.05.007,42,0,0.0031,0.003032291663693144
row-0002458,doi::10.1016/j.proci.2018.05.007,42,0,0.0029,0.0029542978790179776
row-0002462,doi::10.1016/j.proci.2018.05.007,42,0,0.0014,0.001474536335197451
row-0002463,doi::10.1016/j.proci.2018.05.007,42,0,0.0021,0.001474536335197451
row-0002467,doi::10.1016/j.proci.2018.05.007,42,0,0.0022,0.001468388986053735
row-0002471,doi::10.1016/j.proci.2018.05.007,42,0,0.0026,0.0014814653832813786
row-0002604,citation::nishizawa et al 2003 effect of low external flow on flame spreading over etfe wire under microgravity,42,0,0.0032,0.0030778733639754583
row-0002606,citation::nishizawa et al 2003 effect of low external flow on flame spreading over etfe wire under microgravity,42,0,0.0026,0.0031038278806036334
row-0002609,doi::10.1016/j.combustflame.2009.01.015,42,0,0.00083,0.001425361618383282
row-0002612,doi::10.1016/j.combustflame.2009.01.015,42,0,0.0006,0.001425361618383282
row-0002623,doi::10.1016/j.combustflame.2009.01.015,42,0,0.0014,0.0014280889115068252
row-0002626,doi::10.1016/j.combustflame.2009.01.015,42,0,0.001,0.0014280889115068252
row-0002629,doi::10.1016/j.combustflame.2009.01.015,42,0,0.00092,0.0014280889115068252
row-0002633,doi::10.1016/j.combustflame.2009.01.015,42,0,0.0024,0.0014410869095304378
row-0002643,doi::10.1016/j.combustflame.2009.01.015,42,0,0.00082,0.001423304764320678
row-0002651,doi::10.1016/j.combustflame.2009.01.015,42,0,0.00062,0.0014261206084765223
row-0002653,doi::10.1016/j.combustflame.2009.01.015,42,0,0.0011,0.0014294697603462884
row-0002656,doi::10.1016/j.combustflame.2009.01.015,42,0,0.00094,0.0014294697603462884
row-0002657,doi::10.1016/j.combustflame.2009.01.015,42,0,0.00086,0.0014294697603462884
row-0002704,citation::friedman robert brian jackson and sandra olson testing and selection of fire resistant materials for spacecraft use nasa technical memorandum 2000 209773 mar 2000 nasa sti program office glenn research center cleveland ohio,42,0,0.0126,0.009725001098997139
row-0002707,citation::friedman robert brian jackson and sandra olson testing and selection of fire resistant materials for spacecraft use nasa technical memorandum 2000 209773 mar 2000 nasa sti program office glenn research center cleveland ohio,42,0,0.0186,0.016530648299707577
row-0002708,citation::friedman robert brian jackson and sandra olson testing and selection of fire resistant materials for spacecraft use nasa technical memorandum 2000 209773 mar 2000 nasa sti program office glenn research center cleveland ohio,42,0,0.0172,0.016530648299707577
row-0002712,citation::friedman robert brian jackson and sandra olson testing and selection of fire resistant materials for spacecraft use nasa technical memorandum 2000 209773 mar 2000 nasa sti program office glenn research center cleveland ohio,42,0,0.0263,0.02559611974362644
row-0002718,citation::friedman robert brian jackson and sandra olson testing and selection of fire resistant materials for spacecraft use nasa technical memorandum 2000 209773 mar 2000 nasa sti program office glenn research center cleveland ohio,42,0,0.0378,0.028689059456435215
row-0002719,citation::friedman robert brian jackson and sandra olson testing and selection of fire resistant materials for spacecraft use nasa technical memorandum 2000 209773 mar 2000 nasa sti program office glenn research center cleveland ohio,42,0,0.0389,0.028689059456435215
row-0002723,citation::friedman robert brian jackson and sandra olson testing and selection of fire resistant materials for spacecraft use nasa technical memorandum 2000 209773 mar 2000 nasa sti program office glenn research center cleveland ohio,42,0,0.0613,0.056773249619853444
row-0002724,citation::friedman robert brian jackson and sandra olson testing and selection of fire resistant materials for spacecraft use nasa technical memorandum 2000 209773 mar 2000 nasa sti program office glenn research center cleveland ohio,42,0,0.0709,0.06850569692144079
row-0002736,citation::friedman robert brian jackson and sandra olson testing and selection of fire resistant materials for spacecraft use nasa technical memorandum 2000 209773 mar 2000 nasa sti program office glenn research center cleveland ohio,42,0,0.0357,0.025683515065682238
row-0002737,citation::friedman robert brian jackson and sandra olson testing and selection of fire resistant materials for spacecraft use nasa technical memorandum 2000 209773 mar 2000 nasa sti program office glenn research center cleveland ohio,42,0,0.0428,0.03488534367582855
row-0002742,citation::friedman robert brian jackson and sandra olson testing and selection of fire resistant materials for spacecraft use nasa technical memorandum 2000 209773 mar 2000 nasa sti program office glenn research center cleveland ohio,42,0,0.004,0.007598490015757696
row-0002753,citation::friedman robert brian jackson and sandra olson testing and selection of fire resistant materials for spacecraft use nasa technical memorandum 2000 209773 mar 2000 nasa sti program office glenn research center cleveland ohio,42,0,0.0342,0.026912618946015834
row-0002757,citation::friedman robert brian jackson and sandra olson testing and selection of fire resistant materials for spacecraft use nasa technical memorandum 2000 209773 mar 2000 nasa sti program office glenn research center cleveland ohio,42,0,0.0272,0.04411059477582169
row-0002791,citation::olson s l and j s t ien near limit flame spread over a thin solid fuel in 0 symposium international on combustion vol 22 no 1 1988 pp 1213 1222 the combustion institute,42,0,0.0147,0.010201737483617718
row-0002794,citation::olson s l and j s t ien near limit flame spread over a thin solid fuel in 0 symposium international on combustion vol 22 no 1 1988 pp 1213 1222 the combustion institute,42,0,0.0306,0.021207980648062053
row-0002796,citation::olson s l and j s t ien near limit flame spread over a thin solid fuel in 0 symposium international on combustion vol 22 no 1 1988 pp 1213 1222 the combustion institute,42,0,0.04342,0.037288464806475755
row-0002798,citation::olson s l and j s t ien near limit flame spread over a thin solid fuel in 0 symposium international on combustion vol 22 no 1 1988 pp 1213 1222 the combustion institute,42,0,0.07704,0.05870831901912096
row-0002800,citation::olson s l and j s t ien near limit flame spread over a thin solid fuel in 0 symposium international on combustion vol 22 no 1 1988 pp 1213 1222 the combustion institute,42,0,0.00571,0.008887891413430236
row-0002807,citation::olson s l and j s t ien near limit flame spread over a thin solid fuel in 0 symposium international on combustion vol 22 no 1 1988 pp 1213 1222 the combustion institute,42,0,0.02669,0.023961355003130617
row-0002808,citation::olson s l and j s t ien near limit flame spread over a thin solid fuel in 0 symposium international on combustion vol 22 no 1 1988 pp 1213 1222 the combustion institute,42,0,0.02758,0.02419196229324038
row-0002811,citation::olson s l and j s t ien near limit flame spread over a thin solid fuel in 0 symposium international on combustion vol 22 no 1 1988 pp 1213 1222 the combustion institute,42,0,0.04979,0.044323178217731345
row-0002812,citation::olson s l and j s t ien near limit flame spread over a thin solid fuel in 0 symposium international on combustion vol 22 no 1 1988 pp 1213 1222 the combustion institute,42,0,0.0633,0.05786325239907428
row-0002815,citation::olson s l and j s t ien near limit flame spread over a thin solid fuel in 0 symposium international on combustion vol 22 no 1 1988 pp 1213 1222 the combustion institute,42,0,0.00329,0.004970636055922039
row-0002817,citation::olson s l and j s t ien near limit flame spread over a thin solid fuel in 0 symposium international on combustion vol 22 no 1 1988 pp 1213 1222 the combustion institute,42,0,0.00601,0.008585010873120849
row-0002819,citation::olson s l and j s t ien near limit flame spread over a thin solid fuel in 0 symposium international on combustion vol 22 no 1 1988 pp 1213 1222 the combustion institute,42,0,0.00853,0.008861332721295107
row-0002828,citation::olson s l and j s t ien near limit flame spread over a thin solid fuel in 0 symposium international on combustion vol 22 no 1 1988 pp 1213 1222 the combustion institute,42,0,0.03468,0.036751948256106164
row-0002833,citation::olson s l and j s t ien near limit flame spread over a thin solid fuel in 0 symposium international on combustion vol 22 no 1 1988 pp 1213 1222 the combustion institute,42,0,0.00471,0.008466736170099262
row-0002843,citation::olson s l and j s t ien near limit flame spread over a thin solid fuel in 0 symposium international on combustion vol 22 no 1 1988 pp 1213 1222 the combustion institute,42,0,0.03372,0.03645886539102683
row-0002850,doi::10.1016/s0082-0784(89)80132-8,42,0,0.0064,0.008018955383001332
row-0002851,doi::10.1016/s0082-0784(89)80132-8,42,0,0.0021,0.0034233664155462855
row-0002893,doi::10.1080/00102209108951711,42,0,0.0203,0.01831544970814507
row-0002910,doi::10.1080/00102209108951711,42,0,0.0188,0.018611637303161194
row-0002913,doi::10.1080/00102209108951711,42,0,0.0112,0.009628548083969573
row-0002914,doi::10.1080/00102209108951711,42,0,0.0132,0.009643264185255596
row-0002916,doi::10.1080/00102209108951711,42,0,0.0108,0.005470406496374335
row-0002920,doi::10.1080/00102209108951711,42,0,0.003,0.004123027435216599
row-0002977,doi::10.1016/j.combustflame.2009.01.015,42,0,0.0086,0.013707561021801254
row-0002991,doi::10.1016/j.combustflame.2009.01.015,42,0,0.026,0.026363605105586656
row-0002994,doi::10.1016/j.combustflame.2009.01.015,42,0,0.034,0.029125555075304718
row-0003002,doi::10.1016/j.combustflame.2009.01.015,42,0,0.017,0.014901028014822015
row-0003013,doi::10.1016/j.combustflame.2009.01.015,42,0,0.042,0.03181503992034341
row-0003021,doi::10.1016/j.combustflame.2009.01.015,42,0,0.022,0.016155456315620483
row-0003026,doi::10.1016/s0010-2180(00)00249-2,42,0,0.00085,0.0014325849365887013
row-0003030,doi::10.1016/s0010-2180(00)00249-2,42,0,0.0011,0.0014325849365887013
row-0003031,doi::10.1016/s0010-2180(00)00249-2,42,0,0.0019,0.0014325849365887013
row-0003042,doi::10.1016/s0010-2180(00)00249-2,42,0,0.006,0.0027976960564998626
row-0003054,doi::10.1016/s0010-2180(00)00249-2,42,0,0.0014,0.001434230424117046
row-0003076,doi::10.1016/j.combustflame.2018.10.012,42,0,0.00136,0.0014677459057599413
row-0003078,doi::10.1016/j.combustflame.2018.10.012,42,0,0.00314,0.0015141743410869329
row-0003085,doi::10.1016/j.combustflame.2018.10.012,42,0,0.00141,0.0014616297742852922
row-0003088,doi::10.1016/j.combustflame.2018.10.012,42,0,0.00116,0.02140370374691583
row-0003101,doi::10.1080/00102200490276773,42,0,0.012,0.012659552875457778
row-0003104,doi::10.1080/00102200490276773,42,0,0.014,0.014760409065934009
row-0003108,doi::10.1080/00102200490276773,42,0,0.018,0.017099351923076964
row-0003109,doi::10.1080/00102200490276773,42,0,0.019,0.018450318589743494
row-0003119,doi::10.1080/00102200490276773,42,0,0.016,0.01811449523809506
row-0003127,doi::10.1080/00102200490276773,42,0,0.024,0.02397630676402912
row-0003128,doi::10.1080/00102200490276773,42,0,0.025,0.024038570097362457
row-0003133,doi::10.1080/00102200490276773,42,0,0.032,0.031865307334405
row-0003137,doi::10.1080/00102200490276773,42,0,0.045,0.037018938235764236
row-0003138,doi::10.1080/00102200490276773,42,0,0.051,0.037018938235764236
row-0003139,doi::10.1080/00102200490276773,42,0,0.056,0.037018938235764236
row-0003140,doi::10.1080/00102200490276773,42,0,0.059,0.037018938235764236
row-0003141,doi::10.1080/00102200490276773,42,0,0.062,0.037018938235764236
row-0003142,doi::10.1080/00102200490276773,42,0,0.062,0.05767369523809561
row-0003151,doi::10.1016/j.combustflame.2022.112559,42,0,0.0018,0.0023583964974499207
row-0003155,doi::10.1016/j.combustflame.2022.112559,42,0,0.0036,0.0020490796202689066
row-0003159,doi::10.1016/j.proci.2024.105358,42,0,0.0015,0.001713102231950331
row-0003169,doi::10.1016/j.proci.2024.105358,42,0,0.0019,0.0022068325869288295
row-0003171,doi::10.1016/j.proci.2024.105358,42,0,0.00208,0.0022561853798157084
row-0003172,doi::10.1016/j.proci.2024.105358,42,0,0.0021,0.0022585208844529163
row-0003178,doi::10.1016/j.proci.2024.105358,42,0,0.0017,0.0020042019984971193
row-0003182,doi::10.1016/j.proci.2024.105358,42,0,0.0016,0.001739054844567689
row-0003185,doi::10.1016/j.proci.2024.105358,42,0,0.00305,0.002830844562862434
row-0003188,doi::10.1016/j.proci.2024.105358,42,0,0.0026,0.0026093542255479713
row-0003194,doi::10.1016/j.proci.2024.105358,42,0,0.00275,0.002658088342627004
row-0003219,doi::10.1016/j.combustflame.2022.112009,42,0,0.00068,0.0014321700498546425
row-0003234,doi::10.1016/j.combustflame.2022.112009,42,0,0.00055,0.001431991580902176
row-0003235,doi::10.1016/j.combustflame.2022.112009,42,0,0.00048,0.001431991580902176
row-0003236,doi::10.1016/j.combustflame.2022.112009,42,0,0.00044,0.001431991580902176
row-0003246,doi::10.1016/j.combustflame.2022.112009,42,0,0.0054,0.0054068243305435216
row-0003249,doi::10.1016/j.combustflame.2022.112009,42,0,0.011,0.007460338849969227
row-0003258,doi::10.1016/j.combustflame.2022.112009,42,0,0.0033,0.005132905272829335
row-0003393,doi::10.1016/s0082-0784(06)80816-7,42,0,0.01341,0.010213633027358027
row-0003399,doi::10.1016/s0082-0784(06)80816-7,42,0,0.00964,0.010115651638517313
row-0003400,doi::10.1016/s0082-0784(06)80816-7,42,0,0.00907,0.010017747840898265
row-0003402,doi::10.1016/s0082-0784(06)80816-7,42,0,0.00812,0.009972087216741723
row-0003408,doi::10.1016/s0082-0784(06)80816-7,42,0,0.00885,0.009305227730809775
row-0003412,doi::10.1016/s0082-0784(06)80816-7,42,0,0.0064,0.00575322599940128
row-0003417,doi::10.1016/s0082-0784(06)80816-7,42,0,0.00395,0.0056352658865863325
row-0003421,doi::10.1016/s0082-0784(06)80816-7,42,0,0.0046,0.005052238860193416
row-0003430,citation::s nchez tarifa c and b l zaro experiments conducted on combustion at microgravity in the texus 38 sounding rocket results and conclusions first international symposium on microgravity research and applications on physical sciences and biotechnology 2000,42,0,0.00081,0.0005467578136551014
row-0003439,citation::s nchez tarifa c and g l pez juste a study of the combustion problems of solid materials at conditions existing in space stations esa sp 433 1999,42,0,0.0002,0.0007349489238587517
row-0003448,citation::s nchez tarifa c and m rodr guez combustion and flammability characteristics of solids at microgravity in very small velocity flows second european symposium on utilisation of the international space station nov 1998,42,0,0.0028,0.00787834472719396
row-0003450,citation::s nchez tarifa c and m rodr guez combustion and flammability characteristics of solids at microgravity in very small velocity flows second european symposium on utilisation of the international space station nov 1998,42,0,0.0017,0.0019372972793438399
row-0003453,citation::s nchez tarifa c and m rodr guez combustion and flammability characteristics of solids at microgravity in very small velocity flows second european symposium on utilisation of the international space station nov 1998,42,0,0.0056,0.01634956868831175
row-0003467,doi::10.1007/s12217-024-10106-y,42,0,0.00111,0.0016629696016060398
row-0003478,doi::10.1016/s1540-7489(02)80315-7,42,0,0.04771,0.04397826685687448
row-0003482,doi::10.1016/s1540-7489(02)80315-7,42,0,0.00429,0.01009532335887594
row-0003486,doi::10.1016/s1540-7489(02)80315-7,42,0,0.0254,0.035695953542016656
row-0003490,doi::10.1016/s1540-7489(02)80315-7,42,0,0.00875,0.011825138694360141
row-0003493,doi::10.1016/s1540-7489(02)80315-7,42,0,0.05752,0.049304778741818316
row-0003500,doi::10.1016/s1540-7489(02)80315-7,42,0,0.031,0.015493538731980137
row-0003503,doi::10.1016/s1540-7489(02)80315-7,42,0,0.045,0.04019622887865266
row-0003510,doi::10.1016/s1540-7489(02)80315-7,42,0,0.019,0.007624318202830677
row-0003528,citation::son youngjin paul d ronney and suleyman gokoglu comparison of carbon dioxide and helium as fire extinguishing agents for spacecraft nasa cp 2004 213205 vol2 2004 pp 409 418,42,0,0.07,0.06457261289515173
row-0003538,citation::son youngjin paul d ronney and suleyman gokoglu comparison of carbon dioxide and helium as fire extinguishing agents for spacecraft nasa cp 2004 213205 vol2 2004 pp 409 418,42,0,0.085,0.06789392623205928
row-0003548,citation::son youngjin paul d ronney and suleyman gokoglu comparison of carbon dioxide and helium as fire extinguishing agents for spacecraft nasa cp 2004 213205 vol2 2004 pp 409 418,42,0,0.05278,0.03718523409511183
row-0003551,citation::son youngjin paul d ronney and suleyman gokoglu comparison of carbon dioxide and helium as fire extinguishing agents for spacecraft nasa cp 2004 213205 vol2 2004 pp 409 418,42,0,0.0075,0.020959078843630845
row-0003552,citation::son youngjin paul d ronney and suleyman gokoglu comparison of carbon dioxide and helium as fire extinguishing agents for spacecraft nasa cp 2004 213205 vol2 2004 pp 409 418,42,0,0.02859,0.01819139961239648
row-0003555,citation::son youngjin paul d ronney and suleyman gokoglu comparison of carbon dioxide and helium as fire extinguishing agents for spacecraft nasa cp 2004 213205 vol2 2004 pp 409 418,42,0,0.00432,0.007816268599245536
row-0003562,citation::son youngjin paul d ronney and suleyman gokoglu comparison of carbon dioxide and helium as fire extinguishing agents for spacecraft nasa cp 2004 213205 vol2 2004 pp 409 418,42,0,0.00855,0.013628928221866142
row-0003566,citation::son youngjin paul d ronney and suleyman gokoglu comparison of carbon dioxide and helium as fire extinguishing agents for spacecraft nasa cp 2004 213205 vol2 2004 pp 409 418,42,0,0.01222,0.014094014446679121
row-0003568,citation::son youngjin paul d ronney and suleyman gokoglu comparison of carbon dioxide and helium as fire extinguishing agents for spacecraft nasa cp 2004 213205 vol2 2004 pp 409 418,42,0,0.01194,0.01611986119158888
row-0003569,citation::son youngjin paul d ronney and suleyman gokoglu comparison of carbon dioxide and helium as fire extinguishing agents for spacecraft nasa cp 2004 213205 vol2 2004 pp 409 418,42,0,0.0075,0.015458369433345357
row-0003572,citation::son youngjin paul d ronney and suleyman gokoglu comparison of carbon dioxide and helium as fire extinguishing agents for spacecraft nasa cp 2004 213205 vol2 2004 pp 409 418,42,0,0.00944,0.01497803217636229
row-0003574,citation::son youngjin paul d ronney and suleyman gokoglu comparison of carbon dioxide and helium as fire extinguishing agents for spacecraft nasa cp 2004 213205 vol2 2004 pp 409 418,42,0,0.01786,0.01481868557606264
row-0003590,citation::son youngjin paul d ronney and suleyman gokoglu comparison of carbon dioxide and helium as fire extinguishing agents for spacecraft nasa cp 2004 213205 vol2 2004 pp 409 418,42,0,0.01148,0.012892771893405574
row-0003593,citation::son youngjin paul d ronney and suleyman gokoglu comparison of carbon dioxide and helium as fire extinguishing agents for spacecraft nasa cp 2004 213205 vol2 2004 pp 409 418,42,0,0.0186,0.04465324589223192
row-0003600,citation::son youngjin paul d ronney and suleyman gokoglu comparison of carbon dioxide and helium as fire extinguishing agents for spacecraft nasa cp 2004 213205 vol2 2004 pp 409 418,42,0,0.0183,0.013668756570480828
row-0003605,citation::son youngjin paul d ronney and suleyman gokoglu comparison of carbon dioxide and helium as fire extinguishing agents for spacecraft nasa cp 2004 213205 vol2 2004 pp 409 418,42,0,0.02183,0.023873361888088793
row-0003607,citation::son youngjin paul d ronney and suleyman gokoglu comparison of carbon dioxide and helium as fire extinguishing agents for spacecraft nasa cp 2004 213205 vol2 2004 pp 409 418,42,0,0.00735,0.012926241332628294
row-0003633,doi::10.1016/j.proci.2014.07.017,42,0,0.00045,0.001422395856469968
row-0003634,doi::10.1016/j.proci.2014.07.017,42,0,0.00044,0.001422395856469968
row-0003646,doi::10.1016/j.proci.2014.07.017,42,0,0.00164,0.0014247947022749566
row-0003648,doi::10.1016/j.proci.2014.07.017,42,0,0.00269,0.0014272699216084685
row-0003657,doi::10.1016/j.proci.2014.07.017,42,0,0.00085,0.0014214804238907933
row-0003662,doi::10.1016/j.proci.2014.07.017,42,0,0.00295,0.0014623249048410587
row-0003665,doi::10.1016/j.proci.2014.07.017,42,0,0.00313,0.001744490208700141
row-0003666,doi::10.1016/j.proci.2014.07.017,42,0,0.00316,0.0017591522103317726
row-0003674,doi::10.1016/j.proci.2014.07.017,42,0,0.00428,0.002606688200760367
row-0003676,doi::10.1016/j.proci.2014.07.017,42,0,0.00529,0.002748348505537674
row-0003678,doi::10.1016/j.proci.2014.07.017,42,0,1e-05,0.0014320105492112028
row-0003680,doi::10.1016/j.proci.2014.07.017,42,0,0.0002,0.0014320105492112028
row-0003688,doi::10.1016/j.proci.2014.07.017,42,0,0.00079,0.0014320105492112028
row-0003689,doi::10.1016/j.proci.2014.07.017,42,0,0.00089,0.00160483679683925
row-0003691,doi::10.1016/j.proci.2014.07.017,42,0,0.00115,0.00160483679683925
row-0003692,doi::10.1016/j.proci.2014.07.017,42,0,0.00115,0.0016142272159387942
row-0003698,doi::10.1016/j.proci.2014.07.017,42,0,0.00173,0.0016161894803551093
row-0003700,doi::10.1016/j.proci.2014.07.017,42,0,0.00145,0.001622946804964375
row-0003701,doi::10.1016/j.proci.2014.07.017,42,0,0.00185,0.001622946804964375
row-0003717,doi::10.1016/j.proci.2014.07.017,42,0,0.00067,0.0014184463897822526
row-0003718,doi::10.1016/j.proci.2014.07.017,42,0,0.0005,0.0014184463897822526
row-0003720,doi::10.1016/j.proci.2014.07.017,42,0,0.00045,0.0014184463897822526
row-0003728,doi::10.1016/j.proci.2014.07.017,42,0,0.00079,0.0014184463897822526
row-0003730,doi::10.1016/j.proci.2014.07.017,42,0,0.0008,0.0014184463897822526
row-0003732,doi::10.1016/j.proci.2014.07.017,42,0,0.0005,0.0014184463897822526
row-0003736,doi::10.1016/j.proci.2014.07.017,42,0,0.00083,0.0014184463897822526
row-0003738,doi::10.1016/j.proci.2014.07.017,42,0,0.00063,0.0014184463897822526
row-0003743,doi::10.1016/j.proci.2014.07.017,42,0,0.00162,0.001428259731045158
row-0003751,doi::10.1016/j.proci.2014.07.017,42,0,0.00048,0.001420170243249739
row-0003755,doi::10.1016/j.proci.2014.07.017,42,0,0.00097,0.0014320105492112028
row-0003756,doi::10.1016/j.proci.2014.07.017,42,0,0.00075,0.0014209460540605498
row-0004086,citation::takahashi shuhei takeshi nagumo kazunori wakai and subrata bhattacharjee effects of ambient condition on flame spread over a thin pmma sheet jsme international journal series b 43 4 2000 556 562,42,0,0.03538,0.026392177784662303
row-0004095,citation::takahashi shuhei takeshi nagumo kazunori wakai and subrata bhattacharjee effects of ambient condition on flame spread over a thin pmma sheet jsme international journal series b 43 4 2000 556 562,42,0,0.00426,0.009161116917128969
row-0004100,citation::takahashi shuhei takeshi nagumo kazunori wakai and subrata bhattacharjee effects of ambient condition on flame spread over a thin pmma sheet jsme international journal series b 43 4 2000 556 562,42,0,0.0008,0.0014309404158800673
row-0004105,citation::takahashi shuhei takeshi nagumo kazunori wakai and subrata bhattacharjee effects of ambient condition on flame spread over a thin pmma sheet jsme international journal series b 43 4 2000 556 562,42,0,0.00112,0.0014392543713291294
row-0004113,citation::takahashi shuhei takeshi nagumo kazunori wakai and subrata bhattacharjee effects of ambient condition on flame spread over a thin pmma sheet jsme international journal series b 43 4 2000 556 562,42,0,0.00028,0.0014309404158800673
row-0004117,citation::takahashi shuhei takeshi nagumo kazunori wakai and subrata bhattacharjee effects of ambient condition on flame spread over a thin pmma sheet jsme international journal series b 43 4 2000 556 562,42,0,0.00081,0.0007218935071967631
row-0004120,citation::takahashi shuhei takeshi nagumo kazunori wakai and subrata bhattacharjee effects of ambient condition on flame spread over a thin pmma sheet jsme international journal series b 43 4 2000 556 562,42,0,0.0003,0.0003858279807357661
row-0004126,citation::takahashi shuhei takeshi nagumo kazunori wakai and subrata bhattacharjee effects of ambient condition on flame spread over a thin pmma sheet jsme international journal series b 43 4 2000 556 562,42,0,0.0003,0.00011621878813174364
row-0004140,citation::takahashi shuhei takeshi nagumo kazunori wakai and subrata bhattacharjee effects of ambient condition on flame spread over a thin pmma sheet jsme international journal series b 43 4 2000 556 562,42,0,6e-05,0.002984902695436233
row-0004148,citation::takahashi shuhei takeshi nagumo kazunori wakai and subrata bhattacharjee effects of ambient condition on flame spread over a thin pmma sheet jsme international journal series b 43 4 2000 556 562,42,0,0.01115,0.021559292068590086
row-0004159,citation::takahashi shuhei takeshi nagumo kazunori wakai and subrata bhattacharjee effects of ambient condition on flame spread over a thin pmma sheet jsme international journal series b 43 4 2000 556 562,42,0,0.00139,0.0028531320702427023
row-0004162,citation::takahashi shuhei takeshi nagumo kazunori wakai and subrata bhattacharjee effects of ambient condition on flame spread over a thin pmma sheet jsme international journal series b 43 4 2000 556 562,42,0,0.00116,0.0009056450068416469
row-0004167,citation::takahashi shuhei takeshi nagumo kazunori wakai and subrata bhattacharjee effects of ambient condition on flame spread over a thin pmma sheet jsme international journal series b 43 4 2000 556 562,42,0,0.00067,0.0007336397188315456
row-0004176,citation::takahashi shuhei takeshi nagumo kazunori wakai and subrata bhattacharjee effects of ambient condition on flame spread over a thin pmma sheet jsme international journal series b 43 4 2000 556 562,42,0,0.00062,0.0008792862446487866
row-0004227,citation::takahashi shuhei et al effect of ambient gas on flame spread over a solid material in microgravity journal of the japanese society for microgravity application vol 24 no 3 2007 pp 225 230,42,0,0.0017,0.00228892485183994
row-0004232,doi::10.1016/j.proci.2018.06.022,42,0,0.0001,0.0014308089945104182
row-0004233,doi::10.1016/j.proci.2018.06.022,42,0,0.00504,0.004113691874906944
row-0004235,doi::10.1016/j.proci.2018.06.022,42,0,0.00292,0.003984143421208063
row-0004238,doi::10.1016/j.proci.2018.06.022,42,0,0.00258,0.004019440083533582
row-0004240,doi::10.1016/j.proci.2018.06.022,42,0,0.0027,0.004007088016446158
row-0004250,doi::10.1016/j.proci.2018.06.022,42,0,0.00371,0.003779300375707039
row-0004263,doi::10.1016/j.proci.2018.06.022,42,0,0.0045,0.004450929149134315
row-0004265,doi::10.1016/j.proci.2018.06.022,42,0,0.00485,0.004523107370946179
row-0004268,doi::10.1016/j.proci.2018.06.022,42,0,0.00346,0.00394387370330668
row-0004269,doi::10.1016/j.proci.2018.06.022,42,0,0.00294,0.004124953246987845
row-0004271,doi::10.1016/j.proci.2018.06.022,42,0,0.00488,0.00398074205720504
row-0004284,doi::10.1016/j.proci.2018.06.022,42,0,0.00191,0.0025164819441753253
row-0004288,doi::10.1016/j.proci.2018.06.022,42,0,0.00033,0.0025691212353474474
row-0004291,doi::10.1016/j.proci.2018.06.022,42,0,0.00193,0.002571649067466898
row-0004303,doi::10.1016/j.proci.2018.06.022,42,0,0.00353,0.002306864287838497
row-0004305,doi::10.1016/j.proci.2018.06.022,42,0,0.00283,0.0014339000489677974
row-0004306,doi::10.1016/j.proci.2018.06.022,42,0,0.00193,0.0014339000489677974
row-0004309,doi::10.1016/j.proci.2018.06.022,42,0,0.00092,0.0014308089945104182
row-0004310,doi::10.1016/j.proci.2018.06.022,42,0,0.00045,0.0014308089945104182
row-0004318,doi::10.1038/s41598-017-18398-4,42,0,0.00262,0.0014341581463801847
row-0004322,doi::10.1038/s41598-017-18398-4,42,0,0.00148,0.0014391172068901866
row-0004340,doi::10.1038/s41598-017-18398-4,42,0,0.00058,0.001438219597041632
row-0004366,doi::10.1016/s1540-7489(02)80314-5,42,0,0.00567,0.009284078391759347
row-0004372,doi::10.1016/s1540-7489(02)80314-5,42,0,0.00898,0.011892320357436306
row-0004378,doi::10.1016/s1540-7489(02)80314-5,42,0,0.00947,0.008665399941632707
row-0004381,doi::10.1016/s1540-7489(02)80314-5,42,0,0.01145,0.011565657292052462
row-0004382,doi::10.1016/s1540-7489(02)80314-5,42,0,0.01276,0.012351769618176658
row-0004384,doi::10.1016/s1540-7489(02)80314-5,42,0,0.00459,0.005714092159313302
row-0004390,doi::10.1016/s1540-7489(02)80314-5,42,0,0.00621,0.006240422461097328
row-0004396,doi::10.1016/s1540-7489(02)80314-5,42,0,0.00234,0.004564667427188354
row-0004397,doi::10.1016/s1540-7489(02)80314-5,42,0,0.0023,0.0046792100010010435
row-0004400,doi::10.1016/s1540-7489(02)80314-5,42,0,0.00327,0.004585151779848253
row-0004401,doi::10.1016/s1540-7489(02)80314-5,42,0,0.00339,0.004643112372057491
row-0004403,doi::10.1016/s1540-7489(02)80314-5,42,0,0.00426,0.004643112372057491
row-0004407,doi::10.1016/s1540-7489(02)80314-5,42,0,0.00178,0.004467620719132192
row-0004415,doi::10.1016/s1540-7489(02)80314-5,42,0,0.00217,0.002503450517130668
row-0004420,doi::10.1016/s1540-7489(02)80314-5,42,0,0.00262,0.0025663658310576924
row-0004440,citation::urban david l interactions between flames on parallel solid surfaces nasa 0 combustion workshop n96 15588 1997,42,0,0.01714,0.011478985109472326
row-0004749,doi::10.1007/s10694-019-00878-w,42,0,0.1648,0.07210795999999949
row-0004756,doi::10.1007/s12217-015-9419-z,42,0,0.0112,0.009938950700302231
row-0004758,doi::10.1007/s12217-015-9419-z,42,0,0.01325,0.009938950700302231
row-0004760,doi::10.1007/s12217-015-9419-z,42,0,0.0117,0.009938950700302231
row-0004761,doi::10.1007/s12217-015-9419-z,42,0,0.0114,0.009938950700302231
row-0004771,doi::10.1007/s10694-019-00896-8,42,0,6e-05,9.586486656173528e-05
row-0004773,doi::10.1007/s10694-019-00896-8,42,0,0.0001,0.00011634362204564087
row-0004781,doi::10.1007/s10694-019-00896-8,42,0,0.00051,0.0004019629244005365
row-0004783,doi::10.1007/s10694-019-00896-8,42,0,0.00056,0.0004022507955329128
row-0004785,doi::10.1007/s10694-019-00896-8,42,0,0.00059,0.00040305425032373604
row-0004788,doi::10.1007/s10694-019-00896-8,42,0,0.00064,0.0004023035386089652
row-0004803,doi::10.1007/s10694-019-00896-8,42,0,0.0022,0.0016694880152499834
row-0004804,doi::10.1007/s10694-019-00896-8,42,0,0.0023,0.0016693680152499834
row-0004805,doi::10.1007/s10694-019-00896-8,42,0,0.00013,0.00033294108469821476
row-0004806,doi::10.1007/s10694-019-00896-8,42,0,0.00057,0.00037582367980085033
row-0004815,doi::10.1007/s10694-019-00896-8,42,0,0.00136,0.0013522779616205525
row-0004816,doi::10.1007/s10694-019-00896-8,42,0,0.00014,0.0008097919143091935
row-0004837,doi::10.1007/s10694-019-00896-8,42,0,0.00016,0.00011557389317801729
row-0004842,doi::10.1007/s10694-019-00896-8,42,0,0.00054,0.0004022507955329128
row-0004843,doi::10.1007/s10694-019-00896-8,42,0,0.00055,0.0004019629244005365
row-0004857,doi::10.1007/s10694-019-00896-8,42,0,0.0014,0.0013960002657071263
row-0004913,doi::10.1016/j.proci.2024.105199,42,0,0.006,0.004321367745829895
row-0004914,doi::10.1016/j.proci.2024.105199,42,0,0.0032,0.004245670878182073
row-0004915,doi::10.1016/j.proci.2024.105199,42,0,0.0058,0.004321367745829895
row-0004929,doi::10.1016/j.proci.2024.105199,42,0,0.0021,0.001554713776570347
row-0004946,doi::10.1016/j.proci.2016.06.028,42,0,0.00275,0.001463487682413967
row-0004993,doi::10.1007/s12217-018-9655-0,42,0,0.0001,0.00030588953403128355
row-0004996,doi::10.1007/s12217-018-9655-0,42,0,3e-05,0.000197684306434892
row-0004997,doi::10.1007/s12217-018-9655-0,42,0,0.00048,0.00021034568948008302
row-0005009,doi::10.1007/s12217-018-9655-0,42,0,0.0008,0.0003399589735631172
row-0005016,doi::10.1007/s12217-018-9655-0,42,0,0.00026,0.0002117927038545974
row-0005025,doi::10.1007/s12217-018-9655-0,42,0,4e-05,9.713859619916566e-05
row-0005032,doi::10.1007/s12217-018-9655-0,42,0,3e-05,9.6522467481742e-05
row-0005033,doi::10.1007/s12217-022-09945-4,42,0,0.0162,0.013081707323845303
row-0005038,doi::10.1007/s12217-022-09945-4,42,0,0.0095,0.010866821595792081
row-0005048,doi::10.1016/j.combustflame.2019.03.040,42,0,0.00014,0.0003013794225456143
row-0005050,doi::10.1016/j.combustflame.2019.03.040,42,0,2e-05,0.0002997428855424364
row-0005053,doi::10.1016/j.combustflame.2019.03.040,42,0,2e-05,0.0001943565891201339
row-0000012,citation::andracchio charles r and john c aydelott comparison of flame spreading over thin flat surfaces in normal gravity and weightlessness in an oxygen environment nasa technical memorandum nasa tm x 1992 1970,42,1,0.023,0.021911826190476227
row-0000018,citation::andracchio charles r and john c aydelott comparison of flame spreading over thin flat surfaces in normal gravity and weightlessness in an oxygen environment nasa technical memorandum nasa tm x 1992 1970,42,1,0.087,0.09238228888888954
row-0000025,citation::andracchio charles r and john c aydelott comparison of flame spreading over thin flat surfaces in normal gravity and weightlessness in an oxygen environment nasa technical memorandum nasa tm x 1992 1970,42,1,0.102,0.10857910476190435
row-0000028,citation::andracchio charles r and john c aydelott comparison of flame spreading over thin flat surfaces in normal gravity and weightlessness in an oxygen environment nasa technical memorandum nasa tm x 1992 1970,42,1,0.015,0.014241486222222094
row-0000033,citation::andracchio charles r and thomas h cochran burning of solids in oxygen rich environments in normal and reduced gravity nasa technical memorandum x 3055 national aeronautics and space administration may 1974,42,1,0.067,0.06374136666666666
row-0000042,citation::andracchio charles r and thomas h cochran burning of solids in oxygen rich environments in normal and reduced gravity nasa technical memorandum x 3055 national aeronautics and space administration may 1974,42,1,0.02,0.02286356714285704
row-0000055,citation::andracchio charles r and thomas h cochran gravity effects on flame spreading over solid surfaces nasa technical note d 8228 national aeronautics and space administration may 1976,42,1,0.0266,0.025153649333333434
row-0000070,citation::andracchio charles r and thomas h cochran gravity effects on flame spreading over solid surfaces nasa technical note d 8228 national aeronautics and space administration may 1976,42,1,0.0143,0.014082849690669618
row-0000074,citation::andracchio charles r and thomas h cochran gravity effects on flame spreading over solid surfaces nasa technical note d 8228 national aeronautics and space administration may 1976,42,1,0.0172,0.015511008905999027
row-0000076,citation::andracchio charles r and thomas h cochran gravity effects on flame spreading over solid surfaces nasa technical note d 8228 national aeronautics and space administration may 1976,42,1,0.07,0.06601359333333338
row-0000082,citation::andracchio charles r and thomas h cochran gravity effects on flame spreading over solid surfaces nasa technical note d 8228 national aeronautics and space administration may 1976,42,1,0.0763,0.07145946666666682
row-0000089,citation::andracchio charles r and thomas h cochran gravity effects on flame spreading over solid surfaces nasa technical note d 8228 national aeronautics and space administration may 1976,42,1,0.049,0.05902222685714275
row-0000094,citation::andracchio charles r and thomas h cochran gravity effects on flame spreading over solid surfaces nasa technical note d 8228 national aeronautics and space administration may 1976,42,1,0.058,0.05222909333333333
row-0000095,citation::andracchio charles r and thomas h cochran gravity effects on flame spreading over solid surfaces nasa technical note d 8228 national aeronautics and space administration may 1976,42,1,0.0473,0.04170420947619058
row-0000098,citation::andracchio charles r and thomas h cochran gravity effects on flame spreading over solid surfaces nasa technical note d 8228 national aeronautics and space administration may 1976,42,1,0.0536,0.04900319333333317
row-0000111,citation::andracchio charles r and thomas h cochran gravity effects on flame spreading over solid surfaces nasa technical note d 8228 national aeronautics and space administration may 1976,42,1,0.009,0.007605731114052593
row-0000117,citation::andracchio charles r and thomas h cochran gravity effects on flame spreading over solid surfaces nasa technical note d 8228 national aeronautics and space administration may 1976,42,1,0.0055,0.007692898504828814
row-0000132,doi::10.1080/01457632.2025.2529751,42,1,0.00129,0.0019100376057912005
row-0000135,doi::10.1016/j.proci.2016.06.025,42,1,0.0019,0.00151594633652617
row-0000137,doi::10.1016/j.proci.2016.06.025,42,1,0.0021,0.00151594633652617
row-0000138,doi::10.1016/j.proci.2016.06.025,42,1,0.002,0.00151594633652617
row-0000140,doi::10.1016/j.proci.2016.06.025,42,1,0.0017,0.00151594633652617
row-0000145,doi::10.1016/j.proci.2016.06.025,42,1,0.0011,0.0014268620410405922
row-0000152,doi::10.1016/j.proci.2016.06.025,42,1,0.0007,0.0014268620410405922
row-0000193,doi::10.1016/j.firesaf.2015.11.011,42,1,0.004,0.0030522613352339163
row-0000194,doi::10.1016/j.firesaf.2015.11.011,42,1,0.0021,0.0015441596375955248
row-0000260,doi::10.1016/j.combustflame.2020.12.005,42,1,0.161,0.12490605276217367
row-0000262,doi::10.1016/j.combustflame.2020.12.005,42,1,0.134,0.17300247854299722
row-0000267,doi::10.5802/crmeca.149,42,1,0.00125,0.0014709492057643917
row-0000282,doi::10.5802/crmeca.149,42,1,0.00115,0.0014673782580228688
row-0000285,doi::10.5802/crmeca.149,42,1,0.00127,0.0014709492057643917
row-0000292,doi::10.5802/crmeca.149,42,1,0.0014,0.0014987086327444075
row-0000293,doi::10.5802/crmeca.149,42,1,0.00137,0.0014725072342784793
row-0000299,doi::10.1016/s1540-7489(02)80211-3,42,1,0.015,0.012070065556351305
row-0000301,doi::10.1016/s1540-7489(02)80211-3,42,1,0.015,0.012043972684556432
row-0000307,doi::10.1016/s1540-7489(02)80211-3,42,1,0.0072,0.012064055484466164
row-0000312,doi::10.1016/s1540-7489(02)80211-3,42,1,0.008,0.013976581453680281
row-0000314,doi::10.1016/s1540-7489(02)80211-3,42,1,0.0075,0.013947508241792167
row-0000340,citation::ferkul paul v an experimental study of opposed flow diffusion flame extinction over a thin fuel in 0 nasa cr 182185 1989,42,1,0.0087,0.005270199596212557
row-0000342,citation::ferkul paul v an experimental study of opposed flow diffusion flame extinction over a thin fuel in 0 nasa cr 182185 1989,42,1,0.004,0.004154937857800543
row-0000365,doi::10.1016/s1540-7489(02)80310-8,42,1,0.0019,0.0015587365286246942
row-0000366,doi::10.1016/s1540-7489(02)80310-8,42,1,0.00175,0.0015484511623520515
row-0000367,doi::10.1016/s1540-7489(02)80310-8,42,1,0.0019,0.0015120331752176478
row-0000368,doi::10.1016/s1540-7489(02)80310-8,42,1,0.002,0.0015120331752176478
row-0000372,doi::10.1016/s1540-7489(02)80310-8,42,1,0.0032,0.0029849679039278066
row-0000376,doi::10.1016/s1540-7489(02)80310-8,42,1,0.00355,0.003785594836439034
row-0000443,citation::grayson g d k r sacksteder p v ferkul and j s t ien flame spreading over a thin solid in low speed concurrent flow drop tower experimental results and comparison with theory 0 science and technology vii 2 1994,42,1,0.0074,0.005512295100256381
row-0000444,citation::grayson g d k r sacksteder p v ferkul and j s t ien flame spreading over a thin solid in low speed concurrent flow drop tower experimental results and comparison with theory 0 science and technology vii 2 1994,42,1,0.0075,0.006426815377333064
row-0000450,doi::10.1016/j.combustflame.2020.09.003,42,1,0.00142,0.0014716128792337795
row-0000453,doi::10.1016/j.combustflame.2020.07.044,42,1,0.00145,0.0014995202030903157
row-0000457,doi::10.1016/j.combustflame.2020.07.044,42,1,0.00136,0.0014673782580228688
row-0000459,doi::10.1016/j.combustflame.2020.07.044,42,1,0.0012,0.0014673782580228688
row-0000460,doi::10.1016/j.combustflame.2020.07.044,42,1,0.00123,0.0014673782580228688
row-0000462,doi::10.1016/j.combustflame.2020.07.044,42,1,0.00146,0.0015030911508318388
row-0000464,doi::10.1016/j.combustflame.2020.07.044,42,1,0.00123,0.0014709492057643917
row-0000465,doi::10.1016/j.combustflame.2020.07.044,42,1,0.00137,0.0014709492057643917
row-0000468,doi::10.1016/j.combustflame.2020.07.044,42,1,0.00134,0.0014709492057643917
row-0000470,doi::10.1016/j.combustflame.2020.07.044,42,1,0.00135,0.0014709492057643917
row-0000473,doi::10.1016/j.combustflame.2020.07.044,42,1,0.00154,0.0014716128792337795
row-0000474,doi::10.1016/j.combustflame.2020.07.044,42,1,0.00135,0.0014716128792337795
row-0000477,doi::10.1016/j.combustflame.2020.07.044,42,1,0.00131,0.0014716128792337795
row-0000481,doi::10.1016/j.combustflame.2020.07.044,42,1,0.0014,0.0014725072342784793
row-0000484,doi::10.1016/j.combustflame.2020.07.044,42,1,0.00119,0.0014673782580228688
row-0000486,doi::10.1016/j.combustflame.2020.07.044,42,1,0.00115,0.0014673782580228688
row-0000487,doi::10.1016/j.combustflame.2020.07.044,42,1,0.00111,0.0014673782580228688
row-0000490,doi::10.1016/j.combustflame.2020.07.044,42,1,0.00136,0.0014709492057643917
row-0000491,doi::10.1016/j.combustflame.2020.07.044,42,1,0.0012,0.0014709492057643917
row-0000492,doi::10.1016/j.combustflame.2020.07.044,42,1,0.00136,0.0014709492057643917
row-0000493,doi::10.1016/j.combustflame.2020.07.044,42,1,0.00126,0.0014709492057643917
row-0000494,doi::10.1016/j.combustflame.2020.07.044,42,1,0.00135,0.0014709492057643917
row-0000495,doi::10.1016/j.combustflame.2020.07.044,42,1,0.00122,0.0014709492057643917
row-0000496,doi::10.1016/j.combustflame.2020.07.044,42,1,0.00125,0.0014709492057643917
row-0000498,doi::10.1016/j.combustflame.2020.07.044,42,1,0.00127,0.0014709492057643917
row-0000500,doi::10.1016/j.combustflame.2020.07.044,42,1,0.00122,0.0014709492057643917
row-0000503,doi::10.1016/j.combustflame.2020.07.044,42,1,0.00143,0.0014716128792337795
row-0000518,doi::10.1016/j.combustflame.2020.07.044,42,1,0.00111,0.0014673782580228688
row-0000527,doi::10.1016/j.combustflame.2020.07.044,42,1,0.00121,0.0014709492057643917
row-0000529,doi::10.1016/j.combustflame.2020.07.044,42,1,0.00115,0.0014709492057643917
row-0000530,doi::10.1016/j.combustflame.2020.07.044,42,1,0.00127,0.0014709492057643917
row-0000531,doi::10.1016/j.combustflame.2020.07.044,42,1,0.00132,0.0014709492057643917
row-0000538,doi::10.1016/j.combustflame.2020.07.044,42,1,0.00127,0.0014716128792337795
row-0000554,doi::10.1016/j.proci.2018.06.022,42,1,0.00024,0.0002269906444252124
row-0000556,doi::10.1016/j.proci.2018.06.022,42,1,0.00015,0.0002166710855537372
row-0000562,doi::10.1016/j.proci.2018.06.022,42,1,0.00014,9.133522454364009e-05
row-0000563,doi::10.1016/j.proci.2018.06.022,42,1,0.00011,9.133522454364009e-05
row-0000571,doi::10.1016/j.proci.2018.06.022,42,1,0.0001,9.17207827765718e-05
row-0000574,doi::10.1016/j.proci.2018.06.022,42,1,7e-05,9.105609845189593e-05
row-0000577,doi::10.1016/j.proci.2018.06.022,42,1,2e-05,8.856106758191648e-05
row-0000578,doi::10.1016/j.proci.2018.06.022,42,1,2e-05,8.853299065883955e-05
row-0000579,doi::10.1016/j.proci.2018.06.022,42,1,1e-05,8.851299065883956e-05
row-0000580,doi::10.1016/j.proci.2018.06.022,42,1,1e-05,8.849799065883956e-05
row-0000591,doi::10.1016/j.proci.2018.06.022,42,1,4e-05,8.950685419644943e-05
row-0000604,doi::10.1016/j.proci.2018.06.022,42,1,8e-05,9.083370200097248e-05
row-0000607,doi::10.1016/j.proci.2018.06.022,42,1,6e-05,9.083370200097248e-05
row-0000609,doi::10.1016/j.proci.2018.06.022,42,1,7e-05,9.083370200097248e-05
row-0000613,doi::10.1016/j.proci.2018.06.022,42,1,0.00012,9.094783856364351e-05
row-0000614,doi::10.1016/j.proci.2018.06.022,42,1,0.00013,9.094783856364351e-05
row-0000622,doi::10.1016/j.proci.2018.06.022,42,1,6e-05,9.076743183968216e-05
row-0000626,doi::10.1016/j.proci.2018.06.022,42,1,3e-05,9.076743183968216e-05
row-0000627,doi::10.1016/j.proci.2018.06.022,42,1,6e-05,9.076743183968216e-05
row-0000629,doi::10.1016/j.proci.2018.06.022,42,1,0.0001,9.076743183968216e-05
row-0000640,doi::10.1016/s0082-0784(98)80017-6,42,1,0.0071,0.004891455096104173
row-0000648,doi::10.1016/s0082-0784(98)80017-6,42,1,0.0049,0.0034491965187999924
row-0000659,doi::10.1016/s0082-0784(98)80017-6,42,1,0.0028,0.0031585115983628793
row-0000663,doi::10.1016/s0082-0784(98)80017-6,42,1,0.0032,0.003201489336512966
row-0000673,doi::10.1016/s0082-0784(98)80017-6,42,1,0.0044,0.003002446686886036
row-0000694,citation::kimzey john howard flammability during weightlessness nasa technical memorandum nasa tm x 58001 may 1966,42,1,0.00203,0.004014598851187792
row-0000704,doi::10.1016/j.combustflame.2008.05.023,42,1,0.002,0.00552175477776998
row-0000706,doi::10.1016/j.combustflame.2008.05.023,42,1,0.0021,0.004224613501946645
row-0000710,doi::10.1016/j.combustflame.2008.05.023,42,1,0.0027,0.004397673806540174
row-0000713,doi::10.1016/j.combustflame.2008.05.023,42,1,0.0029,0.02482627158044264
row-0000716,doi::10.1016/j.combustflame.2008.05.023,42,1,0.0041,0.0034147810836303197
row-0000722,doi::10.1016/j.combustflame.2008.05.023,42,1,0.0047,0.0034615403269425632
row-0000727,doi::10.1016/j.combustflame.2008.05.023,42,1,0.0025,0.0030104078628690432
row-0000730,doi::10.1016/j.combustflame.2008.05.023,42,1,0.002,0.003021525975691039
row-0000735,doi::10.1016/j.combustflame.2008.05.023,42,1,0.0028,0.003057167542321234
row-0000742,doi::10.1016/j.combustflame.2008.05.023,42,1,0.0049,0.0035240932701592113
row-0000745,doi::10.1016/j.combustflame.2008.05.023,42,1,0.0009,0.003035559529692593
row-0000751,doi::10.1016/j.combustflame.2008.05.023,42,1,0.0035,0.0035586743366242063
row-0000754,doi::10.1016/j.combustflame.2008.05.023,42,1,0.0039,0.0035586743366242063
row-0000759,doi::10.1016/j.combustflame.2008.05.023,42,1,0.0045,0.003748289751375592
row-0000769,doi::10.1007/s10694-019-00862-4,42,1,6e-05,0.00018296925931957862
row-0000779,doi::10.1007/s10694-019-00862-4,42,1,6e-05,0.00013860546765458745
row-0000792,doi::10.1016/j.firesaf.2023.103989,42,1,0.0039,0.0030338272777266743
row-0000794,doi::10.1016/j.firesaf.2023.103989,42,1,0.0035,0.0030072619714864805
row-0000798,doi::10.1016/j.firesaf.2023.103989,42,1,0.0016,0.0029433885064026172
row-0000802,doi::10.1016/j.firesaf.2023.103989,42,1,0.0035,0.0030049449369089153
row-0000803,doi::10.1016/j.firesaf.2023.103989,42,1,0.0031,0.002993103438632031
row-0000805,doi::10.1016/j.firesaf.2023.103989,42,1,0.0021,0.0029403868584075626
row-0000810,doi::10.1016/j.firesaf.2023.103989,42,1,0.0034,0.0030049667735904157
row-0000814,doi::10.1016/j.firesaf.2023.103989,42,1,0.0018,0.0029403868584075626
row-0000829,doi::10.1016/j.firesaf.2023.103989,42,1,0.0025,0.003023942630207968
row-0000833,doi::10.1016/j.firesaf.2023.103989,42,1,0.0028,0.0030264268206368467
row-0000838,doi::10.1016/j.firesaf.2023.103989,42,1,0.0027,0.003029017387785674
row-0000840,doi::10.1016/j.firesaf.2023.103989,42,1,0.0029,0.003032167387785674
row-0000841,doi::10.1016/j.firesaf.2023.103989,42,1,0.0031,0.003032167387785674
row-0000895,doi::10.1016/j.firesaf.2023.103989,42,1,0.0028,0.002982881836774164
row-0000898,doi::10.1016/j.firesaf.2023.103989,42,1,0.0036,0.0030096960347399024
row-0000901,doi::10.1016/j.firesaf.2023.103989,42,1,0.0024,0.002978207523508577
row-0000904,doi::10.1016/j.firesaf.2023.103989,42,1,0.0034,0.0030050217214743157
row-0000926,doi::10.1016/j.firesaf.2023.103989,42,1,0.0028,0.0029548242980598975
row-0000927,doi::10.1016/j.firesaf.2023.103989,42,1,0.0022,0.002948282130448146
row-0000935,doi::10.1016/j.firesaf.2023.103989,42,1,0.0024,0.0029346360271795186
row-0000943,doi::10.1016/j.firesaf.2023.103989,42,1,0.0024,0.002936807631189544
row-0000944,doi::10.1016/j.firesaf.2023.103989,42,1,0.0022,0.002930265463577793
row-0000959,doi::10.1016/j.firesaf.2023.103989,42,1,0.003,0.0030584793055367524
row-0001029,doi::10.1016/j.firesaf.2023.103989,42,1,0.0032,0.0029473823478529176
row-0001039,doi::10.1016/j.firesaf.2023.103989,42,1,0.00175,0.002898774022300559
row-0001041,doi::10.1016/j.firesaf.2023.103989,42,1,0.0024,0.0029339895181415433
row-0001044,doi::10.1016/j.firesaf.2023.103989,42,1,0.003,0.002964375217907191
row-0001046,doi::10.1016/j.firesaf.2023.103989,42,1,0.00275,0.003070142762081375
row-0001047,doi::10.1016/j.firesaf.2023.103989,42,1,0.0028,0.003070142762081375
row-0001052,doi::10.1016/j.firesaf.2023.103989,42,1,0.0037,0.0030910544463194035
row-0001053,doi::10.1016/j.firesaf.2023.103989,42,1,0.0039,0.0030910544463194035
row-0001057,doi::10.1016/j.firesaf.2023.103989,42,1,0.00275,0.0030910544463194035
row-0001062,doi::10.1016/j.firesaf.2023.103989,42,1,0.0012,0.0017790012897202323
row-0001083,doi::10.1016/j.firesaf.2023.103989,42,1,0.0014,0.0021410603560877936
row-0001132,doi::10.1016/j.firesaf.2023.103989,42,1,0.0014,0.003128733759050813
row-0001141,doi::10.1016/j.firesaf.2023.103989,42,1,0.0018,0.0014899827062622188
row-0001193,doi::10.1016/j.firesaf.2023.103989,42,1,0.0016,0.0015132128574771358
row-0001202,doi::10.1016/j.firesaf.2023.103989,42,1,0.0016,0.0016761101151265782
row-0001204,doi::10.1016/j.firesaf.2023.103989,42,1,0.0017,0.0016761101151265782
row-0001206,doi::10.1016/j.firesaf.2023.103989,42,1,0.0016,0.0016776586770313401
row-0001217,doi::10.1016/j.proci.2024.105199,42,1,0.0051,0.004244484132990557
row-0001262,doi::10.1007/s10694-019-00935-4,42,1,0.00064,0.0007438118837756976
row-0001338,doi::10.1016/j.proci.2022.07.002,42,1,0.0045,0.0029828565863361384
row-0001348,doi::10.1016/j.proci.2022.07.002,42,1,0.0052,0.0029841684193744073
row-0001351,doi::10.1016/j.proci.2022.07.002,42,1,0.0038,0.002982314060400048
row-0001352,doi::10.1016/j.proci.2022.07.002,42,1,0.0042,0.0029841684193744073
row-0001353,doi::10.1016/j.proci.2022.07.002,42,1,0.0012,0.002942345201619037
row-0001355,doi::10.1016/j.proci.2022.07.002,42,1,0.0036,0.0029775335231010903
row-0001368,doi::10.1016/j.proci.2022.07.002,42,1,0.0055,0.002969718833417095
row-0001369,doi::10.1016/j.proci.2022.07.002,42,1,0.0048,0.002969718833417095
row-0001376,doi::10.1016/j.proci.2022.07.002,42,1,0.0038,0.002966077153260994
row-0001379,doi::10.1016/j.proci.2022.07.002,42,1,0.0024,0.0029295524344811787
row-0001443,doi::10.1016/j.proci.2022.07.002,42,1,0.0023,0.0015132128574771358
row-0001471,doi::10.1016/j.proci.2022.07.002,42,1,0.0015,0.0015019118388478164
row-0001482,doi::10.1016/j.proci.2022.07.002,42,1,0.0009,0.0014964197990499117
row-0001495,doi::10.1016/j.proci.2022.07.002,42,1,0.0012,0.0014721288880238795
row-0001586,doi::10.1016/j.proci.2024.105775,42,1,0.00751,0.008308607333863202
row-0001588,doi::10.1016/j.proci.2024.105775,42,1,0.00679,0.008313851689418757
row-0001590,doi::10.1016/j.proci.2024.105775,42,1,0.00814,0.008313851689418757
row-0001605,doi::10.1016/j.proci.2024.105775,42,1,0.00672,0.008320081631106608
row-0001614,doi::10.1016/j.proci.2024.105775,42,1,0.00842,0.0084937825426798
row-0001617,doi::10.1016/j.proci.2024.105775,42,1,0.00865,0.008566671527548293
row-0001619,doi::10.1016/j.proci.2024.105775,42,1,0.0084,0.008440650704806464
row-0001620,doi::10.1016/j.proci.2024.105775,42,1,0.01104,0.008563458194214958
row-0001621,doi::10.1016/j.proci.2024.105775,42,1,0.00759,0.008449355700845592
row-0001622,doi::10.1016/j.proci.2024.105775,42,1,0.00847,0.008509524216405988
row-0001631,doi::10.1016/j.proci.2024.105775,42,1,0.01014,0.008521821210453605
row-0001634,doi::10.1016/j.proci.2024.105775,42,1,0.00955,0.008518741210453604
row-0001637,doi::10.1016/j.proci.2024.105775,42,1,0.00886,0.008501266543786934
row-0001642,doi::10.1007/s12217-024-10147-3,42,1,0.006,0.008271743210682208
row-0001643,doi::10.1007/s12217-024-10147-3,42,1,0.00748,0.008308607333863202
row-0001646,doi::10.1007/s12217-024-10147-3,42,1,0.00739,0.008320081631106608
row-0001647,doi::10.1007/s12217-024-10147-3,42,1,0.00727,0.008320081631106608
row-0001654,doi::10.1007/s12217-024-10147-3,42,1,0.00839,0.008523884597442246
row-0001657,doi::10.1007/s12217-024-10147-3,42,1,0.00889,0.008558604949770513
row-0001658,doi::10.1007/s12217-024-10147-3,42,1,0.00704,0.008380853397204784
row-0001662,doi::10.1007/s12217-024-10147-3,42,1,0.01029,0.008515273002120273
row-0001663,doi::10.1007/s12217-024-10147-3,42,1,0.01198,0.00863157539581609
row-0001675,doi::10.1007/s12217-024-10147-3,42,1,0.01026,0.008611004784704977
row-0001725,doi::10.1016/j.combustflame.2020.12.042,42,1,0.0017,0.0017332510666935874
row-0001732,doi::10.1016/j.proci.2024.105255,42,1,0.00138,0.0014804119670844603
row-0001745,doi::10.1038/s41598-017-18398-4,42,1,7e-05,9.092021356364354e-05
row-0001746,doi::10.1038/s41598-017-18398-4,42,1,8e-05,9.092021356364354e-05
row-0001748,doi::10.1038/s41598-017-18398-4,42,1,5e-05,9.092021356364354e-05
row-0001753,doi::10.1038/s41598-017-18398-4,42,1,9e-05,9.125743718731826e-05
row-0001773,doi::10.1038/s41598-017-18398-4,42,1,3e-05,9.076743183968216e-05
row-0001790,doi::10.1038/s41598-017-18398-4,42,1,4e-05,9.092021356364354e-05
row-0001796,doi::10.1038/s41598-017-18398-4,42,1,5e-05,9.092021356364354e-05
row-0001797,doi::10.1038/s41598-017-18398-4,42,1,6e-05,9.092021356364354e-05
row-0001813,doi::10.1038/s41598-017-18398-4,42,1,0.00011,9.133522454364009e-05
row-0001826,doi::10.1038/s41598-017-18398-4,42,1,6e-05,9.115961391145618e-05
row-0001838,doi::10.1016/j.proci.2024.105766,42,1,0.005,0.006263267502397545
row-0001845,doi::10.1016/j.proci.2024.105766,42,1,0.0075,0.006447054932238081
row-0001854,doi::10.1016/j.proci.2024.105766,42,1,0.0018,0.0016113988413734887
row-0001855,doi::10.1016/j.proci.2024.105766,42,1,0.002,0.0016308369253006463
row-0001859,doi::10.1016/j.proci.2024.105766,42,1,0.0016,0.0016094345965870147
row-0001871,doi::10.1016/j.firesaf.2024.104329,42,1,0.00225,0.001725333685628161
row-0001928,doi::10.1016/j.firesaf.2024.104329,42,1,0.0015,0.001517423690620201
row-0001941,doi::10.1016/j.firesaf.2024.104329,42,1,0.00235,0.001721745296949293
row-0001945,doi::10.1016/j.firesaf.2024.104329,42,1,0.00235,0.001721745296949293
row-0001952,doi::10.1016/j.firesaf.2024.104329,42,1,0.00155,0.0017199944744384706
row-0001955,doi::10.1016/j.firesaf.2024.104329,42,1,0.0027,0.001721745296949293
row-0001959,doi::10.1016/j.firesaf.2024.104329,42,1,0.0024,0.0017199944744384706
row-0001968,doi::10.1016/j.firesaf.2024.104329,42,1,0.0021,0.0017199944744384706
row-0002059,doi::10.1016/j.firesaf.2024.104329,42,1,0.0008,0.0007507602580775707
row-0002080,doi::10.1016/j.firesaf.2024.104329,42,1,0.0005,0.0007025508277279066
row-0002098,doi::10.1016/j.firesaf.2024.104329,42,1,0.00055,0.0007418764064962816
row-0002131,doi::10.1016/j.firesaf.2024.104329,42,1,0.00077,0.0007470518461261235
row-0002134,doi::10.1016/j.firesaf.2024.104329,42,1,0.0004,0.0007041879126273818
row-0002140,doi::10.1016/j.firesaf.2024.104329,42,1,0.00068,0.000740364483408062
row-0002287,citation::mell w e s l olson and t kashiwagi flame spread along free edges of thermally thin samples in 0 proceedings of the combustion institute vol 28 no 2 2000 pp 2843 2849,42,1,0.0021,0.003345692672606053
row-0002288,citation::mell w e s l olson and t kashiwagi flame spread along free edges of thermally thin samples in 0 proceedings of the combustion institute vol 28 no 2 2000 pp 2843 2849,42,1,0.0018,0.0033478188414372213
row-0002297,citation::meyer florian jan hei meier hans christoph ries and christian eigenbrod sooting behavior in concurrent and upward burning of cylindrical pmma samples 52nd international conference on environmental systems ices 2023 171 calgary canada 16 20 july 2023,42,1,0.00274,0.0013451561853852895
row-0002452,doi::10.1016/j.proci.2018.05.007,42,1,0.0026,0.002937855575589866
row-0002459,doi::10.1016/j.proci.2018.05.007,42,1,0.0035,0.0029118962252790066
row-0002473,doi::10.1016/j.proci.2018.05.007,42,1,0.0026,0.001534160581050934
row-0002474,doi::10.1016/j.proci.2018.05.007,42,1,0.0029,0.0015445674516637192
row-0002476,doi::10.1016/j.proci.2018.05.007,42,1,0.0024,0.0015445674516637192
row-0002597,citation::nishizawa et al 2003 effect of low external flow on flame spreading over etfe wire under microgravity,42,1,0.003,0.0030085247190210643
row-0002601,citation::nishizawa et al 2003 effect of low external flow on flame spreading over etfe wire under microgravity,42,1,0.0018,0.003011896008171465
row-0002602,citation::nishizawa et al 2003 effect of low external flow on flame spreading over etfe wire under microgravity,42,1,0.0019,0.0030036766710467163
row-0002603,citation::nishizawa et al 2003 effect of low external flow on flame spreading over etfe wire under microgravity,42,1,0.0025,0.003054660350226336
row-0002610,doi::10.1016/j.combustflame.2009.01.015,42,1,0.00072,0.001429934102971549
row-0002615,doi::10.1016/j.combustflame.2009.01.015,42,1,0.0013,0.0014310776414330872
row-0002619,doi::10.1016/j.combustflame.2009.01.015,42,1,0.00098,0.0014310776414330872
row-0002624,doi::10.1016/j.combustflame.2009.01.015,42,1,0.0012,0.0014313698636553096
row-0002636,doi::10.1016/j.combustflame.2009.01.015,42,1,0.0024,0.0014367327696382158
row-0002644,doi::10.1016/j.combustflame.2009.01.015,42,1,1e-05,0.0014310776414330872
row-0002646,doi::10.1016/j.combustflame.2009.01.015,42,1,0.0008,0.0014313698636553096
row-0002649,doi::10.1016/j.combustflame.2009.01.015,42,1,0.00089,0.001431025419210865
row-0002652,doi::10.1016/j.combustflame.2009.01.015,42,1,0.00061,0.001431025419210865
row-0002655,doi::10.1016/j.combustflame.2009.01.015,42,1,0.00098,0.001431025419210865
row-0002700,citation::friedman robert brian jackson and sandra olson testing and selection of fire resistant materials for spacecraft use nasa technical memorandum 2000 209773 mar 2000 nasa sti program office glenn research center cleveland ohio,42,1,0.0055,0.008587243957539485
row-0002702,citation::friedman robert brian jackson and sandra olson testing and selection of fire resistant materials for spacecraft use nasa technical memorandum 2000 209773 mar 2000 nasa sti program office glenn research center cleveland ohio,42,1,0.0056,0.008493131291065171
row-0002705,citation::friedman robert brian jackson and sandra olson testing and selection of fire resistant materials for spacecraft use nasa technical memorandum 2000 209773 mar 2000 nasa sti program office glenn research center cleveland ohio,42,1,0.0174,0.015874932237153777
row-0002709,citation::friedman robert brian jackson and sandra olson testing and selection of fire resistant materials for spacecraft use nasa technical memorandum 2000 209773 mar 2000 nasa sti program office glenn research center cleveland ohio,42,1,0.0188,0.015874932237153777
row-0002711,citation::friedman robert brian jackson and sandra olson testing and selection of fire resistant materials for spacecraft use nasa technical memorandum 2000 209773 mar 2000 nasa sti program office glenn research center cleveland ohio,42,1,0.0217,0.01913100138506851
row-0002721,citation::friedman robert brian jackson and sandra olson testing and selection of fire resistant materials for spacecraft use nasa technical memorandum 2000 209773 mar 2000 nasa sti program office glenn research center cleveland ohio,42,1,0.0455,0.046489248972388555
row-0002722,citation::friedman robert brian jackson and sandra olson testing and selection of fire resistant materials for spacecraft use nasa technical memorandum 2000 209773 mar 2000 nasa sti program office glenn research center cleveland ohio,42,1,0.0611,0.056875958083333074
row-0002728,citation::friedman robert brian jackson and sandra olson testing and selection of fire resistant materials for spacecraft use nasa technical memorandum 2000 209773 mar 2000 nasa sti program office glenn research center cleveland ohio,42,1,0.0075,0.008056971390639135
row-0002729,citation::friedman robert brian jackson and sandra olson testing and selection of fire resistant materials for spacecraft use nasa technical memorandum 2000 209773 mar 2000 nasa sti program office glenn research center cleveland ohio,42,1,0.0112,0.00859123321501681
row-0002730,citation::friedman robert brian jackson and sandra olson testing and selection of fire resistant materials for spacecraft use nasa technical memorandum 2000 209773 mar 2000 nasa sti program office glenn research center cleveland ohio,42,1,0.0155,0.00884830770733259
row-0002741,citation::friedman robert brian jackson and sandra olson testing and selection of fire resistant materials for spacecraft use nasa technical memorandum 2000 209773 mar 2000 nasa sti program office glenn research center cleveland ohio,42,1,0.0025,0.008351728482696273
row-0002745,citation::friedman robert brian jackson and sandra olson testing and selection of fire resistant materials for spacecraft use nasa technical memorandum 2000 209773 mar 2000 nasa sti program office glenn research center cleveland ohio,42,1,0.0063,0.008631065902179616
row-0002754,citation::friedman robert brian jackson and sandra olson testing and selection of fire resistant materials for spacecraft use nasa technical memorandum 2000 209773 mar 2000 nasa sti program office glenn research center cleveland ohio,42,1,0.0344,0.03478236200684998
row-0002771,citation::friedman robert brian jackson and sandra olson testing and selection of fire resistant materials for spacecraft use nasa technical memorandum 2000 209773 mar 2000 nasa sti program office glenn research center cleveland ohio,42,1,0.0172,0.025600949198482572
row-0002773,citation::friedman robert brian jackson and sandra olson testing and selection of fire resistant materials for spacecraft use nasa technical memorandum 2000 209773 mar 2000 nasa sti program office glenn research center cleveland ohio,42,1,0.029,0.042977839874264505
row-0002780,citation::friedman robert brian jackson and sandra olson testing and selection of fire resistant materials for spacecraft use nasa technical memorandum 2000 209773 mar 2000 nasa sti program office glenn research center cleveland ohio,42,1,0.021,0.0363866069557209
row-0002786,citation::olson s l and j s t ien near limit flame spread over a thin solid fuel in 0 symposium international on combustion vol 22 no 1 1988 pp 1213 1222 the combustion institute,42,1,0.00503,0.0055299469234538065
row-0002789,citation::olson s l and j s t ien near limit flame spread over a thin solid fuel in 0 symposium international on combustion vol 22 no 1 1988 pp 1213 1222 the combustion institute,42,1,0.01147,0.008492648015209162
row-0002790,citation::olson s l and j s t ien near limit flame spread over a thin solid fuel in 0 symposium international on combustion vol 22 no 1 1988 pp 1213 1222 the combustion institute,42,1,0.01415,0.008871006838621078
row-0002792,citation::olson s l and j s t ien near limit flame spread over a thin solid fuel in 0 symposium international on combustion vol 22 no 1 1988 pp 1213 1222 the combustion institute,42,1,0.01533,0.008982207127361039
row-0002804,citation::olson s l and j s t ien near limit flame spread over a thin solid fuel in 0 symposium international on combustion vol 22 no 1 1988 pp 1213 1222 the combustion institute,42,1,0.01796,0.015961581615155703
row-0002805,citation::olson s l and j s t ien near limit flame spread over a thin solid fuel in 0 symposium international on combustion vol 22 no 1 1988 pp 1213 1222 the combustion institute,42,1,0.0191,0.015961581615155703
row-0002810,citation::olson s l and j s t ien near limit flame spread over a thin solid fuel in 0 symposium international on combustion vol 22 no 1 1988 pp 1213 1222 the combustion institute,42,1,0.04662,0.045563023327311644
row-0002821,citation::olson s l and j s t ien near limit flame spread over a thin solid fuel in 0 symposium international on combustion vol 22 no 1 1988 pp 1213 1222 the combustion institute,42,1,0.00945,0.008440583883001954
row-0002823,citation::olson s l and j s t ien near limit flame spread over a thin solid fuel in 0 symposium international on combustion vol 22 no 1 1988 pp 1213 1222 the combustion institute,42,1,0.01206,0.008267801769006494
row-0002824,citation::olson s l and j s t ien near limit flame spread over a thin solid fuel in 0 symposium international on combustion vol 22 no 1 1988 pp 1213 1222 the combustion institute,42,1,0.01688,0.01674829968499983
row-0002842,citation::olson s l and j s t ien near limit flame spread over a thin solid fuel in 0 symposium international on combustion vol 22 no 1 1988 pp 1213 1222 the combustion institute,42,1,0.0342,0.02799762927595514
row-0002844,citation::olson s l and j s t ien near limit flame spread over a thin solid fuel in 0 symposium international on combustion vol 22 no 1 1988 pp 1213 1222 the combustion institute,42,1,0.03617,0.034753651030659485
row-0002849,doi::10.1016/s0082-0784(89)80132-8,42,1,0.004,0.00463726510573893
row-0002853,doi::10.1016/s0082-0784(89)80132-8,42,1,0.0036,0.005391136739486777
row-0002903,doi::10.1080/00102209108951711,42,1,0.01401,0.009502565123028956
row-0002912,doi::10.1080/00102209108951711,42,1,0.0156,0.016002196992833336
row-0002915,doi::10.1080/00102209108951711,42,1,0.0148,0.009502565123028956
row-0002917,doi::10.1080/00102209108951711,42,1,0.0075,0.008603140303682685
row-0002918,doi::10.1080/00102209108951711,42,1,0.0073,0.008602272460613474
row-0002919,doi::10.1080/00102209108951711,42,1,0.0083,0.00859765921616903
row-0002973,doi::10.1016/j.combustflame.2009.01.015,42,1,0.026,0.0169688700878188
row-0002974,doi::10.1016/j.combustflame.2009.01.015,42,1,0.014,0.015615211619494267
row-0002979,doi::10.1016/j.combustflame.2009.01.015,42,1,0.0077,0.014136708746054024
row-0002980,doi::10.1016/j.combustflame.2009.01.015,42,1,0.005,0.014886855536297762
row-0002983,doi::10.1016/j.combustflame.2009.01.015,42,1,0.011,0.014817259035039547
row-0002995,doi::10.1016/j.combustflame.2009.01.015,42,1,0.01,0.006661659128348335
row-0002996,doi::10.1016/j.combustflame.2009.01.015,42,1,0.0071,0.006661659128348335
row-0002999,doi::10.1016/j.combustflame.2009.01.015,42,1,0.013,0.011415302903369062
row-0003007,doi::10.1016/j.combustflame.2009.01.015,42,1,0.011,0.015118502310824617
row-0003022,doi::10.1016/j.combustflame.2009.01.015,42,1,0.021,0.023001893608681257
row-0003024,doi::10.1016/j.combustflame.2009.01.015,42,1,0.03,0.03391730847270612
row-0003027,doi::10.1016/s0010-2180(00)00249-2,42,1,0.00088,0.0014327731607024353
row-0003029,doi::10.1016/s0010-2180(00)00249-2,42,1,0.0012,0.0014327731607024353
row-0003036,doi::10.1016/s0010-2180(00)00249-2,42,1,0.0019,0.0032549967791775784
row-0003037,doi::10.1016/s0010-2180(00)00249-2,42,1,0.0022,0.0032549967791775784
row-0003040,doi::10.1016/s0010-2180(00)00249-2,42,1,0.0052,0.003272277613946174
row-0003052,doi::10.1016/s0010-2180(00)00249-2,42,1,0.0088,0.005555279894553617
row-0003056,doi::10.1016/s0010-2180(00)00249-2,42,1,0.00082,0.0014327731607024353
row-0003058,doi::10.1016/s0010-2180(00)00249-2,42,1,0.00064,0.0014327731607024353
row-0003070,doi::10.1016/s0010-2180(00)00249-2,42,1,0.0023,0.001436473211349605
row-0003073,doi::10.1016/j.combustflame.2018.10.012,42,1,0.00529,0.0015218574561880129
row-0003077,doi::10.1016/j.combustflame.2018.10.012,42,1,0.00116,0.0014498675147007073
row-0003083,doi::10.1016/j.combustflame.2018.10.012,42,1,0.00114,0.0014604171252492085
row-0003086,doi::10.1016/j.combustflame.2018.10.012,42,1,0.00153,0.0014658105961872397
row-0003090,doi::10.1016/j.combustflame.2018.10.012,42,1,0.00172,0.0014567695798894595
row-0003091,doi::10.1016/j.combustflame.2018.10.012,42,1,0.00123,0.0015039645249887471
row-0003093,doi::10.1016/j.combustflame.2018.10.012,42,1,0.00254,0.0015211720651237932
row-0003098,doi::10.1080/00102200490276773,42,1,0.012,0.010589224857299778
row-0003102,doi::10.1080/00102200490276773,42,1,0.013,0.012480697549783443
row-0003106,doi::10.1080/00102200490276773,42,1,0.016,0.01620960993073597
row-0003110,doi::10.1080/00102200490276773,42,1,0.02,0.01858811812121218
row-0003117,doi::10.1080/00102200490276773,42,1,0.024,0.025780887301587205
row-0003120,doi::10.1080/00102200490276773,42,1,0.013,0.013877000000000025
row-0003124,doi::10.1080/00102200490276773,42,1,0.023,0.024031545549939814
row-0003125,doi::10.1080/00102200490276773,42,1,0.023,0.024785004248352477
row-0003126,doi::10.1080/00102200490276773,42,1,0.023,0.02486807091501914
row-0003130,doi::10.1080/00102200490276773,42,1,0.027,0.026190615694240006
row-0003132,doi::10.1080/00102200490276773,42,1,0.031,0.031379766447172684
row-0003136,doi::10.1080/00102200490276773,42,1,0.039,0.039080320586144995
row-0003148,doi::10.1080/00102200490276773,42,1,0.004,0.019832764665471295
row-0003150,doi::10.1016/j.combustflame.2022.112559,42,1,0.0034,0.09964284342505783
row-0003164,doi::10.1016/j.proci.2024.105358,42,1,0.0022,0.0019420438585719267
row-0003174,doi::10.1016/j.proci.2024.105358,42,1,0.0021,0.0019447839900050222
row-0003177,doi::10.1016/j.proci.2024.105358,42,1,0.00135,0.0016696645530784135
row-0003180,doi::10.1016/j.proci.2024.105358,42,1,0.0029,0.0030503390910170333
row-0003183,doi::10.1016/j.proci.2024.105358,42,1,0.002,0.0018439699940447263
row-0003193,doi::10.1016/j.proci.2024.105358,42,1,0.00275,0.002824678924982062
row-0003200,doi::10.1016/j.combustflame.2022.112009,42,1,0.0014,0.0014451178386742194
row-0003205,doi::10.1016/j.combustflame.2022.112009,42,1,0.0012,0.001444713394229775
row-0003220,doi::10.1016/j.combustflame.2022.112009,42,1,0.00068,0.0014363698815638391
row-0003222,doi::10.1016/j.combustflame.2022.112009,42,1,0.00071,0.0014363698815638391
row-0003227,doi::10.1016/j.combustflame.2022.112009,42,1,0.0005,0.0014109962843084202
row-0003248,doi::10.1016/j.combustflame.2022.112009,42,1,0.008,0.004745030992797505
row-0003259,doi::10.1016/j.combustflame.2022.112009,42,1,0.0037,0.009296389634904381
row-0003392,doi::10.1016/s0082-0784(06)80816-7,42,1,0.01325,0.009713178945817559
row-0003396,doi::10.1016/s0082-0784(06)80816-7,42,1,0.01123,0.009402656723924454
row-0003401,doi::10.1016/s0082-0784(06)80816-7,42,1,0.00817,0.00932536887854952
row-0003405,doi::10.1016/s0082-0784(06)80816-7,42,1,0.00869,0.008479493067756624
row-0003406,doi::10.1016/s0082-0784(06)80816-7,42,1,0.00896,0.008480301639185197
row-0003407,doi::10.1016/s0082-0784(06)80816-7,42,1,0.0089,0.008464708305851863
row-0003414,doi::10.1016/s0082-0784(06)80816-7,42,1,0.00591,0.005871037813338099
row-0003416,doi::10.1016/s0082-0784(06)80816-7,42,1,0.00549,0.0058124878495829
row-0003418,doi::10.1016/s0082-0784(06)80816-7,42,1,0.0057,0.005565474392093634
row-0003419,doi::10.1016/s0082-0784(06)80816-7,42,1,0.00504,0.005418340164272433
row-0003426,citation::s nchez tarifa c and b l zaro experiments conducted on combustion at microgravity in the texus 38 sounding rocket results and conclusions first international symposium on microgravity research and applications on physical sciences and biotechnology 2000,42,1,0.00038,0.0006388466283079222
row-0003438,citation::s nchez tarifa c and g l pez juste a study of the combustion problems of solid materials at conditions existing in space stations esa sp 433 1999,42,1,0.00085,0.0007022326400079888
row-0003445,citation::s nchez tarifa c and m rodr guez combustion and flammability characteristics of solids at microgravity in very small velocity flows second european symposium on utilisation of the international space station nov 1998,42,1,0.0006,0.0007157731450293005
row-0003454,citation::s nchez tarifa c and m rodr guez combustion and flammability characteristics of solids at microgravity in very small velocity flows second european symposium on utilisation of the international space station nov 1998,42,1,0.0029,0.003468644933307442
row-0003456,doi::10.1007/s12217-024-10106-y,42,1,4e-05,0.00013538925723943846
row-0003464,doi::10.1007/s12217-024-10106-y,42,1,0.00103,0.0016207592501776907
row-0003468,doi::10.1007/s12217-024-10106-y,42,1,0.00108,0.0016222990327863865
row-0003469,doi::10.1007/s12217-024-10106-y,42,1,0.00113,0.0016222990327863865
row-0003475,doi::10.1016/s1540-7489(02)80315-7,42,1,0.00945,0.0173970151313119
row-0003483,doi::10.1016/s1540-7489(02)80315-7,42,1,0.00453,0.0072107127919056
row-0003491,doi::10.1016/s1540-7489(02)80315-7,42,1,0.00995,0.017199915384358357
row-0003496,doi::10.1016/s1540-7489(02)80315-7,42,1,0.03866,0.022007817428090683
row-0003506,doi::10.1016/s1540-7489(02)80315-7,42,1,0.024,0.012270486628149072
row-0003509,doi::10.1016/s1540-7489(02)80315-7,42,1,0.0043,0.012153064877321616
row-0003514,citation::son youngjin paul d ronney and suleyman gokoglu comparison of carbon dioxide and helium as fire extinguishing agents for spacecraft nasa cp 2004 213205 vol2 2004 pp 409 418,42,1,0.0065,0.01564211478560417
row-0003515,citation::son youngjin paul d ronney and suleyman gokoglu comparison of carbon dioxide and helium as fire extinguishing agents for spacecraft nasa cp 2004 213205 vol2 2004 pp 409 418,42,1,0.026,0.017139713922748177
row-0003526,citation::son youngjin paul d ronney and suleyman gokoglu comparison of carbon dioxide and helium as fire extinguishing agents for spacecraft nasa cp 2004 213205 vol2 2004 pp 409 418,42,1,0.0115,0.029792797320294127
row-0003529,citation::son youngjin paul d ronney and suleyman gokoglu comparison of carbon dioxide and helium as fire extinguishing agents for spacecraft nasa cp 2004 213205 vol2 2004 pp 409 418,42,1,0.0028,0.0079332064771979
row-0003533,citation::son youngjin paul d ronney and suleyman gokoglu comparison of carbon dioxide and helium as fire extinguishing agents for spacecraft nasa cp 2004 213205 vol2 2004 pp 409 418,42,1,0.062,0.0802440066805111
row-0003535,citation::son youngjin paul d ronney and suleyman gokoglu comparison of carbon dioxide and helium as fire extinguishing agents for spacecraft nasa cp 2004 213205 vol2 2004 pp 409 418,42,1,0.09,0.06909647013289591
row-0003540,citation::son youngjin paul d ronney and suleyman gokoglu comparison of carbon dioxide and helium as fire extinguishing agents for spacecraft nasa cp 2004 213205 vol2 2004 pp 409 418,42,1,0.03694,0.0305705871973575
row-0003544,citation::son youngjin paul d ronney and suleyman gokoglu comparison of carbon dioxide and helium as fire extinguishing agents for spacecraft nasa cp 2004 213205 vol2 2004 pp 409 418,42,1,0.03417,0.029447001953948247
row-0003545,citation::son youngjin paul d ronney and suleyman gokoglu comparison of carbon dioxide and helium as fire extinguishing agents for spacecraft nasa cp 2004 213205 vol2 2004 pp 409 418,42,1,0.02333,0.02829042657953478
row-0003570,citation::son youngjin paul d ronney and suleyman gokoglu comparison of carbon dioxide and helium as fire extinguishing agents for spacecraft nasa cp 2004 213205 vol2 2004 pp 409 418,42,1,0.02708,0.014931946295585091
row-0003584,citation::son youngjin paul d ronney and suleyman gokoglu comparison of carbon dioxide and helium as fire extinguishing agents for spacecraft nasa cp 2004 213205 vol2 2004 pp 409 418,42,1,0.01762,0.01609801713939516
row-0003597,citation::son youngjin paul d ronney and suleyman gokoglu comparison of carbon dioxide and helium as fire extinguishing agents for spacecraft nasa cp 2004 213205 vol2 2004 pp 409 418,42,1,0.01708,0.016653613393393434
row-0003626,doi::10.1016/j.proci.2014.07.017,42,1,1e-05,0.0014648718743091166
row-0003628,doi::10.1016/j.proci.2014.07.017,42,1,1e-05,0.0014277043449334584
row-0003630,doi::10.1016/j.proci.2014.07.017,42,1,0.00023,0.0014278743449334585
row-0003635,doi::10.1016/j.proci.2014.07.017,42,1,0.00071,0.0014277043449334584
row-0003636,doi::10.1016/j.proci.2014.07.017,42,1,0.00078,0.0014293276782667919
row-0003639,doi::10.1016/j.proci.2014.07.017,42,1,0.00101,0.001442009203519317
row-0003642,doi::10.1016/j.proci.2014.07.017,42,1,0.00134,0.0014377294127545263
row-0003644,doi::10.1016/j.proci.2014.07.017,42,1,0.00115,0.0014468881320907456
row-0003654,doi::10.1016/j.proci.2014.07.017,42,1,0.00089,0.0014219098125230567
row-0003658,doi::10.1016/j.proci.2014.07.017,42,1,0.00107,0.0014219098125230567
row-0003661,doi::10.1016/j.proci.2014.07.017,42,1,0.00195,0.0014868087397950432
row-0003668,doi::10.1016/j.proci.2014.07.017,42,1,0.00387,0.0018877472036795359
row-0003671,doi::10.1016/j.proci.2014.07.017,42,1,0.00443,0.0020606802625101864
row-0003672,doi::10.1016/j.proci.2014.07.017,42,1,0.0039,0.0020675530086864016
row-0003684,doi::10.1016/j.proci.2014.07.017,42,1,0.00047,0.0014281731547938178
row-0003690,doi::10.1016/j.proci.2014.07.017,42,1,0.00101,0.0015067883810981535
row-0003705,doi::10.1016/j.proci.2014.07.017,42,1,0.00253,0.002844645198816477
row-0003716,doi::10.1016/j.proci.2014.07.017,42,1,0.00081,0.0014203918020153044
row-0003726,doi::10.1016/j.proci.2014.07.017,42,1,0.0017,0.0014620526597236211
row-0003731,doi::10.1016/j.proci.2014.07.017,42,1,0.00063,0.0014203918020153044
row-0003742,doi::10.1016/j.proci.2014.07.017,42,1,0.00209,0.0014691749713647928
row-0003744,doi::10.1016/j.proci.2014.07.017,42,1,0.00119,0.0014203918020153044
row-0003748,doi::10.1016/j.proci.2014.07.017,42,1,0.00106,0.0014281731547938178
row-0003759,doi::10.1016/j.proci.2014.07.017,42,1,0.00035,0.0014250764417600584
row-0003763,doi::10.1016/j.proci.2014.07.017,42,1,0.00113,0.0014281731547938178
row-0003765,doi::10.1016/j.proci.2014.07.017,42,1,0.00046,0.0014250764417600584
row-0003768,doi::10.1016/j.proci.2014.07.017,42,1,0.00144,0.0015067883810981535
row-0003770,doi::10.1016/j.proci.2014.07.017,42,1,0.00088,0.0015067883810981535
row-0004084,citation::takahashi shuhei takeshi nagumo kazunori wakai and subrata bhattacharjee effects of ambient condition on flame spread over a thin pmma sheet jsme international journal series b 43 4 2000 556 562,42,1,0.0611,0.05119937290476213
row-0004089,citation::takahashi shuhei takeshi nagumo kazunori wakai and subrata bhattacharjee effects of ambient condition on flame spread over a thin pmma sheet jsme international journal series b 43 4 2000 556 562,42,1,0.01369,0.020396828650977264
row-0004093,citation::takahashi shuhei takeshi nagumo kazunori wakai and subrata bhattacharjee effects of ambient condition on flame spread over a thin pmma sheet jsme international journal series b 43 4 2000 556 562,42,1,0.0098,0.00977855957545129
row-0004096,citation::takahashi shuhei takeshi nagumo kazunori wakai and subrata bhattacharjee effects of ambient condition on flame spread over a thin pmma sheet jsme international journal series b 43 4 2000 556 562,42,1,0.00347,0.0028187199684030413
row-0004102,citation::takahashi shuhei takeshi nagumo kazunori wakai and subrata bhattacharjee effects of ambient condition on flame spread over a thin pmma sheet jsme international journal series b 43 4 2000 556 562,42,1,0.00501,0.004601278721137577
row-0004109,citation::takahashi shuhei takeshi nagumo kazunori wakai and subrata bhattacharjee effects of ambient condition on flame spread over a thin pmma sheet jsme international journal series b 43 4 2000 556 562,42,1,0.0012,0.0023516495584799766
row-0004112,citation::takahashi shuhei takeshi nagumo kazunori wakai and subrata bhattacharjee effects of ambient condition on flame spread over a thin pmma sheet jsme international journal series b 43 4 2000 556 562,42,1,0.00049,0.0014253606571746796
row-0004115,citation::takahashi shuhei takeshi nagumo kazunori wakai and subrata bhattacharjee effects of ambient condition on flame spread over a thin pmma sheet jsme international journal series b 43 4 2000 556 562,42,1,0.00194,0.002643728561936123
row-0004122,citation::takahashi shuhei takeshi nagumo kazunori wakai and subrata bhattacharjee effects of ambient condition on flame spread over a thin pmma sheet jsme international journal series b 43 4 2000 556 562,42,1,0.00113,0.0009122855646056141
row-0004132,citation::takahashi shuhei takeshi nagumo kazunori wakai and subrata bhattacharjee effects of ambient condition on flame spread over a thin pmma sheet jsme international journal series b 43 4 2000 556 562,42,1,0.00018,0.00011762266794356544
row-0004134,citation::takahashi shuhei takeshi nagumo kazunori wakai and subrata bhattacharjee effects of ambient condition on flame spread over a thin pmma sheet jsme international journal series b 43 4 2000 556 562,42,1,0.00084,0.0007770474948672423
row-0004144,citation::takahashi shuhei takeshi nagumo kazunori wakai and subrata bhattacharjee effects of ambient condition on flame spread over a thin pmma sheet jsme international journal series b 43 4 2000 556 562,42,1,0.05023,0.056983584333333205
row-0004150,citation::takahashi shuhei takeshi nagumo kazunori wakai and subrata bhattacharjee effects of ambient condition on flame spread over a thin pmma sheet jsme international journal series b 43 4 2000 556 562,42,1,0.00536,0.004587205943931144
row-0004155,citation::takahashi shuhei takeshi nagumo kazunori wakai and subrata bhattacharjee effects of ambient condition on flame spread over a thin pmma sheet jsme international journal series b 43 4 2000 556 562,42,1,0.00399,0.004602038721137577
row-0004158,citation::takahashi shuhei takeshi nagumo kazunori wakai and subrata bhattacharjee effects of ambient condition on flame spread over a thin pmma sheet jsme international journal series b 43 4 2000 556 562,42,1,0.00165,0.0026362914786027896
row-0004164,citation::takahashi shuhei takeshi nagumo kazunori wakai and subrata bhattacharjee effects of ambient condition on flame spread over a thin pmma sheet jsme international journal series b 43 4 2000 556 562,42,1,0.00121,0.0008358351338475596
row-0004165,citation::takahashi shuhei takeshi nagumo kazunori wakai and subrata bhattacharjee effects of ambient condition on flame spread over a thin pmma sheet jsme international journal series b 43 4 2000 556 562,42,1,0.00083,0.0008297116420791975
row-0004172,citation::takahashi shuhei takeshi nagumo kazunori wakai and subrata bhattacharjee effects of ambient condition on flame spread over a thin pmma sheet jsme international journal series b 43 4 2000 556 562,42,1,0.00082,0.0006590077611158754
row-0004174,citation::takahashi shuhei takeshi nagumo kazunori wakai and subrata bhattacharjee effects of ambient condition on flame spread over a thin pmma sheet jsme international journal series b 43 4 2000 556 562,42,1,0.00046,0.0007629041364609837
row-0004230,doi::10.1016/j.proci.2018.06.022,42,1,0.0016,0.0015045689809539198
row-0004234,doi::10.1016/j.proci.2018.06.022,42,1,0.00353,0.003990021631347962
row-0004244,doi::10.1016/j.proci.2018.06.022,42,1,0.00479,0.0049050818782306075
row-0004247,doi::10.1016/j.proci.2018.06.022,42,1,0.00346,0.003684656101333954
row-0004252,doi::10.1016/j.proci.2018.06.022,42,1,0.00425,0.003813160057969919
row-0004256,doi::10.1016/j.proci.2018.06.022,42,1,0.00336,0.00412887255558813
row-0004257,doi::10.1016/j.proci.2018.06.022,42,1,0.00316,0.003976628501996937
row-0004261,doi::10.1016/j.proci.2018.06.022,42,1,0.00355,0.003984699803466108
row-0004262,doi::10.1016/j.proci.2018.06.022,42,1,0.00421,0.004217839511800019
row-0004277,doi::10.1016/j.proci.2018.06.022,42,1,0.00095,0.0029441165229436425
row-0004283,doi::10.1016/j.proci.2018.06.022,42,1,0.00215,0.002728603555719574
row-0004289,doi::10.1016/j.proci.2018.06.022,42,1,0.00132,0.0027180133636850543
row-0004293,doi::10.1016/j.proci.2018.06.022,42,1,0.00143,0.0025828226754442862
row-0004296,doi::10.1016/j.proci.2018.06.022,42,1,0.00152,0.0025651911697412546
row-0004297,doi::10.1016/j.proci.2018.06.022,42,1,0.00147,0.0027052070378150734
row-0004298,doi::10.1016/j.proci.2018.06.022,42,1,0.00142,0.0027052070378150734
row-0004299,doi::10.1016/j.proci.2018.06.022,42,1,0.002,0.0025769802394792966
row-0004300,doi::10.1016/j.proci.2018.06.022,42,1,0.00251,0.0025769802394792966
row-0004307,doi::10.1016/j.proci.2018.06.022,42,1,0.00047,0.0014550371364906057
row-0004308,doi::10.1016/j.proci.2018.06.022,42,1,0.00101,0.0014525683454060542
row-0004321,doi::10.1038/s41598-017-18398-4,42,1,0.00169,0.0014449425443813625
row-0004324,doi::10.1038/s41598-017-18398-4,42,1,0.00045,0.0014724657770552021
row-0004325,doi::10.1038/s41598-017-18398-4,42,1,0.00153,0.0014690969859706506
row-0004326,doi::10.1038/s41598-017-18398-4,42,1,0.00114,0.0014690969859706506
row-0004328,doi::10.1038/s41598-017-18398-4,42,1,0.00097,0.0014616311849459588
row-0004333,doi::10.1038/s41598-017-18398-4,42,1,0.00196,0.0014626711849459587
row-0004345,doi::10.1016/s1540-7489(02)80314-5,42,1,0.03325,0.03451878766666668
row-0004348,doi::10.1016/s1540-7489(02)80314-5,42,1,0.04266,0.03652445455555523
row-0004349,doi::10.1016/s1540-7489(02)80314-5,42,1,0.04468,0.038819666222222236
row-0004351,doi::10.1016/s1540-7489(02)80314-5,42,1,0.04937,0.04091396774603194
row-0004357,doi::10.1016/s1540-7489(02)80314-5,42,1,0.01937,0.01788911690463082
row-0004360,doi::10.1016/s1540-7489(02)80314-5,42,1,0.02371,0.02191311994390553
row-0004368,doi::10.1016/s1540-7489(02)80314-5,42,1,0.00919,0.009537022424663756
row-0004371,doi::10.1016/s1540-7489(02)80314-5,42,1,0.01096,0.010187837480779055
row-0004376,doi::10.1016/s1540-7489(02)80314-5,42,1,0.00874,0.010014819702575194
row-0004383,doi::10.1016/s1540-7489(02)80314-5,42,1,0.00554,0.00496545300005687
row-0004388,doi::10.1016/s1540-7489(02)80314-5,42,1,0.00639,0.00514421281798867
row-0004389,doi::10.1016/s1540-7489(02)80314-5,42,1,0.00676,0.005326569183753399
row-0004399,doi::10.1016/s1540-7489(02)80314-5,42,1,0.00321,0.003904014348758323
row-0004405,doi::10.1016/s1540-7489(02)80314-5,42,1,0.00347,0.004129538947484018
row-0004409,doi::10.1016/s1540-7489(02)80314-5,42,1,0.00359,0.003985470978467779
row-0004416,doi::10.1016/s1540-7489(02)80314-5,42,1,0.00123,0.002834961150778983
row-0004436,citation::urban david l interactions between flames on parallel solid surfaces nasa 0 combustion workshop n96 15588 1997,42,1,0.00703,0.01328106827393002
row-0004437,citation::urban david l interactions between flames on parallel solid surfaces nasa 0 combustion workshop n96 15588 1997,42,1,0.01095,0.029505103181974853
row-0004441,citation::urban david l interactions between flames on parallel solid surfaces nasa 0 combustion workshop n96 15588 1997,42,1,0.01497,0.01324494164147175
row-0004746,doi::10.1007/s10694-019-00878-w,42,1,0.0116,0.020648438095238142
row-0004753,doi::10.1007/s10694-019-00878-w,42,1,0.0358,0.11780667945474008
row-0004755,doi::10.1007/s12217-015-9419-z,42,1,0.00758,0.0117944390945778
row-0004778,doi::10.1007/s10694-019-00896-8,42,1,7e-05,0.00011255853304537728
row-0004786,doi::10.1007/s10694-019-00896-8,42,1,0.00061,0.00044089498862566684
row-0004797,doi::10.1007/s10694-019-00896-8,42,1,0.0015,0.0014267477078234122
row-0004807,doi::10.1007/s10694-019-00896-8,42,1,9e-05,0.00037679792328371327
row-0004809,doi::10.1007/s10694-019-00896-8,42,1,7e-05,0.0003766462566170466
row-0004812,doi::10.1007/s10694-019-00896-8,42,1,0.00033,0.0008152516773884736
row-0004817,doi::10.1007/s10694-019-00896-8,42,1,0.00133,0.0013397322786159308
row-0004832,doi::10.1007/s10694-019-00896-8,42,1,0.00133,0.0013313820120524284
row-0004836,doi::10.1007/s10694-019-00896-8,42,1,0.00016,0.00011277578679669591
row-0004838,doi::10.1007/s10694-019-00896-8,42,1,0.00016,0.00011255853304537728
row-0004850,doi::10.1007/s10694-019-00896-8,42,1,0.00066,0.00044089498862566684
row-0004909,doi::10.1016/j.proci.2024.105199,42,1,0.0069,0.004364786211039878
row-0004911,doi::10.1016/j.proci.2024.105199,42,1,0.0046,0.0042195271814465364
row-0004917,doi::10.1016/j.proci.2024.105199,42,1,0.0042,0.004086879553978035
row-0004930,doi::10.1016/j.proci.2024.105199,42,1,0.00225,0.0016653994714392636
row-0004932,doi::10.1016/j.proci.2024.105199,42,1,0.0018,0.0016653994714392636
row-0004933,doi::10.1016/j.proci.2024.105199,42,1,0.00175,0.001663556115710388
row-0004938,doi::10.1016/j.proci.2016.06.028,42,1,0.00275,0.00143802900159975
row-0004945,doi::10.1016/j.proci.2016.06.028,42,1,0.002,0.00143802900159975
row-0004992,doi::10.1007/s12217-018-9655-0,42,1,2e-05,0.0003182520663444806
row-0004999,doi::10.1007/s12217-018-9655-0,42,1,0.00075,0.0009607159345952625
row-0005000,doi::10.1007/s12217-018-9655-0,42,1,0.00093,0.000963490890537595
row-0005008,doi::10.1007/s12217-018-9655-0,42,1,0.00078,0.0003839280960097335
row-0005010,doi::10.1007/s12217-018-9655-0,42,1,0.00026,0.0003766857701399572
row-0005012,doi::10.1007/s12217-018-9655-0,42,1,0.00037,0.00037705634156852863
row-0005029,doi::10.1007/s12217-018-9655-0,42,1,9e-05,9.720989509625184e-05
row-0005036,doi::10.1007/s12217-022-09945-4,42,1,0.0125,0.013624990227199686
row-0005043,doi::10.1007/s12217-022-09945-4,42,1,0.002,0.0015603370851723498
row-0005045,doi::10.1016/j.combustflame.2019.03.040,42,1,0.0001,0.000323638743404186
row-0005046,doi::10.1016/j.combustflame.2019.03.040,42,1,4e-05,0.0003219744807779233
row-0000005,citation::andracchio charles r and john c aydelott comparison of flame spreading over thin flat surfaces in normal gravity and weightlessness in an oxygen environment nasa technical memorandum nasa tm x 1992 1970,42,2,0.06,0.05685396376984141
row-0000010,citation::andracchio charles r and john c aydelott comparison of flame spreading over thin flat surfaces in normal gravity and weightlessness in an oxygen environment nasa technical memorandum nasa tm x 1992 1970,42,2,0.022,0.022724627078603274
row-0000015,citation::andracchio charles r and john c aydelott comparison of flame spreading over thin flat surfaces in normal gravity and weightlessness in an oxygen environment nasa technical memorandum nasa tm x 1992 1970,42,2,0.098,0.10122226666666752
row-0000021,citation::andracchio charles r and john c aydelott comparison of flame spreading over thin flat surfaces in normal gravity and weightlessness in an oxygen environment nasa technical memorandum nasa tm x 1992 1970,42,2,0.105,0.09862883111111116
row-0000022,citation::andracchio charles r and john c aydelott comparison of flame spreading over thin flat surfaces in normal gravity and weightlessness in an oxygen environment nasa technical memorandum nasa tm x 1992 1970,42,2,0.093,0.08750492380952413
row-0000024,citation::andracchio charles r and john c aydelott comparison of flame spreading over thin flat surfaces in normal gravity and weightlessness in an oxygen environment nasa technical memorandum nasa tm x 1992 1970,42,2,0.099,0.08750492380952413
row-0000030,citation::andracchio charles r and john c aydelott comparison of flame spreading over thin flat surfaces in normal gravity and weightlessness in an oxygen environment nasa technical memorandum nasa tm x 1992 1970,42,2,0.012,0.016408612292707205
row-0000036,citation::andracchio charles r and thomas h cochran burning of solids in oxygen rich environments in normal and reduced gravity nasa technical memorandum x 3055 national aeronautics and space administration may 1974,42,2,0.02,0.022011141086539867
row-0000038,citation::andracchio charles r and thomas h cochran burning of solids in oxygen rich environments in normal and reduced gravity nasa technical memorandum x 3055 national aeronautics and space administration may 1974,42,2,0.009,0.01186536276763654
row-0000040,citation::andracchio charles r and thomas h cochran burning of solids in oxygen rich environments in normal and reduced gravity nasa technical memorandum x 3055 national aeronautics and space administration may 1974,42,2,0.055,0.06003020952380949
row-0000041,citation::andracchio charles r and thomas h cochran burning of solids in oxygen rich environments in normal and reduced gravity nasa technical memorandum x 3055 national aeronautics and space administration may 1974,42,2,0.032,0.03106028206349206
row-0000047,citation::andracchio charles r and thomas h cochran burning of solids in oxygen rich environments in normal and reduced gravity nasa technical memorandum x 3055 national aeronautics and space administration may 1974,42,2,0.078,0.052831171103174424
row-0000049,citation::andracchio charles r and thomas h cochran burning of solids in oxygen rich environments in normal and reduced gravity nasa technical memorandum x 3055 national aeronautics and space administration may 1974,42,2,0.069,0.03267244816813611
row-0000051,citation::andracchio charles r and thomas h cochran gravity effects on flame spreading over solid surfaces nasa technical note d 8228 national aeronautics and space administration may 1976,42,2,0.0303,0.028183363571428692
row-0000063,citation::andracchio charles r and thomas h cochran gravity effects on flame spreading over solid surfaces nasa technical note d 8228 national aeronautics and space administration may 1976,42,2,0.02,0.025124408809523963
row-0000064,citation::andracchio charles r and thomas h cochran gravity effects on flame spreading over solid surfaces nasa technical note d 8228 national aeronautics and space administration may 1976,42,2,0.0117,0.016960740000000054
row-0000068,citation::andracchio charles r and thomas h cochran gravity effects on flame spreading over solid surfaces nasa technical note d 8228 national aeronautics and space administration may 1976,42,2,0.015,0.018095726824324438
row-0000072,citation::andracchio charles r and thomas h cochran gravity effects on flame spreading over solid surfaces nasa technical note d 8228 national aeronautics and space administration may 1976,42,2,0.067,0.06143016666666678
row-0000083,citation::andracchio charles r and thomas h cochran gravity effects on flame spreading over solid surfaces nasa technical note d 8228 national aeronautics and space administration may 1976,42,2,0.0633,0.07072329777777787
row-0000092,citation::andracchio charles r and thomas h cochran gravity effects on flame spreading over solid surfaces nasa technical note d 8228 national aeronautics and space administration may 1976,42,2,0.0647,0.05369084679365061
row-0000097,citation::andracchio charles r and thomas h cochran gravity effects on flame spreading over solid surfaces nasa technical note d 8228 national aeronautics and space administration may 1976,42,2,0.0432,0.04622139674458873
row-0000102,citation::andracchio charles r and thomas h cochran gravity effects on flame spreading over solid surfaces nasa technical note d 8228 national aeronautics and space administration may 1976,42,2,0.0489,0.048978144225108176
row-0000113,citation::andracchio charles r and thomas h cochran gravity effects on flame spreading over solid surfaces nasa technical note d 8228 national aeronautics and space administration may 1976,42,2,0.0078,0.009444449322619697
row-0000121,citation::andracchio charles r and thomas h cochran gravity effects on flame spreading over solid surfaces nasa technical note d 8228 national aeronautics and space administration may 1976,42,2,0.0045,0.008424289427188642
row-0000130,doi::10.1080/01457632.2025.2529751,42,2,0.00374,0.0020859327831127157
row-0000143,doi::10.1016/j.proci.2016.06.025,42,2,0.0004,0.001438588591927163
row-0000146,doi::10.1016/j.proci.2016.06.025,42,2,0.0013,0.001442815196663508
row-0000171,doi::10.1016/j.firesaf.2015.11.011,42,2,0.0043,0.0050716922472631215
row-0000175,doi::10.1016/j.firesaf.2015.11.011,42,2,0.0038,0.004278562103145026
row-0000189,doi::10.1016/j.firesaf.2015.11.011,42,2,0.0096,0.012411725042255397
row-0000190,doi::10.1016/j.firesaf.2015.11.011,42,2,0.0068,0.008026364325434385
row-0000192,doi::10.1016/j.firesaf.2015.11.011,42,2,0.0048,0.005513763195319564
row-0000258,doi::10.1016/j.combustflame.2020.12.005,42,2,0.124,0.13211613604819136
row-0000259,doi::10.1016/j.combustflame.2020.12.005,42,2,0.143,0.13211613604819136
row-0000263,doi::10.1016/j.combustflame.2020.12.005,42,2,0.151,0.16631198470588202
row-0000269,doi::10.5802/crmeca.149,42,2,0.0015,0.001473147278611048
row-0000273,doi::10.5802/crmeca.149,42,2,0.0016,0.0014587903120023918
row-0000275,doi::10.5802/crmeca.149,42,2,0.0009,0.0008035046791780163
row-0000289,doi::10.5802/crmeca.149,42,2,0.00137,0.001465810849343043
row-0000290,doi::10.5802/crmeca.149,42,2,0.00136,0.0014604090365790208
row-0000295,doi::10.1016/s1540-7489(02)80211-3,42,2,0.011,0.011887954122417726
row-0000304,doi::10.1016/s1540-7489(02)80211-3,42,2,0.033,0.012897768855282153
row-0000348,citation::ferkul paul v an experimental study of opposed flow diffusion flame extinction over a thin fuel in 0 nasa cr 182185 1989,42,2,0.0019,0.004578929517751785
row-0000353,citation::ferkul paul v et al combustion experiments on the mir space station 37th aerospace sciences meeting and exhibit american institute of aeronautics and astronautics 1999 paper aiaa 99 0439,42,2,0.0016,0.0006837059589406235
row-0000355,citation::ferkul paul v et al combustion experiments on the mir space station 37th aerospace sciences meeting and exhibit american institute of aeronautics and astronautics 1999 paper aiaa 99 0439,42,2,0.0015,0.0006837059589406235
row-0000382,doi::10.1016/s1540-7489(02)80310-8,42,2,0.0052,0.004509986829203703
row-0000427,citation::grayson g d k r sacksteder p v ferkul and j s t ien flame spreading over a thin solid in low speed concurrent flow drop tower experimental results and comparison with theory 0 science and technology vii 2 1994,42,2,0.0026,0.0038608808984028934
row-0000428,citation::grayson g d k r sacksteder p v ferkul and j s t ien flame spreading over a thin solid in low speed concurrent flow drop tower experimental results and comparison with theory 0 science and technology vii 2 1994,42,2,0.0029,0.0038587475650695598
row-0000435,citation::grayson g d k r sacksteder p v ferkul and j s t ien flame spreading over a thin solid in low speed concurrent flow drop tower experimental results and comparison with theory 0 science and technology vii 2 1994,42,2,0.0047,0.005201138295039375
row-0000452,doi::10.1016/j.combustflame.2020.09.003,42,2,0.00138,0.0014604090365790208
row-0000458,doi::10.1016/j.combustflame.2020.07.044,42,2,0.00122,0.0014430985760620308
row-0000461,doi::10.1016/j.combustflame.2020.07.044,42,2,0.00171,0.0014883563745350208
row-0000472,doi::10.1016/j.combustflame.2020.07.044,42,2,0.00149,0.0014968968988556491
row-0000475,doi::10.1016/j.combustflame.2020.07.044,42,2,0.00131,0.0014604090365790208
row-0000479,doi::10.1016/j.combustflame.2020.07.044,42,2,0.00165,0.0014661468537772344
row-0000497,doi::10.1016/j.combustflame.2020.07.044,42,2,0.00126,0.0014542266649305712
row-0000499,doi::10.1016/j.combustflame.2020.07.044,42,2,0.00125,0.0014542266649305712
row-0000510,doi::10.1016/j.combustflame.2020.07.044,42,2,0.00142,0.001463579147612415
row-0000513,doi::10.1016/j.combustflame.2020.07.044,42,2,0.00146,0.001463579147612415
row-0000514,doi::10.1016/j.combustflame.2020.07.044,42,2,0.00146,0.001463579147612415
row-0000516,doi::10.1016/j.combustflame.2020.07.044,42,2,0.00131,0.001463579147612415
row-0000521,doi::10.1016/j.combustflame.2020.07.044,42,2,0.00112,0.0014430985760620308
row-0000525,doi::10.1016/j.combustflame.2020.07.044,42,2,0.00134,0.0014542266649305712
row-0000526,doi::10.1016/j.combustflame.2020.07.044,42,2,0.00137,0.0014542266649305712
row-0000528,doi::10.1016/j.combustflame.2020.07.044,42,2,0.00119,0.0014542266649305712
row-0000533,doi::10.1016/j.combustflame.2020.07.044,42,2,0.00118,0.0014542266649305712
row-0000535,doi::10.1016/j.combustflame.2020.07.044,42,2,0.00133,0.0014604090365790208
row-0000539,doi::10.1016/j.combustflame.2020.07.044,42,2,0.00129,0.0014604090365790208
row-0000542,doi::10.1016/j.combustflame.2020.07.044,42,2,0.00157,0.001463579147612415
row-0000559,doi::10.1016/j.proci.2018.06.022,42,2,3e-05,0.00020343022285246803
row-0000567,doi::10.1016/j.proci.2018.06.022,42,2,3e-05,7.870653856286064e-05
row-0000568,doi::10.1016/j.proci.2018.06.022,42,2,2e-05,7.700685366577457e-05
row-0000573,doi::10.1016/j.proci.2018.06.022,42,2,9e-05,8.13150566584224e-05
row-0000582,doi::10.1016/j.proci.2018.06.022,42,2,9e-05,8.13150566584224e-05
row-0000590,doi::10.1016/j.proci.2018.06.022,42,2,4e-05,7.817644038580767e-05
row-0000595,doi::10.1016/j.proci.2018.06.022,42,2,2e-05,7.677614169568174e-05
row-0000603,doi::10.1016/j.proci.2018.06.022,42,2,7e-05,8.096597199538149e-05
row-0000611,doi::10.1016/j.proci.2018.06.022,42,2,8e-05,8.096597199538149e-05
row-0000617,doi::10.1016/j.proci.2018.06.022,42,2,7e-05,8.096597199538149e-05
row-0000624,doi::10.1016/j.proci.2018.06.022,42,2,0.0001,7.977227018489259e-05
row-0000628,doi::10.1016/j.proci.2018.06.022,42,2,7e-05,7.991137732774974e-05
row-0000632,doi::10.1016/j.proci.2018.06.022,42,2,3e-05,7.984326991086994e-05
row-0000637,doi::10.1016/s0082-0784(98)80017-6,42,2,0.0053,0.003089843914321947
row-0000642,doi::10.1016/s0082-0784(98)80017-6,42,2,0.005,0.0031638246839409056
row-0000643,doi::10.1016/s0082-0784(98)80017-6,42,2,0.006,0.0033801601764886394
row-0000652,doi::10.1016/s0082-0784(98)80017-6,42,2,0.0039,0.0031507432064411525
row-0000654,doi::10.1016/s0082-0784(98)80017-6,42,2,0.0054,0.00511428945619989
row-0000655,doi::10.1016/s0082-0784(98)80017-6,42,2,0.0057,0.005001341990575154
row-0000666,doi::10.1016/s0082-0784(98)80017-6,42,2,0.0025,0.002772671650605596
row-0000669,doi::10.1016/s0082-0784(98)80017-6,42,2,0.0043,0.002933603886546695
row-0000677,citation::kimzey john howard flammability during weightlessness nasa technical memorandum nasa tm x 58001 may 1966,42,2,0.00203,0.005491441746525409
row-0000691,citation::kimzey john howard flammability during weightlessness nasa technical memorandum nasa tm x 58001 may 1966,42,2,0.01524,0.012506015031922365
row-0000705,doi::10.1016/j.combustflame.2008.05.023,42,2,0.0018,0.003251163770853145
row-0000708,doi::10.1016/j.combustflame.2008.05.023,42,2,0.0026,0.00319174974665801
row-0000721,doi::10.1016/j.combustflame.2008.05.023,42,2,0.0044,0.0034929694825825016
row-0000729,doi::10.1016/j.combustflame.2008.05.023,42,2,0.0016,0.0028830331433234127
row-0000732,doi::10.1016/j.combustflame.2008.05.023,42,2,0.0022,0.002914522840432127
row-0000736,doi::10.1016/j.combustflame.2008.05.023,42,2,0.0032,0.0028492823449695584
row-0000750,doi::10.1016/j.combustflame.2008.05.023,42,2,0.0029,0.0037311921877752822
row-0000774,doi::10.1007/s10694-019-00862-4,42,2,0.0,0.00012930155986143408
row-0000776,doi::10.1007/s10694-019-00862-4,42,2,0.00033,0.00012797880587970552
row-0000793,doi::10.1016/j.firesaf.2023.103989,42,2,0.0036,0.00303354707149125
row-0000797,doi::10.1016/j.firesaf.2023.103989,42,2,0.0024,0.002966679102679413
row-0000804,doi::10.1016/j.firesaf.2023.103989,42,2,0.0029,0.0029743268958496256
row-0000809,doi::10.1016/j.firesaf.2023.103989,42,2,0.0036,0.0030425520482032604
row-0000816,doi::10.1016/j.firesaf.2023.103989,42,2,0.00225,0.0029582571316781056
row-0000822,doi::10.1016/j.firesaf.2023.103989,42,2,0.0013,0.002943022748857413
row-0000832,doi::10.1016/j.firesaf.2023.103989,42,2,0.0028,0.0029830411369179857
row-0000839,doi::10.1016/j.firesaf.2023.103989,42,2,0.0029,0.0029763461369179856
row-0000889,doi::10.1016/j.firesaf.2023.103989,42,2,0.0016,0.0029597128372395704
row-0000890,doi::10.1016/j.firesaf.2023.103989,42,2,0.0024,0.002966679102679413
row-0000894,doi::10.1016/j.firesaf.2023.103989,42,2,0.0022,0.0029503874835046786
row-0000906,doi::10.1016/j.firesaf.2023.103989,42,2,0.0038,0.00304973293314243
row-0000911,doi::10.1016/j.firesaf.2023.103989,42,2,0.0024,0.002935980023296369
row-0000916,doi::10.1016/j.firesaf.2023.103989,42,2,0.0026,0.0029557715154264297
row-0000923,doi::10.1016/j.firesaf.2023.103989,42,2,0.0031,0.0029740210487546304
row-0000925,doi::10.1016/j.firesaf.2023.103989,42,2,0.0032,0.0029786856695682806
row-0000930,doi::10.1016/j.firesaf.2023.103989,42,2,0.0031,0.002957729429579897
row-0000933,doi::10.1016/j.firesaf.2023.103989,42,2,0.0025,0.002962394050393546
row-0001027,doi::10.1016/j.firesaf.2023.103989,42,2,0.0024,0.002954903973401936
row-0001036,doi::10.1016/j.firesaf.2023.103989,42,2,0.0025,0.002962394050393546
row-0001049,doi::10.1016/j.firesaf.2023.103989,42,2,0.0039,0.0030404698612901226
row-0001054,doi::10.1016/j.firesaf.2023.103989,42,2,0.0032,0.0030577427978828735
row-0001059,doi::10.1016/j.firesaf.2023.103989,42,2,0.0039,0.0030577427978828735
row-0001074,doi::10.1016/j.firesaf.2023.103989,42,2,0.0013,0.0020342811044879662
row-0001087,doi::10.1016/j.firesaf.2023.103989,42,2,0.0015,0.0030948703839797976
row-0001121,doi::10.1016/j.firesaf.2023.103989,42,2,0.00125,0.0018078862354136021
row-0001123,doi::10.1016/j.firesaf.2023.103989,42,2,0.00125,0.0021449628447951607
row-0001127,doi::10.1016/j.firesaf.2023.103989,42,2,0.00125,0.0020281190607326356
row-0001128,doi::10.1016/j.firesaf.2023.103989,42,2,0.0014,0.002028095251208826
row-0001129,doi::10.1016/j.firesaf.2023.103989,42,2,0.00125,0.0020198973159537793
row-0001142,doi::10.1016/j.firesaf.2023.103989,42,2,0.0015,0.00146778061412219
row-0001143,doi::10.1016/j.firesaf.2023.103989,42,2,0.0013,0.00146778061412219
row-0001149,doi::10.1016/j.firesaf.2023.103989,42,2,0.0014,0.0014908544778134694
row-0001155,doi::10.1016/j.firesaf.2023.103989,42,2,0.0016,0.001648674837618658
row-0001164,doi::10.1016/j.firesaf.2023.103989,42,2,0.0017,0.0016698506144115415
row-0001194,doi::10.1016/j.firesaf.2023.103989,42,2,0.0018,0.001500037617000676
row-0001203,doi::10.1016/j.firesaf.2023.103989,42,2,0.0016,0.0016470905003887913
row-0001205,doi::10.1016/j.firesaf.2023.103989,42,2,0.0016,0.0016682662771816748
row-0001212,doi::10.1016/j.proci.2024.105199,42,2,0.007,0.00450783137058273
row-0001215,doi::10.1016/j.proci.2024.105199,42,2,0.0035,0.0043265950665480075
row-0001218,doi::10.1016/j.proci.2024.105199,42,2,0.0045,0.004361275990260127
row-0001231,doi::10.1016/j.proci.2024.105199,42,2,0.0019,0.0015304626759216323
row-0001261,doi::10.1007/s10694-019-00935-4,42,2,0.00045,0.0005501205760600003
row-0001265,doi::10.1007/s10694-019-00935-4,42,2,0.00055,0.0005161829382514668
row-0001334,doi::10.1016/j.proci.2022.07.002,42,2,0.0025,0.0029740210487546304
row-0001335,doi::10.1016/j.proci.2022.07.002,42,2,0.0021,0.0029563978925646922
row-0001337,doi::10.1016/j.proci.2022.07.002,42,2,0.0039,0.003032671560342929
row-0001374,doi::10.1016/j.proci.2022.07.002,42,2,0.0024,0.002968315867555084
row-0001444,doi::10.1016/j.proci.2022.07.002,42,2,0.0022,0.0015032077280340704
row-0001447,doi::10.1016/j.proci.2022.07.002,42,2,0.0021,0.001500037617000676
row-0001449,doi::10.1016/j.proci.2022.07.002,42,2,0.0019,0.0014946387551522857
row-0001458,doi::10.1016/j.proci.2022.07.002,42,2,0.0013,0.0014780108756581717
row-0001467,doi::10.1016/j.proci.2022.07.002,42,2,0.002,0.0015010271362168542
row-0001472,doi::10.1016/j.proci.2022.07.002,42,2,0.0015,0.0014924581633350698
row-0001493,doi::10.1016/j.proci.2022.07.002,42,2,0.0017,0.001463058502701747
row-0001498,doi::10.1016/j.proci.2022.07.002,42,2,0.0012,0.0014430985760620308
row-0001499,doi::10.1016/j.proci.2022.07.002,42,2,0.0011,0.001446094650576365
row-0001595,doi::10.1016/j.proci.2024.105775,42,2,0.00739,0.008074265620120693
row-0001596,doi::10.1016/j.proci.2024.105775,42,2,0.0072,0.008074265620120693
row-0001602,doi::10.1016/j.proci.2024.105775,42,2,0.0066,0.008074265620120693
row-0001618,doi::10.1016/j.proci.2024.105775,42,2,0.00702,0.008455787858391446
row-0001623,doi::10.1016/j.proci.2024.105775,42,2,0.01117,0.008832774558797715
row-0001624,doi::10.1016/j.proci.2024.105775,42,2,0.00857,0.008540098298562962
row-0001635,doi::10.1016/j.proci.2024.105775,42,2,0.01153,0.008844418447686605
row-0001636,doi::10.1016/j.proci.2024.105775,42,2,0.00792,0.008554410444221224
row-0001640,doi::10.1016/j.proci.2024.105775,42,2,0.00842,0.008754667392275638
row-0001644,doi::10.1007/s12217-024-10147-3,42,2,0.00807,0.008060903040662008
row-0001645,doi::10.1007/s12217-024-10147-3,42,2,0.0082,0.008056663040662007
row-0001652,doi::10.1007/s12217-024-10147-3,42,2,0.00594,0.008413795806560868
row-0001653,doi::10.1007/s12217-024-10147-3,42,2,0.0061,0.008426155777825236
row-0001656,doi::10.1007/s12217-024-10147-3,42,2,0.00776,0.008524971156805035
row-0001665,doi::10.1007/s12217-024-10147-3,42,2,0.01006,0.008704399549009976
row-0001666,doi::10.1007/s12217-024-10147-3,42,2,0.01182,0.008837415114353271
row-0001667,doi::10.1007/s12217-024-10147-3,42,2,0.00833,0.008549708301364083
row-0001669,doi::10.1007/s12217-024-10147-3,42,2,0.0115,0.008826263781019937
row-0001670,doi::10.1007/s12217-024-10147-3,42,2,0.00808,0.008554410444221224
row-0001674,doi::10.1007/s12217-024-10147-3,42,2,0.00844,0.008688927357144103
row-0001727,doi::10.1016/j.combustflame.2020.12.042,42,2,0.0019,0.001665609880110127
row-0001728,doi::10.1016/j.combustflame.2020.12.042,42,2,0.0022,0.001665609880110127
row-0001733,doi::10.1016/j.proci.2024.105255,42,2,0.00151,0.0014666648088046774
row-0001734,doi::10.1016/j.proci.2024.105255,42,2,0.00169,0.0014698349198380713
row-0001747,doi::10.1038/s41598-017-18398-4,42,2,7e-05,7.964682520609216e-05
row-0001750,doi::10.1038/s41598-017-18398-4,42,2,7e-05,7.973427902820072e-05
row-0001752,doi::10.1038/s41598-017-18398-4,42,2,9e-05,8.122350386339135e-05
row-0001758,doi::10.1038/s41598-017-18398-4,42,2,6e-05,8.076308365511368e-05
row-0001765,doi::10.1038/s41598-017-18398-4,42,2,2e-05,7.688615816471994e-05
row-0001766,doi::10.1038/s41598-017-18398-4,42,2,2e-05,7.68091127101745e-05
row-0001768,doi::10.1038/s41598-017-18398-4,42,2,2e-05,7.68091127101745e-05
row-0001769,doi::10.1038/s41598-017-18398-4,42,2,1e-05,0.00010018589431936993
row-0001772,doi::10.1038/s41598-017-18398-4,42,2,3e-05,7.96262425169084e-05
row-0001780,doi::10.1038/s41598-017-18398-4,42,2,3e-05,7.964987888054477e-05
row-0001783,doi::10.1038/s41598-017-18398-4,42,2,5e-05,8.104754062283247e-05
row-0001793,doi::10.1038/s41598-017-18398-4,42,2,9e-05,7.973427902820072e-05
row-0001795,doi::10.1038/s41598-017-18398-4,42,2,3e-05,7.966953155345324e-05
row-0001799,doi::10.1038/s41598-017-18398-4,42,2,0.0001,8.089298785611386e-05
row-0001802,doi::10.1038/s41598-017-18398-4,42,2,6e-05,7.966953155345324e-05
row-0001803,doi::10.1038/s41598-017-18398-4,42,2,8e-05,8.089298785611386e-05
row-0001808,doi::10.1038/s41598-017-18398-4,42,2,6e-05,8.097365452278054e-05
row-0001820,doi::10.1038/s41598-017-18398-4,42,2,2e-05,7.960353616954731e-05
row-0001833,doi::10.1016/j.proci.2024.105766,42,2,0.007,0.010439057955259708
row-0001834,doi::10.1016/j.proci.2024.105766,42,2,0.01,0.010469207955259708
row-0001840,doi::10.1016/j.proci.2024.105766,42,2,0.006,0.0067575517576445344
row-0001841,doi::10.1016/j.proci.2024.105766,42,2,0.0065,0.006768932445475224
row-0001843,doi::10.1016/j.proci.2024.105766,42,2,0.005,0.006840866952857367
row-0001844,doi::10.1016/j.proci.2024.105766,42,2,0.007,0.006942258571904991
row-0001851,doi::10.1016/j.proci.2024.105766,42,2,0.0027,0.0017317006147685972
row-0001853,doi::10.1016/j.proci.2024.105766,42,2,0.0017,0.0015720013724357437
row-0001874,doi::10.1016/j.firesaf.2024.104329,42,2,0.0015,0.0016826538314922918
row-0001889,doi::10.1016/j.firesaf.2024.104329,42,2,0.00275,0.0016826538314922918
row-0001891,doi::10.1016/j.firesaf.2024.104329,42,2,0.002,0.0016826538314922918
row-0001892,doi::10.1016/j.firesaf.2024.104329,42,2,0.002,0.0016826538314922918
row-0001924,doi::10.1016/j.firesaf.2024.104329,42,2,0.0022,0.0016826538314922918
row-0001925,doi::10.1016/j.firesaf.2024.104329,42,2,0.0021,0.0016826538314922918
row-0001953,doi::10.1016/j.firesaf.2024.104329,42,2,0.00155,0.0016805969242574426
row-0001956,doi::10.1016/j.firesaf.2024.104329,42,2,0.00225,0.0016805969242574426
row-0001958,doi::10.1016/j.firesaf.2024.104329,42,2,0.0021,0.0016805969242574426
row-0001960,doi::10.1016/j.firesaf.2024.104329,42,2,0.0029,0.0016805969242574426
row-0001961,doi::10.1016/j.firesaf.2024.104329,42,2,0.00275,0.0016805969242574426
row-0001967,doi::10.1016/j.firesaf.2024.104329,42,2,0.0023,0.0016805969242574426
row-0002039,doi::10.1016/j.firesaf.2024.104329,42,2,0.00125,0.0007610482696869998
row-0002040,doi::10.1016/j.firesaf.2024.104329,42,2,0.00095,0.0006697476656298076
row-0002048,doi::10.1016/j.firesaf.2024.104329,42,2,0.0005,0.000744507717441031
row-0002064,doi::10.1016/j.firesaf.2024.104329,42,2,0.00065,0.0007339766235777968
row-0002068,doi::10.1016/j.firesaf.2024.104329,42,2,0.00045,0.0007266222827427061
row-0002099,doi::10.1016/j.firesaf.2024.104329,42,2,0.0005,0.0006543197302059792
row-0002111,doi::10.1016/j.firesaf.2024.104329,42,2,0.00123,0.0007988602513291496
row-0002128,doi::10.1016/j.firesaf.2024.104329,42,2,0.00095,0.0006679722315638734
row-0002137,doi::10.1016/j.firesaf.2024.104329,42,2,0.00062,0.0007284356278190771
row-0002138,doi::10.1016/j.firesaf.2024.104329,42,2,0.00045,0.0006521592009019498
row-0002284,citation::mell w e s l olson and t kashiwagi flame spread along free edges of thermally thin samples in 0 proceedings of the combustion institute vol 28 no 2 2000 pp 2843 2849,42,2,0.00125,0.003116415276020343
row-0002290,citation::mell w e s l olson and t kashiwagi flame spread along free edges of thermally thin samples in 0 proceedings of the combustion institute vol 28 no 2 2000 pp 2843 2849,42,2,0.002,0.00474313426794156
row-0002299,citation::meyer florian jan hei meier hans christoph ries and christian eigenbrod sooting behavior in concurrent and upward burning of cylindrical pmma samples 52nd international conference on environmental systems ices 2023 171 calgary canada 16 20 july 2023,42,2,0.00138,0.004542161292764404
row-0002300,citation::meyer florian jan hei meier hans christoph ries and christian eigenbrod sooting behavior in concurrent and upward burning of cylindrical pmma samples 52nd international conference on environmental systems ices 2023 171 calgary canada 16 20 july 2023,42,2,0.00197,0.004630706105299148
row-0002456,doi::10.1016/j.proci.2018.05.007,42,2,0.003,0.0029729656348240056
row-0002461,doi::10.1016/j.proci.2018.05.007,42,2,0.0036,0.002988105802498234
row-0002466,doi::10.1016/j.proci.2018.05.007,42,2,0.0019,0.0014687236469747927
row-0002470,doi::10.1016/j.proci.2018.05.007,42,2,0.0026,0.0015123442100332598
row-0002607,citation::nishizawa et al 2003 effect of low external flow on flame spreading over etfe wire under microgravity,42,2,0.0027,0.0030044891929073684
row-0002613,doi::10.1016/j.combustflame.2009.01.015,42,2,0.00082,0.0014356154612468633
row-0002614,doi::10.1016/j.combustflame.2009.01.015,42,2,0.00076,0.0014356154612468633
row-0002627,doi::10.1016/j.combustflame.2009.01.015,42,2,0.00088,0.001436475461246863
row-0002631,doi::10.1016/j.combustflame.2009.01.015,42,2,0.0027,0.0014516591137314707
row-0002638,doi::10.1016/j.combustflame.2009.01.015,42,2,0.0006,0.00143481980907295
row-0002641,doi::10.1016/j.combustflame.2009.01.015,42,2,0.00015,0.0014339217339741357
row-0002642,doi::10.1016/j.combustflame.2009.01.015,42,2,0.0,0.0014339217339741357
row-0002647,doi::10.1016/j.combustflame.2009.01.015,42,2,0.00072,0.0014355017339741359
row-0002661,doi::10.1016/j.combustflame.2009.01.015,42,2,0.00093,0.0014478785923792436
row-0002662,doi::10.1016/j.combustflame.2009.01.015,42,2,0.0011,0.0014516591137314707
row-0002663,doi::10.1016/j.combustflame.2009.01.015,42,2,0.0024,0.0014516591137314707
row-0002703,citation::friedman robert brian jackson and sandra olson testing and selection of fire resistant materials for spacecraft use nasa technical memorandum 2000 209773 mar 2000 nasa sti program office glenn research center cleveland ohio,42,2,0.0109,0.009157689375502173
row-0002706,citation::friedman robert brian jackson and sandra olson testing and selection of fire resistant materials for spacecraft use nasa technical memorandum 2000 209773 mar 2000 nasa sti program office glenn research center cleveland ohio,42,2,0.0181,0.017105589349088332
row-0002714,citation::friedman robert brian jackson and sandra olson testing and selection of fire resistant materials for spacecraft use nasa technical memorandum 2000 209773 mar 2000 nasa sti program office glenn research center cleveland ohio,42,2,0.0285,0.02516167164920638
row-0002727,citation::friedman robert brian jackson and sandra olson testing and selection of fire resistant materials for spacecraft use nasa technical memorandum 2000 209773 mar 2000 nasa sti program office glenn research center cleveland ohio,42,2,0.0061,0.005404307032292304
row-0002731,citation::friedman robert brian jackson and sandra olson testing and selection of fire resistant materials for spacecraft use nasa technical memorandum 2000 209773 mar 2000 nasa sti program office glenn research center cleveland ohio,42,2,0.0139,0.00919858896486406
row-0002733,citation::friedman robert brian jackson and sandra olson testing and selection of fire resistant materials for spacecraft use nasa technical memorandum 2000 209773 mar 2000 nasa sti program office glenn research center cleveland ohio,42,2,0.0138,0.00919858896486406
row-0002735,citation::friedman robert brian jackson and sandra olson testing and selection of fire resistant materials for spacecraft use nasa technical memorandum 2000 209773 mar 2000 nasa sti program office glenn research center cleveland ohio,42,2,0.0297,0.021857900782037205
row-0002740,citation::friedman robert brian jackson and sandra olson testing and selection of fire resistant materials for spacecraft use nasa technical memorandum 2000 209773 mar 2000 nasa sti program office glenn research center cleveland ohio,42,2,0.0751,0.05860301473015868
row-0002750,citation::friedman robert brian jackson and sandra olson testing and selection of fire resistant materials for spacecraft use nasa technical memorandum 2000 209773 mar 2000 nasa sti program office glenn research center cleveland ohio,42,2,0.02,0.025421935603872393
row-0002752,citation::friedman robert brian jackson and sandra olson testing and selection of fire resistant materials for spacecraft use nasa technical memorandum 2000 209773 mar 2000 nasa sti program office glenn research center cleveland ohio,42,2,0.0226,0.033614482607157374
row-0002756,citation::friedman robert brian jackson and sandra olson testing and selection of fire resistant materials for spacecraft use nasa technical memorandum 2000 209773 mar 2000 nasa sti program office glenn research center cleveland ohio,42,2,0.0459,0.03607550616315278
row-0002758,citation::friedman robert brian jackson and sandra olson testing and selection of fire resistant materials for spacecraft use nasa technical memorandum 2000 209773 mar 2000 nasa sti program office glenn research center cleveland ohio,42,2,0.0028,0.005404307032292304
row-0002760,citation::friedman robert brian jackson and sandra olson testing and selection of fire resistant materials for spacecraft use nasa technical memorandum 2000 209773 mar 2000 nasa sti program office glenn research center cleveland ohio,42,2,0.0032,0.005404307032292304
row-0002762,citation::friedman robert brian jackson and sandra olson testing and selection of fire resistant materials for spacecraft use nasa technical memorandum 2000 209773 mar 2000 nasa sti program office glenn research center cleveland ohio,42,2,0.0059,0.008742907050950538
row-0002766,citation::friedman robert brian jackson and sandra olson testing and selection of fire resistant materials for spacecraft use nasa technical memorandum 2000 209773 mar 2000 nasa sti program office glenn research center cleveland ohio,42,2,0.0085,0.00919858896486406
row-0002769,citation::friedman robert brian jackson and sandra olson testing and selection of fire resistant materials for spacecraft use nasa technical memorandum 2000 209773 mar 2000 nasa sti program office glenn research center cleveland ohio,42,2,0.0121,0.01717046147218017
row-0002774,citation::friedman robert brian jackson and sandra olson testing and selection of fire resistant materials for spacecraft use nasa technical memorandum 2000 209773 mar 2000 nasa sti program office glenn research center cleveland ohio,42,2,0.0334,0.05466869805179606
row-0002787,citation::olson s l and j s t ien near limit flame spread over a thin solid fuel in 0 symposium international on combustion vol 22 no 1 1988 pp 1213 1222 the combustion institute,42,2,0.00613,0.005404307032292304
row-0002806,citation::olson s l and j s t ien near limit flame spread over a thin solid fuel in 0 symposium international on combustion vol 22 no 1 1988 pp 1213 1222 the combustion institute,42,2,0.02184,0.021027628619776157
row-0002809,citation::olson s l and j s t ien near limit flame spread over a thin solid fuel in 0 symposium international on combustion vol 22 no 1 1988 pp 1213 1222 the combustion institute,42,2,0.03869,0.033223762020266105
row-0002813,citation::olson s l and j s t ien near limit flame spread over a thin solid fuel in 0 symposium international on combustion vol 22 no 1 1988 pp 1213 1222 the combustion institute,42,2,0.07383,0.06750857053968266
row-0002816,citation::olson s l and j s t ien near limit flame spread over a thin solid fuel in 0 symposium international on combustion vol 22 no 1 1988 pp 1213 1222 the combustion institute,42,2,0.00338,0.005246377517317038
row-0002825,citation::olson s l and j s t ien near limit flame spread over a thin solid fuel in 0 symposium international on combustion vol 22 no 1 1988 pp 1213 1222 the combustion institute,42,2,0.01769,0.017652428085853756
row-0002829,citation::olson s l and j s t ien near limit flame spread over a thin solid fuel in 0 symposium international on combustion vol 22 no 1 1988 pp 1213 1222 the combustion institute,42,2,0.03844,0.03529389828136789
row-0002831,citation::olson s l and j s t ien near limit flame spread over a thin solid fuel in 0 symposium international on combustion vol 22 no 1 1988 pp 1213 1222 the combustion institute,42,2,0.00373,0.008170767396950785
row-0002834,citation::olson s l and j s t ien near limit flame spread over a thin solid fuel in 0 symposium international on combustion vol 22 no 1 1988 pp 1213 1222 the combustion institute,42,2,0.00547,0.01121849560257796
row-0002835,citation::olson s l and j s t ien near limit flame spread over a thin solid fuel in 0 symposium international on combustion vol 22 no 1 1988 pp 1213 1222 the combustion institute,42,2,0.00627,0.010241888506269678
row-0002836,citation::olson s l and j s t ien near limit flame spread over a thin solid fuel in 0 symposium international on combustion vol 22 no 1 1988 pp 1213 1222 the combustion institute,42,2,0.01275,0.017577935806873016
row-0002837,citation::olson s l and j s t ien near limit flame spread over a thin solid fuel in 0 symposium international on combustion vol 22 no 1 1988 pp 1213 1222 the combustion institute,42,2,0.0142,0.017632474724621934
row-0002840,citation::olson s l and j s t ien near limit flame spread over a thin solid fuel in 0 symposium international on combustion vol 22 no 1 1988 pp 1213 1222 the combustion institute,42,2,0.02183,0.023335803053995866
row-0002841,citation::olson s l and j s t ien near limit flame spread over a thin solid fuel in 0 symposium international on combustion vol 22 no 1 1988 pp 1213 1222 the combustion institute,42,2,0.02256,0.03279583671776815
row-0002848,doi::10.1016/s0082-0784(89)80132-8,42,2,0.0035,0.0037617059334877534
row-0002852,doi::10.1016/s0082-0784(89)80132-8,42,2,0.0027,0.00378242893676084
row-0002895,doi::10.1080/00102209108951711,42,2,0.01884,0.01787188331880027
row-0002896,doi::10.1080/00102209108951711,42,2,0.01888,0.01871445016502282
row-0002901,doi::10.1080/00102209108951711,42,2,0.0144,0.009683418526554188
row-0002902,doi::10.1080/00102209108951711,42,2,0.01417,0.009683418526554188
row-0002907,doi::10.1080/00102209108951711,42,2,0.00639,0.008869686497357325
row-0002975,doi::10.1016/j.combustflame.2009.01.015,42,2,0.013,0.015502623793453348
row-0002981,doi::10.1016/j.combustflame.2009.01.015,42,2,0.012,0.011828037401036448
row-0002985,doi::10.1016/j.combustflame.2009.01.015,42,2,0.024,0.015646569450203474
row-0002986,doi::10.1016/j.combustflame.2009.01.015,42,2,0.023,0.030780856611243468
row-0003005,doi::10.1016/j.combustflame.2009.01.015,42,2,0.011,0.013646412840308578
row-0003006,doi::10.1016/j.combustflame.2009.01.015,42,2,0.011,0.014375483206608947
row-0003009,doi::10.1016/j.combustflame.2009.01.015,42,2,0.028,0.022213075979937717
row-0003010,doi::10.1016/j.combustflame.2009.01.015,42,2,0.027,0.026567377722854783
row-0003017,doi::10.1016/j.combustflame.2009.01.015,42,2,0.023,0.020204611464183446
row-0003018,doi::10.1016/j.combustflame.2009.01.015,42,2,0.027,0.02592273801467655
row-0003020,doi::10.1016/j.combustflame.2009.01.015,42,2,0.052,0.03188313587946999
row-0003025,doi::10.1016/j.combustflame.2009.01.015,42,2,0.031,0.031869940467566846
row-0003028,doi::10.1016/s0010-2180(00)00249-2,42,2,0.00075,0.0014420030742041986
row-0003032,doi::10.1016/s0010-2180(00)00249-2,42,2,0.0023,0.0014420030742041986
row-0003033,doi::10.1016/s0010-2180(00)00249-2,42,2,0.002,0.0014420030742041986
row-0003043,doi::10.1016/s0010-2180(00)00249-2,42,2,0.0059,0.003472839697690595
row-0003044,doi::10.1016/s0010-2180(00)00249-2,42,2,0.0032,0.004190042366087175
row-0003049,doi::10.1016/s0010-2180(00)00249-2,42,2,0.0052,0.0042559818774228755
row-0003051,doi::10.1016/s0010-2180(00)00249-2,42,2,0.0085,0.005067008541382303
row-0003057,doi::10.1016/s0010-2180(00)00249-2,42,2,0.00077,0.0014420030742041986
row-0003068,doi::10.1016/s0010-2180(00)00249-2,42,2,0.0019,0.0014420030742041986
row-0003069,doi::10.1016/s0010-2180(00)00249-2,42,2,0.0019,0.0014420030742041986
row-0003079,doi::10.1016/j.combustflame.2018.10.012,42,2,0.00209,0.001479045456220602
row-0003082,doi::10.1016/j.combustflame.2018.10.012,42,2,0.001,0.0014625968480985446
row-0003084,doi::10.1016/j.combustflame.2018.10.012,42,2,0.00113,0.001475953623629327
row-0003087,doi::10.1016/j.combustflame.2018.10.012,42,2,0.00157,0.001542879063905552
row-0003089,doi::10.1016/j.combustflame.2018.10.012,42,2,0.00228,0.0017062980164403243
row-0003092,doi::10.1016/j.combustflame.2018.10.012,42,2,0.00094,0.004644868715686897
row-0003095,doi::10.1080/00102200490276773,42,2,0.0019,0.0031542557559147404
row-0003113,doi::10.1080/00102200490276773,42,2,0.026,0.024762477777777573
row-0003116,doi::10.1080/00102200490276773,42,2,0.026,0.025001744444444265
row-0003118,doi::10.1080/00102200490276773,42,2,0.02,0.015790290476190464
row-0003134,doi::10.1080/00102200490276773,42,2,0.034,0.032619148546640865
row-0003144,doi::10.1080/00102200490276773,42,2,0.059,0.05994471428571459
row-0003145,doi::10.1080/00102200490276773,42,2,0.05,0.04992821428571406
row-0003147,doi::10.1080/00102200490276773,42,2,0.031,0.04992821428571406
row-0003153,doi::10.1016/j.combustflame.2022.112559,42,2,0.0026,0.006513476999782723
row-0003154,doi::10.1016/j.combustflame.2022.112559,42,2,0.0023,0.0038596033199439655
row-0003156,doi::10.1016/j.combustflame.2022.112559,42,2,0.0027,0.0018711065219359356
row-0003166,doi::10.1016/j.proci.2024.105358,42,2,0.00175,0.0021084395478645013
row-0003168,doi::10.1016/j.proci.2024.105358,42,2,0.00192,0.0021084395478645013
row-0003179,doi::10.1016/j.proci.2024.105358,42,2,0.00195,0.0021084395478645013
row-0003186,doi::10.1016/j.proci.2024.105358,42,2,0.0022,0.0028231955481821244
row-0003190,doi::10.1016/j.proci.2024.105358,42,2,0.00265,0.002887845913562223
row-0003195,doi::10.1016/j.proci.2024.105358,42,2,0.0028,0.002992871367580827
row-0003197,doi::10.1016/j.combustflame.2022.112009,42,2,0.0012,0.0014719258109668763
row-0003198,doi::10.1016/j.combustflame.2022.112009,42,2,0.0013,0.0014698370609668762
row-0003201,doi::10.1016/j.combustflame.2022.112009,42,2,0.0013,0.0014698370609668762
row-0003203,doi::10.1016/j.combustflame.2022.112009,42,2,0.0014,0.0014698370609668762
row-0003211,doi::10.1016/j.combustflame.2022.112009,42,2,0.001,0.0014608888803358444
row-0003221,doi::10.1016/j.combustflame.2022.112009,42,2,0.0007,0.0014557840022870639
row-0003230,doi::10.1016/j.combustflame.2022.112009,42,2,0.00044,0.0014363897590407484
row-0003233,doi::10.1016/j.combustflame.2022.112009,42,2,0.00052,0.001437177759040748
row-0003250,doi::10.1016/j.combustflame.2022.112009,42,2,0.012,0.008546033480868614
row-0003389,doi::10.1016/s0082-0784(06)80816-7,42,2,0.01165,0.009942438012846663
row-0003390,doi::10.1016/s0082-0784(06)80816-7,42,2,0.01201,0.009782303298732605
row-0003404,doi::10.1016/s0082-0784(06)80816-7,42,2,0.00874,0.008770772755920801
row-0003413,doi::10.1016/s0082-0784(06)80816-7,42,2,0.00602,0.006115049119259206
row-0003420,doi::10.1016/s0082-0784(06)80816-7,42,2,0.00507,0.005943489425113484
row-0003422,doi::10.1016/s0082-0784(06)80816-7,42,2,0.00335,0.005926085233533823
row-0003424,doi::10.1016/s0082-0784(06)80816-7,42,2,0.00395,0.006299608884795959
row-0003425,doi::10.1016/s0082-0784(06)80816-7,42,2,0.00289,0.0061895794240312335
row-0003428,citation::s nchez tarifa c and b l zaro experiments conducted on combustion at microgravity in the texus 38 sounding rocket results and conclusions first international symposium on microgravity research and applications on physical sciences and biotechnology 2000,42,2,0.00069,0.0006420143998752698
row-0003431,citation::s nchez tarifa c and g l pez juste a study of the combustion problems of solid materials at conditions existing in space stations esa sp 433 1999,42,2,0.001,0.000652028979609475
row-0003432,citation::s nchez tarifa c and g l pez juste a study of the combustion problems of solid materials at conditions existing in space stations esa sp 433 1999,42,2,0.0006,0.0006195001125851175
row-0003436,citation::s nchez tarifa c and g l pez juste a study of the combustion problems of solid materials at conditions existing in space stations esa sp 433 1999,42,2,0.0007,0.0006585121304910188
row-0003437,citation::s nchez tarifa c and g l pez juste a study of the combustion problems of solid materials at conditions existing in space stations esa sp 433 1999,42,2,0.0011,0.00068496756684797
row-0003440,citation::s nchez tarifa c and g l pez juste a study of the combustion problems of solid materials at conditions existing in space stations esa sp 433 1999,42,2,0.0006,0.0006757088762240253
row-0003441,citation::s nchez tarifa c and g l pez juste a study of the combustion problems of solid materials at conditions existing in space stations esa sp 433 1999,42,2,0.00105,0.0007090510765817156
row-0003442,citation::s nchez tarifa c and m rodr guez combustion and flammability characteristics of solids at microgravity in very small velocity flows second european symposium on utilisation of the international space station nov 1998,42,2,0.0001,0.0005013989882104286
row-0003443,citation::s nchez tarifa c and m rodr guez combustion and flammability characteristics of solids at microgravity in very small velocity flows second european symposium on utilisation of the international space station nov 1998,42,2,0.0002,0.0004940244660167078
row-0003455,doi::10.1007/s12217-024-10106-y,42,2,4e-05,0.00012809232254248424
row-0003460,doi::10.1007/s12217-024-10106-y,42,2,3e-05,0.0001253964526707249
row-0003471,doi::10.1007/s12217-024-10106-y,42,2,0.00124,0.0016043777984839044
row-0003476,doi::10.1016/s1540-7489(02)80315-7,42,2,0.01642,0.02320378440975951
row-0003481,doi::10.1016/s1540-7489(02)80315-7,42,2,0.05887,0.04911017937233708
row-0003487,doi::10.1016/s1540-7489(02)80315-7,42,2,0.03317,0.0362931872522832
row-0003495,doi::10.1016/s1540-7489(02)80315-7,42,2,0.02599,0.01626672929958028
row-0003504,doi::10.1016/s1540-7489(02)80315-7,42,2,0.046,0.04353685249353489
row-0003512,doi::10.1016/s1540-7489(02)80315-7,42,2,0.021,0.03234523600560612
row-0003517,citation::son youngjin paul d ronney and suleyman gokoglu comparison of carbon dioxide and helium as fire extinguishing agents for spacecraft nasa cp 2004 213205 vol2 2004 pp 409 418,42,2,0.049,0.043554211012048046
row-0003518,citation::son youngjin paul d ronney and suleyman gokoglu comparison of carbon dioxide and helium as fire extinguishing agents for spacecraft nasa cp 2004 213205 vol2 2004 pp 409 418,42,2,0.065,0.06089940189136208
row-0003520,citation::son youngjin paul d ronney and suleyman gokoglu comparison of carbon dioxide and helium as fire extinguishing agents for spacecraft nasa cp 2004 213205 vol2 2004 pp 409 418,42,2,0.0055,0.008096268903879229
row-0003523,citation::son youngjin paul d ronney and suleyman gokoglu comparison of carbon dioxide and helium as fire extinguishing agents for spacecraft nasa cp 2004 213205 vol2 2004 pp 409 418,42,2,0.048,0.04945459546405308
row-0003524,citation::son youngjin paul d ronney and suleyman gokoglu comparison of carbon dioxide and helium as fire extinguishing agents for spacecraft nasa cp 2004 213205 vol2 2004 pp 409 418,42,2,0.1,0.060177652308475035
row-0003532,citation::son youngjin paul d ronney and suleyman gokoglu comparison of carbon dioxide and helium as fire extinguishing agents for spacecraft nasa cp 2004 213205 vol2 2004 pp 409 418,42,2,0.035,0.04624204965550055
row-0003546,citation::son youngjin paul d ronney and suleyman gokoglu comparison of carbon dioxide and helium as fire extinguishing agents for spacecraft nasa cp 2004 213205 vol2 2004 pp 409 418,42,2,0.0175,0.017348474480137384
row-0003550,citation::son youngjin paul d ronney and suleyman gokoglu comparison of carbon dioxide and helium as fire extinguishing agents for spacecraft nasa cp 2004 213205 vol2 2004 pp 409 418,42,2,0.01694,0.028195689460398094
row-0003553,citation::son youngjin paul d ronney and suleyman gokoglu comparison of carbon dioxide and helium as fire extinguishing agents for spacecraft nasa cp 2004 213205 vol2 2004 pp 409 418,42,2,0.01114,0.015289253682796395
row-0003557,citation::son youngjin paul d ronney and suleyman gokoglu comparison of carbon dioxide and helium as fire extinguishing agents for spacecraft nasa cp 2004 213205 vol2 2004 pp 409 418,42,2,0.01495,0.014669990111295264
row-0003564,citation::son youngjin paul d ronney and suleyman gokoglu comparison of carbon dioxide and helium as fire extinguishing agents for spacecraft nasa cp 2004 213205 vol2 2004 pp 409 418,42,2,0.02708,0.01828604303066225
row-0003575,citation::son youngjin paul d ronney and suleyman gokoglu comparison of carbon dioxide and helium as fire extinguishing agents for spacecraft nasa cp 2004 213205 vol2 2004 pp 409 418,42,2,0.01381,0.01206033315212658
row-0003577,citation::son youngjin paul d ronney and suleyman gokoglu comparison of carbon dioxide and helium as fire extinguishing agents for spacecraft nasa cp 2004 213205 vol2 2004 pp 409 418,42,2,0.04429,0.03884579397381562
row-0003578,citation::son youngjin paul d ronney and suleyman gokoglu comparison of carbon dioxide and helium as fire extinguishing agents for spacecraft nasa cp 2004 213205 vol2 2004 pp 409 418,42,2,0.03143,0.03116142606604208
row-0003579,citation::son youngjin paul d ronney and suleyman gokoglu comparison of carbon dioxide and helium as fire extinguishing agents for spacecraft nasa cp 2004 213205 vol2 2004 pp 409 418,42,2,0.01952,0.014588462602669855
row-0003587,citation::son youngjin paul d ronney and suleyman gokoglu comparison of carbon dioxide and helium as fire extinguishing agents for spacecraft nasa cp 2004 213205 vol2 2004 pp 409 418,42,2,0.03947,0.04589953084045661
row-0003588,citation::son youngjin paul d ronney and suleyman gokoglu comparison of carbon dioxide and helium as fire extinguishing agents for spacecraft nasa cp 2004 213205 vol2 2004 pp 409 418,42,2,0.03026,0.034993071259472666
row-0003591,citation::son youngjin paul d ronney and suleyman gokoglu comparison of carbon dioxide and helium as fire extinguishing agents for spacecraft nasa cp 2004 213205 vol2 2004 pp 409 418,42,2,0.03947,0.0361382739733754
row-0003594,citation::son youngjin paul d ronney and suleyman gokoglu comparison of carbon dioxide and helium as fire extinguishing agents for spacecraft nasa cp 2004 213205 vol2 2004 pp 409 418,42,2,0.00826,0.01315807714691245
row-0003598,citation::son youngjin paul d ronney and suleyman gokoglu comparison of carbon dioxide and helium as fire extinguishing agents for spacecraft nasa cp 2004 213205 vol2 2004 pp 409 418,42,2,0.01091,0.012594107240623906
row-0003629,doi::10.1016/j.proci.2014.07.017,42,2,0.0002,0.0013965187652803458
row-0003637,doi::10.1016/j.proci.2014.07.017,42,2,0.00085,0.0013965187652803458
row-0003640,doi::10.1016/j.proci.2014.07.017,42,2,0.00122,0.0014076436602881162
row-0003643,doi::10.1016/j.proci.2014.07.017,42,2,0.00117,0.0014076436602881162
row-0003647,doi::10.1016/j.proci.2014.07.017,42,2,0.00163,0.0014047159618754176
row-0003649,doi::10.1016/j.proci.2014.07.017,42,2,0.00573,0.002532745204335764
row-0003650,doi::10.1016/j.proci.2014.07.017,42,2,0.0001,0.0014198308529783177
row-0003652,doi::10.1016/j.proci.2014.07.017,42,2,2e-05,0.0014198308529783177
row-0003655,doi::10.1016/j.proci.2014.07.017,42,2,0.0008,0.0014198308529783177
row-0003663,doi::10.1016/j.proci.2014.07.017,42,2,0.00324,0.0015042488982213022
row-0003667,doi::10.1016/j.proci.2014.07.017,42,2,0.00314,0.0017449509314909127
row-0003669,doi::10.1016/j.proci.2014.07.017,42,2,0.00359,0.0017851191565952762
row-0003677,doi::10.1016/j.proci.2014.07.017,42,2,1e-05,0.0014158197738180151
row-0003685,doi::10.1016/j.proci.2014.07.017,42,2,0.00044,0.0014158197738180151
row-0003693,doi::10.1016/j.proci.2014.07.017,42,2,0.0009,0.0015506098614412056
row-0003694,doi::10.1016/j.proci.2014.07.017,42,2,0.00096,0.0015506098614412056
row-0003702,doi::10.1016/j.proci.2014.07.017,42,2,0.00185,0.0017795772301527001
row-0003727,doi::10.1016/j.proci.2014.07.017,42,2,0.00115,0.0014147249561338073
row-0003729,doi::10.1016/j.proci.2014.07.017,42,2,0.00078,0.0014147249561338073
row-0003737,doi::10.1016/j.proci.2014.07.017,42,2,0.00083,0.0014147249561338073
row-0003749,doi::10.1016/j.proci.2014.07.017,42,2,0.00065,0.001408791501355715
row-0003757,doi::10.1016/j.proci.2014.07.017,42,2,0.00046,0.0014079542476869518
row-0003758,doi::10.1016/j.proci.2014.07.017,42,2,0.00031,0.0014079542476869518
row-0003769,doi::10.1016/j.proci.2014.07.017,42,2,0.00096,0.0015506098614412056
row-0003771,doi::10.1016/j.proci.2014.07.017,42,2,0.00056,0.0014158197738180151
row-0004088,citation::takahashi shuhei takeshi nagumo kazunori wakai and subrata bhattacharjee effects of ambient condition on flame spread over a thin pmma sheet jsme international journal series b 43 4 2000 556 562,42,2,0.02693,0.03188565270487996
row-0004091,citation::takahashi shuhei takeshi nagumo kazunori wakai and subrata bhattacharjee effects of ambient condition on flame spread over a thin pmma sheet jsme international journal series b 43 4 2000 556 562,42,2,0.01953,0.021253908352090945
row-0004099,citation::takahashi shuhei takeshi nagumo kazunori wakai and subrata bhattacharjee effects of ambient condition on flame spread over a thin pmma sheet jsme international journal series b 43 4 2000 556 562,42,2,0.00143,0.0014847352160179351
row-0004103,citation::takahashi shuhei takeshi nagumo kazunori wakai and subrata bhattacharjee effects of ambient condition on flame spread over a thin pmma sheet jsme international journal series b 43 4 2000 556 562,42,2,0.00451,0.004408915846975589
row-0004108,citation::takahashi shuhei takeshi nagumo kazunori wakai and subrata bhattacharjee effects of ambient condition on flame spread over a thin pmma sheet jsme international journal series b 43 4 2000 556 562,42,2,0.00144,0.0023057612200077186
row-0004111,citation::takahashi shuhei takeshi nagumo kazunori wakai and subrata bhattacharjee effects of ambient condition on flame spread over a thin pmma sheet jsme international journal series b 43 4 2000 556 562,42,2,0.00052,0.0014408785098637537
row-0004125,citation::takahashi shuhei takeshi nagumo kazunori wakai and subrata bhattacharjee effects of ambient condition on flame spread over a thin pmma sheet jsme international journal series b 43 4 2000 556 562,42,2,0.00038,0.0003958754079962923
row-0004128,citation::takahashi shuhei takeshi nagumo kazunori wakai and subrata bhattacharjee effects of ambient condition on flame spread over a thin pmma sheet jsme international journal series b 43 4 2000 556 562,42,2,0.00066,0.0008111869124739011
row-0004131,citation::takahashi shuhei takeshi nagumo kazunori wakai and subrata bhattacharjee effects of ambient condition on flame spread over a thin pmma sheet jsme international journal series b 43 4 2000 556 562,42,2,0.0003,0.0003668629677097139
row-0004133,citation::takahashi shuhei takeshi nagumo kazunori wakai and subrata bhattacharjee effects of ambient condition on flame spread over a thin pmma sheet jsme international journal series b 43 4 2000 556 562,42,2,0.00017,0.00012014697330671335
row-0004135,citation::takahashi shuhei takeshi nagumo kazunori wakai and subrata bhattacharjee effects of ambient condition on flame spread over a thin pmma sheet jsme international journal series b 43 4 2000 556 562,42,2,0.0001,0.00011390301527528575
row-0004141,citation::takahashi shuhei takeshi nagumo kazunori wakai and subrata bhattacharjee effects of ambient condition on flame spread over a thin pmma sheet jsme international journal series b 43 4 2000 556 562,42,2,6e-05,0.003986586833328658
row-0004142,citation::takahashi shuhei takeshi nagumo kazunori wakai and subrata bhattacharjee effects of ambient condition on flame spread over a thin pmma sheet jsme international journal series b 43 4 2000 556 562,42,2,6e-05,0.003986586833328658
row-0004143,citation::takahashi shuhei takeshi nagumo kazunori wakai and subrata bhattacharjee effects of ambient condition on flame spread over a thin pmma sheet jsme international journal series b 43 4 2000 556 562,42,2,0.06336,0.05166397050288566
row-0004145,citation::takahashi shuhei takeshi nagumo kazunori wakai and subrata bhattacharjee effects of ambient condition on flame spread over a thin pmma sheet jsme international journal series b 43 4 2000 556 562,42,2,0.04648,0.04354378261399695
row-0004146,citation::takahashi shuhei takeshi nagumo kazunori wakai and subrata bhattacharjee effects of ambient condition on flame spread over a thin pmma sheet jsme international journal series b 43 4 2000 556 562,42,2,0.02681,0.020631850138207806
row-0004147,citation::takahashi shuhei takeshi nagumo kazunori wakai and subrata bhattacharjee effects of ambient condition on flame spread over a thin pmma sheet jsme international journal series b 43 4 2000 556 562,42,2,0.01993,0.020631850138207806
row-0004153,citation::takahashi shuhei takeshi nagumo kazunori wakai and subrata bhattacharjee effects of ambient condition on flame spread over a thin pmma sheet jsme international journal series b 43 4 2000 556 562,42,2,0.00497,0.004409075846975589
row-0004154,citation::takahashi shuhei takeshi nagumo kazunori wakai and subrata bhattacharjee effects of ambient condition on flame spread over a thin pmma sheet jsme international journal series b 43 4 2000 556 562,42,2,0.00448,0.004458447407635737
row-0004157,citation::takahashi shuhei takeshi nagumo kazunori wakai and subrata bhattacharjee effects of ambient condition on flame spread over a thin pmma sheet jsme international journal series b 43 4 2000 556 562,42,2,0.00182,0.0027633520560096485
row-0004160,citation::takahashi shuhei takeshi nagumo kazunori wakai and subrata bhattacharjee effects of ambient condition on flame spread over a thin pmma sheet jsme international journal series b 43 4 2000 556 562,42,2,0.00156,0.0011624191391349456
row-0004161,citation::takahashi shuhei takeshi nagumo kazunori wakai and subrata bhattacharjee effects of ambient condition on flame spread over a thin pmma sheet jsme international journal series b 43 4 2000 556 562,42,2,0.00077,0.001226183147564068
row-0004166,citation::takahashi shuhei takeshi nagumo kazunori wakai and subrata bhattacharjee effects of ambient condition on flame spread over a thin pmma sheet jsme international journal series b 43 4 2000 556 562,42,2,0.00075,0.0009468296236480432
row-0004168,citation::takahashi shuhei takeshi nagumo kazunori wakai and subrata bhattacharjee effects of ambient condition on flame spread over a thin pmma sheet jsme international journal series b 43 4 2000 556 562,42,2,0.00052,0.0008111869124739011
row-0004170,citation::takahashi shuhei takeshi nagumo kazunori wakai and subrata bhattacharjee effects of ambient condition on flame spread over a thin pmma sheet jsme international journal series b 43 4 2000 556 562,42,2,0.00053,0.0007120878827866447
row-0004173,citation::takahashi shuhei takeshi nagumo kazunori wakai and subrata bhattacharjee effects of ambient condition on flame spread over a thin pmma sheet jsme international journal series b 43 4 2000 556 562,42,2,0.00086,0.0008022538298810552
row-0004220,citation::takahashi shuhei et al effect of ambient gas on flame spread over a solid material in microgravity journal of the japanese society for microgravity application vol 24 no 3 2007 pp 225 230,42,2,0.0083,0.00526501123460606
row-0004221,citation::takahashi shuhei et al effect of ambient gas on flame spread over a solid material in microgravity journal of the japanese society for microgravity application vol 24 no 3 2007 pp 225 230,42,2,0.0053,0.004635134283423077
row-0004223,citation::takahashi shuhei et al effect of ambient gas on flame spread over a solid material in microgravity journal of the japanese society for microgravity application vol 24 no 3 2007 pp 225 230,42,2,0.0074,0.005341678256254246
row-0004248,doi::10.1016/j.proci.2018.06.022,42,2,0.00281,0.003668856106137363
row-0004249,doi::10.1016/j.proci.2018.06.022,42,2,0.00267,0.003701468716159502
row-0004251,doi::10.1016/j.proci.2018.06.022,42,2,0.00404,0.0036713943283595857
row-0004259,doi::10.1016/j.proci.2018.06.022,42,2,0.00228,0.004423348259763414
row-0004280,doi::10.1016/j.proci.2018.06.022,42,2,0.00337,0.002500529822195322
row-0004286,doi::10.1016/j.proci.2018.06.022,42,2,0.00078,0.0025941713017770653
row-0004294,doi::10.1016/j.proci.2018.06.022,42,2,0.00145,0.002336116475625469
row-0004295,doi::10.1016/j.proci.2018.06.022,42,2,0.00125,0.002336116475625469
row-0004313,doi::10.1038/s41598-017-18398-4,42,2,0.00159,0.0014162188425061344
row-0004316,doi::10.1038/s41598-017-18398-4,42,2,0.00229,0.0014202243263771019
row-0004317,doi::10.1038/s41598-017-18398-4,42,2,0.00254,0.0014180788425061344
row-0004320,doi::10.1038/s41598-017-18398-4,42,2,0.00175,0.0014244509311134473
row-0004323,doi::10.1038/s41598-017-18398-4,42,2,0.00103,0.001438971716863774
row-0004334,doi::10.1038/s41598-017-18398-4,42,2,0.00141,0.001457843038072955
row-0004342,doi::10.1038/s41598-017-18398-4,42,2,0.00119,0.0014461195313355219
row-0004343,doi::10.1016/s1540-7489(02)80314-5,42,2,0.03828,0.039505995696969776
row-0004350,doi::10.1016/s1540-7489(02)80314-5,42,2,0.04284,0.04134725052236641
row-0004352,doi::10.1016/s1540-7489(02)80314-5,42,2,0.02333,0.02089285936460675
row-0004355,doi::10.1016/s1540-7489(02)80314-5,42,2,0.01496,0.016388238815365202
row-0004369,doi::10.1016/s1540-7489(02)80314-5,42,2,0.01056,0.009619313861242372
row-0004374,doi::10.1016/s1540-7489(02)80314-5,42,2,0.01437,0.011866223405331
row-0004377,doi::10.1016/s1540-7489(02)80314-5,42,2,0.0075,0.009488257291365649
row-0004412,doi::10.1016/s1540-7489(02)80314-5,42,2,0.0051,0.004641821284931312
row-0004419,doi::10.1016/s1540-7489(02)80314-5,42,2,0.00295,0.0026113689107101616
row-0004421,doi::10.1016/s1540-7489(02)80314-5,42,2,0.00289,0.002671559889786112
row-0004439,citation::urban david l interactions between flames on parallel solid surfaces nasa 0 combustion workshop n96 15588 1997,42,2,0.01304,0.01549489145751599
row-0004443,citation::urban david l interactions between flames on parallel solid surfaces nasa 0 combustion workshop n96 15588 1997,42,2,0.01466,0.011664928428405184
row-0004757,doi::10.1007/s12217-015-9419-z,42,2,0.012,0.01104834973868148
row-0004777,doi::10.1007/s10694-019-00896-8,42,2,9e-05,9.15939235792795e-05
row-0004780,doi::10.1007/s10694-019-00896-8,42,2,5e-05,9.057852009577179e-05
row-0004784,doi::10.1007/s10694-019-00896-8,42,2,0.00057,0.0004526317070157626
row-0004789,doi::10.1007/s10694-019-00896-8,42,2,0.00065,0.00045465035108091734
row-0004790,doi::10.1007/s10694-019-00896-8,42,2,0.00059,0.00045465035108091734
row-0004791,doi::10.1007/s10694-019-00896-8,42,2,0.00054,0.00045465035108091734
row-0004794,doi::10.1007/s10694-019-00896-8,42,2,0.0014,0.0013846939723991083
row-0004795,doi::10.1007/s10694-019-00896-8,42,2,0.0014,0.001391986386429522
row-0004798,doi::10.1007/s10694-019-00896-8,42,2,0.0016,0.0014943380256547656
row-0004808,doi::10.1007/s10694-019-00896-8,42,2,0.00054,0.0004359334348192091
row-0004814,doi::10.1007/s10694-019-00896-8,42,2,0.00019,0.0008449341246101704
row-0004829,doi::10.1007/s10694-019-00896-8,42,2,9e-05,8.539786524411467e-05
row-0004830,doi::10.1007/s10694-019-00896-8,42,2,0.00013,0.00018754711962350718
row-0004847,doi::10.1007/s10694-019-00896-8,42,2,0.00061,0.0004538435195790858
row-0004848,doi::10.1007/s10694-019-00896-8,42,2,0.00064,0.00045437535108091724
row-0004859,doi::10.1007/s10694-019-00896-8,42,2,0.0014,0.0014232071271280675
row-0004860,doi::10.1007/s10694-019-00896-8,42,2,0.0015,0.0014943380256547656
row-0004910,doi::10.1016/j.proci.2024.105199,42,2,0.005,0.004374209384874362
row-0004918,doi::10.1016/j.proci.2024.105199,42,2,0.004,0.004393204931680706
row-0004919,doi::10.1016/j.proci.2024.105199,42,2,0.0034,0.004393204931680706
row-0004940,doi::10.1016/j.proci.2016.06.028,42,2,0.0008,0.0014249682558709655
row-0004989,doi::10.1007/s12217-018-9655-0,42,2,4e-05,0.00030039708420983105
row-0004990,doi::10.1007/s12217-018-9655-0,42,2,0.0001,0.00030208819532094214
row-0005003,doi::10.1007/s12217-018-9655-0,42,2,0.00026,0.0003963344131948518
row-0005007,doi::10.1007/s12217-018-9655-0,42,2,0.0006,0.00039947072471588075
row-0005017,doi::10.1007/s12217-018-9655-0,42,2,0.00033,0.0002741521541777532
row-0005018,doi::10.1007/s12217-018-9655-0,42,2,5e-05,0.0001553846736024187
row-0005019,doi::10.1007/s12217-018-9655-0,42,2,6e-05,0.0001553846736024187
row-0005022,doi::10.1007/s12217-018-9655-0,42,2,0.00012,0.00015092895805626896
row-0005023,doi::10.1007/s12217-018-9655-0,42,2,0.00015,0.00015124895805626896
row-0005026,doi::10.1007/s12217-018-9655-0,42,2,5e-05,9.106724848969592e-05
row-0005035,doi::10.1007/s12217-022-09945-4,42,2,0.0128,0.011992176753503494
row-0005037,doi::10.1007/s12217-022-09945-4,42,2,0.0108,0.013808899419553404
row-0005039,doi::10.1007/s12217-022-09945-4,42,2,0.0075,0.012089180388554173
row-0005040,doi::10.1007/s12217-022-09945-4,42,2,0.0065,0.00987077823897999
row-0005052,doi::10.1016/j.combustflame.2019.03.040,42,2,3e-05,0.00020575234796985537
row-0000003,citation::andracchio charles r and john c aydelott comparison of flame spreading over thin flat surfaces in normal gravity and weightlessness in an oxygen environment nasa technical memorandum nasa tm x 1992 1970,42,3,0.056,0.05773499333333311
row-0000006,citation::andracchio charles r and john c aydelott comparison of flame spreading over thin flat surfaces in normal gravity and weightlessness in an oxygen environment nasa technical memorandum nasa tm x 1992 1970,42,3,0.042,0.04354502060606057
row-0000009,citation::andracchio charles r and john c aydelott comparison of flame spreading over thin flat surfaces in normal gravity and weightlessness in an oxygen environment nasa technical memorandum nasa tm x 1992 1970,42,3,0.03,0.025003632619047582
row-0000011,citation::andracchio charles r and john c aydelott comparison of flame spreading over thin flat surfaces in normal gravity and weightlessness in an oxygen environment nasa technical memorandum nasa tm x 1992 1970,42,3,0.035,0.025003632619047582
row-0000013,citation::andracchio charles r and john c aydelott comparison of flame spreading over thin flat surfaces in normal gravity and weightlessness in an oxygen environment nasa technical memorandum nasa tm x 1992 1970,42,3,0.032,0.025003632619047582
row-0000017,citation::andracchio charles r and john c aydelott comparison of flame spreading over thin flat surfaces in normal gravity and weightlessness in an oxygen environment nasa technical memorandum nasa tm x 1992 1970,42,3,0.106,0.09745901031746004
row-0000034,citation::andracchio charles r and thomas h cochran burning of solids in oxygen rich environments in normal and reduced gravity nasa technical memorandum x 3055 national aeronautics and space administration may 1974,42,3,0.055,0.057066666666666675
row-0000037,citation::andracchio charles r and thomas h cochran burning of solids in oxygen rich environments in normal and reduced gravity nasa technical memorandum x 3055 national aeronautics and space administration may 1974,42,3,0.017,0.016293022730158695
row-0000043,citation::andracchio charles r and thomas h cochran burning of solids in oxygen rich environments in normal and reduced gravity nasa technical memorandum x 3055 national aeronautics and space administration may 1974,42,3,0.019,0.01952925522799426
row-0000050,citation::andracchio charles r and thomas h cochran burning of solids in oxygen rich environments in normal and reduced gravity nasa technical memorandum x 3055 national aeronautics and space administration may 1974,42,3,0.036,0.05246553497619038
row-0000052,citation::andracchio charles r and thomas h cochran gravity effects on flame spreading over solid surfaces nasa technical note d 8228 national aeronautics and space administration may 1976,42,3,0.0204,0.02045539777777769
row-0000057,citation::andracchio charles r and thomas h cochran gravity effects on flame spreading over solid surfaces nasa technical note d 8228 national aeronautics and space administration may 1976,42,3,0.0263,0.02402422571428571
row-0000062,citation::andracchio charles r and thomas h cochran gravity effects on flame spreading over solid surfaces nasa technical note d 8228 national aeronautics and space administration may 1976,42,3,0.0127,0.017920299132478584
row-0000065,citation::andracchio charles r and thomas h cochran gravity effects on flame spreading over solid surfaces nasa technical note d 8228 national aeronautics and space administration may 1976,42,3,0.0198,0.013314079005360838
row-0000067,citation::andracchio charles r and thomas h cochran gravity effects on flame spreading over solid surfaces nasa technical note d 8228 national aeronautics and space administration may 1976,42,3,0.0224,0.015888555437115693
row-0000071,citation::andracchio charles r and thomas h cochran gravity effects on flame spreading over solid surfaces nasa technical note d 8228 national aeronautics and space administration may 1976,42,3,0.0054,0.013199171140471505
row-0000073,citation::andracchio charles r and thomas h cochran gravity effects on flame spreading over solid surfaces nasa technical note d 8228 national aeronautics and space administration may 1976,42,3,0.0558,0.05764653333333337
row-0000077,citation::andracchio charles r and thomas h cochran gravity effects on flame spreading over solid surfaces nasa technical note d 8228 national aeronautics and space administration may 1976,42,3,0.055,0.060465800000000125
row-0000079,citation::andracchio charles r and thomas h cochran gravity effects on flame spreading over solid surfaces nasa technical note d 8228 national aeronautics and space administration may 1976,42,3,0.02,0.02337437380952366
row-0000085,citation::andracchio charles r and thomas h cochran gravity effects on flame spreading over solid surfaces nasa technical note d 8228 national aeronautics and space administration may 1976,42,3,0.024,0.047044246666666456
row-0000088,citation::andracchio charles r and thomas h cochran gravity effects on flame spreading over solid surfaces nasa technical note d 8228 national aeronautics and space administration may 1976,42,3,0.078,0.0534665145454543
row-0000090,citation::andracchio charles r and thomas h cochran gravity effects on flame spreading over solid surfaces nasa technical note d 8228 national aeronautics and space administration may 1976,42,3,0.0335,0.04912571111904759
row-0000091,citation::andracchio charles r and thomas h cochran gravity effects on flame spreading over solid surfaces nasa technical note d 8228 national aeronautics and space administration may 1976,42,3,0.0176,0.047556733119047574
row-0000093,citation::andracchio charles r and thomas h cochran gravity effects on flame spreading over solid surfaces nasa technical note d 8228 national aeronautics and space administration may 1976,42,3,0.0473,0.05253301336996318
row-0000096,citation::andracchio charles r and thomas h cochran gravity effects on flame spreading over solid surfaces nasa technical note d 8228 national aeronautics and space administration may 1976,42,3,0.0582,0.05390584999999977
row-0000099,citation::andracchio charles r and thomas h cochran gravity effects on flame spreading over solid surfaces nasa technical note d 8228 national aeronautics and space administration may 1976,42,3,0.0392,0.04912966170329652
row-0000103,citation::andracchio charles r and thomas h cochran gravity effects on flame spreading over solid surfaces nasa technical note d 8228 national aeronautics and space administration may 1976,42,3,0.0317,0.04428119171411913
row-0000106,citation::andracchio charles r and thomas h cochran gravity effects on flame spreading over solid surfaces nasa technical note d 8228 national aeronautics and space administration may 1976,42,3,0.0333,0.021361189341638998
row-0000109,citation::andracchio charles r and thomas h cochran gravity effects on flame spreading over solid surfaces nasa technical note d 8228 national aeronautics and space administration may 1976,42,3,0.0143,0.027441192347463852
row-0000114,citation::andracchio charles r and thomas h cochran gravity effects on flame spreading over solid surfaces nasa technical note d 8228 national aeronautics and space administration may 1976,42,3,0.0137,0.015201921713809213
row-0000116,citation::andracchio charles r and thomas h cochran gravity effects on flame spreading over solid surfaces nasa technical note d 8228 national aeronautics and space administration may 1976,42,3,0.0128,0.013034647635990713
row-0000118,citation::andracchio charles r and thomas h cochran gravity effects on flame spreading over solid surfaces nasa technical note d 8228 national aeronautics and space administration may 1976,42,3,0.0086,0.012115215819077171
row-0000125,doi::10.1080/01457632.2025.2529751,42,3,0.0059,0.0019044939025591998
row-0000127,doi::10.1080/01457632.2025.2529751,42,3,0.00172,0.0018735661799385904
row-0000129,doi::10.1080/01457632.2025.2529751,42,3,0.00739,0.0019138059025591994
row-0000134,doi::10.1016/j.proci.2016.06.025,42,3,0.0017,0.001436786736971075
row-0000142,doi::10.1016/j.proci.2016.06.025,42,3,0.0007,0.0014509732443168074
row-0000148,doi::10.1016/j.proci.2016.06.025,42,3,0.00145,0.0014329068200825612
row-0000149,doi::10.1016/j.proci.2016.06.025,42,3,0.0014,0.0014329068200825612
row-0000150,doi::10.1016/j.proci.2016.06.025,42,3,0.0011,0.0014329068200825612
row-0000172,doi::10.1016/j.firesaf.2015.11.011,42,3,0.00415,0.00576287293769666
row-0000173,doi::10.1016/j.firesaf.2015.11.011,42,3,0.00405,0.005753919604538826
row-0000174,doi::10.1016/j.firesaf.2015.11.011,42,3,0.00405,0.00544169192116528
row-0000177,doi::10.1016/j.firesaf.2015.11.011,42,3,0.0036,0.005372645195890556
row-0000186,doi::10.1016/j.firesaf.2015.11.011,42,3,0.0011,0.0014640504793893157
row-0000187,doi::10.1016/j.firesaf.2015.11.011,42,3,0.00069,0.0014561735224169993
row-0000270,doi::10.5802/crmeca.149,42,3,0.00145,0.0014402417113399493
row-0000278,doi::10.5802/crmeca.149,42,3,0.0012,0.0008492278221564093
row-0000284,doi::10.5802/crmeca.149,42,3,0.00107,0.001430786792511721
row-0000291,doi::10.5802/crmeca.149,42,3,0.0015,0.0014424586832690232
row-0000302,doi::10.1016/s1540-7489(02)80211-3,42,3,0.012,0.012552118075434889
row-0000313,doi::10.1016/s1540-7489(02)80211-3,42,3,0.0075,0.012928677353469647
row-0000346,citation::ferkul paul v an experimental study of opposed flow diffusion flame extinction over a thin fuel in 0 nasa cr 182185 1989,42,3,0.0021,0.0034727984347264697
row-0000369,doi::10.1016/s1540-7489(02)80310-8,42,3,0.00175,0.0014634820271102688
row-0000370,doi::10.1016/s1540-7489(02)80310-8,42,3,0.0028,0.0030318653898958035
row-0000373,doi::10.1016/s1540-7489(02)80310-8,42,3,0.00375,0.0030532085436960478
row-0000374,doi::10.1016/s1540-7489(02)80310-8,42,3,0.00345,0.003065874730525617
row-0000378,doi::10.1016/s1540-7489(02)80310-8,42,3,0.0058,0.004629862520716332
row-0000381,doi::10.1016/s1540-7489(02)80310-8,42,3,0.0052,0.004396267064524043
row-0000384,doi::10.1016/s1540-7489(02)80310-8,42,3,0.0042,0.0030782427556818705
row-0000422,citation::grayson g d k r sacksteder p v ferkul and j s t ien flame spreading over a thin solid in low speed concurrent flow drop tower experimental results and comparison with theory 0 science and technology vii 2 1994,42,3,0.0026,0.0037291106143476486
row-0000433,citation::grayson g d k r sacksteder p v ferkul and j s t ien flame spreading over a thin solid in low speed concurrent flow drop tower experimental results and comparison with theory 0 science and technology vii 2 1994,42,3,0.0053,0.003993175919971959
row-0000434,citation::grayson g d k r sacksteder p v ferkul and j s t ien flame spreading over a thin solid in low speed concurrent flow drop tower experimental results and comparison with theory 0 science and technology vii 2 1994,42,3,0.0056,0.004026299481397235
row-0000442,citation::grayson g d k r sacksteder p v ferkul and j s t ien flame spreading over a thin solid in low speed concurrent flow drop tower experimental results and comparison with theory 0 science and technology vii 2 1994,42,3,0.0071,0.0065583796267507455
row-0000445,citation::grayson g d k r sacksteder p v ferkul and j s t ien flame spreading over a thin solid in low speed concurrent flow drop tower experimental results and comparison with theory 0 science and technology vii 2 1994,42,3,0.009,0.00825809745256454
row-0000447,doi::10.1016/j.combustflame.2020.09.003,42,3,0.0014,0.0014446293289636337
row-0000454,doi::10.1016/j.combustflame.2020.07.044,42,3,0.00124,0.0014319890534663965
row-0000456,doi::10.1016/j.combustflame.2020.07.044,42,3,0.00127,0.001430786792511721
row-0000463,doi::10.1016/j.combustflame.2020.07.044,42,3,0.00139,0.0014389001342872574
row-0000467,doi::10.1016/j.combustflame.2020.07.044,42,3,0.00129,0.0014355272276379714
row-0000482,doi::10.1016/j.combustflame.2020.07.044,42,3,0.00108,0.0014319890534663965
row-0000489,doi::10.1016/j.combustflame.2020.07.044,42,3,0.00131,0.0014389001342872574
row-0000501,doi::10.1016/j.combustflame.2020.07.044,42,3,0.0014,0.0014446293289636337
row-0000506,doi::10.1016/j.combustflame.2020.07.044,42,3,0.00134,0.0014424586832690232
row-0000507,doi::10.1016/j.combustflame.2020.07.044,42,3,0.00137,0.0014412564223143477
row-0000512,doi::10.1016/j.combustflame.2020.07.044,42,3,0.0014,0.0014424586832690232
row-0000515,doi::10.1016/j.combustflame.2020.07.044,42,3,0.00141,0.0014412564223143477
row-0000520,doi::10.1016/j.combustflame.2020.07.044,42,3,0.00118,0.001430786792511721
row-0000523,doi::10.1016/j.combustflame.2020.07.044,42,3,0.00111,0.001430786792511721
row-0000532,doi::10.1016/j.combustflame.2020.07.044,42,3,0.00109,0.0014355272276379714
row-0000534,doi::10.1016/j.combustflame.2020.07.044,42,3,0.00136,0.0014424586832690232
row-0000536,doi::10.1016/j.combustflame.2020.07.044,42,3,0.00132,0.0014424586832690232
row-0000553,doi::10.1016/j.proci.2018.06.022,42,3,0.00021,0.0003597751851186991
row-0000555,doi::10.1016/j.proci.2018.06.022,42,3,0.00018,0.00032516400875164054
row-0000558,doi::10.1016/j.proci.2018.06.022,42,3,3e-05,0.00031837489318570325
row-0000561,doi::10.1016/j.proci.2018.06.022,42,3,0.00013,0.00010284593124078576
row-0000569,doi::10.1016/j.proci.2018.06.022,42,3,2e-05,9.916880983999955e-05
row-0000570,doi::10.1016/j.proci.2018.06.022,42,3,1e-05,9.916880983999955e-05
row-0000572,doi::10.1016/j.proci.2018.06.022,42,3,0.00011,0.00010279855624078575
row-0000581,doi::10.1016/j.proci.2018.06.022,42,3,9e-05,0.00010272822896805847
row-0000583,doi::10.1016/j.proci.2018.06.022,42,3,9e-05,0.00010272822896805847
row-0000585,doi::10.1016/j.proci.2018.06.022,42,3,9e-05,0.00010272822896805847
row-0000586,doi::10.1016/j.proci.2018.06.022,42,3,8e-05,0.00010234210172183135
row-0000587,doi::10.1016/j.proci.2018.06.022,42,3,6e-05,0.00010175312573092255
row-0000598,doi::10.1016/j.proci.2018.06.022,42,3,1e-05,0.0002990624544412234
row-0000602,doi::10.1016/j.proci.2018.06.022,42,3,6e-05,0.0001022227071311516
row-0000619,doi::10.1016/j.proci.2018.06.022,42,3,9e-05,0.00010229303440387888
row-0000623,doi::10.1016/j.proci.2018.06.022,42,3,7e-05,0.00010146905243289135
row-0000635,doi::10.1016/j.proci.2018.06.022,42,3,0.00011,0.00010260633949437425
row-0000638,doi::10.1016/s0082-0784(98)80017-6,42,3,0.006,0.0031543487087038117
row-0000647,doi::10.1016/s0082-0784(98)80017-6,42,3,0.0042,0.00314596634142212
row-0000649,doi::10.1016/s0082-0784(98)80017-6,42,3,0.0058,0.00491778703227856
row-0000650,doi::10.1016/s0082-0784(98)80017-6,42,3,0.0025,0.0031041843801029607
row-0000657,doi::10.1016/s0082-0784(98)80017-6,42,3,0.0043,0.0031431082551211294
row-0000661,doi::10.1016/s0082-0784(98)80017-6,42,3,0.0045,0.004722790123219021
row-0000668,doi::10.1016/s0082-0784(98)80017-6,42,3,0.0027,0.002785164919336247
row-0000671,doi::10.1016/s0082-0784(98)80017-6,42,3,0.0045,0.003059951657474816
row-0000674,doi::10.1016/s0082-0784(98)80017-6,42,3,0.0027,0.0030719552176891
row-0000676,citation::kimzey john howard flammability during weightlessness nasa technical memorandum nasa tm x 58001 may 1966,42,3,0.01778,0.01938237897402604
row-0000678,citation::kimzey john howard flammability during weightlessness nasa technical memorandum nasa tm x 58001 may 1966,42,3,0.00381,0.010983984926406955
row-0000695,citation::kimzey john howard flammability during weightlessness nasa technical memorandum nasa tm x 58001 may 1966,42,3,0.00381,0.009924995535353559
row-0000717,doi::10.1016/j.combustflame.2008.05.023,42,3,0.0042,0.0031382800693190087
row-0000719,doi::10.1016/j.combustflame.2008.05.023,42,3,0.0044,0.003150910069319009
row-0000720,doi::10.1016/j.combustflame.2008.05.023,42,3,0.0042,0.0032165425866740862
row-0000733,doi::10.1016/j.combustflame.2008.05.023,42,3,0.0024,0.0029413268208589153
row-0000739,doi::10.1016/j.combustflame.2008.05.023,42,3,0.0037,0.003577763333129911
row-0000741,doi::10.1016/j.combustflame.2008.05.023,42,3,0.0044,0.003577763333129911
row-0000747,doi::10.1016/j.combustflame.2008.05.023,42,3,0.0019,0.003071949846130139
row-0000749,doi::10.1016/j.combustflame.2008.05.023,42,3,0.0025,0.0036030836778819645
row-0000752,doi::10.1016/j.combustflame.2008.05.023,42,3,0.0036,0.003597000920306207
row-0000755,doi::10.1016/j.combustflame.2008.05.023,42,3,0.0045,0.003597000920306207
row-0000757,doi::10.1016/j.combustflame.2008.05.023,42,3,0.0032,0.003573308765826872
row-0000758,doi::10.1016/j.combustflame.2008.05.023,42,3,0.0039,0.0035777440278932367
row-0000763,doi::10.1007/s10694-019-00862-4,42,3,3e-05,0.0002322321428631421
row-0000765,doi::10.1007/s10694-019-00862-4,42,3,0.00015,0.00023199587662937584
row-0000781,doi::10.1007/s10694-019-00862-4,42,3,0.00011,0.00014184056358555866
row-0000795,doi::10.1016/j.firesaf.2023.103989,42,3,0.0034,0.003050025616022415
row-0000812,doi::10.1016/j.firesaf.2023.103989,42,3,0.0029,0.0030224470666655903
row-0000817,doi::10.1016/j.firesaf.2023.103989,42,3,0.00225,0.0030111581881404324
row-0000821,doi::10.1016/j.firesaf.2023.103989,42,3,0.0012,0.002990771014138828
row-0000837,doi::10.1016/j.firesaf.2023.103989,42,3,0.0026,0.0030997548317602402
row-0000891,doi::10.1016/j.firesaf.2023.103989,42,3,0.0034,0.003047893116022415
row-0000900,doi::10.1016/j.firesaf.2023.103989,42,3,0.00175,0.002996540998877825
row-0000909,doi::10.1016/j.firesaf.2023.103989,42,3,0.0026,0.003053795097057753
row-0000912,doi::10.1016/j.firesaf.2023.103989,42,3,0.0026,0.003003182271448769
row-0000919,doi::10.1016/j.firesaf.2023.103989,42,3,0.00275,0.0031109348317602393
row-0000921,doi::10.1016/j.firesaf.2023.103989,42,3,0.003,0.0031085128317602396
row-0000937,doi::10.1016/j.firesaf.2023.103989,42,3,0.002,0.00301902029976434
row-0000945,doi::10.1016/j.firesaf.2023.103989,42,3,0.0018,0.003020610014961423
row-0000952,doi::10.1016/j.firesaf.2023.103989,42,3,0.0025,0.003058769997172677
row-0000965,doi::10.1016/j.firesaf.2023.103989,42,3,0.0036,0.003080665312405402
row-0000969,doi::10.1016/j.firesaf.2023.103989,42,3,0.0039,0.003080665312405402
row-0001028,doi::10.1016/j.firesaf.2023.103989,42,3,0.00275,0.0030558538163712756
row-0001031,doi::10.1016/j.firesaf.2023.103989,42,3,0.0032,0.003054141860347455
row-0001032,doi::10.1016/j.firesaf.2023.103989,42,3,0.0015,0.003018564744208784
row-0001033,doi::10.1016/j.firesaf.2023.103989,42,3,0.002,0.0030201066056806452
row-0001034,doi::10.1016/j.firesaf.2023.103989,42,3,0.0024,0.0030361508889496453
row-0001038,doi::10.1016/j.firesaf.2023.103989,42,3,0.003,0.0030344389329258242
row-0001040,doi::10.1016/j.firesaf.2023.103989,42,3,0.00225,0.0030329166082242245
row-0001043,doi::10.1016/j.firesaf.2023.103989,42,3,0.0026,0.003081640904799604
row-0001055,doi::10.1016/j.firesaf.2023.103989,42,3,0.0035,0.003080665312405402
row-0001056,doi::10.1016/j.firesaf.2023.103989,42,3,0.004,0.003080665312405402
row-0001058,doi::10.1016/j.firesaf.2023.103989,42,3,0.003,0.003080665312405402
row-0001075,doi::10.1016/j.firesaf.2023.103989,42,3,0.0014,0.0021058170905834854
row-0001125,doi::10.1016/j.firesaf.2023.103989,42,3,0.00125,0.002193492616697168
row-0001131,doi::10.1016/j.firesaf.2023.103989,42,3,0.0014,0.002127343037160404
row-0001133,doi::10.1016/j.firesaf.2023.103989,42,3,0.0014,0.0030643361713535754
row-0001139,doi::10.1016/j.firesaf.2023.103989,42,3,0.0017,0.0014479703139947382
row-0001150,doi::10.1016/j.firesaf.2023.103989,42,3,0.0016,0.001834162732035102
row-0001151,doi::10.1016/j.firesaf.2023.103989,42,3,0.0016,0.0018396355446369948
row-0001152,doi::10.1016/j.firesaf.2023.103989,42,3,0.0016,0.0018396355446369948
row-0001165,doi::10.1016/j.firesaf.2023.103989,42,3,0.0017,0.0018507381973568349
row-0001195,doi::10.1016/j.firesaf.2023.103989,42,3,0.00125,0.001450308078386588
row-0001197,doi::10.1016/j.firesaf.2023.103989,42,3,0.00175,0.0014690965849149303
row-0001198,doi::10.1016/j.firesaf.2023.103989,42,3,0.0014,0.001450308078386588
row-0001199,doi::10.1016/j.firesaf.2023.103989,42,3,0.0016,0.0014690965849149303
row-0001209,doi::10.1016/j.proci.2024.105199,42,3,0.0036,0.004278223659784522
row-0001211,doi::10.1016/j.proci.2024.105199,42,3,0.006,0.004375473775881688
row-0001219,doi::10.1016/j.proci.2024.105199,42,3,0.0049,0.004378310497864498
row-0001222,doi::10.1016/j.proci.2024.105199,42,3,0.0016,0.0014802340796081764
row-0001224,doi::10.1016/j.proci.2024.105199,42,3,0.0019,0.0014855600115285647
row-0001260,doi::10.1007/s10694-019-00935-4,42,3,0.0003,0.0005083305187397833
row-0001267,doi::10.1007/s10694-019-00935-4,42,3,0.00072,0.0007457925498979536
row-0001346,doi::10.1016/j.proci.2022.07.002,42,3,0.0026,0.003055460342961346
row-0001356,doi::10.1016/j.proci.2022.07.002,42,3,0.0038,0.0030848588516510815
row-0001358,doi::10.1016/j.proci.2022.07.002,42,3,0.0018,0.0030381162187556997
row-0001360,doi::10.1016/j.proci.2022.07.002,42,3,0.0028,0.003068234618289786
row-0001367,doi::10.1016/j.proci.2022.07.002,42,3,0.0042,0.0030680850807025426
row-0001371,doi::10.1016/j.proci.2022.07.002,42,3,0.0036,0.0030734907070995715
row-0001373,doi::10.1016/j.proci.2022.07.002,42,3,0.0018,0.003042646220608964
row-0001442,doi::10.1016/j.proci.2022.07.002,42,3,0.002,0.0014657406792026057
row-0001445,doi::10.1016/j.proci.2022.07.002,42,3,0.0022,0.0014657406792026057
row-0001451,doi::10.1016/j.proci.2022.07.002,42,3,0.0018,0.0014546945838540802
row-0001455,doi::10.1016/j.proci.2022.07.002,42,3,0.0015,0.0014546945838540802
row-0001456,doi::10.1016/j.proci.2022.07.002,42,3,0.0014,0.0014546945838540802
row-0001466,doi::10.1016/j.proci.2022.07.002,42,3,0.0016,0.0014571702021514694
row-0001468,doi::10.1016/j.proci.2022.07.002,42,3,0.0024,0.0014571702021514694
row-0001492,doi::10.1016/j.proci.2022.07.002,42,3,0.0024,0.0014434386952882539
row-0001494,doi::10.1016/j.proci.2022.07.002,42,3,0.002,0.0014434386952882539
row-0001496,doi::10.1016/j.proci.2022.07.002,42,3,0.0014,0.0014377095006118776
row-0001497,doi::10.1016/j.proci.2022.07.002,42,3,0.0015,0.0014377095006118776
row-0001583,doi::10.1016/j.proci.2024.105775,42,3,0.00622,0.008128514223347158
row-0001589,doi::10.1016/j.proci.2024.105775,42,3,0.00786,0.00818763902514784
row-0001599,doi::10.1016/j.proci.2024.105775,42,3,0.00701,0.008189158669592285
row-0001613,doi::10.1016/j.proci.2024.105775,42,3,0.0061,0.008400993062682468
row-0001616,doi::10.1016/j.proci.2024.105775,42,3,0.00777,0.008541507295144028
row-0001625,doi::10.1016/j.proci.2024.105775,42,3,0.01036,0.008684315967925797
row-0001628,doi::10.1016/j.proci.2024.105775,42,3,0.01008,0.008690009967925797
row-0001629,doi::10.1016/j.proci.2024.105775,42,3,0.01203,0.008947341217350588
row-0001630,doi::10.1016/j.proci.2024.105775,42,3,0.0081,0.008559481692414439
row-0001632,doi::10.1016/j.proci.2024.105775,42,3,0.01181,0.008939695836398209
row-0001639,doi::10.1016/j.proci.2024.105775,42,3,0.00767,0.008568647128477857
row-0001641,doi::10.1016/j.proci.2024.105775,42,3,0.01031,0.00935998740306487
row-0001648,doi::10.1007/s12217-024-10147-3,42,3,0.00728,0.008189158669592285
row-0001649,doi::10.1007/s12217-024-10147-3,42,3,0.00723,0.008189158669592285
row-0001650,doi::10.1007/s12217-024-10147-3,42,3,0.00723,0.008189158669592285
row-0001655,doi::10.1007/s12217-024-10147-3,42,3,0.00693,0.008396567554527591
row-0001659,doi::10.1007/s12217-024-10147-3,42,3,0.00837,0.008545854795144027
row-0001664,doi::10.1007/s12217-024-10147-3,42,3,0.0086,0.008553605379283123
row-0001726,doi::10.1016/j.combustflame.2020.12.042,42,3,0.0012,0.0018512004144416525
row-0001742,doi::10.1016/j.proci.2024.105255,42,3,0.00182,0.0014622797661555933
row-0001751,doi::10.1038/s41598-017-18398-4,42,3,5e-05,0.00010156160192784086
row-0001754,doi::10.1038/s41598-017-18398-4,42,3,9e-05,0.00010272822896805847
row-0001767,doi::10.1038/s41598-017-18398-4,42,3,2e-05,9.888589963368932e-05
row-0001774,doi::10.1038/s41598-017-18398-4,42,3,3e-05,0.0001015924949794752
row-0001798,doi::10.1038/s41598-017-18398-4,42,3,7e-05,0.00010173587780775804
row-0001816,doi::10.1038/s41598-017-18398-4,42,3,4e-05,0.00010166282225220249
row-0001822,doi::10.1038/s41598-017-18398-4,42,3,5e-05,0.00010230359765854086
row-0001825,doi::10.1038/s41598-017-18398-4,42,3,4e-05,0.0001015924949794752
row-0001831,doi::10.1038/s41598-017-18398-4,42,3,5e-05,0.00010238306194425514
row-0001832,doi::10.1038/s41598-017-18398-4,42,3,8e-05,0.00010272822896805847
row-0001836,doi::10.1016/j.proci.2024.105766,42,3,0.012,0.009422794593636775
row-0001847,doi::10.1016/j.proci.2024.105766,42,3,0.009,0.006517381021191986
row-0001850,doi::10.1016/j.proci.2024.105766,42,3,0.0029,0.001525301382046744
row-0001870,doi::10.1016/j.firesaf.2024.104329,42,3,0.0024,0.0018616224324317586
row-0001893,doi::10.1016/j.firesaf.2024.104329,42,3,0.0024,0.0018612978131595213
row-0001908,doi::10.1016/j.firesaf.2024.104329,42,3,0.002,0.0018623207062412825
row-0001934,doi::10.1016/j.firesaf.2024.104329,42,3,0.0015,0.001470425185859933
row-0001944,doi::10.1016/j.firesaf.2024.104329,42,3,0.0022,0.0018598705147319
row-0001950,doi::10.1016/j.firesaf.2024.104329,42,3,0.0024,0.001859172240922376
row-0001957,doi::10.1016/j.firesaf.2024.104329,42,3,0.0021,0.0018598705147319
row-0002034,doi::10.1016/j.firesaf.2024.104329,42,3,0.0012,0.0007590985235573491
row-0002108,doi::10.1016/j.firesaf.2024.104329,42,3,0.00058,0.0006858131993166666
row-0002110,doi::10.1016/j.firesaf.2024.104329,42,3,0.00115,0.0007117705302119626
row-0002113,doi::10.1016/j.firesaf.2024.104329,42,3,0.00045,0.0006730212563662549
row-0002114,doi::10.1016/j.firesaf.2024.104329,42,3,0.00065,0.0006841865631302648
row-0002133,doi::10.1016/j.firesaf.2024.104329,42,3,0.00056,0.000683217944079544
row-0002281,citation::mell w e s l olson and t kashiwagi flame spread along free edges of thermally thin samples in 0 proceedings of the combustion institute vol 28 no 2 2000 pp 2843 2849,42,3,0.00325,0.0066504319143040076
row-0002282,citation::mell w e s l olson and t kashiwagi flame spread along free edges of thermally thin samples in 0 proceedings of the combustion institute vol 28 no 2 2000 pp 2843 2849,42,3,0.0023,0.006644154684044633
row-0002286,citation::mell w e s l olson and t kashiwagi flame spread along free edges of thermally thin samples in 0 proceedings of the combustion institute vol 28 no 2 2000 pp 2843 2849,42,3,0.0023,0.0033257836888431697
row-0002451,doi::10.1016/j.proci.2018.05.007,42,3,0.003,0.0030381162187556997
row-0002464,doi::10.1016/j.proci.2018.05.007,42,3,0.0021,0.0014461430142093084
row-0002465,doi::10.1016/j.proci.2018.05.007,42,3,0.0026,0.0014566126440119346
row-0002469,doi::10.1016/j.proci.2018.05.007,42,3,0.0024,0.0014619147764343159
row-0002477,doi::10.1016/j.proci.2018.05.007,42,3,0.003,0.0015384749124719495
row-0002605,citation::nishizawa et al 2003 effect of low external flow on flame spreading over etfe wire under microgravity,42,3,0.0027,0.0030764965457479566
row-0002611,doi::10.1016/j.combustflame.2009.01.015,42,3,0.00065,0.0014315540684295002
row-0002616,doi::10.1016/j.combustflame.2009.01.015,42,3,0.0012,0.001433482092239024
row-0002617,doi::10.1016/j.combustflame.2009.01.015,42,3,0.0011,0.001433482092239024
row-0002621,doi::10.1016/j.combustflame.2009.01.015,42,3,0.00086,0.001433482092239024
row-0002622,doi::10.1016/j.combustflame.2009.01.015,42,3,0.00083,0.001433482092239024
row-0002628,doi::10.1016/j.combustflame.2009.01.015,42,3,0.0011,0.001433482092239024
row-0002630,doi::10.1016/j.combustflame.2009.01.015,42,3,0.00072,0.001433482092239024
row-0002632,doi::10.1016/j.combustflame.2009.01.015,42,3,0.0025,0.0014362998238407556
row-0002634,doi::10.1016/j.combustflame.2009.01.015,42,3,0.0026,0.0014362998238407556
row-0002637,doi::10.1016/j.combustflame.2009.01.015,42,3,0.0023,0.0014362998238407556
row-0002639,doi::10.1016/j.combustflame.2009.01.015,42,3,0.001,0.0014315540684295002
row-0002645,doi::10.1016/j.combustflame.2009.01.015,42,3,0.00086,0.001433482092239024
row-0002648,doi::10.1016/j.combustflame.2009.01.015,42,3,0.0014,0.001433482092239024
row-0002658,doi::10.1016/j.combustflame.2009.01.015,42,3,0.00073,0.0014346895208104523
row-0002660,doi::10.1016/j.combustflame.2009.01.015,42,3,0.00055,0.0014346895208104523
row-0002699,citation::friedman robert brian jackson and sandra olson testing and selection of fire resistant materials for spacecraft use nasa technical memorandum 2000 209773 mar 2000 nasa sti program office glenn research center cleveland ohio,42,3,0.0053,0.008924736019152944
row-0002725,citation::friedman robert brian jackson and sandra olson testing and selection of fire resistant materials for spacecraft use nasa technical memorandum 2000 209773 mar 2000 nasa sti program office glenn research center cleveland ohio,42,3,0.0674,0.07184437483333367
row-0002734,citation::friedman robert brian jackson and sandra olson testing and selection of fire resistant materials for spacecraft use nasa technical memorandum 2000 209773 mar 2000 nasa sti program office glenn research center cleveland ohio,42,3,0.0192,0.016076823266809034
row-0002738,citation::friedman robert brian jackson and sandra olson testing and selection of fire resistant materials for spacecraft use nasa technical memorandum 2000 209773 mar 2000 nasa sti program office glenn research center cleveland ohio,42,3,0.0518,0.04281413738095249
row-0002739,citation::friedman robert brian jackson and sandra olson testing and selection of fire resistant materials for spacecraft use nasa technical memorandum 2000 209773 mar 2000 nasa sti program office glenn research center cleveland ohio,42,3,0.0575,0.04281413738095249
row-0002743,citation::friedman robert brian jackson and sandra olson testing and selection of fire resistant materials for spacecraft use nasa technical memorandum 2000 209773 mar 2000 nasa sti program office glenn research center cleveland ohio,42,3,0.0036,0.008074865962549072
row-0002746,citation::friedman robert brian jackson and sandra olson testing and selection of fire resistant materials for spacecraft use nasa technical memorandum 2000 209773 mar 2000 nasa sti program office glenn research center cleveland ohio,42,3,0.0054,0.009065084548905845
row-0002748,citation::friedman robert brian jackson and sandra olson testing and selection of fire resistant materials for spacecraft use nasa technical memorandum 2000 209773 mar 2000 nasa sti program office glenn research center cleveland ohio,42,3,0.0129,0.017166092896575596
row-0002749,citation::friedman robert brian jackson and sandra olson testing and selection of fire resistant materials for spacecraft use nasa technical memorandum 2000 209773 mar 2000 nasa sti program office glenn research center cleveland ohio,42,3,0.0155,0.017166092896575596
row-0002751,citation::friedman robert brian jackson and sandra olson testing and selection of fire resistant materials for spacecraft use nasa technical memorandum 2000 209773 mar 2000 nasa sti program office glenn research center cleveland ohio,42,3,0.0219,0.02415944317538411
row-0002755,citation::friedman robert brian jackson and sandra olson testing and selection of fire resistant materials for spacecraft use nasa technical memorandum 2000 209773 mar 2000 nasa sti program office glenn research center cleveland ohio,42,3,0.0355,0.034528179600119654
row-0002759,citation::friedman robert brian jackson and sandra olson testing and selection of fire resistant materials for spacecraft use nasa technical memorandum 2000 209773 mar 2000 nasa sti program office glenn research center cleveland ohio,42,3,0.0033,0.0059006600939530635
row-0002763,citation::friedman robert brian jackson and sandra olson testing and selection of fire resistant materials for spacecraft use nasa technical memorandum 2000 209773 mar 2000 nasa sti program office glenn research center cleveland ohio,42,3,0.0067,0.0089187444512958
row-0002764,citation::friedman robert brian jackson and sandra olson testing and selection of fire resistant materials for spacecraft use nasa technical memorandum 2000 209773 mar 2000 nasa sti program office glenn research center cleveland ohio,42,3,0.0068,0.0089187444512958
row-0002767,citation::friedman robert brian jackson and sandra olson testing and selection of fire resistant materials for spacecraft use nasa technical memorandum 2000 209773 mar 2000 nasa sti program office glenn research center cleveland ohio,42,3,0.0094,0.01010034353286865
row-0002775,citation::friedman robert brian jackson and sandra olson testing and selection of fire resistant materials for spacecraft use nasa technical memorandum 2000 209773 mar 2000 nasa sti program office glenn research center cleveland ohio,42,3,0.0386,0.07501927771428575
row-0002788,citation::olson s l and j s t ien near limit flame spread over a thin solid fuel in 0 symposium international on combustion vol 22 no 1 1988 pp 1213 1222 the combustion institute,42,3,0.00755,0.008018398712255206
row-0002801,citation::olson s l and j s t ien near limit flame spread over a thin solid fuel in 0 symposium international on combustion vol 22 no 1 1988 pp 1213 1222 the combustion institute,42,3,0.01107,0.010583837300424961
row-0002802,citation::olson s l and j s t ien near limit flame spread over a thin solid fuel in 0 symposium international on combustion vol 22 no 1 1988 pp 1213 1222 the combustion institute,42,3,0.01283,0.011362326362832034
row-0002803,citation::olson s l and j s t ien near limit flame spread over a thin solid fuel in 0 symposium international on combustion vol 22 no 1 1988 pp 1213 1222 the combustion institute,42,3,0.01714,0.01679519773722515
row-0002814,citation::olson s l and j s t ien near limit flame spread over a thin solid fuel in 0 symposium international on combustion vol 22 no 1 1988 pp 1213 1222 the combustion institute,42,3,0.00288,0.005994748585624467
row-0002822,citation::olson s l and j s t ien near limit flame spread over a thin solid fuel in 0 symposium international on combustion vol 22 no 1 1988 pp 1213 1222 the combustion institute,42,3,0.01028,0.008495502897031208
row-0002826,citation::olson s l and j s t ien near limit flame spread over a thin solid fuel in 0 symposium international on combustion vol 22 no 1 1988 pp 1213 1222 the combustion institute,42,3,0.02298,0.02278213704338212
row-0002827,citation::olson s l and j s t ien near limit flame spread over a thin solid fuel in 0 symposium international on combustion vol 22 no 1 1988 pp 1213 1222 the combustion institute,42,3,0.02931,0.030734099092292303
row-0002832,citation::olson s l and j s t ien near limit flame spread over a thin solid fuel in 0 symposium international on combustion vol 22 no 1 1988 pp 1213 1222 the combustion institute,42,3,0.00406,0.008091650102726883
row-0002847,doi::10.1016/s0082-0784(89)80132-8,42,3,0.0087,0.008155634413865447
row-0002854,doi::10.1016/s0082-0784(89)80132-8,42,3,0.0019,0.005522189754393298
row-0002891,doi::10.1080/00102209108951711,42,3,0.01694,0.014415062536663262
row-0002892,doi::10.1080/00102209108951711,42,3,0.0202,0.016023332894247497
row-0002894,doi::10.1080/00102209108951711,42,3,0.01959,0.01776807092634229
row-0002897,doi::10.1080/00102209108951711,42,3,0.01084,0.008866922602975431
row-0002898,doi::10.1080/00102209108951711,42,3,0.0114,0.009832103758075129
row-0002899,doi::10.1080/00102209108951711,42,3,0.01276,0.009832103758075129
row-0002908,doi::10.1080/00102209108951711,42,3,0.00845,0.008441947584167728
row-0002976,doi::10.1016/j.combustflame.2009.01.015,42,3,0.011,0.011819305565894512
row-0002978,doi::10.1016/j.combustflame.2009.01.015,42,3,0.0086,0.011439405461903944
row-0002982,doi::10.1016/j.combustflame.2009.01.015,42,3,0.01,0.012984954192844646
row-0002984,doi::10.1016/j.combustflame.2009.01.015,42,3,0.021,0.014299979032776801
row-0002987,doi::10.1016/j.combustflame.2009.01.015,42,3,0.024,0.08137281539281697
row-0002990,doi::10.1016/j.combustflame.2009.01.015,42,3,0.023,0.027696034536027793
row-0002992,doi::10.1016/j.combustflame.2009.01.015,42,3,0.028,0.028432540471852213
row-0003000,doi::10.1016/j.combustflame.2009.01.015,42,3,0.015,0.011127643680064489
row-0003008,doi::10.1016/j.combustflame.2009.01.015,42,3,0.021,0.018650745363111194
row-0003012,doi::10.1016/j.combustflame.2009.01.015,42,3,0.036,0.030054334791367418
row-0003016,doi::10.1016/j.combustflame.2009.01.015,42,3,0.014,0.018474068195415434
row-0003045,doi::10.1016/s0010-2180(00)00249-2,42,3,0.0033,0.003982695560461514
row-0003050,doi::10.1016/s0010-2180(00)00249-2,42,3,0.0077,0.00402116714884825
row-0003055,doi::10.1016/s0010-2180(00)00249-2,42,3,0.0012,0.001436948250802553
row-0003063,doi::10.1016/s0010-2180(00)00249-2,42,3,0.00088,0.001436948250802553
row-0003065,doi::10.1016/s0010-2180(00)00249-2,42,3,0.00076,0.001436948250802553
row-0003075,doi::10.1016/j.combustflame.2018.10.012,42,3,0.00187,0.0014420355962624955
row-0003081,doi::10.1016/j.combustflame.2018.10.012,42,3,0.00086,0.0014405483235352227
row-0003099,doi::10.1080/00102200490276773,42,3,0.012,0.010932926210816343
row-0003100,doi::10.1080/00102200490276773,42,3,0.012,0.011311251895424736
row-0003103,doi::10.1080/00102200490276773,42,3,0.014,0.014103745228758164
row-0003107,doi::10.1080/00102200490276773,42,3,0.017,0.016214829355742276
row-0003112,doi::10.1080/00102200490276773,42,3,0.024,0.023769071428571382
row-0003114,doi::10.1080/00102200490276773,42,3,0.027,0.025649399999999937
row-0003122,doi::10.1080/00102200490276773,42,3,0.022,0.023875455766342306
row-0003131,doi::10.1080/00102200490276773,42,3,0.03,0.029906971023696147
row-0003135,doi::10.1080/00102200490276773,42,3,0.036,0.036251130651126735
row-0003143,doi::10.1080/00102200490276773,42,3,0.062,0.059219942857143174
row-0003146,doi::10.1080/00102200490276773,42,3,0.043,0.0505421000000003
row-0003160,doi::10.1016/j.proci.2024.105358,42,3,0.0019,0.001993431718489985
row-0003167,doi::10.1016/j.proci.2024.105358,42,3,0.00177,0.0019955298258985906
row-0003173,doi::10.1016/j.proci.2024.105358,42,3,0.0022,0.002006533128927661
row-0003181,doi::10.1016/j.proci.2024.105358,42,3,0.0012,0.0014524177581679302
row-0003187,doi::10.1016/j.proci.2024.105358,42,3,0.00235,0.0028551760670445553
row-0003196,doi::10.1016/j.combustflame.2022.112009,42,3,0.0013,0.0014649853808382464
row-0003199,doi::10.1016/j.combustflame.2022.112009,42,3,0.0012,0.0014633240475049132
row-0003202,doi::10.1016/j.combustflame.2022.112009,42,3,0.0013,0.0014634990475049132
row-0003213,doi::10.1016/j.combustflame.2022.112009,42,3,0.0011,0.0014597744639304998
row-0003214,doi::10.1016/j.combustflame.2022.112009,42,3,0.0012,0.0014597744639304998
row-0003223,doi::10.1016/j.combustflame.2022.112009,42,3,0.00079,0.001456543797263833
row-0003232,doi::10.1016/j.combustflame.2022.112009,42,3,0.00045,0.0014407560181983184
row-0003394,doi::10.1016/s0082-0784(06)80816-7,42,3,0.01194,0.009975369519660094
row-0003395,doi::10.1016/s0082-0784(06)80816-7,42,3,0.01123,0.009975369519660094
row-0003397,doi::10.1016/s0082-0784(06)80816-7,42,3,0.01057,0.009879458979042242
row-0003403,doi::10.1016/s0082-0784(06)80816-7,42,3,0.00769,0.009763012877546965
row-0003411,doi::10.1016/s0082-0784(06)80816-7,42,3,0.00648,0.006164936298768444
row-0003415,doi::10.1016/s0082-0784(06)80816-7,42,3,0.00553,0.006090885574315503
row-0003423,doi::10.1016/s0082-0784(06)80816-7,42,3,0.00317,0.0057942033230444
row-0003429,citation::s nchez tarifa c and b l zaro experiments conducted on combustion at microgravity in the texus 38 sounding rocket results and conclusions first international symposium on microgravity research and applications on physical sciences and biotechnology 2000,42,3,0.00068,0.0006183980766988441
row-0003446,citation::s nchez tarifa c and m rodr guez combustion and flammability characteristics of solids at microgravity in very small velocity flows second european symposium on utilisation of the international space station nov 1998,42,3,0.0011,0.0006943148653646427
row-0003447,citation::s nchez tarifa c and m rodr guez combustion and flammability characteristics of solids at microgravity in very small velocity flows second european symposium on utilisation of the international space station nov 1998,42,3,0.0016,0.00165792894486176
row-0003451,citation::s nchez tarifa c and m rodr guez combustion and flammability characteristics of solids at microgravity in very small velocity flows second european symposium on utilisation of the international space station nov 1998,42,3,0.0019,0.003313250805819688
row-0003452,citation::s nchez tarifa c and m rodr guez combustion and flammability characteristics of solids at microgravity in very small velocity flows second european symposium on utilisation of the international space station nov 1998,42,3,0.0018,0.0033278680785469596
row-0003461,doi::10.1007/s12217-024-10106-y,42,3,4e-05,0.00013617209400431976
row-0003466,doi::10.1007/s12217-024-10106-y,42,3,0.00125,0.0018102090275449723
row-0003470,doi::10.1007/s12217-024-10106-y,42,3,0.00118,0.0018102090275449723
row-0003473,doi::10.1007/s12217-024-10106-y,42,3,0.00126,0.0018127031813911258
row-0003479,doi::10.1016/s1540-7489(02)80315-7,42,3,0.05214,0.04198692128103543
row-0003485,doi::10.1016/s1540-7489(02)80315-7,42,3,0.01869,0.020443675112973913
row-0003489,doi::10.1016/s1540-7489(02)80315-7,42,3,0.00287,0.010356220787869259
row-0003492,doi::10.1016/s1540-7489(02)80315-7,42,3,0.02101,0.029292254530615847
row-0003498,doi::10.1016/s1540-7489(02)80315-7,42,3,0.03449,0.04238777141699812
row-0003502,doi::10.1016/s1540-7489(02)80315-7,42,3,0.047,0.03642532087385918
row-0003507,doi::10.1016/s1540-7489(02)80315-7,42,3,0.0094,0.021681298008241694
row-0003508,doi::10.1016/s1540-7489(02)80315-7,42,3,0.0056,0.018168445508241746
row-0003511,doi::10.1016/s1540-7489(02)80315-7,42,3,0.024,0.024914784207092
row-0003513,doi::10.1016/s1540-7489(02)80315-7,42,3,0.034,0.03458097725429968
row-0003516,citation::son youngjin paul d ronney and suleyman gokoglu comparison of carbon dioxide and helium as fire extinguishing agents for spacecraft nasa cp 2004 213205 vol2 2004 pp 409 418,42,3,0.042,0.01969940042586823
row-0003522,citation::son youngjin paul d ronney and suleyman gokoglu comparison of carbon dioxide and helium as fire extinguishing agents for spacecraft nasa cp 2004 213205 vol2 2004 pp 409 418,42,3,0.025,0.024401303725243486
row-0003525,citation::son youngjin paul d ronney and suleyman gokoglu comparison of carbon dioxide and helium as fire extinguishing agents for spacecraft nasa cp 2004 213205 vol2 2004 pp 409 418,42,3,0.003,0.017079239371752035
row-0003527,citation::son youngjin paul d ronney and suleyman gokoglu comparison of carbon dioxide and helium as fire extinguishing agents for spacecraft nasa cp 2004 213205 vol2 2004 pp 409 418,42,3,0.035,0.039605029387777275
row-0003530,citation::son youngjin paul d ronney and suleyman gokoglu comparison of carbon dioxide and helium as fire extinguishing agents for spacecraft nasa cp 2004 213205 vol2 2004 pp 409 418,42,3,0.0065,0.007392577658333244
row-0003536,citation::son youngjin paul d ronney and suleyman gokoglu comparison of carbon dioxide and helium as fire extinguishing agents for spacecraft nasa cp 2004 213205 vol2 2004 pp 409 418,42,3,0.029,0.03506715247255582
row-0003537,citation::son youngjin paul d ronney and suleyman gokoglu comparison of carbon dioxide and helium as fire extinguishing agents for spacecraft nasa cp 2004 213205 vol2 2004 pp 409 418,42,3,0.044,0.04027633973341898
row-0003539,citation::son youngjin paul d ronney and suleyman gokoglu comparison of carbon dioxide and helium as fire extinguishing agents for spacecraft nasa cp 2004 213205 vol2 2004 pp 409 418,42,3,0.05306,0.03783867514407561
row-0003543,citation::son youngjin paul d ronney and suleyman gokoglu comparison of carbon dioxide and helium as fire extinguishing agents for spacecraft nasa cp 2004 213205 vol2 2004 pp 409 418,42,3,0.05278,0.030222364583400954
row-0003547,citation::son youngjin paul d ronney and suleyman gokoglu comparison of carbon dioxide and helium as fire extinguishing agents for spacecraft nasa cp 2004 213205 vol2 2004 pp 409 418,42,3,0.01417,0.016562891664073775
row-0003549,citation::son youngjin paul d ronney and suleyman gokoglu comparison of carbon dioxide and helium as fire extinguishing agents for spacecraft nasa cp 2004 213205 vol2 2004 pp 409 418,42,3,0.02778,0.03441713123668021
row-0003554,citation::son youngjin paul d ronney and suleyman gokoglu comparison of carbon dioxide and helium as fire extinguishing agents for spacecraft nasa cp 2004 213205 vol2 2004 pp 409 418,42,3,0.01291,0.01437124181831556
row-0003556,citation::son youngjin paul d ronney and suleyman gokoglu comparison of carbon dioxide and helium as fire extinguishing agents for spacecraft nasa cp 2004 213205 vol2 2004 pp 409 418,42,3,0.02859,0.017843063845386288
row-0003558,citation::son youngjin paul d ronney and suleyman gokoglu comparison of carbon dioxide and helium as fire extinguishing agents for spacecraft nasa cp 2004 213205 vol2 2004 pp 409 418,42,3,0.00895,0.01195460451094506
row-0003560,citation::son youngjin paul d ronney and suleyman gokoglu comparison of carbon dioxide and helium as fire extinguishing agents for spacecraft nasa cp 2004 213205 vol2 2004 pp 409 418,42,3,0.02845,0.020013664837523426
row-0003567,citation::son youngjin paul d ronney and suleyman gokoglu comparison of carbon dioxide and helium as fire extinguishing agents for spacecraft nasa cp 2004 213205 vol2 2004 pp 409 418,42,3,0.02722,0.012820461340034141
row-0003582,citation::son youngjin paul d ronney and suleyman gokoglu comparison of carbon dioxide and helium as fire extinguishing agents for spacecraft nasa cp 2004 213205 vol2 2004 pp 409 418,42,3,0.04405,0.03847936324139827
row-0003583,citation::son youngjin paul d ronney and suleyman gokoglu comparison of carbon dioxide and helium as fire extinguishing agents for spacecraft nasa cp 2004 213205 vol2 2004 pp 409 418,42,3,0.03167,0.02422776907960528
row-0003592,citation::son youngjin paul d ronney and suleyman gokoglu comparison of carbon dioxide and helium as fire extinguishing agents for spacecraft nasa cp 2004 213205 vol2 2004 pp 409 418,42,3,0.02989,0.025525596061784356
row-0003595,citation::son youngjin paul d ronney and suleyman gokoglu comparison of carbon dioxide and helium as fire extinguishing agents for spacecraft nasa cp 2004 213205 vol2 2004 pp 409 418,42,3,0.03947,0.04197759327652897
row-0003596,citation::son youngjin paul d ronney and suleyman gokoglu comparison of carbon dioxide and helium as fire extinguishing agents for spacecraft nasa cp 2004 213205 vol2 2004 pp 409 418,42,3,0.03576,0.04197759327652897
row-0003599,citation::son youngjin paul d ronney and suleyman gokoglu comparison of carbon dioxide and helium as fire extinguishing agents for spacecraft nasa cp 2004 213205 vol2 2004 pp 409 418,42,3,0.0217,0.021023759944666626
row-0003601,citation::son youngjin paul d ronney and suleyman gokoglu comparison of carbon dioxide and helium as fire extinguishing agents for spacecraft nasa cp 2004 213205 vol2 2004 pp 409 418,42,3,0.00435,0.00943070831208164
row-0003603,citation::son youngjin paul d ronney and suleyman gokoglu comparison of carbon dioxide and helium as fire extinguishing agents for spacecraft nasa cp 2004 213205 vol2 2004 pp 409 418,42,3,0.01596,0.012275571166872471
row-0003604,citation::son youngjin paul d ronney and suleyman gokoglu comparison of carbon dioxide and helium as fire extinguishing agents for spacecraft nasa cp 2004 213205 vol2 2004 pp 409 418,42,3,0.00513,0.010553642363826589
row-0003627,doi::10.1016/j.proci.2014.07.017,42,3,1e-05,0.0013937557364118505
row-0003638,doi::10.1016/j.proci.2014.07.017,42,3,0.00079,0.001410252254087361
row-0003641,doi::10.1016/j.proci.2014.07.017,42,3,0.00125,0.0013937557364118505
row-0003645,doi::10.1016/j.proci.2014.07.017,42,3,0.00146,0.0014121075414436828
row-0003651,doi::10.1016/j.proci.2014.07.017,42,3,2e-05,0.001425383701342868
row-0003653,doi::10.1016/j.proci.2014.07.017,42,3,0.00048,0.001425383701342868
row-0003659,doi::10.1016/j.proci.2014.07.017,42,3,0.00111,0.001425383701342868
row-0003664,doi::10.1016/j.proci.2014.07.017,42,3,0.00361,0.001472450231120736
row-0003673,doi::10.1016/j.proci.2014.07.017,42,3,0.00429,0.002197442825817072
row-0003679,doi::10.1016/j.proci.2014.07.017,42,3,1e-05,0.0014324651746913377
row-0003681,doi::10.1016/j.proci.2014.07.017,42,3,0.00022,0.0014324651746913377
row-0003686,doi::10.1016/j.proci.2014.07.017,42,3,0.00057,0.0014324651746913377
row-0003695,doi::10.1016/j.proci.2014.07.017,42,3,0.00104,0.0014497477426126486
row-0003696,doi::10.1016/j.proci.2014.07.017,42,3,0.00153,0.0014497477426126486
row-0003697,doi::10.1016/j.proci.2014.07.017,42,3,0.00171,0.0014497477426126486
row-0003703,doi::10.1016/j.proci.2014.07.017,42,3,0.00209,0.0016199332066126964
row-0003704,doi::10.1016/j.proci.2014.07.017,42,3,0.00222,0.0015890775633426947
row-0003711,doi::10.1016/j.proci.2014.07.017,42,3,0.00049,0.0014204749737959503
row-0003722,doi::10.1016/j.proci.2014.07.017,42,3,0.00038,0.0014204749737959503
row-0003735,doi::10.1016/j.proci.2014.07.017,42,3,0.001,0.0014204749737959503
row-0003745,doi::10.1016/j.proci.2014.07.017,42,3,0.00026,0.0014204749737959503
row-0003753,doi::10.1016/j.proci.2014.07.017,42,3,0.00142,0.0014324651746913377
row-0003754,doi::10.1016/j.proci.2014.07.017,42,3,0.00113,0.0014324651746913377
row-0003762,doi::10.1016/j.proci.2014.07.017,42,3,0.00117,0.0014324651746913377
row-0004087,citation::takahashi shuhei takeshi nagumo kazunori wakai and subrata bhattacharjee effects of ambient condition on flame spread over a thin pmma sheet jsme international journal series b 43 4 2000 556 562,42,3,0.02873,0.02972976221397021
row-0004090,citation::takahashi shuhei takeshi nagumo kazunori wakai and subrata bhattacharjee effects of ambient condition on flame spread over a thin pmma sheet jsme international journal series b 43 4 2000 556 562,42,3,0.02635,0.018270206209632472
row-0004094,citation::takahashi shuhei takeshi nagumo kazunori wakai and subrata bhattacharjee effects of ambient condition on flame spread over a thin pmma sheet jsme international journal series b 43 4 2000 556 562,42,3,0.00861,0.010206614804307934
row-0004107,citation::takahashi shuhei takeshi nagumo kazunori wakai and subrata bhattacharjee effects of ambient condition on flame spread over a thin pmma sheet jsme international journal series b 43 4 2000 556 562,42,3,0.00092,0.0014388205189407584
row-0004114,citation::takahashi shuhei takeshi nagumo kazunori wakai and subrata bhattacharjee effects of ambient condition on flame spread over a thin pmma sheet jsme international journal series b 43 4 2000 556 562,42,3,0.00024,0.0014208771949218027
row-0004116,citation::takahashi shuhei takeshi nagumo kazunori wakai and subrata bhattacharjee effects of ambient condition on flame spread over a thin pmma sheet jsme international journal series b 43 4 2000 556 562,42,3,0.00166,0.0026309113803916206
row-0004127,citation::takahashi shuhei takeshi nagumo kazunori wakai and subrata bhattacharjee effects of ambient condition on flame spread over a thin pmma sheet jsme international journal series b 43 4 2000 556 562,42,3,0.00025,0.0001335423294463766
row-0004129,citation::takahashi shuhei takeshi nagumo kazunori wakai and subrata bhattacharjee effects of ambient condition on flame spread over a thin pmma sheet jsme international journal series b 43 4 2000 556 562,42,3,0.00052,0.0008476301453077741
row-0004130,citation::takahashi shuhei takeshi nagumo kazunori wakai and subrata bhattacharjee effects of ambient condition on flame spread over a thin pmma sheet jsme international journal series b 43 4 2000 556 562,42,3,0.00032,0.00033376651498017237
row-0004136,citation::takahashi shuhei takeshi nagumo kazunori wakai and subrata bhattacharjee effects of ambient condition on flame spread over a thin pmma sheet jsme international journal series b 43 4 2000 556 562,42,3,0.00063,0.0008767963186816912
row-0004138,citation::takahashi shuhei takeshi nagumo kazunori wakai and subrata bhattacharjee effects of ambient condition on flame spread over a thin pmma sheet jsme international journal series b 43 4 2000 556 562,42,3,0.00019,0.00032189705969971275
row-0004149,citation::takahashi shuhei takeshi nagumo kazunori wakai and subrata bhattacharjee effects of ambient condition on flame spread over a thin pmma sheet jsme international journal series b 43 4 2000 556 562,42,3,0.0061,0.004362055728019258
row-0004151,citation::takahashi shuhei takeshi nagumo kazunori wakai and subrata bhattacharjee effects of ambient condition on flame spread over a thin pmma sheet jsme international journal series b 43 4 2000 556 562,42,3,0.0049,0.004310157638522736
row-0004152,citation::takahashi shuhei takeshi nagumo kazunori wakai and subrata bhattacharjee effects of ambient condition on flame spread over a thin pmma sheet jsme international journal series b 43 4 2000 556 562,42,3,0.00425,0.004516516541036781
row-0004169,citation::takahashi shuhei takeshi nagumo kazunori wakai and subrata bhattacharjee effects of ambient condition on flame spread over a thin pmma sheet jsme international journal series b 43 4 2000 556 562,42,3,0.00059,0.0008476301453077741
row-0004218,citation::takahashi shuhei et al effect of ambient gas on flame spread over a solid material in microgravity journal of the japanese society for microgravity application vol 24 no 3 2007 pp 225 230,42,3,0.0108,0.005119496663205335
row-0004224,citation::takahashi shuhei et al effect of ambient gas on flame spread over a solid material in microgravity journal of the japanese society for microgravity application vol 24 no 3 2007 pp 225 230,42,3,0.0073,0.0023309807629760897
row-0004225,citation::takahashi shuhei et al effect of ambient gas on flame spread over a solid material in microgravity journal of the japanese society for microgravity application vol 24 no 3 2007 pp 225 230,42,3,0.0068,0.0023309807629760897
row-0004228,citation::takahashi shuhei et al effect of ambient gas on flame spread over a solid material in microgravity journal of the japanese society for microgravity application vol 24 no 3 2007 pp 225 230,42,3,0.0032,0.0014371086150664766
row-0004229,citation::takahashi shuhei et al effect of ambient gas on flame spread over a solid material in microgravity journal of the japanese society for microgravity application vol 24 no 3 2007 pp 225 230,42,3,0.002,0.0014519944676644391
row-0004231,doi::10.1016/j.proci.2018.06.022,42,3,0.0014,0.004321842214197785
row-0004237,doi::10.1016/j.proci.2018.06.022,42,3,0.00277,0.003766447231032822
row-0004239,doi::10.1016/j.proci.2018.06.022,42,3,0.00335,0.003766447231032822
row-0004241,doi::10.1016/j.proci.2018.06.022,42,3,0.00256,0.0036967193901776573
row-0004243,doi::10.1016/j.proci.2018.06.022,42,3,0.0043,0.004031828165206274
row-0004255,doi::10.1016/j.proci.2018.06.022,42,3,0.00377,0.004113843887263615
row-0004260,doi::10.1016/j.proci.2018.06.022,42,3,0.00327,0.003970318972837416
row-0004264,doi::10.1016/j.proci.2018.06.022,42,3,0.00422,0.004297180273890972
row-0004266,doi::10.1016/j.proci.2018.06.022,42,3,0.0035,0.00392526125091924
row-0004270,doi::10.1016/j.proci.2018.06.022,42,3,0.00425,0.003830271597107888
row-0004272,doi::10.1016/j.proci.2018.06.022,42,3,0.00535,0.004130936517669952
row-0004278,doi::10.1016/j.proci.2018.06.022,42,3,0.00238,0.0022376133320588638
row-0004279,doi::10.1016/j.proci.2018.06.022,42,3,0.0032,0.002241609829248198
row-0004282,doi::10.1016/j.proci.2018.06.022,42,3,0.00312,0.0022624017781939574
row-0004285,doi::10.1016/j.proci.2018.06.022,42,3,0.00173,0.0023066631158552026
row-0004287,doi::10.1016/j.proci.2018.06.022,42,3,0.00057,0.002317728023105939
row-0004292,doi::10.1016/j.proci.2018.06.022,42,3,0.00218,0.002327174614493349
row-0004301,doi::10.1016/j.proci.2018.06.022,42,3,0.00268,0.0020053583943834287
row-0004302,doi::10.1016/j.proci.2018.06.022,42,3,0.00315,0.0020098650883026933
row-0004304,doi::10.1016/j.proci.2018.06.022,42,3,0.00371,0.002045626277475618
row-0004315,doi::10.1038/s41598-017-18398-4,42,3,0.00178,0.0014192159573693625
row-0004319,doi::10.1038/s41598-017-18398-4,42,3,0.00184,0.001423474765251136
row-0004327,doi::10.1038/s41598-017-18398-4,42,3,0.00119,0.0014183481706163
row-0004331,doi::10.1038/s41598-017-18398-4,42,3,0.00151,0.0014183481706163
row-0004339,doi::10.1038/s41598-017-18398-4,42,3,0.0009,0.0014388205189407584
row-0004341,doi::10.1038/s41598-017-18398-4,42,3,0.00086,0.0014388205189407584
row-0004346,doi::10.1016/s1540-7489(02)80314-5,42,3,0.0339,0.03694122274586513
row-0004353,doi::10.1016/s1540-7489(02)80314-5,42,3,0.01529,0.021263047649959815
row-0004354,doi::10.1016/s1540-7489(02)80314-5,42,3,0.0127,0.019392880504660735
row-0004356,doi::10.1016/s1540-7489(02)80314-5,42,3,0.01623,0.01667673996598005
row-0004367,doi::10.1016/s1540-7489(02)80314-5,42,3,0.00841,0.007436991381624763
row-0004375,doi::10.1016/s1540-7489(02)80314-5,42,3,0.00955,0.010001771004121453
row-0004387,doi::10.1016/s1540-7489(02)80314-5,42,3,0.00553,0.006070670992457213
row-0004402,doi::10.1016/s1540-7489(02)80314-5,42,3,0.00406,0.0044246123211596515
row-0004404,doi::10.1016/s1540-7489(02)80314-5,42,3,0.00376,0.0040955342478209275
row-0004411,doi::10.1016/s1540-7489(02)80314-5,42,3,0.00424,0.004282755634448285
row-0004413,doi::10.1016/s1540-7489(02)80314-5,42,3,0.00213,0.0023110298159015772
row-0004423,doi::10.1016/s1540-7489(02)80314-5,42,3,0.0012,0.0014374048856537996
row-0004434,citation::urban david l interactions between flames on parallel solid surfaces nasa 0 combustion workshop n96 15588 1997,42,3,0.00896,0.012726866132554126
row-0004744,doi::10.1007/s10694-019-00878-w,42,3,0.002,0.027599052497096325
row-0004747,doi::10.1007/s10694-019-00878-w,42,3,0.1268,0.05116163299200486
row-0004750,doi::10.1007/s10694-019-00878-w,42,3,0.1334,0.049691815849147725
row-0004751,doi::10.1007/s10694-019-00878-w,42,3,0.1153,0.08841708995492853
row-0004752,doi::10.1007/s10694-019-00878-w,42,3,0.0825,0.08841708995492853
row-0004754,doi::10.1007/s10694-019-00878-w,42,3,0.0545,0.08841708995492853
row-0004759,doi::10.1007/s12217-015-9419-z,42,3,0.0128,0.010823744436960811
row-0004769,doi::10.1007/s10694-019-00896-8,42,3,3e-05,0.00010159493526117419
row-0004787,doi::10.1007/s10694-019-00896-8,42,3,0.00063,0.0003882571428634051
row-0004792,doi::10.1007/s10694-019-00896-8,42,3,0.0012,0.0014038810196315506
row-0004796,doi::10.1007/s10694-019-00896-8,42,3,0.0014,0.0014142792959663264
row-0004828,doi::10.1007/s10694-019-00896-8,42,3,5e-05,0.00011273884906036695
row-0004833,doi::10.1007/s10694-019-00896-8,42,3,0.00014,0.0001222279558790904
row-0004835,doi::10.1007/s10694-019-00896-8,42,3,0.00016,0.0001223957625253221
row-0004840,doi::10.1007/s10694-019-00896-8,42,3,0.00011,0.00012081768227604516
row-0004841,doi::10.1007/s10694-019-00896-8,42,3,0.00054,0.000386565600647188
row-0004844,doi::10.1007/s10694-019-00896-8,42,3,0.00056,0.0003861234789780074
row-0004851,doi::10.1007/s10694-019-00896-8,42,3,0.0007,0.0003882571428634051
row-0004853,doi::10.1007/s10694-019-00896-8,42,3,0.00055,0.0003882571428634051
row-0004856,doi::10.1007/s10694-019-00896-8,42,3,0.0013,0.0014047400196315505
row-0004861,doi::10.1007/s10694-019-00896-8,42,3,0.0017,0.0015313301146727375
row-0004931,doi::10.1016/j.proci.2024.105199,42,3,0.0021,0.0014998861890144473
row-0004943,doi::10.1016/j.proci.2016.06.028,42,3,0.001,0.00141866018425453
row-0004991,doi::10.1007/s12217-018-9655-0,42,3,0.00016,0.0003226611706316149
row-0005005,doi::10.1007/s12217-018-9655-0,42,3,0.00042,0.00036281392204636
row-0005011,doi::10.1007/s12217-018-9655-0,42,3,0.00033,0.0003524356944604083
row-0005013,doi::10.1007/s12217-018-9655-0,42,3,0.00051,0.0003532854722381861
row-0005014,doi::10.1007/s12217-018-9655-0,42,3,0.00018,0.00024321536455254166
row-0005015,doi::10.1007/s12217-018-9655-0,42,3,0.00022,0.00024321536455254166
row-0005021,doi::10.1007/s12217-018-9655-0,42,3,9e-05,0.00014632200259935224
row-0005024,doi::10.1007/s12217-018-9655-0,42,3,0.00023,0.00014720927141655655
row-0005027,doi::10.1007/s12217-018-9655-0,42,3,5e-05,0.00010855274879084424
row-0005028,doi::10.1007/s12217-018-9655-0,42,3,7e-05,0.00010848495931716004
row-0005041,doi::10.1007/s12217-022-09945-4,42,3,0.003,0.006894154374279872
row-0005042,doi::10.1007/s12217-022-09945-4,42,3,0.0025,0.003205339389311394
row-0005049,doi::10.1016/j.combustflame.2019.03.040,42,3,0.0001,0.0003094818860999208
row-0000004,citation::andracchio charles r and john c aydelott comparison of flame spreading over thin flat surfaces in normal gravity and weightlessness in an oxygen environment nasa technical memorandum nasa tm x 1992 1970,42,4,0.036,0.047082666666666884
row-0000008,citation::andracchio charles r and john c aydelott comparison of flame spreading over thin flat surfaces in normal gravity and weightlessness in an oxygen environment nasa technical memorandum nasa tm x 1992 1970,42,4,0.043,0.047082666666666884
row-0000016,citation::andracchio charles r and john c aydelott comparison of flame spreading over thin flat surfaces in normal gravity and weightlessness in an oxygen environment nasa technical memorandum nasa tm x 1992 1970,42,4,0.09,0.09063978333333386
row-0000023,citation::andracchio charles r and john c aydelott comparison of flame spreading over thin flat surfaces in normal gravity and weightlessness in an oxygen environment nasa technical memorandum nasa tm x 1992 1970,42,4,0.116,0.1016737299999994
row-0000027,citation::andracchio charles r and john c aydelott comparison of flame spreading over thin flat surfaces in normal gravity and weightlessness in an oxygen environment nasa technical memorandum nasa tm x 1992 1970,42,4,0.02,0.016201299168974254
row-0000029,citation::andracchio charles r and john c aydelott comparison of flame spreading over thin flat surfaces in normal gravity and weightlessness in an oxygen environment nasa technical memorandum nasa tm x 1992 1970,42,4,0.023,0.016201299168974254
row-0000044,citation::andracchio charles r and thomas h cochran burning of solids in oxygen rich environments in normal and reduced gravity nasa technical memorandum x 3055 national aeronautics and space administration may 1974,42,4,0.012,0.01605068807587642
row-0000045,citation::andracchio charles r and thomas h cochran burning of solids in oxygen rich environments in normal and reduced gravity nasa technical memorandum x 3055 national aeronautics and space administration may 1974,42,4,0.102,0.0839794666666672
row-0000046,citation::andracchio charles r and thomas h cochran burning of solids in oxygen rich environments in normal and reduced gravity nasa technical memorandum x 3055 national aeronautics and space administration may 1974,42,4,0.097,0.07927712000000042
row-0000048,citation::andracchio charles r and thomas h cochran burning of solids in oxygen rich environments in normal and reduced gravity nasa technical memorandum x 3055 national aeronautics and space administration may 1974,42,4,0.049,0.06210102238095223
row-0000056,citation::andracchio charles r and thomas h cochran gravity effects on flame spreading over solid surfaces nasa technical note d 8228 national aeronautics and space administration may 1976,42,4,0.0176,0.01783460786714806
row-0000060,citation::andracchio charles r and thomas h cochran gravity effects on flame spreading over solid surfaces nasa technical note d 8228 national aeronautics and space administration may 1976,42,4,0.0152,0.01644663359270842
row-0000075,citation::andracchio charles r and thomas h cochran gravity effects on flame spreading over solid surfaces nasa technical note d 8228 national aeronautics and space administration may 1976,42,4,0.009,0.010017981451659445
row-0000086,citation::andracchio charles r and thomas h cochran gravity effects on flame spreading over solid surfaces nasa technical note d 8228 national aeronautics and space administration may 1976,42,4,0.102,0.08715973333333392
row-0000100,citation::andracchio charles r and thomas h cochran gravity effects on flame spreading over solid surfaces nasa technical note d 8228 national aeronautics and space administration may 1976,42,4,0.0472,0.0454201497069149
row-0000101,citation::andracchio charles r and thomas h cochran gravity effects on flame spreading over solid surfaces nasa technical note d 8228 national aeronautics and space administration may 1976,42,4,0.0328,0.03844385483756213
row-0000107,citation::andracchio charles r and thomas h cochran gravity effects on flame spreading over solid surfaces nasa technical note d 8228 national aeronautics and space administration may 1976,42,4,0.0169,0.026692264380323783
row-0000110,citation::andracchio charles r and thomas h cochran gravity effects on flame spreading over solid surfaces nasa technical note d 8228 national aeronautics and space administration may 1976,42,4,0.0156,0.013610786170545173
row-0000115,citation::andracchio charles r and thomas h cochran gravity effects on flame spreading over solid surfaces nasa technical note d 8228 national aeronautics and space administration may 1976,42,4,0.0079,0.009531168023088031
row-0000131,doi::10.1080/01457632.2025.2529751,42,4,0.00212,0.002073956119286935
row-0000133,doi::10.1016/j.proci.2016.06.025,42,4,0.0004,0.0014917944930188816
row-0000136,doi::10.1016/j.proci.2016.06.025,42,4,0.002,0.0016364698491384722
row-0000139,doi::10.1016/j.proci.2016.06.025,42,4,0.00195,0.0016364698491384722
row-0000144,doi::10.1016/j.proci.2016.06.025,42,4,0.001,0.0014245568761918467
row-0000147,doi::10.1016/j.proci.2016.06.025,42,4,0.00135,0.0014245568761918467
row-0000185,doi::10.1016/j.firesaf.2015.11.011,42,4,0.00223,0.0016708040978174366
row-0000188,doi::10.1016/j.firesaf.2015.11.011,42,4,0.00045,0.0014462811842953403
row-0000256,doi::10.1016/j.combustflame.2020.12.005,42,4,0.083,0.0947973482539683
row-0000257,doi::10.1016/j.combustflame.2020.12.005,42,4,0.113,0.14010560644160153
row-0000264,doi::10.1016/j.combustflame.2020.12.005,42,4,0.211,0.14124165813492076
row-0000266,doi::10.5802/crmeca.149,42,4,0.0011,0.0014409019735306461
row-0000272,doi::10.5802/crmeca.149,42,4,0.0009,0.0006764913155057535
row-0000279,doi::10.5802/crmeca.149,42,4,0.00195,0.001468972635738354
row-0000288,doi::10.5802/crmeca.149,42,4,0.00137,0.001452901994817886
row-0000294,doi::10.1016/s1540-7489(02)80211-3,42,4,0.012,0.01401526184429819
row-0000297,doi::10.1016/s1540-7489(02)80211-3,42,4,0.014,0.013987392955409302
row-0000298,doi::10.1016/s1540-7489(02)80211-3,42,4,0.013,0.013987392955409302
row-0000306,doi::10.1016/s1540-7489(02)80211-3,42,4,0.007,0.01401526184429819
row-0000309,doi::10.1016/s1540-7489(02)80211-3,42,4,0.0075,0.014276747706491549
row-0000310,doi::10.1016/s1540-7489(02)80211-3,42,4,0.009,0.02050266504643475
row-0000311,doi::10.1016/s1540-7489(02)80211-3,42,4,0.0095,0.020616665046434744
row-0000315,doi::10.1016/s1540-7489(02)80211-3,42,4,0.0075,0.0125328701684773
row-0000354,citation::ferkul paul v et al combustion experiments on the mir space station 37th aerospace sciences meeting and exhibit american institute of aeronautics and astronautics 1999 paper aiaa 99 0439,42,4,0.0012,0.0014133163411678437
row-0000371,doi::10.1016/s1540-7489(02)80310-8,42,4,0.0031,0.003001601128492251
row-0000380,doi::10.1016/s1540-7489(02)80310-8,42,4,0.0051,0.004301379641688158
row-0000387,doi::10.1016/s1540-7489(02)80310-8,42,4,0.0041,0.003139676217833936
row-0000430,citation::grayson g d k r sacksteder p v ferkul and j s t ien flame spreading over a thin solid in low speed concurrent flow drop tower experimental results and comparison with theory 0 science and technology vii 2 1994,42,4,0.003,0.003782114339967351
row-0000440,citation::grayson g d k r sacksteder p v ferkul and j s t ien flame spreading over a thin solid in low speed concurrent flow drop tower experimental results and comparison with theory 0 science and technology vii 2 1994,42,4,0.0057,0.00491929538696995
row-0000449,doi::10.1016/j.combustflame.2020.09.003,42,4,0.00143,0.001452901994817886
row-0000451,doi::10.1016/j.combustflame.2020.09.003,42,4,0.00139,0.001452901994817886
row-0000455,doi::10.1016/j.combustflame.2020.07.044,42,4,0.00129,0.0014445702002930092
row-0000471,doi::10.1016/j.combustflame.2020.07.044,42,4,0.00121,0.001444744806815143
row-0000480,doi::10.1016/j.combustflame.2020.07.044,42,4,0.00154,0.0014587583137115048
row-0000488,doi::10.1016/j.combustflame.2020.07.044,42,4,0.00106,0.0014422060291082563
row-0000504,doi::10.1016/j.combustflame.2020.07.044,42,4,0.00142,0.001452901994817886
row-0000517,doi::10.1016/j.combustflame.2020.07.044,42,4,0.00108,0.0014422060291082563
row-0000522,doi::10.1016/j.combustflame.2020.07.044,42,4,0.00112,0.0014422060291082563
row-0000524,doi::10.1016/j.combustflame.2020.07.044,42,4,0.00115,0.0014422060291082563
row-0000543,doi::10.1016/j.combustflame.2020.07.044,42,4,0.00151,0.001452901994817886
row-0000566,doi::10.1016/j.proci.2018.06.022,42,4,5e-05,0.000102993001990174
row-0000575,doi::10.1016/j.proci.2018.06.022,42,4,4e-05,0.00010286245253962454
row-0000576,doi::10.1016/j.proci.2018.06.022,42,4,3e-05,0.00010129019856855495
row-0000588,doi::10.1016/j.proci.2018.06.022,42,4,5e-05,0.00010470135402085782
row-0000589,doi::10.1016/j.proci.2018.06.022,42,4,5e-05,0.00010402279761639928
row-0000592,doi::10.1016/j.proci.2018.06.022,42,4,3e-05,0.00010162936116389236
row-0000593,doi::10.1016/j.proci.2018.06.022,42,4,3e-05,0.0001012621430129994
row-0000594,doi::10.1016/j.proci.2018.06.022,42,4,2e-05,0.00010111160018980952
row-0000596,doi::10.1016/j.proci.2018.06.022,42,4,2e-05,0.00010103988301809234
row-0000597,doi::10.1016/j.proci.2018.06.022,42,4,1e-05,0.00010103988301809234
row-0000601,doi::10.1016/j.proci.2018.06.022,42,4,4e-05,0.00010464751018635906
row-0000610,doi::10.1016/j.proci.2018.06.022,42,4,6e-05,0.00011323158426043308
row-0000615,doi::10.1016/j.proci.2018.06.022,42,4,4e-05,0.00010456158426043313
row-0000616,doi::10.1016/j.proci.2018.06.022,42,4,5e-05,0.00010464751018635906
row-0000645,doi::10.1016/s0082-0784(98)80017-6,42,4,0.0027,0.0032308516404027363
row-0000653,doi::10.1016/s0082-0784(98)80017-6,42,4,0.0048,0.003588538840009036
row-0000656,doi::10.1016/s0082-0784(98)80017-6,42,4,0.0048,0.004870505164992983
row-0000660,doi::10.1016/s0082-0784(98)80017-6,42,4,0.005,0.0047324574292941955
row-0000667,doi::10.1016/s0082-0784(98)80017-6,42,4,0.0,0.0032764900048923135
row-0000670,doi::10.1016/s0082-0784(98)80017-6,42,4,0.0028,0.0032842484946071747
row-0000675,citation::kimzey john howard flammability during weightlessness nasa technical memorandum nasa tm x 58001 may 1966,42,4,0.01524,0.012114086289210846
row-0000698,citation::kimzey john howard flammability during weightlessness nasa technical memorandum nasa tm x 58001 may 1966,42,4,0.02794,0.013213721333333336
row-0000700,citation::kimzey john howard flammability during weightlessness nasa technical memorandum nasa tm x 58001 may 1966,42,4,0.00203,0.003892159746392484
row-0000707,doi::10.1016/j.combustflame.2008.05.023,42,4,0.0016,0.007026980620636054
row-0000712,doi::10.1016/j.combustflame.2008.05.023,42,4,0.0029,0.003120267411239726
row-0000715,doi::10.1016/j.combustflame.2008.05.023,42,4,0.0029,0.0031334576358753746
row-0000718,doi::10.1016/j.combustflame.2008.05.023,42,4,0.0048,0.003388678307540171
row-0000726,doi::10.1016/j.combustflame.2008.05.023,42,4,0.0021,0.003020042612626106
row-0000728,doi::10.1016/j.combustflame.2008.05.023,42,4,0.0015,0.003048929523232577
row-0000731,doi::10.1016/j.combustflame.2008.05.023,42,4,0.0024,0.003048929523232577
row-0000740,doi::10.1016/j.combustflame.2008.05.023,42,4,0.004,0.0035754828437309363
row-0000753,doi::10.1016/j.combustflame.2008.05.023,42,4,0.0038,0.0035428117948415358
row-0000756,doi::10.1016/j.combustflame.2008.05.023,42,4,0.0049,0.0035428117948415358
row-0000764,doi::10.1007/s10694-019-00862-4,42,4,8e-05,0.0001552064459513467
row-0000775,doi::10.1007/s10694-019-00862-4,42,4,0.00019,0.00014390017780443448
row-0000796,doi::10.1016/j.firesaf.2023.103989,42,4,0.003,0.003057901224318338
row-0000800,doi::10.1016/j.firesaf.2023.103989,42,4,0.0039,0.003073690011416933
row-0000801,doi::10.1016/j.firesaf.2023.103989,42,4,0.0036,0.0030671860353004344
row-0000808,doi::10.1016/j.firesaf.2023.103989,42,4,0.0037,0.00307765902182015
row-0000813,doi::10.1016/j.firesaf.2023.103989,42,4,0.0024,0.0030037148399616577
row-0000823,doi::10.1016/j.firesaf.2023.103989,42,4,0.0015,0.0029745822259468297
row-0000836,doi::10.1016/j.firesaf.2023.103989,42,4,0.0025,0.0030982639065429735
row-0000892,doi::10.1016/j.firesaf.2023.103989,42,4,0.004,0.0031162931937628842
row-0000897,doi::10.1016/j.firesaf.2023.103989,42,4,0.0035,0.003062349153764593
row-0000903,doi::10.1016/j.firesaf.2023.103989,42,4,0.0033,0.0030578054209951097
row-0000905,doi::10.1016/j.firesaf.2023.103989,42,4,0.0037,0.0030703003052710716
row-0000913,doi::10.1016/j.firesaf.2023.103989,42,4,0.0025,0.0029986634603132454
row-0000920,doi::10.1016/j.firesaf.2023.103989,42,4,0.0025,0.003094903676498716
row-0000922,doi::10.1016/j.firesaf.2023.103989,42,4,0.0032,0.0031058532067047926
row-0000924,doi::10.1016/j.firesaf.2023.103989,42,4,0.0031,0.0030574556319588253
row-0000932,doi::10.1016/j.firesaf.2023.103989,42,4,0.0026,0.0029999462710282713
row-0000934,doi::10.1016/j.firesaf.2023.103989,42,4,0.0024,0.0029959289477286487
row-0000938,doi::10.1016/j.firesaf.2023.103989,42,4,0.0015,0.0029615838329014434
row-0000941,doi::10.1016/j.firesaf.2023.103989,42,4,0.0026,0.0030023987274432878
row-0000942,doi::10.1016/j.firesaf.2023.103989,42,4,0.0024,0.0030026666279550705
row-0000953,doi::10.1016/j.firesaf.2023.103989,42,4,0.0026,0.0030454596217709138
row-0000958,doi::10.1016/j.firesaf.2023.103989,42,4,0.0027,0.0030977778488171202
row-0000964,doi::10.1016/j.firesaf.2023.103989,42,4,0.0032,0.0031051496225024807
row-0000970,doi::10.1016/j.firesaf.2023.103989,42,4,0.0038,0.0031051496225024807
row-0000975,doi::10.1016/j.firesaf.2023.103989,42,4,0.003,0.0031095695339951285
row-0000976,doi::10.1016/j.firesaf.2023.103989,42,4,0.0024,0.0031095695339951285
row-0001030,doi::10.1016/j.firesaf.2023.103989,42,4,0.0031,0.0030458970824761944
row-0001042,doi::10.1016/j.firesaf.2023.103989,42,4,0.0025,0.0030000262798271864
row-0001048,doi::10.1016/j.firesaf.2023.103989,42,4,0.0031,0.0030901875479193023
row-0001050,doi::10.1016/j.firesaf.2023.103989,42,4,0.003,0.0031034639539771693
row-0001051,doi::10.1016/j.firesaf.2023.103989,42,4,0.0035,0.0031034639539771693
row-0001078,doi::10.1016/j.firesaf.2023.103989,42,4,0.0012,0.002119801447142064
row-0001082,doi::10.1016/j.firesaf.2023.103989,42,4,0.0014,0.002146524715759021
row-0001119,doi::10.1016/j.firesaf.2023.103989,42,4,0.0009,0.0018248968807526586
row-0001120,doi::10.1016/j.firesaf.2023.103989,42,4,0.001,0.0017631549612003843
row-0001126,doi::10.1016/j.firesaf.2023.103989,42,4,0.0013,0.0022115851036089667
row-0001130,doi::10.1016/j.firesaf.2023.103989,42,4,0.0013,0.002109957291582463
row-0001137,doi::10.1016/j.firesaf.2023.103989,42,4,0.0016,0.001447203206491944
row-0001157,doi::10.1016/j.firesaf.2023.103989,42,4,0.0016,0.0017150438507677803
row-0001192,doi::10.1016/j.firesaf.2023.103989,42,4,0.0015,0.0015700065975989656
row-0001200,doi::10.1016/j.firesaf.2023.103989,42,4,0.0017,0.0017150438507677803
row-0001207,doi::10.1016/j.proci.2024.105199,42,4,0.0041,0.004299836529949783
row-0001210,doi::10.1016/j.proci.2024.105199,42,4,0.0058,0.004512744961781001
row-0001213,doi::10.1016/j.proci.2024.105199,42,4,0.0032,0.004415969085402544
row-0001225,doi::10.1016/j.proci.2024.105199,42,4,0.002,0.0016195863574220406
row-0001228,doi::10.1016/j.proci.2024.105199,42,4,0.002,0.0016223566599262685
row-0001259,doi::10.1007/s10694-019-00935-4,42,4,0.00023,0.0003976794874293853
row-0001264,doi::10.1007/s10694-019-00935-4,42,4,0.00035,0.00042544949096575546
row-0001266,doi::10.1007/s10694-019-00935-4,42,4,0.00057,0.00047614151542073514
row-0001336,doi::10.1016/j.proci.2022.07.002,42,4,0.0035,0.0030464148991617684
row-0001347,doi::10.1016/j.proci.2022.07.002,42,4,0.0042,0.0031077497510732578
row-0001354,doi::10.1016/j.proci.2022.07.002,42,4,0.0025,0.0030450556592971495
row-0001359,doi::10.1016/j.proci.2022.07.002,42,4,0.0025,0.0030808807671985597
row-0001365,doi::10.1016/j.proci.2022.07.002,42,4,0.002,0.003030488133849675
row-0001372,doi::10.1016/j.proci.2022.07.002,42,4,0.0046,0.003085552567932282
row-0001446,doi::10.1016/j.proci.2022.07.002,42,4,0.0021,0.0015794444171806563
row-0001465,doi::10.1016/j.proci.2022.07.002,42,4,0.0015,0.0015752016861670386
row-0001470,doi::10.1016/j.proci.2022.07.002,42,4,0.0013,0.0015657913019920464
row-0001473,doi::10.1016/j.proci.2022.07.002,42,4,0.0012,0.0015632525242851596
row-0001475,doi::10.1016/j.proci.2022.07.002,42,4,0.0011,0.0015632525242851596
row-0001480,doi::10.1016/j.proci.2022.07.002,42,4,0.001,0.0015619484687075498
row-0001501,doi::10.1016/j.proci.2022.07.002,42,4,0.0011,0.0014422060291082563
row-0001582,doi::10.1016/j.proci.2024.105775,42,4,0.00606,0.00833024208702505
row-0001584,doi::10.1016/j.proci.2024.105775,42,4,0.00569,0.00835338070075418
row-0001585,doi::10.1016/j.proci.2024.105775,42,4,0.0065,0.008394227065004659
row-0001591,doi::10.1016/j.proci.2024.105775,42,4,0.00732,0.00841963152509318
row-0001594,doi::10.1016/j.proci.2024.105775,42,4,0.00688,0.00841655027509318
row-0001601,doi::10.1016/j.proci.2024.105775,42,4,0.00729,0.008415958052870957
row-0001603,doi::10.1016/j.proci.2024.105775,42,4,0.00669,0.008415958052870957
row-0001606,doi::10.1016/j.proci.2024.105775,42,4,0.00628,0.008415958052870957
row-0001607,doi::10.1016/j.proci.2024.105775,42,4,0.00723,0.008415958052870957
row-0001608,doi::10.1016/j.proci.2024.105775,42,4,0.00666,0.008415958052870957
row-0001609,doi::10.1016/j.proci.2024.105775,42,4,0.00613,0.008415958052870957
row-0001611,doi::10.1016/j.proci.2024.105775,42,4,0.00669,0.008415958052870957
row-0001615,doi::10.1016/j.proci.2024.105775,42,4,0.00689,0.008395450330110465
row-0001626,doi::10.1016/j.proci.2024.105775,42,4,0.01209,0.009042769512837492
row-0001627,doi::10.1016/j.proci.2024.105775,42,4,0.00832,0.008618854945146493
row-0001651,doi::10.1007/s12217-024-10147-3,42,4,0.00717,0.008415958052870957
row-0001737,doi::10.1016/j.proci.2024.105255,42,4,0.00144,0.0015700065975989656
row-0001738,doi::10.1016/j.proci.2024.105255,42,4,0.0018,0.001583713479327549
row-0001739,doi::10.1016/j.proci.2024.105255,42,4,0.00202,0.0015794444171806563
row-0001740,doi::10.1016/j.proci.2024.105255,42,4,0.00188,0.0015794444171806563
row-0001741,doi::10.1016/j.proci.2024.105255,42,4,0.00191,0.001583713479327549
row-0001743,doi::10.1016/j.proci.2024.105255,42,4,0.00192,0.0015781912210084074
row-0001744,doi::10.1038/s41598-017-18398-4,42,4,6e-05,0.00010576319532566753
row-0001755,doi::10.1038/s41598-017-18398-4,42,4,9e-05,0.00010476208370827735
row-0001756,doi::10.1038/s41598-017-18398-4,42,4,9e-05,0.00010476208370827735
row-0001759,doi::10.1038/s41598-017-18398-4,42,4,6e-05,0.00010463592936332357
row-0001761,doi::10.1038/s41598-017-18398-4,42,4,4e-05,0.00010218225429225763
row-0001764,doi::10.1038/s41598-017-18398-4,42,4,3e-05,0.0001012621430129994
row-0001776,doi::10.1038/s41598-017-18398-4,42,4,3e-05,0.00010434516338118558
row-0001777,doi::10.1038/s41598-017-18398-4,42,4,1e-05,0.00010426613996981435
row-0001781,doi::10.1038/s41598-017-18398-4,42,4,2e-05,0.00010434516338118558
row-0001782,doi::10.1038/s41598-017-18398-4,42,4,6e-05,0.0001046675860556952
row-0001801,doi::10.1038/s41598-017-18398-4,42,4,3e-05,0.00010434516338118558
row-0001807,doi::10.1038/s41598-017-18398-4,42,4,3e-05,0.00010434516338118558
row-0001811,doi::10.1038/s41598-017-18398-4,42,4,5e-05,0.00010434516338118558
row-0001812,doi::10.1038/s41598-017-18398-4,42,4,8e-05,0.00010451657554796618
row-0001817,doi::10.1038/s41598-017-18398-4,42,4,6e-05,0.00010451657554796618
row-0001818,doi::10.1038/s41598-017-18398-4,42,4,9e-05,0.00010476208370827735
row-0001829,doi::10.1038/s41598-017-18398-4,42,4,1e-05,0.00010434516338118558
row-0001839,doi::10.1016/j.proci.2024.105766,42,4,0.0055,0.006299979655930516
row-0001846,doi::10.1016/j.proci.2024.105766,42,4,0.008,0.006563019406473539
row-0001852,doi::10.1016/j.proci.2024.105766,42,4,0.0026,0.0018197588857040844
row-0001860,doi::10.1016/j.proci.2024.105766,42,4,0.002,0.0016314460539650815
row-0001861,doi::10.1016/j.proci.2024.105766,42,4,0.0027,0.0016302923904199138
row-0001863,doi::10.1016/j.firesaf.2024.104329,42,4,0.0025,0.0017318088242427236
row-0001872,doi::10.1016/j.firesaf.2024.104329,42,4,0.0015,0.0017318088242427236
row-0001873,doi::10.1016/j.firesaf.2024.104329,42,4,0.0015,0.0017318088242427236
row-0001888,doi::10.1016/j.firesaf.2024.104329,42,4,0.0024,0.0017332984951680041
row-0001904,doi::10.1016/j.firesaf.2024.104329,42,4,0.0024,0.0017332984951680041
row-0001906,doi::10.1016/j.firesaf.2024.104329,42,4,0.0029,0.0017332984951680041
row-0001912,doi::10.1016/j.firesaf.2024.104329,42,4,0.002,0.001474895670473858
row-0001918,doi::10.1016/j.firesaf.2024.104329,42,4,0.00275,0.0017332984951680041
row-0001939,doi::10.1016/j.firesaf.2024.104329,42,4,0.00195,0.001474895670473858
row-0001940,doi::10.1016/j.firesaf.2024.104329,42,4,0.0022,0.0017332984951680041
row-0001943,doi::10.1016/j.firesaf.2024.104329,42,4,0.002,0.001474895670473858
row-0001965,doi::10.1016/j.firesaf.2024.104329,42,4,0.00235,0.0017332984951680041
row-0002038,doi::10.1016/j.firesaf.2024.104329,42,4,0.0011,0.0007547508157674765
row-0002041,doi::10.1016/j.firesaf.2024.104329,42,4,0.0007,0.0006988175193599892
row-0002056,doi::10.1016/j.firesaf.2024.104329,42,4,0.0011,0.0007444561413952027
row-0002061,doi::10.1016/j.firesaf.2024.104329,42,4,0.00055,0.0006630015349006648
row-0002062,doi::10.1016/j.firesaf.2024.104329,42,4,0.0008,0.0006417722859086243
row-0002097,doi::10.1016/j.firesaf.2024.104329,42,4,0.0007,0.0007001107995710786
row-0002107,doi::10.1016/j.firesaf.2024.104329,42,4,0.00048,0.0006463790534822553
row-0002109,doi::10.1016/j.firesaf.2024.104329,42,4,0.0009,0.0007168334568400548
row-0002116,doi::10.1016/j.firesaf.2024.104329,42,4,0.00112,0.0007301385571333865
row-0002118,doi::10.1016/j.firesaf.2024.104329,42,4,0.0004,0.000666813225442192
row-0002119,doi::10.1016/j.firesaf.2024.104329,42,4,0.00065,0.0006829142619444133
row-0002120,doi::10.1016/j.firesaf.2024.104329,42,4,0.00075,0.0007035266536898354
row-0002123,doi::10.1016/j.firesaf.2024.104329,42,4,0.0006,0.0006825475952777466
row-0002124,doi::10.1016/j.firesaf.2024.104329,42,4,0.0007,0.0007031599870231689
row-0002125,doi::10.1016/j.firesaf.2024.104329,42,4,0.00076,0.0007252591126889422
row-0002126,doi::10.1016/j.firesaf.2024.104329,42,4,0.00105,0.0007447097831214683
row-0002127,doi::10.1016/j.firesaf.2024.104329,42,4,0.00112,0.000734762375210408
row-0002129,doi::10.1016/j.firesaf.2024.104329,42,4,0.00068,0.0006915887018161305
row-0002136,doi::10.1016/j.firesaf.2024.104329,42,4,0.00072,0.0006934341716869752
row-0002141,doi::10.1016/j.firesaf.2024.104329,42,4,0.00055,0.0006825475952777466
row-0002142,doi::10.1016/j.firesaf.2024.104329,42,4,0.00045,0.0006529700697095257
row-0002298,citation::meyer florian jan hei meier hans christoph ries and christian eigenbrod sooting behavior in concurrent and upward burning of cylindrical pmma samples 52nd international conference on environmental systems ices 2023 171 calgary canada 16 20 july 2023,42,4,0.00212,0.0017472468500176932
row-0002301,citation::meyer florian jan hei meier hans christoph ries and christian eigenbrod sooting behavior in concurrent and upward burning of cylindrical pmma samples 52nd international conference on environmental systems ices 2023 171 calgary canada 16 20 july 2023,42,4,0.00123,0.0062668962613322285
row-0002302,citation::meyer florian jan hei meier hans christoph ries and christian eigenbrod sooting behavior in concurrent and upward burning of cylindrical pmma samples 52nd international conference on environmental systems ices 2023 171 calgary canada 16 20 july 2023,42,4,0.00189,0.006595649732943948
row-0002454,doi::10.1016/j.proci.2018.05.007,42,4,0.0027,0.003021226212117684
row-0002460,doi::10.1016/j.proci.2018.05.007,42,4,0.0038,0.0030646030089352978
row-0002468,doi::10.1016/j.proci.2018.05.007,42,4,0.0023,0.0014634802144314653
row-0002472,doi::10.1016/j.proci.2018.05.007,42,4,0.0026,0.0014714842300442247
row-0002475,doi::10.1016/j.proci.2018.05.007,42,4,0.0029,0.001480776968461365
row-0002596,citation::nishizawa et al 2003 effect of low external flow on flame spreading over etfe wire under microgravity,42,4,0.0019,0.0032040832513763125
row-0002598,citation::nishizawa et al 2003 effect of low external flow on flame spreading over etfe wire under microgravity,42,4,0.0019,0.003172435736603176
row-0002599,citation::nishizawa et al 2003 effect of low external flow on flame spreading over etfe wire under microgravity,42,4,0.0016,0.0031750880009850605
row-0002600,citation::nishizawa et al 2003 effect of low external flow on flame spreading over etfe wire under microgravity,42,4,0.0017,0.003121308035276456
row-0002608,doi::10.1016/j.combustflame.2009.01.015,42,4,0.00088,0.0014268966132102697
row-0002620,doi::10.1016/j.combustflame.2009.01.015,42,4,0.00093,0.0014268966132102697
row-0002625,doi::10.1016/j.combustflame.2009.01.015,42,4,0.0011,0.0014268966132102697
row-0002640,doi::10.1016/j.combustflame.2009.01.015,42,4,0.00042,0.0014329794498226095
row-0002650,doi::10.1016/j.combustflame.2009.01.015,42,4,0.00063,0.0014268966132102697
row-0002659,doi::10.1016/j.combustflame.2009.01.015,42,4,0.00069,0.0014268966132102697
row-0002701,citation::friedman robert brian jackson and sandra olson testing and selection of fire resistant materials for spacecraft use nasa technical memorandum 2000 209773 mar 2000 nasa sti program office glenn research center cleveland ohio,42,4,0.0054,0.008942622180002958
row-0002710,citation::friedman robert brian jackson and sandra olson testing and selection of fire resistant materials for spacecraft use nasa technical memorandum 2000 209773 mar 2000 nasa sti program office glenn research center cleveland ohio,42,4,0.0184,0.016122466709519126
row-0002713,citation::friedman robert brian jackson and sandra olson testing and selection of fire resistant materials for spacecraft use nasa technical memorandum 2000 209773 mar 2000 nasa sti program office glenn research center cleveland ohio,42,4,0.0267,0.025364531971327074
row-0002716,citation::friedman robert brian jackson and sandra olson testing and selection of fire resistant materials for spacecraft use nasa technical memorandum 2000 209773 mar 2000 nasa sti program office glenn research center cleveland ohio,42,4,0.0286,0.025364531971327074
row-0002717,citation::friedman robert brian jackson and sandra olson testing and selection of fire resistant materials for spacecraft use nasa technical memorandum 2000 209773 mar 2000 nasa sti program office glenn research center cleveland ohio,42,4,0.0272,0.025364531971327074
row-0002720,citation::friedman robert brian jackson and sandra olson testing and selection of fire resistant materials for spacecraft use nasa technical memorandum 2000 209773 mar 2000 nasa sti program office glenn research center cleveland ohio,42,4,0.0494,0.042075950370507535
row-0002726,citation::friedman robert brian jackson and sandra olson testing and selection of fire resistant materials for spacecraft use nasa technical memorandum 2000 209773 mar 2000 nasa sti program office glenn research center cleveland ohio,42,4,0.005,0.0047953667449262705
row-0002732,citation::friedman robert brian jackson and sandra olson testing and selection of fire resistant materials for spacecraft use nasa technical memorandum 2000 209773 mar 2000 nasa sti program office glenn research center cleveland ohio,42,4,0.0154,0.009956012511241105
row-0002744,citation::friedman robert brian jackson and sandra olson testing and selection of fire resistant materials for spacecraft use nasa technical memorandum 2000 209773 mar 2000 nasa sti program office glenn research center cleveland ohio,42,4,0.0047,0.007889986084091818
row-0002747,citation::friedman robert brian jackson and sandra olson testing and selection of fire resistant materials for spacecraft use nasa technical memorandum 2000 209773 mar 2000 nasa sti program office glenn research center cleveland ohio,42,4,0.0142,0.01634456977462699
row-0002768,citation::friedman robert brian jackson and sandra olson testing and selection of fire resistant materials for spacecraft use nasa technical memorandum 2000 209773 mar 2000 nasa sti program office glenn research center cleveland ohio,42,4,0.0091,0.009956012511241105
row-0002770,citation::friedman robert brian jackson and sandra olson testing and selection of fire resistant materials for spacecraft use nasa technical memorandum 2000 209773 mar 2000 nasa sti program office glenn research center cleveland ohio,42,4,0.018,0.024816172257168718
row-0002772,citation::friedman robert brian jackson and sandra olson testing and selection of fire resistant materials for spacecraft use nasa technical memorandum 2000 209773 mar 2000 nasa sti program office glenn research center cleveland ohio,42,4,0.0228,0.0336323321424631
row-0002778,citation::friedman robert brian jackson and sandra olson testing and selection of fire resistant materials for spacecraft use nasa technical memorandum 2000 209773 mar 2000 nasa sti program office glenn research center cleveland ohio,42,4,0.0384,0.03246029004550444
row-0002793,citation::olson s l and j s t ien near limit flame spread over a thin solid fuel in 0 symposium international on combustion vol 22 no 1 1988 pp 1213 1222 the combustion institute,42,4,0.01974,0.015529043957710697
row-0002795,citation::olson s l and j s t ien near limit flame spread over a thin solid fuel in 0 symposium international on combustion vol 22 no 1 1988 pp 1213 1222 the combustion institute,42,4,0.03622,0.0350950516298919
row-0002797,citation::olson s l and j s t ien near limit flame spread over a thin solid fuel in 0 symposium international on combustion vol 22 no 1 1988 pp 1213 1222 the combustion institute,42,4,0.0529,0.05547419387713276
row-0002799,citation::olson s l and j s t ien near limit flame spread over a thin solid fuel in 0 symposium international on combustion vol 22 no 1 1988 pp 1213 1222 the combustion institute,42,4,0.00544,0.00897915400450883
row-0002818,citation::olson s l and j s t ien near limit flame spread over a thin solid fuel in 0 symposium international on combustion vol 22 no 1 1988 pp 1213 1222 the combustion institute,42,4,0.00675,0.008367240000600741
row-0002820,citation::olson s l and j s t ien near limit flame spread over a thin solid fuel in 0 symposium international on combustion vol 22 no 1 1988 pp 1213 1222 the combustion institute,42,4,0.00915,0.00829344357109345
row-0002830,citation::olson s l and j s t ien near limit flame spread over a thin solid fuel in 0 symposium international on combustion vol 22 no 1 1988 pp 1213 1222 the combustion institute,42,4,0.0026,0.007948128982254998
row-0002838,citation::olson s l and j s t ien near limit flame spread over a thin solid fuel in 0 symposium international on combustion vol 22 no 1 1988 pp 1213 1222 the combustion institute,42,4,0.01537,0.01772388891798996
row-0002839,citation::olson s l and j s t ien near limit flame spread over a thin solid fuel in 0 symposium international on combustion vol 22 no 1 1988 pp 1213 1222 the combustion institute,42,4,0.01988,0.022457196270625673
row-0002845,citation::olson s l and j s t ien near limit flame spread over a thin solid fuel in 0 symposium international on combustion vol 22 no 1 1988 pp 1213 1222 the combustion institute,42,4,0.04569,0.037059029571434095
row-0002846,doi::10.1016/s0082-0784(89)80132-8,42,4,0.0054,0.004371605610780442
row-0002900,doi::10.1080/00102209108951711,42,4,0.01485,0.009438197764847825
row-0002904,doi::10.1080/00102209108951711,42,4,0.01327,0.009434997764847824
row-0002905,doi::10.1080/00102209108951711,42,4,0.01286,0.009434997764847824
row-0002906,doi::10.1080/00102209108951711,42,4,0.00307,0.0043265726722686035
row-0002909,doi::10.1080/00102209108951711,42,4,0.0192,0.021126539852448712
row-0002911,doi::10.1080/00102209108951711,42,4,0.0194,0.018164307649424002
row-0002988,doi::10.1016/j.combustflame.2009.01.015,42,4,0.022,0.019401380706166104
row-0002993,doi::10.1016/j.combustflame.2009.01.015,42,4,0.034,0.027985272604344923
row-0002997,doi::10.1016/j.combustflame.2009.01.015,42,4,0.0047,0.010405329633048683
row-0002998,doi::10.1016/j.combustflame.2009.01.015,42,4,0.0042,0.010405329633048683
row-0003001,doi::10.1016/j.combustflame.2009.01.015,42,4,0.0093,0.013370036413725549
row-0003003,doi::10.1016/j.combustflame.2009.01.015,42,4,0.055,0.012748101945925412
row-0003004,doi::10.1016/j.combustflame.2009.01.015,42,4,0.0074,0.01191093902377035
row-0003011,doi::10.1016/j.combustflame.2009.01.015,42,4,0.037,0.026635045307765483
row-0003014,doi::10.1016/j.combustflame.2009.01.015,42,4,0.061,0.0159364754371876
row-0003015,doi::10.1016/j.combustflame.2009.01.015,42,4,0.013,0.01604838956769034
row-0003019,doi::10.1016/j.combustflame.2009.01.015,42,4,0.034,0.027732116754480965
row-0003023,doi::10.1016/j.combustflame.2009.01.015,42,4,0.026,0.028867007924435827
row-0003034,doi::10.1016/s0010-2180(00)00249-2,42,4,0.0022,0.0014351497971121015
row-0003035,doi::10.1016/s0010-2180(00)00249-2,42,4,0.0017,0.0014503411458229704
row-0003038,doi::10.1016/s0010-2180(00)00249-2,42,4,0.0037,0.0032675613558813543
row-0003039,doi::10.1016/s0010-2180(00)00249-2,42,4,0.004,0.0032799759013358992
row-0003041,doi::10.1016/s0010-2180(00)00249-2,42,4,0.0045,0.0033685565260035536
row-0003046,doi::10.1016/s0010-2180(00)00249-2,42,4,0.0036,0.004450512198224344
row-0003047,doi::10.1016/s0010-2180(00)00249-2,42,4,0.0037,0.004450512198224344
row-0003048,doi::10.1016/s0010-2180(00)00249-2,42,4,0.0045,0.004450512198224344
row-0003053,doi::10.1016/s0010-2180(00)00249-2,42,4,0.0024,0.001429066960499761
row-0003062,doi::10.1016/s0010-2180(00)00249-2,42,4,0.0001,0.0015719082058628542
row-0003064,doi::10.1016/s0010-2180(00)00249-2,42,4,0.00084,0.001429066960499761
row-0003074,doi::10.1016/j.combustflame.2018.10.012,42,4,0.00289,0.0016470430417060851
row-0003080,doi::10.1016/j.combustflame.2018.10.012,42,4,0.00056,0.0014961711865925304
row-0003094,doi::10.1016/j.combustflame.2018.10.012,42,4,0.00204,0.001642090083010228
row-0003096,doi::10.1080/00102200490276773,42,4,0.0032,0.001137381384516391
row-0003097,doi::10.1080/00102200490276773,42,4,0.0045,0.0011304514394499848
row-0003105,doi::10.1080/00102200490276773,42,4,0.015,0.014091549673202648
row-0003111,doi::10.1080/00102200490276773,42,4,0.022,0.022461631746031573
row-0003115,doi::10.1080/00102200490276773,42,4,0.028,0.02616510793650783
row-0003121,doi::10.1080/00102200490276773,42,4,0.011,0.014967999999999934
row-0003123,doi::10.1080/00102200490276773,42,4,0.023,0.02439560897225153
row-0003129,doi::10.1080/00102200490276773,42,4,0.025,0.025523517941226984
row-0003152,doi::10.1016/j.combustflame.2022.112559,42,4,0.0021,0.0018715702909363724
row-0003157,doi::10.1016/j.combustflame.2022.112559,42,4,0.0051,0.0022198378993165567
row-0003158,doi::10.1016/j.proci.2024.105358,42,4,0.00145,0.001444123655574463
row-0003161,doi::10.1016/j.proci.2024.105358,42,4,0.0026,0.002913200714185895
row-0003162,doi::10.1016/j.proci.2024.105358,42,4,0.0013,0.001570794259204317
row-0003163,doi::10.1016/j.proci.2024.105358,42,4,0.0017,0.0018530074768309363
row-0003165,doi::10.1016/j.proci.2024.105358,42,4,0.00325,0.0029056801826559224
row-0003170,doi::10.1016/j.proci.2024.105358,42,4,0.00208,0.0020426925944074317
row-0003175,doi::10.1016/j.proci.2024.105358,42,4,0.00235,0.0021462107283579963
row-0003176,doi::10.1016/j.proci.2024.105358,42,4,0.00102,0.0014421036555744631
row-0003189,doi::10.1016/j.proci.2024.105358,42,4,0.0025,0.0029021836512831303
row-0003191,doi::10.1016/j.proci.2024.105358,42,4,0.00275,0.002904821530071009
row-0003192,doi::10.1016/j.proci.2024.105358,42,4,0.0027,0.002913200714185895
row-0003204,doi::10.1016/j.combustflame.2022.112009,42,4,0.0013,0.0014791246550219625
row-0003206,doi::10.1016/j.combustflame.2022.112009,42,4,0.0014,0.003371382482134105
row-0003207,doi::10.1016/j.combustflame.2022.112009,42,4,0.0014,0.005185841596492474
row-0003210,doi::10.1016/j.combustflame.2022.112009,42,4,0.0011,0.0014447204243431418
row-0003212,doi::10.1016/j.combustflame.2022.112009,42,4,0.0012,0.001442490476097256
row-0003215,doi::10.1016/j.combustflame.2022.112009,42,4,0.0013,0.004136776665454947
row-0003216,doi::10.1016/j.combustflame.2022.112009,42,4,0.0013,0.006057639475502507
row-0003217,doi::10.1016/j.combustflame.2022.112009,42,4,0.001,0.006459818475863083
row-0003224,doi::10.1016/j.combustflame.2022.112009,42,4,0.00085,0.005001190182894376
row-0003228,doi::10.1016/j.combustflame.2022.112009,42,4,0.00036,0.001434275653927823
row-0003229,doi::10.1016/j.combustflame.2022.112009,42,4,0.00039,0.0014269800866343178
row-0003231,doi::10.1016/j.combustflame.2022.112009,42,4,0.00048,0.0014269800866343178
row-0003244,doi::10.1016/j.combustflame.2022.112009,42,4,0.0066,0.0035261035603141753
row-0003245,doi::10.1016/j.combustflame.2022.112009,42,4,0.006,0.004091343067520546
row-0003247,doi::10.1016/j.combustflame.2022.112009,42,4,0.0053,0.004361038122473603
row-0003391,doi::10.1016/s0082-0784(06)80816-7,42,4,0.01254,0.009634522028888395
row-0003398,doi::10.1016/s0082-0784(06)80816-7,42,4,0.0107,0.009493973050993778
row-0003409,doi::10.1016/s0082-0784(06)80816-7,42,4,0.0076,0.008832954936146935
row-0003410,doi::10.1016/s0082-0784(06)80816-7,42,4,0.00741,0.005396676270541935
row-0003427,citation::s nchez tarifa c and b l zaro experiments conducted on combustion at microgravity in the texus 38 sounding rocket results and conclusions first international symposium on microgravity research and applications on physical sciences and biotechnology 2000,42,4,0.00072,0.0004979501065606412
row-0003433,citation::s nchez tarifa c and g l pez juste a study of the combustion problems of solid materials at conditions existing in space stations esa sp 433 1999,42,4,0.0002,0.0007784925079625928
row-0003434,citation::s nchez tarifa c and g l pez juste a study of the combustion problems of solid materials at conditions existing in space stations esa sp 433 1999,42,4,0.00018,0.0007678608990966273
row-0003435,citation::s nchez tarifa c and g l pez juste a study of the combustion problems of solid materials at conditions existing in space stations esa sp 433 1999,42,4,0.00109,0.000790460372580476
row-0003444,citation::s nchez tarifa c and m rodr guez combustion and flammability characteristics of solids at microgravity in very small velocity flows second european symposium on utilisation of the international space station nov 1998,42,4,0.00115,0.0007893353531256159
row-0003449,citation::s nchez tarifa c and m rodr guez combustion and flammability characteristics of solids at microgravity in very small velocity flows second european symposium on utilisation of the international space station nov 1998,42,4,0.0016,0.00215133308294846
row-0003457,doi::10.1007/s12217-024-10106-y,42,4,5e-05,0.000182267245778357
row-0003458,doi::10.1007/s12217-024-10106-y,42,4,4e-05,0.00018202920656267072
row-0003462,doi::10.1007/s12217-024-10106-y,42,4,3e-05,0.00018381526701107903
row-0003465,doi::10.1007/s12217-024-10106-y,42,4,0.00114,0.0016760984275565566
row-0003472,doi::10.1007/s12217-024-10106-y,42,4,0.00125,0.0016760984275565566
row-0003474,doi::10.1016/s1540-7489(02)80315-7,42,4,0.00548,0.013646172578930076
row-0003477,doi::10.1016/s1540-7489(02)80315-7,42,4,0.03293,0.037854277061192564
row-0003480,doi::10.1016/s1540-7489(02)80315-7,42,4,0.05751,0.05339972766335518
row-0003484,doi::10.1016/s1540-7489(02)80315-7,42,4,0.01257,0.01587843860373368
row-0003488,doi::10.1016/s1540-7489(02)80315-7,42,4,0.03917,0.038544854140683475
row-0003494,doi::10.1016/s1540-7489(02)80315-7,42,4,0.04897,0.04720935577878705
row-0003497,doi::10.1016/s1540-7489(02)80315-7,42,4,0.06137,0.03643137552282171
row-0003499,doi::10.1016/s1540-7489(02)80315-7,42,4,0.014,0.028699270428817637
row-0003501,doi::10.1016/s1540-7489(02)80315-7,42,4,0.043,0.03648683583343598
row-0003505,doi::10.1016/s1540-7489(02)80315-7,42,4,0.048,0.045317830648747184
row-0003519,citation::son youngjin paul d ronney and suleyman gokoglu comparison of carbon dioxide and helium as fire extinguishing agents for spacecraft nasa cp 2004 213205 vol2 2004 pp 409 418,42,4,0.084,0.0678646065454548
row-0003521,citation::son youngjin paul d ronney and suleyman gokoglu comparison of carbon dioxide and helium as fire extinguishing agents for spacecraft nasa cp 2004 213205 vol2 2004 pp 409 418,42,4,0.021,0.015746999824340427
row-0003531,citation::son youngjin paul d ronney and suleyman gokoglu comparison of carbon dioxide and helium as fire extinguishing agents for spacecraft nasa cp 2004 213205 vol2 2004 pp 409 418,42,4,0.018,0.013114045296619612
row-0003534,citation::son youngjin paul d ronney and suleyman gokoglu comparison of carbon dioxide and helium as fire extinguishing agents for spacecraft nasa cp 2004 213205 vol2 2004 pp 409 418,42,4,0.04,0.043185718656877946
row-0003541,citation::son youngjin paul d ronney and suleyman gokoglu comparison of carbon dioxide and helium as fire extinguishing agents for spacecraft nasa cp 2004 213205 vol2 2004 pp 409 418,42,4,0.00667,0.022694007206174486
row-0003561,citation::son youngjin paul d ronney and suleyman gokoglu comparison of carbon dioxide and helium as fire extinguishing agents for spacecraft nasa cp 2004 213205 vol2 2004 pp 409 418,42,4,0.00718,0.014244065595197938
row-0003565,citation::son youngjin paul d ronney and suleyman gokoglu comparison of carbon dioxide and helium as fire extinguishing agents for spacecraft nasa cp 2004 213205 vol2 2004 pp 409 418,42,4,0.01333,0.012808440016707934
row-0003571,citation::son youngjin paul d ronney and suleyman gokoglu comparison of carbon dioxide and helium as fire extinguishing agents for spacecraft nasa cp 2004 213205 vol2 2004 pp 409 418,42,4,0.01208,0.014214085455817089
row-0003573,citation::son youngjin paul d ronney and suleyman gokoglu comparison of carbon dioxide and helium as fire extinguishing agents for spacecraft nasa cp 2004 213205 vol2 2004 pp 409 418,42,4,0.04405,0.04168151386025656
row-0003576,citation::son youngjin paul d ronney and suleyman gokoglu comparison of carbon dioxide and helium as fire extinguishing agents for spacecraft nasa cp 2004 213205 vol2 2004 pp 409 418,42,4,0.00595,0.009882034332088075
row-0003580,citation::son youngjin paul d ronney and suleyman gokoglu comparison of carbon dioxide and helium as fire extinguishing agents for spacecraft nasa cp 2004 213205 vol2 2004 pp 409 418,42,4,0.00833,0.01385838893309191
row-0003585,citation::son youngjin paul d ronney and suleyman gokoglu comparison of carbon dioxide and helium as fire extinguishing agents for spacecraft nasa cp 2004 213205 vol2 2004 pp 409 418,42,4,0.00905,0.014298231417549616
row-0003589,citation::son youngjin paul d ronney and suleyman gokoglu comparison of carbon dioxide and helium as fire extinguishing agents for spacecraft nasa cp 2004 213205 vol2 2004 pp 409 418,42,4,0.02049,0.01958202186963714
row-0003602,citation::son youngjin paul d ronney and suleyman gokoglu comparison of carbon dioxide and helium as fire extinguishing agents for spacecraft nasa cp 2004 213205 vol2 2004 pp 409 418,42,4,0.0217,0.021227630388686053
row-0003606,citation::son youngjin paul d ronney and suleyman gokoglu comparison of carbon dioxide and helium as fire extinguishing agents for spacecraft nasa cp 2004 213205 vol2 2004 pp 409 418,42,4,0.01583,0.016949389379213597
row-0003631,doi::10.1016/j.proci.2014.07.017,42,4,0.00043,0.0013966936073992015
row-0003632,doi::10.1016/j.proci.2014.07.017,42,4,0.00047,0.0013910128119446563
row-0003656,doi::10.1016/j.proci.2014.07.017,42,4,0.00069,0.0014240704444126145
row-0003660,doi::10.1016/j.proci.2014.07.017,42,4,0.0015,0.0014254261944847088
row-0003670,doi::10.1016/j.proci.2014.07.017,42,4,0.00447,0.002117806757750589
row-0003675,doi::10.1016/j.proci.2014.07.017,42,4,0.00428,0.002361789456694697
row-0003682,doi::10.1016/j.proci.2014.07.017,42,4,0.00029,0.0014235768990866152
row-0003683,doi::10.1016/j.proci.2014.07.017,42,4,0.00033,0.0014378016500572876
row-0003687,doi::10.1016/j.proci.2014.07.017,42,4,0.00048,0.0014378016500572876
row-0003699,doi::10.1016/j.proci.2014.07.017,42,4,0.00152,0.0014554126660531427
row-0003715,doi::10.1016/j.proci.2014.07.017,42,4,0.0011,0.0014220106555900116
row-0003747,doi::10.1016/j.proci.2014.07.017,42,4,0.00117,0.0014196291480371294
row-0003761,doi::10.1016/j.proci.2014.07.017,42,4,0.00188,0.0014462222251516994
row-0003764,doi::10.1016/j.proci.2014.07.017,42,4,0.0008,0.0014098324444408179
row-0003772,doi::10.1016/j.proci.2014.07.017,42,4,0.00048,0.0014196291480371294
row-0004085,citation::takahashi shuhei takeshi nagumo kazunori wakai and subrata bhattacharjee effects of ambient condition on flame spread over a thin pmma sheet jsme international journal series b 43 4 2000 556 562,42,4,0.05026,0.05849337233333314
row-0004092,citation::takahashi shuhei takeshi nagumo kazunori wakai and subrata bhattacharjee effects of ambient condition on flame spread over a thin pmma sheet jsme international journal series b 43 4 2000 556 562,42,4,0.01088,0.009380884410140709
row-0004097,citation::takahashi shuhei takeshi nagumo kazunori wakai and subrata bhattacharjee effects of ambient condition on flame spread over a thin pmma sheet jsme international journal series b 43 4 2000 556 562,42,4,0.00309,0.002466571766858322
row-0004098,citation::takahashi shuhei takeshi nagumo kazunori wakai and subrata bhattacharjee effects of ambient condition on flame spread over a thin pmma sheet jsme international journal series b 43 4 2000 556 562,42,4,0.00165,0.001650538893896405
row-0004101,citation::takahashi shuhei takeshi nagumo kazunori wakai and subrata bhattacharjee effects of ambient condition on flame spread over a thin pmma sheet jsme international journal series b 43 4 2000 556 562,42,4,0.00071,0.0014345856238544355
row-0004104,citation::takahashi shuhei takeshi nagumo kazunori wakai and subrata bhattacharjee effects of ambient condition on flame spread over a thin pmma sheet jsme international journal series b 43 4 2000 556 562,42,4,0.00407,0.004183803821691586
row-0004106,citation::takahashi shuhei takeshi nagumo kazunori wakai and subrata bhattacharjee effects of ambient condition on flame spread over a thin pmma sheet jsme international journal series b 43 4 2000 556 562,42,4,0.001,0.0014455754435160255
row-0004110,citation::takahashi shuhei takeshi nagumo kazunori wakai and subrata bhattacharjee effects of ambient condition on flame spread over a thin pmma sheet jsme international journal series b 43 4 2000 556 562,42,4,0.00056,0.0014438983717986386
row-0004118,citation::takahashi shuhei takeshi nagumo kazunori wakai and subrata bhattacharjee effects of ambient condition on flame spread over a thin pmma sheet jsme international journal series b 43 4 2000 556 562,42,4,0.00032,0.0013347886326010195
row-0004119,citation::takahashi shuhei takeshi nagumo kazunori wakai and subrata bhattacharjee effects of ambient condition on flame spread over a thin pmma sheet jsme international journal series b 43 4 2000 556 562,42,4,0.00031,0.0010914736327722989
row-0004121,citation::takahashi shuhei takeshi nagumo kazunori wakai and subrata bhattacharjee effects of ambient condition on flame spread over a thin pmma sheet jsme international journal series b 43 4 2000 556 562,42,4,0.0001,0.0010826415312201563
row-0004123,citation::takahashi shuhei takeshi nagumo kazunori wakai and subrata bhattacharjee effects of ambient condition on flame spread over a thin pmma sheet jsme international journal series b 43 4 2000 556 562,42,4,0.00104,0.0008941538688438935
row-0004124,citation::takahashi shuhei takeshi nagumo kazunori wakai and subrata bhattacharjee effects of ambient condition on flame spread over a thin pmma sheet jsme international journal series b 43 4 2000 556 562,42,4,0.00049,0.0003183793710644708
row-0004137,citation::takahashi shuhei takeshi nagumo kazunori wakai and subrata bhattacharjee effects of ambient condition on flame spread over a thin pmma sheet jsme international journal series b 43 4 2000 556 562,42,4,0.00022,0.00030089865208156053
row-0004139,citation::takahashi shuhei takeshi nagumo kazunori wakai and subrata bhattacharjee effects of ambient condition on flame spread over a thin pmma sheet jsme international journal series b 43 4 2000 556 562,42,4,6e-05,0.00011587141771094089
row-0004156,citation::takahashi shuhei takeshi nagumo kazunori wakai and subrata bhattacharjee effects of ambient condition on flame spread over a thin pmma sheet jsme international journal series b 43 4 2000 556 562,42,4,0.00202,0.002444639930186041
row-0004163,citation::takahashi shuhei takeshi nagumo kazunori wakai and subrata bhattacharjee effects of ambient condition on flame spread over a thin pmma sheet jsme international journal series b 43 4 2000 556 562,42,4,0.00104,0.0007782601763002453
row-0004171,citation::takahashi shuhei takeshi nagumo kazunori wakai and subrata bhattacharjee effects of ambient condition on flame spread over a thin pmma sheet jsme international journal series b 43 4 2000 556 562,42,4,0.00044,0.0009594240426954523
row-0004175,citation::takahashi shuhei takeshi nagumo kazunori wakai and subrata bhattacharjee effects of ambient condition on flame spread over a thin pmma sheet jsme international journal series b 43 4 2000 556 562,42,4,0.00026,0.0009458595823779918
row-0004217,citation::takahashi shuhei et al effect of ambient gas on flame spread over a solid material in microgravity journal of the japanese society for microgravity application vol 24 no 3 2007 pp 225 230,42,4,0.012,0.004239938134729252
row-0004219,citation::takahashi shuhei et al effect of ambient gas on flame spread over a solid material in microgravity journal of the japanese society for microgravity application vol 24 no 3 2007 pp 225 230,42,4,0.0105,0.004239938134729252
row-0004222,citation::takahashi shuhei et al effect of ambient gas on flame spread over a solid material in microgravity journal of the japanese society for microgravity application vol 24 no 3 2007 pp 225 230,42,4,0.0083,0.004931681716663547
row-0004226,citation::takahashi shuhei et al effect of ambient gas on flame spread over a solid material in microgravity journal of the japanese society for microgravity application vol 24 no 3 2007 pp 225 230,42,4,0.005,0.0023806239360975073
row-0004236,doi::10.1016/j.proci.2018.06.022,42,4,0.00274,0.0035048813586964897
row-0004242,doi::10.1016/j.proci.2018.06.022,42,4,0.00371,0.004015943958083631
row-0004245,doi::10.1016/j.proci.2018.06.022,42,4,0.00554,0.006848213018429368
row-0004246,doi::10.1016/j.proci.2018.06.022,42,4,0.00407,0.0036990274646614635
row-0004253,doi::10.1016/j.proci.2018.06.022,42,4,0.00501,0.003869008555834091
row-0004254,doi::10.1016/j.proci.2018.06.022,42,4,0.00505,0.004298948633663335
row-0004258,doi::10.1016/j.proci.2018.06.022,42,4,0.00322,0.0038994240733739574
row-0004267,doi::10.1016/j.proci.2018.06.022,42,4,0.00371,0.0038508441760159687
row-0004273,doi::10.1016/j.proci.2018.06.022,42,4,0.00582,0.004166461171501744
row-0004274,doi::10.1016/j.proci.2018.06.022,42,4,0.00278,0.0022508354061957416
row-0004275,doi::10.1016/j.proci.2018.06.022,42,4,0.00269,0.002236539118316954
row-0004276,doi::10.1016/j.proci.2018.06.022,42,4,0.00164,0.002226447451650288
row-0004281,doi::10.1016/j.proci.2018.06.022,42,4,0.00328,0.002273757800972334
row-0004290,doi::10.1016/j.proci.2018.06.022,42,4,0.00146,0.0024686322904813266
row-0004312,citation::takahashi shuhei et al effect of ambient gas on flame spread over a solid material in microgravity journal of the japanese society for microgravity application vol 24 no 3 2007 pp 225 230,42,4,0.00067,0.0014343982938944313
row-0004314,doi::10.1038/s41598-017-18398-4,42,4,0.00173,0.0014343982938944313
row-0004329,doi::10.1038/s41598-017-18398-4,42,4,0.00063,0.001616593817422943
row-0004330,doi::10.1038/s41598-017-18398-4,42,4,0.0004,0.0016732729526005383
row-0004332,doi::10.1038/s41598-017-18398-4,42,4,0.00163,0.00143696182827452
row-0004335,doi::10.1038/s41598-017-18398-4,42,4,0.00087,0.0014454540101931927
row-0004344,doi::10.1016/s1540-7489(02)80314-5,42,4,0.03123,0.03580513634920636
row-0004347,doi::10.1016/s1540-7489(02)80314-5,42,4,0.03878,0.03982006991269839
row-0004358,doi::10.1016/s1540-7489(02)80314-5,42,4,0.02189,0.01600609930100025
row-0004359,doi::10.1016/s1540-7489(02)80314-5,42,4,0.0244,0.016421907677891475
row-0004370,doi::10.1016/s1540-7489(02)80314-5,42,4,0.00996,0.010255109324882388
row-0004373,doi::10.1016/s1540-7489(02)80314-5,42,4,0.01188,0.01357037790130229
row-0004379,doi::10.1016/s1540-7489(02)80314-5,42,4,0.01029,0.008891246383729817
row-0004380,doi::10.1016/s1540-7489(02)80314-5,42,4,0.01168,0.009814524139141087
row-0004385,doi::10.1016/s1540-7489(02)80314-5,42,4,0.00349,0.00623777595376428
row-0004386,doi::10.1016/s1540-7489(02)80314-5,42,4,0.00462,0.006682692839688814
row-0004391,doi::10.1016/s1540-7489(02)80314-5,42,4,0.00465,0.0037980643775171927
row-0004398,doi::10.1016/s1540-7489(02)80314-5,42,4,0.00223,0.003672544912149313
row-0004406,doi::10.1016/s1540-7489(02)80314-5,42,4,0.00317,0.003895043120476094
row-0004410,doi::10.1016/s1540-7489(02)80314-5,42,4,0.00426,0.00405702179737957
row-0004414,doi::10.1016/s1540-7489(02)80314-5,42,4,0.00189,0.002416203053100845
row-0004418,doi::10.1016/s1540-7489(02)80314-5,42,4,0.00318,0.002418574719767512
row-0004435,citation::urban david l interactions between flames on parallel solid surfaces nasa 0 combustion workshop n96 15588 1997,42,4,0.00802,0.010763399861661742
row-0004438,citation::urban david l interactions between flames on parallel solid surfaces nasa 0 combustion workshop n96 15588 1997,42,4,0.01259,0.012679587361710685
row-0004442,citation::urban david l interactions between flames on parallel solid surfaces nasa 0 combustion workshop n96 15588 1997,42,4,0.01619,0.011220644110864937
row-0004745,doi::10.1007/s10694-019-00878-w,42,4,0.0208,0.02257116349206346
row-0004748,doi::10.1007/s10694-019-00878-w,42,4,0.1194,0.042808947948218476
row-0004770,doi::10.1007/s10694-019-00896-8,42,4,3e-05,0.00010434516338118558
row-0004772,doi::10.1007/s10694-019-00896-8,42,4,0.0001,0.00016875767166009848
row-0004774,doi::10.1007/s10694-019-00896-8,42,4,0.0001,0.0001669229641070661
row-0004775,doi::10.1007/s10694-019-00896-8,42,4,0.0001,0.0001684690270858934
row-0004776,doi::10.1007/s10694-019-00896-8,42,4,0.0001,0.0001684690270858934
row-0004779,doi::10.1007/s10694-019-00896-8,42,4,6e-05,0.00016737514966981437
row-0004782,doi::10.1007/s10694-019-00896-8,42,4,0.00054,0.00040529445998430645
row-0004793,doi::10.1007/s10694-019-00896-8,42,4,0.0014,0.001343419072669812
row-0004799,doi::10.1007/s10694-019-00896-8,42,4,0.0017,0.001441723333094278
row-0004800,doi::10.1007/s10694-019-00896-8,42,4,0.0018,0.001441723333094278
row-0004801,doi::10.1007/s10694-019-00896-8,42,4,0.002,0.001441723333094278
row-0004802,doi::10.1007/s10694-019-00896-8,42,4,0.0021,0.0017465859771800705
row-0004810,doi::10.1007/s10694-019-00896-8,42,4,0.00056,0.0003573992049031823
row-0004813,doi::10.1007/s10694-019-00896-8,42,4,0.00141,0.0013329237354040976
row-0004827,doi::10.1007/s10694-019-00896-8,42,4,3e-05,0.00011075845072645044
row-0004831,doi::10.1007/s10694-019-00896-8,42,4,0.0004,0.0003564197508801938
row-0004834,doi::10.1007/s10694-019-00896-8,42,4,0.00015,0.00016875767166009848
row-0004839,doi::10.1007/s10694-019-00896-8,42,4,0.00012,0.00016737514966981437
row-0004845,doi::10.1007/s10694-019-00896-8,42,4,0.00056,0.000405155125558446
row-0004846,doi::10.1007/s10694-019-00896-8,42,4,0.00058,0.000405155125558446
row-0004849,doi::10.1007/s10694-019-00896-8,42,4,0.00065,0.00040615075412987463
row-0004852,doi::10.1007/s10694-019-00896-8,42,4,0.00062,0.00040621675412987464
row-0004854,doi::10.1007/s10694-019-00896-8,42,4,0.0013,0.00134499125044759
row-0004855,doi::10.1007/s10694-019-00896-8,42,4,0.0013,0.001343419072669812
row-0004912,doi::10.1016/j.proci.2024.105199,42,4,0.0038,0.004522256575353546
row-0004916,doi::10.1016/j.proci.2024.105199,42,4,0.0035,0.004416783173692938
row-0004934,doi::10.1016/j.proci.2024.105199,42,4,0.0016,0.0016660985249507163
row-0004939,doi::10.1016/j.proci.2016.06.028,42,4,0.00175,0.0014351497971121015
row-0004941,doi::10.1016/j.proci.2016.06.028,42,4,0.0007,0.0014152921315975767
row-0004942,doi::10.1016/j.proci.2016.06.028,42,4,0.0008,0.001418195816443345
row-0004944,doi::10.1016/j.proci.2016.06.028,42,4,0.0009,0.0014108089242533958
row-0004947,doi::10.1016/j.proci.2016.06.028,42,4,0.0015,0.0014320831095766047
row-0004994,doi::10.1007/s12217-018-9655-0,42,4,0.00014,0.0002954308255728994
row-0004995,doi::10.1007/s12217-018-9655-0,42,4,2e-05,0.00021896297987226146
row-0004998,doi::10.1007/s12217-018-9655-0,42,4,0.00058,0.0008830825322223413
row-0005002,doi::10.1007/s12217-018-9655-0,42,4,0.0013,0.0008615595816845995
row-0005004,doi::10.1007/s12217-018-9655-0,42,4,0.00038,0.00034622096865902154
row-0005006,doi::10.1007/s12217-018-9655-0,42,4,0.00051,0.00034688292268201
row-0005020,doi::10.1007/s12217-018-9655-0,42,4,7e-05,0.00013723488655095965
row-0005030,doi::10.1007/s12217-018-9655-0,42,4,3e-05,0.00010569917074109385
row-0005031,doi::10.1007/s12217-018-9655-0,42,4,3e-05,0.00010569917074109385
row-0005034,doi::10.1007/s12217-022-09945-4,42,4,0.0149,0.011285851137074084
row-0005044,doi::10.1016/j.combustflame.2019.03.040,42,4,0.00015,0.00029838002363428897
row-0000012,citation::andracchio charles r and john c aydelott comparison of flame spreading over thin flat surfaces in normal gravity and weightlessness in an oxygen environment nasa technical memorandum nasa tm x 1992 1970,43,0,0.023,0.022051844336134507
row-0000017,citation::andracchio charles r and john c aydelott comparison of flame spreading over thin flat surfaces in normal gravity and weightlessness in an oxygen environment nasa technical memorandum nasa tm x 1992 1970,43,0,0.106,0.09688985952380938
row-0000022,citation::andracchio charles r and john c aydelott comparison of flame spreading over thin flat surfaces in normal gravity and weightlessness in an oxygen environment nasa technical memorandum nasa tm x 1992 1970,43,0,0.093,0.0979301466666659
row-0000025,citation::andracchio charles r and john c aydelott comparison of flame spreading over thin flat surfaces in normal gravity and weightlessness in an oxygen environment nasa technical memorandum nasa tm x 1992 1970,43,0,0.102,0.10600594285714242
row-0000033,citation::andracchio charles r and thomas h cochran burning of solids in oxygen rich environments in normal and reduced gravity nasa technical memorandum x 3055 national aeronautics and space administration may 1974,43,0,0.067,0.06168595936507926
row-0000037,citation::andracchio charles r and thomas h cochran burning of solids in oxygen rich environments in normal and reduced gravity nasa technical memorandum x 3055 national aeronautics and space administration may 1974,43,0,0.017,0.01769424427931628
row-0000038,citation::andracchio charles r and thomas h cochran burning of solids in oxygen rich environments in normal and reduced gravity nasa technical memorandum x 3055 national aeronautics and space administration may 1974,43,0,0.009,0.011557840834871793
row-0000056,citation::andracchio charles r and thomas h cochran gravity effects on flame spreading over solid surfaces nasa technical note d 8228 national aeronautics and space administration may 1976,43,0,0.0176,0.018017486547274992
row-0000064,citation::andracchio charles r and thomas h cochran gravity effects on flame spreading over solid surfaces nasa technical note d 8228 national aeronautics and space administration may 1976,43,0,0.0117,0.016259592949373496
row-0000072,citation::andracchio charles r and thomas h cochran gravity effects on flame spreading over solid surfaces nasa technical note d 8228 national aeronautics and space administration may 1976,43,0,0.067,0.06103605269841259
row-0000079,citation::andracchio charles r and thomas h cochran gravity effects on flame spreading over solid surfaces nasa technical note d 8228 national aeronautics and space administration may 1976,43,0,0.02,0.022089711428571357
row-0000083,citation::andracchio charles r and thomas h cochran gravity effects on flame spreading over solid surfaces nasa technical note d 8228 national aeronautics and space administration may 1976,43,0,0.0633,0.06918346666666672
row-0000084,citation::andracchio charles r and thomas h cochran gravity effects on flame spreading over solid surfaces nasa technical note d 8228 national aeronautics and space administration may 1976,43,0,0.0402,0.04482737990476185
row-0000093,citation::andracchio charles r and thomas h cochran gravity effects on flame spreading over solid surfaces nasa technical note d 8228 national aeronautics and space administration may 1976,43,0,0.0473,0.04721926971428571
row-0000104,citation::andracchio charles r and thomas h cochran gravity effects on flame spreading over solid surfaces nasa technical note d 8228 national aeronautics and space administration may 1976,43,0,0.0444,0.03540567725823026
row-0000111,citation::andracchio charles r and thomas h cochran gravity effects on flame spreading over solid surfaces nasa technical note d 8228 national aeronautics and space administration may 1976,43,0,0.009,0.0071452863369408336
row-0000129,doi::10.1080/01457632.2025.2529751,43,0,0.00739,0.002580437124914228
row-0000138,doi::10.1016/j.proci.2016.06.025,43,0,0.002,0.00156964628882064
row-0000139,doi::10.1016/j.proci.2016.06.025,43,0,0.00195,0.0015682262888206402
row-0000142,doi::10.1016/j.proci.2016.06.025,43,0,0.0007,0.001565548656903008
row-0000171,doi::10.1016/j.firesaf.2015.11.011,43,0,0.0043,0.005127013123892297
row-0000186,doi::10.1016/j.firesaf.2015.11.011,43,0,0.0011,0.001491381624157288
row-0000268,doi::10.5802/crmeca.149,43,0,0.0014,0.001485235397653741
row-0000297,doi::10.1016/s1540-7489(02)80211-3,43,0,0.014,0.011137149535394183
row-0000304,doi::10.1016/s1540-7489(02)80211-3,43,0,0.033,0.011984811451093582
row-0000348,citation::ferkul paul v an experimental study of opposed flow diffusion flame extinction over a thin fuel in 0 nasa cr 182185 1989,43,0,0.0019,0.004140983109502345
row-0000356,citation::ferkul paul v et al combustion experiments on the mir space station 37th aerospace sciences meeting and exhibit american institute of aeronautics and astronautics 1999 paper aiaa 99 0439,43,0,0.0011,0.001005793235691537
row-0000369,doi::10.1016/s1540-7489(02)80310-8,43,0,0.00175,0.0015277121843012959
row-0000372,doi::10.1016/s1540-7489(02)80310-8,43,0,0.0032,0.003181629527794381
row-0000379,doi::10.1016/s1540-7489(02)80310-8,43,0,0.00625,0.00432209463769596
row-0000381,doi::10.1016/s1540-7489(02)80310-8,43,0,0.0052,0.004303174312675585
row-0000427,citation::grayson g d k r sacksteder p v ferkul and j s t ien flame spreading over a thin solid in low speed concurrent flow drop tower experimental results and comparison with theory 0 science and technology vii 2 1994,43,0,0.0026,0.0037864961043684343
row-0000431,citation::grayson g d k r sacksteder p v ferkul and j s t ien flame spreading over a thin solid in low speed concurrent flow drop tower experimental results and comparison with theory 0 science and technology vii 2 1994,43,0,0.003,0.003908505721169536
row-0000432,citation::grayson g d k r sacksteder p v ferkul and j s t ien flame spreading over a thin solid in low speed concurrent flow drop tower experimental results and comparison with theory 0 science and technology vii 2 1994,43,0,0.0043,0.004347002840579456
row-0000433,citation::grayson g d k r sacksteder p v ferkul and j s t ien flame spreading over a thin solid in low speed concurrent flow drop tower experimental results and comparison with theory 0 science and technology vii 2 1994,43,0,0.0053,0.004424647274486742
row-0000448,doi::10.1016/j.combustflame.2020.09.003,43,0,0.00136,0.0014674077402075075
row-0000453,doi::10.1016/j.combustflame.2020.07.044,43,0,0.00145,0.0015020931880327035
row-0000456,doi::10.1016/j.combustflame.2020.07.044,43,0,0.00127,0.0014531170421091413
row-0000457,doi::10.1016/j.combustflame.2020.07.044,43,0,0.00136,0.0014531170421091413
row-0000464,doi::10.1016/j.combustflame.2020.07.044,43,0,0.00123,0.0014600798246580948
row-0000468,doi::10.1016/j.combustflame.2020.07.044,43,0,0.00134,0.001452805883818082
row-0000470,doi::10.1016/j.combustflame.2020.07.044,43,0,0.00135,0.0014548212803593156
row-0000473,doi::10.1016/j.combustflame.2020.07.044,43,0,0.00154,0.0014694762861452771
row-0000476,doi::10.1016/j.combustflame.2020.07.044,43,0,0.00133,0.001466703930683698
row-0000489,doi::10.1016/j.combustflame.2020.07.044,43,0,0.00131,0.001463863940317861
row-0000498,doi::10.1016/j.combustflame.2020.07.044,43,0,0.00127,0.0014548212803593156
row-0000510,doi::10.1016/j.combustflame.2020.07.044,43,0,0.00142,0.0014674077402075075
row-0000511,doi::10.1016/j.combustflame.2020.07.044,43,0,0.00146,0.0014674077402075075
row-0000520,doi::10.1016/j.combustflame.2020.07.044,43,0,0.00118,0.0014531170421091413
row-0000524,doi::10.1016/j.combustflame.2020.07.044,43,0,0.00115,0.0014531170421091413
row-0000539,doi::10.1016/j.combustflame.2020.07.044,43,0,0.00129,0.0014653353430632043
row-0000554,doi::10.1016/j.proci.2018.06.022,43,0,0.00024,0.000318489436827526
row-0000568,doi::10.1016/j.proci.2018.06.022,43,0,2e-05,0.0001245358780624407
row-0000573,doi::10.1016/j.proci.2018.06.022,43,0,9e-05,0.00012613351469265049
row-0000578,doi::10.1016/j.proci.2018.06.022,43,0,2e-05,0.0001243880685386312
row-0000579,doi::10.1016/j.proci.2018.06.022,43,0,1e-05,0.0001243880685386312
row-0000581,doi::10.1016/j.proci.2018.06.022,43,0,9e-05,0.00012613351469265049
row-0000584,doi::10.1016/j.proci.2018.06.022,43,0,9e-05,0.00012613351469265049
row-0000585,doi::10.1016/j.proci.2018.06.022,43,0,9e-05,0.00012613351469265049
row-0000588,doi::10.1016/j.proci.2018.06.022,43,0,5e-05,0.00012591594282137142
row-0000590,doi::10.1016/j.proci.2018.06.022,43,0,4e-05,0.00012496488790932238
row-0000593,doi::10.1016/j.proci.2018.06.022,43,0,3e-05,0.00012450343695968383
row-0000594,doi::10.1016/j.proci.2018.06.022,43,0,2e-05,0.00012442473520529786
row-0000601,doi::10.1016/j.proci.2018.06.022,43,0,4e-05,0.0001256498911436135
row-0000602,doi::10.1016/j.proci.2018.06.022,43,0,6e-05,0.0001256498911436135
row-0000605,doi::10.1016/j.proci.2018.06.022,43,0,4e-05,0.0001256498911436135
row-0000609,doi::10.1016/j.proci.2018.06.022,43,0,7e-05,0.0001256498911436135
row-0000612,doi::10.1016/j.proci.2018.06.022,43,0,0.0001,0.0001256498911436135
row-0000627,doi::10.1016/j.proci.2018.06.022,43,0,6e-05,0.0001255932901592955
row-0000632,doi::10.1016/j.proci.2018.06.022,43,0,3e-05,0.0001255932901592955
row-0000634,doi::10.1016/j.proci.2018.06.022,43,0,8e-05,0.0001257672181549046
row-0000641,doi::10.1016/s0082-0784(98)80017-6,43,0,0.0038,0.0032486270193658783
row-0000642,doi::10.1016/s0082-0784(98)80017-6,43,0,0.005,0.0032940260121305273
row-0000645,doi::10.1016/s0082-0784(98)80017-6,43,0,0.0027,0.00309740488158229
row-0000654,doi::10.1016/s0082-0784(98)80017-6,43,0,0.0054,0.004873648514691058
row-0000666,doi::10.1016/s0082-0784(98)80017-6,43,0,0.0025,0.0027905170858923017
row-0000668,doi::10.1016/s0082-0784(98)80017-6,43,0,0.0027,0.002792297873027666
row-0000669,doi::10.1016/s0082-0784(98)80017-6,43,0,0.0043,0.0030400819935504147
row-0000672,doi::10.1016/s0082-0784(98)80017-6,43,0,0.0028,0.0030926466250767873
row-0000673,doi::10.1016/s0082-0784(98)80017-6,43,0,0.0044,0.003051220103860986
row-0000675,citation::kimzey john howard flammability during weightlessness nasa technical memorandum nasa tm x 58001 may 1966,43,0,0.01524,0.011885378160561693
row-0000692,citation::kimzey john howard flammability during weightlessness nasa technical memorandum nasa tm x 58001 may 1966,43,0,0.01778,0.017102244803418834
row-0000706,doi::10.1016/j.combustflame.2008.05.023,43,0,0.0021,0.0033499619181724567
row-0000716,doi::10.1016/j.combustflame.2008.05.023,43,0,0.0041,0.0032617775922540054
row-0000718,doi::10.1016/j.combustflame.2008.05.023,43,0,0.0048,0.0033005422561655515
row-0000730,doi::10.1016/j.combustflame.2008.05.023,43,0,0.002,0.002932789181279841
row-0000746,doi::10.1016/j.combustflame.2008.05.023,43,0,0.0015,0.0031330698979031854
row-0000748,doi::10.1016/j.combustflame.2008.05.023,43,0,0.002,0.0031378524827061164
row-0000765,doi::10.1007/s10694-019-00862-4,43,0,0.00015,0.00020343489288356494
row-0000769,doi::10.1007/s10694-019-00862-4,43,0,6e-05,0.00020192606677431652
row-0000779,doi::10.1007/s10694-019-00862-4,43,0,6e-05,0.00016724787193573968
row-0000781,doi::10.1007/s10694-019-00862-4,43,0,0.00011,0.00016780775059444954
row-0000797,doi::10.1016/j.firesaf.2023.103989,43,0,0.0024,0.0029563347432876134
row-0000810,doi::10.1016/j.firesaf.2023.103989,43,0,0.0034,0.0030814946240885948
row-0000823,doi::10.1016/j.firesaf.2023.103989,43,0,0.0015,0.0029162362698605983
row-0000838,doi::10.1016/j.firesaf.2023.103989,43,0,0.0027,0.003011855770202652
row-0000893,doi::10.1016/j.firesaf.2023.103989,43,0,0.0024,0.0029248040431415078
row-0000895,doi::10.1016/j.firesaf.2023.103989,43,0,0.0028,0.002993993233094106
row-0000898,doi::10.1016/j.firesaf.2023.103989,43,0,0.0036,0.003111672907318062
row-0000901,doi::10.1016/j.firesaf.2023.103989,43,0,0.0024,0.002983856848146626
row-0000903,doi::10.1016/j.firesaf.2023.103989,43,0,0.0033,0.0030774858706910995
row-0000909,doi::10.1016/j.firesaf.2023.103989,43,0,0.0026,0.003101357753230986
row-0000911,doi::10.1016/j.firesaf.2023.103989,43,0,0.0024,0.0029435649688523287
row-0000917,doi::10.1016/j.firesaf.2023.103989,43,0,0.0027,0.0029680861338472913
row-0000918,doi::10.1016/j.firesaf.2023.103989,43,0,0.00275,0.003005719507842414
row-0000924,doi::10.1016/j.firesaf.2023.103989,43,0,0.0031,0.0029408287504529584
row-0000932,doi::10.1016/j.firesaf.2023.103989,43,0,0.0026,0.002930235029379618
row-0000933,doi::10.1016/j.firesaf.2023.103989,43,0,0.0025,0.002930235029379618
row-0000935,doi::10.1016/j.firesaf.2023.103989,43,0,0.0024,0.002925748724789344
row-0001045,doi::10.1016/j.firesaf.2023.103989,43,0,0.00375,0.002957421037379266
row-0001050,doi::10.1016/j.firesaf.2023.103989,43,0,0.003,0.0030155390824481505
row-0001052,doi::10.1016/j.firesaf.2023.103989,43,0,0.0037,0.0030155390824481505
row-0001053,doi::10.1016/j.firesaf.2023.103989,43,0,0.0039,0.0030155390824481505
row-0001056,doi::10.1016/j.firesaf.2023.103989,43,0,0.004,0.0030155390824481505
row-0001057,doi::10.1016/j.firesaf.2023.103989,43,0,0.00275,0.0030155390824481505
row-0001062,doi::10.1016/j.firesaf.2023.103989,43,0,0.0012,0.001815750660782986
row-0001074,doi::10.1016/j.firesaf.2023.103989,43,0,0.0013,0.0022280409139502954
row-0001120,doi::10.1016/j.firesaf.2023.103989,43,0,0.001,0.0017925373879868734
row-0001124,doi::10.1016/j.firesaf.2023.103989,43,0,0.0012,0.0025046181116573723
row-0001127,doi::10.1016/j.firesaf.2023.103989,43,0,0.00125,0.0022258363238240476
row-0001130,doi::10.1016/j.firesaf.2023.103989,43,0,0.0013,0.002240870842568212
row-0001132,doi::10.1016/j.firesaf.2023.103989,43,0,0.0014,0.0031337249544434774
row-0001137,doi::10.1016/j.firesaf.2023.103989,43,0,0.0016,0.001474957875852502
row-0001142,doi::10.1016/j.firesaf.2023.103989,43,0,0.0015,0.0014817882111474408
row-0001152,doi::10.1016/j.firesaf.2023.103989,43,0,0.0016,0.0017247918649247328
row-0001156,doi::10.1016/j.firesaf.2023.103989,43,0,0.0016,0.0017247918649247328
row-0001158,doi::10.1016/j.firesaf.2023.103989,43,0,0.0017,0.0017245586235971242
row-0001202,doi::10.1016/j.firesaf.2023.103989,43,0,0.0016,0.0017182377501818757
row-0001203,doi::10.1016/j.firesaf.2023.103989,43,0,0.0016,0.0017180045088542673
row-0001206,doi::10.1016/j.firesaf.2023.103989,43,0,0.0016,0.0017476131235043102
row-0001208,doi::10.1016/j.proci.2024.105199,43,0,0.004,0.004159321792885202
row-0001210,doi::10.1016/j.proci.2024.105199,43,0,0.0058,0.004270943819890802
row-0001215,doi::10.1016/j.proci.2024.105199,43,0,0.0035,0.004188025253193908
row-0001217,doi::10.1016/j.proci.2024.105199,43,0,0.0051,0.004277733297656508
row-0001220,doi::10.1016/j.proci.2024.105199,43,0,0.004,0.004277733297656508
row-0001224,doi::10.1016/j.proci.2024.105199,43,0,0.0019,0.0015706272439060243
row-0001260,doi::10.1007/s10694-019-00935-4,43,0,0.0003,0.0005034529717239268
row-0001262,doi::10.1007/s10694-019-00935-4,43,0,0.00064,0.0007856457953152836
row-0001267,doi::10.1007/s10694-019-00935-4,43,0,0.00072,0.0007726227428260215
row-0001336,doi::10.1016/j.proci.2022.07.002,43,0,0.0035,0.0029410306758436387
row-0001338,doi::10.1016/j.proci.2022.07.002,43,0,0.0045,0.0029623099953232836
row-0001346,doi::10.1016/j.proci.2022.07.002,43,0,0.0026,0.002932992906567126
row-0001347,doi::10.1016/j.proci.2022.07.002,43,0,0.0042,0.0029708694946968214
row-0001348,doi::10.1016/j.proci.2022.07.002,43,0,0.0052,0.002980281558188885
row-0001349,doi::10.1016/j.proci.2022.07.002,43,0,0.005,0.002980281558188885
row-0001351,doi::10.1016/j.proci.2022.07.002,43,0,0.0038,0.002975086161363488
row-0001356,doi::10.1016/j.proci.2022.07.002,43,0,0.0038,0.002964183464983186
row-0001358,doi::10.1016/j.proci.2022.07.002,43,0,0.0018,0.002915458995155845
row-0001369,doi::10.1016/j.proci.2022.07.002,43,0,0.0048,0.0030274246462657114
row-0001373,doi::10.1016/j.proci.2022.07.002,43,0,0.0018,0.0029540008547184827
row-0001443,doi::10.1016/j.proci.2022.07.002,43,0,0.0023,0.0015300169870062412
row-0001448,doi::10.1016/j.proci.2022.07.002,43,0,0.002,0.0015225654341555702
row-0001449,doi::10.1016/j.proci.2022.07.002,43,0,0.0019,0.0015225654341555702
row-0001458,doi::10.1016/j.proci.2022.07.002,43,0,0.0013,0.0015178953233623538
row-0001466,doi::10.1016/j.proci.2022.07.002,43,0,0.0016,0.0015188884971108429
row-0001475,doi::10.1016/j.proci.2022.07.002,43,0,0.0011,0.0015065935478144434
row-0001492,doi::10.1016/j.proci.2022.07.002,43,0,0.0024,0.001476312756222318
row-0001496,doi::10.1016/j.proci.2022.07.002,43,0,0.0014,0.0014594211377784282
row-0001585,doi::10.1016/j.proci.2024.105775,43,0,0.0065,0.008053364332323832
row-0001586,doi::10.1016/j.proci.2024.105775,43,0,0.00751,0.008053364332323832
row-0001590,doi::10.1016/j.proci.2024.105775,43,0,0.00814,0.008055678228427728
row-0001596,doi::10.1016/j.proci.2024.105775,43,0,0.0072,0.008066831958140862
row-0001606,doi::10.1016/j.proci.2024.105775,43,0,0.00628,0.008066831958140862
row-0001613,doi::10.1016/j.proci.2024.105775,43,0,0.0061,0.008298992196106752
row-0001615,doi::10.1016/j.proci.2024.105775,43,0,0.00689,0.008336003003260074
row-0001621,doi::10.1016/j.proci.2024.105775,43,0,0.00759,0.008570927796327916
row-0001623,doi::10.1016/j.proci.2024.105775,43,0,0.01117,0.009114403991982335
row-0001627,doi::10.1016/j.proci.2024.105775,43,0,0.00832,0.00857427901855014
row-0001631,doi::10.1016/j.proci.2024.105775,43,0,0.01014,0.008804573693011141
row-0001634,doi::10.1016/j.proci.2024.105775,43,0,0.00955,0.008799529693011142
row-0001641,doi::10.1016/j.proci.2024.105775,43,0,0.01031,0.00910786128663406
row-0001644,doi::10.1007/s12217-024-10147-3,43,0,0.00807,0.008055678228427728
row-0001649,doi::10.1007/s12217-024-10147-3,43,0,0.00723,0.008066831958140862
row-0001654,doi::10.1007/s12217-024-10147-3,43,0,0.00839,0.008553769039330073
row-0001655,doi::10.1007/s12217-024-10147-3,43,0,0.00693,0.008322816336593406
row-0001657,doi::10.1007/s12217-024-10147-3,43,0,0.00889,0.008786011073058066
row-0001659,doi::10.1007/s12217-024-10147-3,43,0,0.00837,0.008477340818240786
row-0001664,doi::10.1007/s12217-024-10147-3,43,0,0.0086,0.00857404401855014
row-0001666,doi::10.1007/s12217-024-10147-3,43,0,0.01182,0.009128428381872155
row-0001674,doi::10.1007/s12217-024-10147-3,43,0,0.00844,0.008843674560238818
row-0001728,doi::10.1016/j.combustflame.2020.12.042,43,0,0.0022,0.0017579535957214375
row-0001732,doi::10.1016/j.proci.2024.105255,43,0,0.00138,0.001474957875852502
row-0001746,doi::10.1038/s41598-017-18398-4,43,0,8e-05,0.0001255975090952821
row-0001747,doi::10.1038/s41598-017-18398-4,43,0,7e-05,0.000125533600004373
row-0001753,doi::10.1038/s41598-017-18398-4,43,0,9e-05,0.00012607382453772795
row-0001756,doi::10.1038/s41598-017-18398-4,43,0,9e-05,0.00012607382453772795
row-0001758,doi::10.1038/s41598-017-18398-4,43,0,6e-05,0.00012585625266644886
row-0001765,doi::10.1038/s41598-017-18398-4,43,0,2e-05,0.00012436504505037533
row-0001766,doi::10.1038/s41598-017-18398-4,43,0,2e-05,0.00012432837838370866
row-0001767,doi::10.1038/s41598-017-18398-4,43,0,2e-05,0.00012432837838370866
row-0001769,doi::10.1038/s41598-017-18398-4,43,0,1e-05,0.0009498912718672962
row-0001771,doi::10.1038/s41598-017-18398-4,43,0,3e-05,0.0001255975090952821
row-0001776,doi::10.1038/s41598-017-18398-4,43,0,3e-05,0.000125533600004373
row-0001777,doi::10.1038/s41598-017-18398-4,43,0,1e-05,0.00012546644967757558
row-0001779,doi::10.1038/s41598-017-18398-4,43,0,6e-05,0.000125533600004373
row-0001783,doi::10.1038/s41598-017-18398-4,43,0,5e-05,0.0001258713592599502
row-0001796,doi::10.1038/s41598-017-18398-4,43,0,5e-05,0.0001255975090952821
row-0001803,doi::10.1038/s41598-017-18398-4,43,0,8e-05,0.00012570752799998208
row-0001810,doi::10.1038/s41598-017-18398-4,43,0,3e-05,0.000125533600004373
row-0001825,doi::10.1038/s41598-017-18398-4,43,0,4e-05,0.000125533600004373
row-0001829,doi::10.1038/s41598-017-18398-4,43,0,1e-05,0.000125533600004373
row-0001846,doi::10.1016/j.proci.2024.105766,43,0,0.008,0.006264254865286325
row-0001852,doi::10.1016/j.proci.2024.105766,43,0,0.0026,0.001878644809502905
row-0001861,doi::10.1016/j.proci.2024.105766,43,0,0.0027,0.0015805478593327105
row-0001862,doi::10.1016/j.proci.2024.105766,43,0,0.0025,0.0015846589704438215
row-0001863,doi::10.1016/j.firesaf.2024.104329,43,0,0.0025,0.001747268246746919
row-0001871,doi::10.1016/j.firesaf.2024.104329,43,0,0.00225,0.001747268246746919
row-0001888,doi::10.1016/j.firesaf.2024.104329,43,0,0.0024,0.001747268246746919
row-0001889,doi::10.1016/j.firesaf.2024.104329,43,0,0.00275,0.001747268246746919
row-0001890,doi::10.1016/j.firesaf.2024.104329,43,0,0.00225,0.001747268246746919
row-0001925,doi::10.1016/j.firesaf.2024.104329,43,0,0.0021,0.0017474677819557854
row-0001928,doi::10.1016/j.firesaf.2024.104329,43,0,0.0015,0.001504203259636294
row-0001940,doi::10.1016/j.firesaf.2024.104329,43,0,0.0022,0.0017407141320040622
row-0001941,doi::10.1016/j.firesaf.2024.104329,43,0,0.00235,0.0017407141320040622
row-0001944,doi::10.1016/j.firesaf.2024.104329,43,0,0.0022,0.0017416945378011636
row-0001947,doi::10.1016/j.firesaf.2024.104329,43,0,0.0015,0.00152937214300387
row-0001955,doi::10.1016/j.firesaf.2024.104329,43,0,0.0027,0.0017407141320040622
row-0002052,doi::10.1016/j.firesaf.2024.104329,43,0,0.0005,0.0006863337938021736
row-0002059,doi::10.1016/j.firesaf.2024.104329,43,0,0.0008,0.0006885990922522252
row-0002107,doi::10.1016/j.firesaf.2024.104329,43,0,0.00048,0.000673886232144892
row-0002110,doi::10.1016/j.firesaf.2024.104329,43,0,0.00115,0.0006865858154519
row-0002123,doi::10.1016/j.firesaf.2024.104329,43,0,0.0006,0.0006681988870399747
row-0002127,doi::10.1016/j.firesaf.2024.104329,43,0,0.00112,0.0006865858154519
row-0002131,doi::10.1016/j.firesaf.2024.104329,43,0,0.00077,0.0006835181403596732
row-0002137,doi::10.1016/j.firesaf.2024.104329,43,0,0.00062,0.0006681988870399747
row-0002281,citation::mell w e s l olson and t kashiwagi flame spread along free edges of thermally thin samples in 0 proceedings of the combustion institute vol 28 no 2 2000 pp 2843 2849,43,0,0.00325,0.005729279851847797
row-0002282,citation::mell w e s l olson and t kashiwagi flame spread along free edges of thermally thin samples in 0 proceedings of the combustion institute vol 28 no 2 2000 pp 2843 2849,43,0,0.0023,0.005685943243989197
row-0002289,citation::mell w e s l olson and t kashiwagi flame spread along free edges of thermally thin samples in 0 proceedings of the combustion institute vol 28 no 2 2000 pp 2843 2849,43,0,0.0022,0.003247657482929767
row-0002300,citation::meyer florian jan hei meier hans christoph ries and christian eigenbrod sooting behavior in concurrent and upward burning of cylindrical pmma samples 52nd international conference on environmental systems ices 2023 171 calgary canada 16 20 july 2023,43,0,0.00197,0.003925034077464709
row-0002457,doi::10.1016/j.proci.2018.05.007,43,0,0.0031,0.0029743479036207048
row-0002461,doi::10.1016/j.proci.2018.05.007,43,0,0.0036,0.002972061807286679
row-0002462,doi::10.1016/j.proci.2018.05.007,43,0,0.0014,0.0015198314150544194
row-0002463,doi::10.1016/j.proci.2018.05.007,43,0,0.0021,0.0015213742721972765
row-0002467,doi::10.1016/j.proci.2018.05.007,43,0,0.0022,0.0014938856547862852
row-0002469,doi::10.1016/j.proci.2018.05.007,43,0,0.0024,0.0015056261873293646
row-0002596,citation::nishizawa et al 2003 effect of low external flow on flame spreading over etfe wire under microgravity,43,0,0.0019,0.0031591296050921687
row-0002601,citation::nishizawa et al 2003 effect of low external flow on flame spreading over etfe wire under microgravity,43,0,0.0018,0.0031015860085720137
row-0002603,citation::nishizawa et al 2003 effect of low external flow on flame spreading over etfe wire under microgravity,43,0,0.0025,0.003193791764301074
row-0002605,citation::nishizawa et al 2003 effect of low external flow on flame spreading over etfe wire under microgravity,43,0,0.0027,0.0031800061144591917
row-0002609,doi::10.1016/j.combustflame.2009.01.015,43,0,0.00083,0.0014474843329750494
row-0002616,doi::10.1016/j.combustflame.2009.01.015,43,0,0.0012,0.0014487392218639383
row-0002623,doi::10.1016/j.combustflame.2009.01.015,43,0,0.0014,0.0014487392218639383
row-0002629,doi::10.1016/j.combustflame.2009.01.015,43,0,0.00092,0.0014487392218639383
row-0002632,doi::10.1016/j.combustflame.2009.01.015,43,0,0.0025,0.0014532657901140068
row-0002633,doi::10.1016/j.combustflame.2009.01.015,43,0,0.0024,0.0014532657901140068
row-0002638,doi::10.1016/j.combustflame.2009.01.015,43,0,0.0006,0.0014483828329750494
row-0002639,doi::10.1016/j.combustflame.2009.01.015,43,0,0.001,0.0014504893784295949
row-0002640,doi::10.1016/j.combustflame.2009.01.015,43,0,0.00042,0.0014504893784295949
row-0002641,doi::10.1016/j.combustflame.2009.01.015,43,0,0.00015,0.0014459332218639382
row-0002649,doi::10.1016/j.combustflame.2009.01.015,43,0,0.00089,0.0014487392218639383
row-0002652,doi::10.1016/j.combustflame.2009.01.015,43,0,0.00061,0.0014487392218639383
row-0002659,doi::10.1016/j.combustflame.2009.01.015,43,0,0.00069,0.001452013297621514
row-0002709,citation::friedman robert brian jackson and sandra olson testing and selection of fire resistant materials for spacecraft use nasa technical memorandum 2000 209773 mar 2000 nasa sti program office glenn research center cleveland ohio,43,0,0.0188,0.016224845756122163
row-0002716,citation::friedman robert brian jackson and sandra olson testing and selection of fire resistant materials for spacecraft use nasa technical memorandum 2000 209773 mar 2000 nasa sti program office glenn research center cleveland ohio,43,0,0.0286,0.02534396726215137
row-0002717,citation::friedman robert brian jackson and sandra olson testing and selection of fire resistant materials for spacecraft use nasa technical memorandum 2000 209773 mar 2000 nasa sti program office glenn research center cleveland ohio,43,0,0.0272,0.02534396726215137
row-0002720,citation::friedman robert brian jackson and sandra olson testing and selection of fire resistant materials for spacecraft use nasa technical memorandum 2000 209773 mar 2000 nasa sti program office glenn research center cleveland ohio,43,0,0.0494,0.035568736369408334
row-0002721,citation::friedman robert brian jackson and sandra olson testing and selection of fire resistant materials for spacecraft use nasa technical memorandum 2000 209773 mar 2000 nasa sti program office glenn research center cleveland ohio,43,0,0.0455,0.035568736369408334
row-0002723,citation::friedman robert brian jackson and sandra olson testing and selection of fire resistant materials for spacecraft use nasa technical memorandum 2000 209773 mar 2000 nasa sti program office glenn research center cleveland ohio,43,0,0.0613,0.05652774110361852
row-0002729,citation::friedman robert brian jackson and sandra olson testing and selection of fire resistant materials for spacecraft use nasa technical memorandum 2000 209773 mar 2000 nasa sti program office glenn research center cleveland ohio,43,0,0.0112,0.008345837295210948
row-0002732,citation::friedman robert brian jackson and sandra olson testing and selection of fire resistant materials for spacecraft use nasa technical memorandum 2000 209773 mar 2000 nasa sti program office glenn research center cleveland ohio,43,0,0.0154,0.009424840476469782
row-0002737,citation::friedman robert brian jackson and sandra olson testing and selection of fire resistant materials for spacecraft use nasa technical memorandum 2000 209773 mar 2000 nasa sti program office glenn research center cleveland ohio,43,0,0.0428,0.03465964602020198
row-0002747,citation::friedman robert brian jackson and sandra olson testing and selection of fire resistant materials for spacecraft use nasa technical memorandum 2000 209773 mar 2000 nasa sti program office glenn research center cleveland ohio,43,0,0.0142,0.01686280209787342
row-0002749,citation::friedman robert brian jackson and sandra olson testing and selection of fire resistant materials for spacecraft use nasa technical memorandum 2000 209773 mar 2000 nasa sti program office glenn research center cleveland ohio,43,0,0.0155,0.01686280209787342
row-0002754,citation::friedman robert brian jackson and sandra olson testing and selection of fire resistant materials for spacecraft use nasa technical memorandum 2000 209773 mar 2000 nasa sti program office glenn research center cleveland ohio,43,0,0.0344,0.035187488566417
row-0002755,citation::friedman robert brian jackson and sandra olson testing and selection of fire resistant materials for spacecraft use nasa technical memorandum 2000 209773 mar 2000 nasa sti program office glenn research center cleveland ohio,43,0,0.0355,0.035187488566417
row-0002760,citation::friedman robert brian jackson and sandra olson testing and selection of fire resistant materials for spacecraft use nasa technical memorandum 2000 209773 mar 2000 nasa sti program office glenn research center cleveland ohio,43,0,0.0032,0.005437401445385919
row-0002766,citation::friedman robert brian jackson and sandra olson testing and selection of fire resistant materials for spacecraft use nasa technical memorandum 2000 209773 mar 2000 nasa sti program office glenn research center cleveland ohio,43,0,0.0085,0.009424840476469782
row-0002767,citation::friedman robert brian jackson and sandra olson testing and selection of fire resistant materials for spacecraft use nasa technical memorandum 2000 209773 mar 2000 nasa sti program office glenn research center cleveland ohio,43,0,0.0094,0.009424840476469782
row-0002772,citation::friedman robert brian jackson and sandra olson testing and selection of fire resistant materials for spacecraft use nasa technical memorandum 2000 209773 mar 2000 nasa sti program office glenn research center cleveland ohio,43,0,0.0228,0.03444229219984448
row-0002790,citation::olson s l and j s t ien near limit flame spread over a thin solid fuel in 0 symposium international on combustion vol 22 no 1 1988 pp 1213 1222 the combustion institute,43,0,0.01415,0.009455387012184067
row-0002793,citation::olson s l and j s t ien near limit flame spread over a thin solid fuel in 0 symposium international on combustion vol 22 no 1 1988 pp 1213 1222 the combustion institute,43,0,0.01974,0.01585197152232955
row-0002806,citation::olson s l and j s t ien near limit flame spread over a thin solid fuel in 0 symposium international on combustion vol 22 no 1 1988 pp 1213 1222 the combustion institute,43,0,0.02184,0.019786372915514078
row-0002808,citation::olson s l and j s t ien near limit flame spread over a thin solid fuel in 0 symposium international on combustion vol 22 no 1 1988 pp 1213 1222 the combustion institute,43,0,0.02758,0.026541979527279862
row-0002810,citation::olson s l and j s t ien near limit flame spread over a thin solid fuel in 0 symposium international on combustion vol 22 no 1 1988 pp 1213 1222 the combustion institute,43,0,0.04662,0.04249548340836945
row-0002813,citation::olson s l and j s t ien near limit flame spread over a thin solid fuel in 0 symposium international on combustion vol 22 no 1 1988 pp 1213 1222 the combustion institute,43,0,0.07383,0.06733106312698425
row-0002817,citation::olson s l and j s t ien near limit flame spread over a thin solid fuel in 0 symposium international on combustion vol 22 no 1 1988 pp 1213 1222 the combustion institute,43,0,0.00601,0.008123943606687327
row-0002829,citation::olson s l and j s t ien near limit flame spread over a thin solid fuel in 0 symposium international on combustion vol 22 no 1 1988 pp 1213 1222 the combustion institute,43,0,0.03844,0.04011895572720064
row-0002833,citation::olson s l and j s t ien near limit flame spread over a thin solid fuel in 0 symposium international on combustion vol 22 no 1 1988 pp 1213 1222 the combustion institute,43,0,0.00471,0.008347698643362968
row-0002838,citation::olson s l and j s t ien near limit flame spread over a thin solid fuel in 0 symposium international on combustion vol 22 no 1 1988 pp 1213 1222 the combustion institute,43,0,0.01537,0.016790685098204954
row-0002847,doi::10.1016/s0082-0784(89)80132-8,43,0,0.0087,0.007862783565498166
row-0002848,doi::10.1016/s0082-0784(89)80132-8,43,0,0.0035,0.004306049642941284
row-0002849,doi::10.1016/s0082-0784(89)80132-8,43,0,0.004,0.0048888327825014136
row-0002852,doi::10.1016/s0082-0784(89)80132-8,43,0,0.0027,0.003917018127793103
row-0002893,doi::10.1080/00102209108951711,43,0,0.0203,0.017996307409843683
row-0002907,doi::10.1080/00102209108951711,43,0,0.00639,0.00894431442175769
row-0002908,doi::10.1080/00102209108951711,43,0,0.00845,0.008956259344149453
row-0002916,doi::10.1080/00102209108951711,43,0,0.0108,0.006192148384715741
row-0002977,doi::10.1016/j.combustflame.2009.01.015,43,0,0.0086,0.01417937706000364
row-0002980,doi::10.1016/j.combustflame.2009.01.015,43,0,0.005,0.013441147942488997
row-0002990,doi::10.1016/j.combustflame.2009.01.015,43,0,0.023,0.025548826404483815
row-0002993,doi::10.1016/j.combustflame.2009.01.015,43,0,0.034,0.027201456917226984
row-0002996,doi::10.1016/j.combustflame.2009.01.015,43,0,0.0071,0.008837864240259433
row-0002997,doi::10.1016/j.combustflame.2009.01.015,43,0,0.0047,0.008837864240259433
row-0002999,doi::10.1016/j.combustflame.2009.01.015,43,0,0.013,0.011927448614283449
row-0003005,doi::10.1016/j.combustflame.2009.01.015,43,0,0.011,0.013034043368481402
row-0003007,doi::10.1016/j.combustflame.2009.01.015,43,0,0.011,0.013427952113070143
row-0003011,doi::10.1016/j.combustflame.2009.01.015,43,0,0.037,0.028656452554394453
row-0003020,doi::10.1016/j.combustflame.2009.01.015,43,0,0.052,0.03206694047367133
row-0003021,doi::10.1016/j.combustflame.2009.01.015,43,0,0.022,0.01551431402227586
row-0003025,doi::10.1016/j.combustflame.2009.01.015,43,0,0.031,0.03208980935248141
row-0003027,doi::10.1016/s0010-2180(00)00249-2,43,0,0.00088,0.001455108969090265
row-0003028,doi::10.1016/s0010-2180(00)00249-2,43,0,0.00075,0.001455108969090265
row-0003030,doi::10.1016/s0010-2180(00)00249-2,43,0,0.0011,0.001455108969090265
row-0003037,doi::10.1016/s0010-2180(00)00249-2,43,0,0.0022,0.003338170272767022
row-0003041,doi::10.1016/s0010-2180(00)00249-2,43,0,0.0045,0.003472825596675673
row-0003044,doi::10.1016/s0010-2180(00)00249-2,43,0,0.0032,0.004228698454994659
row-0003056,doi::10.1016/s0010-2180(00)00249-2,43,0,0.00082,0.001455108969090265
row-0003064,doi::10.1016/s0010-2180(00)00249-2,43,0,0.00084,0.001455108969090265
row-0003068,doi::10.1016/s0010-2180(00)00249-2,43,0,0.0019,0.001455108969090265
row-0003069,doi::10.1016/s0010-2180(00)00249-2,43,0,0.0019,0.0014586393240686199
row-0003078,doi::10.1016/j.combustflame.2018.10.012,43,0,0.00314,0.0016026214520130347
row-0003082,doi::10.1016/j.combustflame.2018.10.012,43,0,0.001,0.0014835421190631398
row-0003086,doi::10.1016/j.combustflame.2018.10.012,43,0,0.00153,0.0014947984271350668
row-0003087,doi::10.1016/j.combustflame.2018.10.012,43,0,0.00157,0.001887728511192313
row-0003091,doi::10.1016/j.combustflame.2018.10.012,43,0,0.00123,0.0021644049359851795
row-0003097,doi::10.1080/00102200490276773,43,0,0.0045,0.002051260426519787
row-0003099,doi::10.1080/00102200490276773,43,0,0.012,0.011316756217365633
row-0003107,doi::10.1080/00102200490276773,43,0,0.017,0.015437935505952365
row-0003108,doi::10.1080/00102200490276773,43,0,0.018,0.016690476775793574
row-0003109,doi::10.1080/00102200490276773,43,0,0.019,0.017492667251984045
row-0003112,doi::10.1080/00102200490276773,43,0,0.024,0.023813154553571397
row-0003120,doi::10.1080/00102200490276773,43,0,0.013,0.01816671645833327
row-0003121,doi::10.1080/00102200490276773,43,0,0.011,0.01816671645833327
row-0003123,doi::10.1080/00102200490276773,43,0,0.023,0.02371649662658681
row-0003131,doi::10.1080/00102200490276773,43,0,0.03,0.029465453740139546
row-0003136,doi::10.1080/00102200490276773,43,0,0.039,0.03973077034259607
row-0003146,doi::10.1080/00102200490276773,43,0,0.043,0.0510296023809527
row-0003148,doi::10.1080/00102200490276773,43,0,0.004,0.02044438355418155
row-0003151,doi::10.1016/j.combustflame.2022.112559,43,0,0.0018,0.0019791200683330454
row-0003160,doi::10.1016/j.proci.2024.105358,43,0,0.0019,0.0018823801944759808
row-0003161,doi::10.1016/j.proci.2024.105358,43,0,0.0026,0.0030318975661217523
row-0003171,doi::10.1016/j.proci.2024.105358,43,0,0.00208,0.0019340368334959395
row-0003173,doi::10.1016/j.proci.2024.105358,43,0,0.0022,0.0019298928055738935
row-0003182,doi::10.1016/j.proci.2024.105358,43,0,0.0016,0.0017901322906342426
row-0003187,doi::10.1016/j.proci.2024.105358,43,0,0.00235,0.0030274635271665047
row-0003188,doi::10.1016/j.proci.2024.105358,43,0,0.0026,0.0030274635271665047
row-0003189,doi::10.1016/j.proci.2024.105358,43,0,0.0025,0.0030274635271665047
row-0003196,doi::10.1016/j.combustflame.2022.112009,43,0,0.0013,0.001504990719220839
row-0003197,doi::10.1016/j.combustflame.2022.112009,43,0,0.0012,0.001504990719220839
row-0003199,doi::10.1016/j.combustflame.2022.112009,43,0,0.0012,0.0015034533758682294
row-0003200,doi::10.1016/j.combustflame.2022.112009,43,0,0.0014,0.0015056524248192784
row-0003204,doi::10.1016/j.combustflame.2022.112009,43,0,0.0013,0.0015917690943249795
row-0003205,doi::10.1016/j.combustflame.2022.112009,43,0,0.0012,0.0015917690943249795
row-0003206,doi::10.1016/j.combustflame.2022.112009,43,0,0.0014,0.0015917690943249795
row-0003216,doi::10.1016/j.combustflame.2022.112009,43,0,0.0013,0.0019112360894267793
row-0003233,doi::10.1016/j.combustflame.2022.112009,43,0,0.00052,0.0014524578476526472
row-0003234,doi::10.1016/j.combustflame.2022.112009,43,0,0.00055,0.0014524578476526472
row-0003235,doi::10.1016/j.combustflame.2022.112009,43,0,0.00048,0.0015383745171583482
row-0003259,doi::10.1016/j.combustflame.2022.112009,43,0,0.0037,0.009819226047148593
row-0003389,doi::10.1016/s0082-0784(06)80816-7,43,0,0.01165,0.010121828942782268
row-0003397,doi::10.1016/s0082-0784(06)80816-7,43,0,0.01057,0.009822619918466863
row-0003398,doi::10.1016/s0082-0784(06)80816-7,43,0,0.0107,0.00970838772743386
row-0003405,doi::10.1016/s0082-0784(06)80816-7,43,0,0.00869,0.008814084692555997
row-0003412,doi::10.1016/s0082-0784(06)80816-7,43,0,0.0064,0.005675248686496795
row-0003413,doi::10.1016/s0082-0784(06)80816-7,43,0,0.00602,0.005675248686496795
row-0003415,doi::10.1016/s0082-0784(06)80816-7,43,0,0.00553,0.005568879238444846
row-0003420,doi::10.1016/s0082-0784(06)80816-7,43,0,0.00507,0.005251470485678735
row-0003428,citation::s nchez tarifa c and b l zaro experiments conducted on combustion at microgravity in the texus 38 sounding rocket results and conclusions first international symposium on microgravity research and applications on physical sciences and biotechnology 2000,43,0,0.00069,0.0006085946788979463
row-0003431,citation::s nchez tarifa c and g l pez juste a study of the combustion problems of solid materials at conditions existing in space stations esa sp 433 1999,43,0,0.001,0.0007955181770005809
row-0003434,citation::s nchez tarifa c and g l pez juste a study of the combustion problems of solid materials at conditions existing in space stations esa sp 433 1999,43,0,0.00018,0.0007285318151112958
row-0003442,citation::s nchez tarifa c and m rodr guez combustion and flammability characteristics of solids at microgravity in very small velocity flows second european symposium on utilisation of the international space station nov 1998,43,0,0.0001,0.0004573067410325109
row-0003446,citation::s nchez tarifa c and m rodr guez combustion and flammability characteristics of solids at microgravity in very small velocity flows second european symposium on utilisation of the international space station nov 1998,43,0,0.0011,0.0007434619361728884
row-0003449,citation::s nchez tarifa c and m rodr guez combustion and flammability characteristics of solids at microgravity in very small velocity flows second european symposium on utilisation of the international space station nov 1998,43,0,0.0016,0.0022687588501299973
row-0003450,citation::s nchez tarifa c and m rodr guez combustion and flammability characteristics of solids at microgravity in very small velocity flows second european symposium on utilisation of the international space station nov 1998,43,0,0.0017,0.0022440042423701534
row-0003456,doi::10.1007/s12217-024-10106-y,43,0,4e-05,0.0002209469095726102
row-0003458,doi::10.1007/s12217-024-10106-y,43,0,4e-05,0.0002209469095726102
row-0003460,doi::10.1007/s12217-024-10106-y,43,0,3e-05,0.000222268711374412
row-0003476,doi::10.1016/s1540-7489(02)80315-7,43,0,0.01642,0.02194127374845513
row-0003482,doi::10.1016/s1540-7489(02)80315-7,43,0,0.00429,0.01080255377140524
row-0003483,doi::10.1016/s1540-7489(02)80315-7,43,0,0.00453,0.00943828098477061
row-0003486,doi::10.1016/s1540-7489(02)80315-7,43,0,0.0254,0.0346254158002077
row-0003491,doi::10.1016/s1540-7489(02)80315-7,43,0,0.00995,0.015765577353866085
row-0003497,doi::10.1016/s1540-7489(02)80315-7,43,0,0.06137,0.03770605261458267
row-0003502,doi::10.1016/s1540-7489(02)80315-7,43,0,0.047,0.035161791978572755
row-0003511,doi::10.1016/s1540-7489(02)80315-7,43,0,0.024,0.021830536458415786
row-0003515,citation::son youngjin paul d ronney and suleyman gokoglu comparison of carbon dioxide and helium as fire extinguishing agents for spacecraft nasa cp 2004 213205 vol2 2004 pp 409 418,43,0,0.026,0.01290720306863151
row-0003522,citation::son youngjin paul d ronney and suleyman gokoglu comparison of carbon dioxide and helium as fire extinguishing agents for spacecraft nasa cp 2004 213205 vol2 2004 pp 409 418,43,0,0.025,0.03298671926468303
row-0003526,citation::son youngjin paul d ronney and suleyman gokoglu comparison of carbon dioxide and helium as fire extinguishing agents for spacecraft nasa cp 2004 213205 vol2 2004 pp 409 418,43,0,0.0115,0.02879245776761694
row-0003529,citation::son youngjin paul d ronney and suleyman gokoglu comparison of carbon dioxide and helium as fire extinguishing agents for spacecraft nasa cp 2004 213205 vol2 2004 pp 409 418,43,0,0.0028,0.008164317445426738
row-0003537,citation::son youngjin paul d ronney and suleyman gokoglu comparison of carbon dioxide and helium as fire extinguishing agents for spacecraft nasa cp 2004 213205 vol2 2004 pp 409 418,43,0,0.044,0.0364305396137093
row-0003540,citation::son youngjin paul d ronney and suleyman gokoglu comparison of carbon dioxide and helium as fire extinguishing agents for spacecraft nasa cp 2004 213205 vol2 2004 pp 409 418,43,0,0.03694,0.03237233872865951
row-0003549,citation::son youngjin paul d ronney and suleyman gokoglu comparison of carbon dioxide and helium as fire extinguishing agents for spacecraft nasa cp 2004 213205 vol2 2004 pp 409 418,43,0,0.02778,0.03449447872391681
row-0003550,citation::son youngjin paul d ronney and suleyman gokoglu comparison of carbon dioxide and helium as fire extinguishing agents for spacecraft nasa cp 2004 213205 vol2 2004 pp 409 418,43,0,0.01694,0.028466453311636244
row-0003554,citation::son youngjin paul d ronney and suleyman gokoglu comparison of carbon dioxide and helium as fire extinguishing agents for spacecraft nasa cp 2004 213205 vol2 2004 pp 409 418,43,0,0.01291,0.014277547103990275
row-0003560,citation::son youngjin paul d ronney and suleyman gokoglu comparison of carbon dioxide and helium as fire extinguishing agents for spacecraft nasa cp 2004 213205 vol2 2004 pp 409 418,43,0,0.02845,0.01837815875348068
row-0003570,citation::son youngjin paul d ronney and suleyman gokoglu comparison of carbon dioxide and helium as fire extinguishing agents for spacecraft nasa cp 2004 213205 vol2 2004 pp 409 418,43,0,0.02708,0.014128984554714955
row-0003572,citation::son youngjin paul d ronney and suleyman gokoglu comparison of carbon dioxide and helium as fire extinguishing agents for spacecraft nasa cp 2004 213205 vol2 2004 pp 409 418,43,0,0.00944,0.01092543410157168
row-0003577,citation::son youngjin paul d ronney and suleyman gokoglu comparison of carbon dioxide and helium as fire extinguishing agents for spacecraft nasa cp 2004 213205 vol2 2004 pp 409 418,43,0,0.04429,0.043090132455203295
row-0003582,citation::son youngjin paul d ronney and suleyman gokoglu comparison of carbon dioxide and helium as fire extinguishing agents for spacecraft nasa cp 2004 213205 vol2 2004 pp 409 418,43,0,0.04405,0.03793478925037133
row-0003593,citation::son youngjin paul d ronney and suleyman gokoglu comparison of carbon dioxide and helium as fire extinguishing agents for spacecraft nasa cp 2004 213205 vol2 2004 pp 409 418,43,0,0.0186,0.044119730483896835
row-0003598,citation::son youngjin paul d ronney and suleyman gokoglu comparison of carbon dioxide and helium as fire extinguishing agents for spacecraft nasa cp 2004 213205 vol2 2004 pp 409 418,43,0,0.01091,0.011999926580175364
row-0003599,citation::son youngjin paul d ronney and suleyman gokoglu comparison of carbon dioxide and helium as fire extinguishing agents for spacecraft nasa cp 2004 213205 vol2 2004 pp 409 418,43,0,0.0217,0.021468516942874306
row-0003626,doi::10.1016/j.proci.2014.07.017,43,0,1e-05,0.0014560615439528429
row-0003635,doi::10.1016/j.proci.2014.07.017,43,0,0.00071,0.0014330957278150017
row-0003637,doi::10.1016/j.proci.2014.07.017,43,0,0.00085,0.0014354757278150021
row-0003639,doi::10.1016/j.proci.2014.07.017,43,0,0.00101,0.001444797656941431
row-0003644,doi::10.1016/j.proci.2014.07.017,43,0,0.00115,0.0014459139385070874
row-0003649,doi::10.1016/j.proci.2014.07.017,43,0,0.00573,0.0025476075853340624
row-0003650,doi::10.1016/j.proci.2014.07.017,43,0,0.0001,0.001452374158854278
row-0003652,doi::10.1016/j.proci.2014.07.017,43,0,2e-05,0.001452374158854278
row-0003657,doi::10.1016/j.proci.2014.07.017,43,0,0.00085,0.001453555663963364
row-0003659,doi::10.1016/j.proci.2014.07.017,43,0,0.00111,0.001453555663963364
row-0003672,doi::10.1016/j.proci.2014.07.017,43,0,0.0039,0.0020303673456031584
row-0003673,doi::10.1016/j.proci.2014.07.017,43,0,0.00429,0.002087395175412805
row-0003688,doi::10.1016/j.proci.2014.07.017,43,0,0.00079,0.001438828081129279
row-0003691,doi::10.1016/j.proci.2014.07.017,43,0,0.00115,0.0014569386717920847
row-0003694,doi::10.1016/j.proci.2014.07.017,43,0,0.00096,0.0014652481401534348
row-0003701,doi::10.1016/j.proci.2014.07.017,43,0,0.00185,0.0014671657701565864
row-0003730,doi::10.1016/j.proci.2014.07.017,43,0,0.0008,0.0014396454840622612
row-0003731,doi::10.1016/j.proci.2014.07.017,43,0,0.00063,0.0014396454840622612
row-0003735,doi::10.1016/j.proci.2014.07.017,43,0,0.001,0.0014408269891713471
row-0003738,doi::10.1016/j.proci.2014.07.017,43,0,0.00063,0.0014396454840622612
row-0003757,doi::10.1016/j.proci.2014.07.017,43,0,0.00046,0.001429810454189618
row-0003762,doi::10.1016/j.proci.2014.07.017,43,0,0.00117,0.0014402324830431544
row-0003764,doi::10.1016/j.proci.2014.07.017,43,0,0.0008,0.001431214856103494
row-0003772,doi::10.1016/j.proci.2014.07.017,43,0,0.00048,0.0014402324830431544
row-0004084,citation::takahashi shuhei takeshi nagumo kazunori wakai and subrata bhattacharjee effects of ambient condition on flame spread over a thin pmma sheet jsme international journal series b 43 4 2000 556 562,43,0,0.0611,0.049118665269841426
row-0004098,citation::takahashi shuhei takeshi nagumo kazunori wakai and subrata bhattacharjee effects of ambient condition on flame spread over a thin pmma sheet jsme international journal series b 43 4 2000 556 562,43,0,0.00165,0.0016702647247110146
row-0004107,citation::takahashi shuhei takeshi nagumo kazunori wakai and subrata bhattacharjee effects of ambient condition on flame spread over a thin pmma sheet jsme international journal series b 43 4 2000 556 562,43,0,0.00092,0.0014612163817207054
row-0004112,citation::takahashi shuhei takeshi nagumo kazunori wakai and subrata bhattacharjee effects of ambient condition on flame spread over a thin pmma sheet jsme international journal series b 43 4 2000 556 562,43,0,0.00049,0.0014178724946666834
row-0004122,citation::takahashi shuhei takeshi nagumo kazunori wakai and subrata bhattacharjee effects of ambient condition on flame spread over a thin pmma sheet jsme international journal series b 43 4 2000 556 562,43,0,0.00113,0.0008881482206405283
row-0004123,citation::takahashi shuhei takeshi nagumo kazunori wakai and subrata bhattacharjee effects of ambient condition on flame spread over a thin pmma sheet jsme international journal series b 43 4 2000 556 562,43,0,0.00104,0.0008881482206405283
row-0004124,citation::takahashi shuhei takeshi nagumo kazunori wakai and subrata bhattacharjee effects of ambient condition on flame spread over a thin pmma sheet jsme international journal series b 43 4 2000 556 562,43,0,0.00049,0.00032849444656825295
row-0004126,citation::takahashi shuhei takeshi nagumo kazunori wakai and subrata bhattacharjee effects of ambient condition on flame spread over a thin pmma sheet jsme international journal series b 43 4 2000 556 562,43,0,0.0003,0.0001706666533497249
row-0004127,citation::takahashi shuhei takeshi nagumo kazunori wakai and subrata bhattacharjee effects of ambient condition on flame spread over a thin pmma sheet jsme international journal series b 43 4 2000 556 562,43,0,0.00025,0.0001706666533497249
row-0004133,citation::takahashi shuhei takeshi nagumo kazunori wakai and subrata bhattacharjee effects of ambient condition on flame spread over a thin pmma sheet jsme international journal series b 43 4 2000 556 562,43,0,0.00017,0.00014745719914141032
row-0004135,citation::takahashi shuhei takeshi nagumo kazunori wakai and subrata bhattacharjee effects of ambient condition on flame spread over a thin pmma sheet jsme international journal series b 43 4 2000 556 562,43,0,0.0001,0.00013925012394071698
row-0004139,citation::takahashi shuhei takeshi nagumo kazunori wakai and subrata bhattacharjee effects of ambient condition on flame spread over a thin pmma sheet jsme international journal series b 43 4 2000 556 562,43,0,6e-05,0.00013925012394071698
row-0004143,citation::takahashi shuhei takeshi nagumo kazunori wakai and subrata bhattacharjee effects of ambient condition on flame spread over a thin pmma sheet jsme international journal series b 43 4 2000 556 562,43,0,0.06336,0.0491831252698411
row-0004147,citation::takahashi shuhei takeshi nagumo kazunori wakai and subrata bhattacharjee effects of ambient condition on flame spread over a thin pmma sheet jsme international journal series b 43 4 2000 556 562,43,0,0.01993,0.023950316646051604
row-0004149,citation::takahashi shuhei takeshi nagumo kazunori wakai and subrata bhattacharjee effects of ambient condition on flame spread over a thin pmma sheet jsme international journal series b 43 4 2000 556 562,43,0,0.0061,0.004183517529954266
row-0004151,citation::takahashi shuhei takeshi nagumo kazunori wakai and subrata bhattacharjee effects of ambient condition on flame spread over a thin pmma sheet jsme international journal series b 43 4 2000 556 562,43,0,0.0049,0.004242418883636498
row-0004152,citation::takahashi shuhei takeshi nagumo kazunori wakai and subrata bhattacharjee effects of ambient condition on flame spread over a thin pmma sheet jsme international journal series b 43 4 2000 556 562,43,0,0.00425,0.004532080980689633
row-0004156,citation::takahashi shuhei takeshi nagumo kazunori wakai and subrata bhattacharjee effects of ambient condition on flame spread over a thin pmma sheet jsme international journal series b 43 4 2000 556 562,43,0,0.00202,0.002518597893198005
row-0004160,citation::takahashi shuhei takeshi nagumo kazunori wakai and subrata bhattacharjee effects of ambient condition on flame spread over a thin pmma sheet jsme international journal series b 43 4 2000 556 562,43,0,0.00156,0.0009365426625172441
row-0004163,citation::takahashi shuhei takeshi nagumo kazunori wakai and subrata bhattacharjee effects of ambient condition on flame spread over a thin pmma sheet jsme international journal series b 43 4 2000 556 562,43,0,0.00104,0.0006536011098897502
row-0004168,citation::takahashi shuhei takeshi nagumo kazunori wakai and subrata bhattacharjee effects of ambient condition on flame spread over a thin pmma sheet jsme international journal series b 43 4 2000 556 562,43,0,0.00052,0.0008423263775571528
row-0004171,citation::takahashi shuhei takeshi nagumo kazunori wakai and subrata bhattacharjee effects of ambient condition on flame spread over a thin pmma sheet jsme international journal series b 43 4 2000 556 562,43,0,0.00044,0.0008505667688214996
row-0004217,citation::takahashi shuhei et al effect of ambient gas on flame spread over a solid material in microgravity journal of the japanese society for microgravity application vol 24 no 3 2007 pp 225 230,43,0,0.012,0.004817247252282096
row-0004220,citation::takahashi shuhei et al effect of ambient gas on flame spread over a solid material in microgravity journal of the japanese society for microgravity application vol 24 no 3 2007 pp 225 230,43,0,0.0083,0.003934641729006902
row-0004234,doi::10.1016/j.proci.2018.06.022,43,0,0.00353,0.004114704183213731
row-0004235,doi::10.1016/j.proci.2018.06.022,43,0,0.00292,0.003935714015541398
row-0004236,doi::10.1016/j.proci.2018.06.022,43,0,0.00274,0.003935714015541398
row-0004249,doi::10.1016/j.proci.2018.06.022,43,0,0.00267,0.003473627668867325
row-0004251,doi::10.1016/j.proci.2018.06.022,43,0,0.00404,0.0034538671918483135
row-0004252,doi::10.1016/j.proci.2018.06.022,43,0,0.00425,0.003509242644270882
row-0004254,doi::10.1016/j.proci.2018.06.022,43,0,0.00505,0.0040696035935806904
row-0004256,doi::10.1016/j.proci.2018.06.022,43,0,0.00336,0.004005773206693232
row-0004259,doi::10.1016/j.proci.2018.06.022,43,0,0.00228,0.004168125819399077
row-0004260,doi::10.1016/j.proci.2018.06.022,43,0,0.00327,0.003958907373021494
row-0004264,doi::10.1016/j.proci.2018.06.022,43,0,0.00422,0.0041855570899724795
row-0004272,doi::10.1016/j.proci.2018.06.022,43,0,0.00535,0.0037407002732677153
row-0004276,doi::10.1016/j.proci.2018.06.022,43,0,0.00164,0.0024625595630378867
row-0004284,doi::10.1016/j.proci.2018.06.022,43,0,0.00191,0.0026532875717209126
row-0004288,doi::10.1016/j.proci.2018.06.022,43,0,0.00033,0.0027143298961507124
row-0004298,doi::10.1016/j.proci.2018.06.022,43,0,0.00142,0.002369763462452115
row-0004299,doi::10.1016/j.proci.2018.06.022,43,0,0.002,0.0023317590870719825
row-0004304,doi::10.1016/j.proci.2018.06.022,43,0,0.00371,0.0023891970654432403
row-0004315,doi::10.1038/s41598-017-18398-4,43,0,0.00178,0.0014413562642286654
row-0004316,doi::10.1038/s41598-017-18398-4,43,0,0.00229,0.0014435221791222826
row-0004318,doi::10.1038/s41598-017-18398-4,43,0,0.00262,0.0014435221791222826
row-0004322,doi::10.1038/s41598-017-18398-4,43,0,0.00148,0.001463194869444295
row-0004332,doi::10.1038/s41598-017-18398-4,43,0,0.00163,0.0014620170757627992
row-0004342,doi::10.1038/s41598-017-18398-4,43,0,0.00119,0.0014608262085605323
row-0004348,doi::10.1016/s1540-7489(02)80314-5,43,0,0.04266,0.038124736126983805
row-0004368,doi::10.1016/s1540-7489(02)80314-5,43,0,0.00919,0.00902951905602933
row-0004370,doi::10.1016/s1540-7489(02)80314-5,43,0,0.00996,0.010384595557496481
row-0004375,doi::10.1016/s1540-7489(02)80314-5,43,0,0.00955,0.010721955652473917
row-0004376,doi::10.1016/s1540-7489(02)80314-5,43,0,0.00874,0.010661282319140597
row-0004378,doi::10.1016/s1540-7489(02)80314-5,43,0,0.00947,0.009292582528206
row-0004382,doi::10.1016/s1540-7489(02)80314-5,43,0,0.01276,0.01599292778180508
row-0004386,doi::10.1016/s1540-7489(02)80314-5,43,0,0.00462,0.006301239149948765
row-0004442,citation::urban david l interactions between flames on parallel solid surfaces nasa 0 combustion workshop n96 15588 1997,43,0,0.01619,0.009566098441136726
row-0004443,citation::urban david l interactions between flames on parallel solid surfaces nasa 0 combustion workshop n96 15588 1997,43,0,0.01466,0.009566098441136726
row-0004748,doi::10.1007/s10694-019-00878-w,43,0,0.1194,0.052640265540241364
row-0004752,doi::10.1007/s10694-019-00878-w,43,0,0.0825,0.06641770666666685
row-0004758,doi::10.1007/s12217-015-9419-z,43,0,0.01325,0.010545170226848394
row-0004771,doi::10.1007/s10694-019-00896-8,43,0,6e-05,0.00012607382453772795
row-0004772,doi::10.1007/s10694-019-00896-8,43,0,0.0001,0.00014838124528458868
row-0004780,doi::10.1007/s10694-019-00896-8,43,0,5e-05,0.00014761183288363686
row-0004785,doi::10.1007/s10694-019-00896-8,43,0,0.00059,0.0003650841328326901
row-0004786,doi::10.1007/s10694-019-00896-8,43,0,0.00061,0.00036521513283269006
row-0004800,doi::10.1007/s10694-019-00896-8,43,0,0.0018,0.0015521516191205295
row-0004810,doi::10.1007/s10694-019-00896-8,43,0,0.00056,0.00034750718133715476
row-0004813,doi::10.1007/s10694-019-00896-8,43,0,0.00141,0.0013434406924895097
row-0004830,doi::10.1007/s10694-019-00896-8,43,0,0.00013,0.000180007975563154
row-0004835,doi::10.1007/s10694-019-00896-8,43,0,0.00016,0.00014765817949511503
row-0004846,doi::10.1007/s10694-019-00896-8,43,0,0.00058,0.00036487336360192086
row-0004848,doi::10.1007/s10694-019-00896-8,43,0,0.00064,0.00036521513283269006
row-0004852,doi::10.1007/s10694-019-00896-8,43,0,0.00062,0.00036521513283269006
row-0004856,doi::10.1007/s10694-019-00896-8,43,0,0.0013,0.0013790764026662696
row-0004860,doi::10.1007/s10694-019-00896-8,43,0,0.0015,0.001472519117528258
row-0004915,doi::10.1016/j.proci.2024.105199,43,0,0.0058,0.0042837624652116565
row-0004916,doi::10.1016/j.proci.2024.105199,43,0,0.0035,0.004185892787403652
row-0004919,doi::10.1016/j.proci.2024.105199,43,0,0.0034,0.004165854723920341
row-0004931,doi::10.1016/j.proci.2024.105199,43,0,0.0021,0.0016842863871195483
row-0004933,doi::10.1016/j.proci.2024.105199,43,0,0.00175,0.0016641420706575971
row-0004938,doi::10.1016/j.proci.2016.06.028,43,0,0.00275,0.0014651719152325078
row-0004941,doi::10.1016/j.proci.2016.06.028,43,0,0.0007,0.0014182810818953605
row-0004944,doi::10.1016/j.proci.2016.06.028,43,0,0.0009,0.0014156088091981912
row-0004993,doi::10.1007/s12217-018-9655-0,43,0,0.0001,0.00028671548099049515
row-0004996,doi::10.1007/s12217-018-9655-0,43,0,3e-05,0.00022708028276553408
row-0004997,doi::10.1007/s12217-018-9655-0,43,0,0.00048,0.00024594706866405875
row-0004998,doi::10.1007/s12217-018-9655-0,43,0,0.00058,0.0009792080642467623
row-0005019,doi::10.1007/s12217-018-9655-0,43,0,6e-05,0.0001626950107289221
row-0005036,doi::10.1007/s12217-022-09945-4,43,0,0.0125,0.013095577821414772
row-0005050,doi::10.1016/j.combustflame.2019.03.040,43,0,2e-05,0.00027950039100881795
row-0000004,citation::andracchio charles r and john c aydelott comparison of flame spreading over thin flat surfaces in normal gravity and weightlessness in an oxygen environment nasa technical memorandum nasa tm x 1992 1970,43,1,0.036,0.045076047761904686
row-0000013,citation::andracchio charles r and john c aydelott comparison of flame spreading over thin flat surfaces in normal gravity and weightlessness in an oxygen environment nasa technical memorandum nasa tm x 1992 1970,43,1,0.032,0.03143521988095241
row-0000015,citation::andracchio charles r and john c aydelott comparison of flame spreading over thin flat surfaces in normal gravity and weightlessness in an oxygen environment nasa technical memorandum nasa tm x 1992 1970,43,1,0.098,0.10132200000000073
row-0000023,citation::andracchio charles r and john c aydelott comparison of flame spreading over thin flat surfaces in normal gravity and weightlessness in an oxygen environment nasa technical memorandum nasa tm x 1992 1970,43,1,0.116,0.10163518333333281
row-0000028,citation::andracchio charles r and john c aydelott comparison of flame spreading over thin flat surfaces in normal gravity and weightlessness in an oxygen environment nasa technical memorandum nasa tm x 1992 1970,43,1,0.015,0.014210021569433703
row-0000039,citation::andracchio charles r and thomas h cochran burning of solids in oxygen rich environments in normal and reduced gravity nasa technical memorandum x 3055 national aeronautics and space administration may 1974,43,1,0.07,0.06589700000000008
row-0000052,citation::andracchio charles r and thomas h cochran gravity effects on flame spreading over solid surfaces nasa technical note d 8228 national aeronautics and space administration may 1976,43,1,0.0204,0.019476595428571317
row-0000054,citation::andracchio charles r and thomas h cochran gravity effects on flame spreading over solid surfaces nasa technical note d 8228 national aeronautics and space administration may 1976,43,1,0.0192,0.01885629714285712
row-0000058,citation::andracchio charles r and thomas h cochran gravity effects on flame spreading over solid surfaces nasa technical note d 8228 national aeronautics and space administration may 1976,43,1,0.0162,0.01968847209523807
row-0000063,citation::andracchio charles r and thomas h cochran gravity effects on flame spreading over solid surfaces nasa technical note d 8228 national aeronautics and space administration may 1976,43,1,0.02,0.024100678793650937
row-0000066,citation::andracchio charles r and thomas h cochran gravity effects on flame spreading over solid surfaces nasa technical note d 8228 national aeronautics and space administration may 1976,43,1,0.0079,0.015082372163503157
row-0000067,citation::andracchio charles r and thomas h cochran gravity effects on flame spreading over solid surfaces nasa technical note d 8228 national aeronautics and space administration may 1976,43,1,0.0224,0.01696609021650214
row-0000068,citation::andracchio charles r and thomas h cochran gravity effects on flame spreading over solid surfaces nasa technical note d 8228 national aeronautics and space administration may 1976,43,1,0.015,0.016239447850840652
row-0000078,citation::andracchio charles r and thomas h cochran gravity effects on flame spreading over solid surfaces nasa technical note d 8228 national aeronautics and space administration may 1976,43,1,0.032,0.030493406666666726
row-0000085,citation::andracchio charles r and thomas h cochran gravity effects on flame spreading over solid surfaces nasa technical note d 8228 national aeronautics and space administration may 1976,43,1,0.024,0.046551669952380775
row-0000088,citation::andracchio charles r and thomas h cochran gravity effects on flame spreading over solid surfaces nasa technical note d 8228 national aeronautics and space administration may 1976,43,1,0.078,0.051017248253968035
row-0000090,citation::andracchio charles r and thomas h cochran gravity effects on flame spreading over solid surfaces nasa technical note d 8228 national aeronautics and space administration may 1976,43,1,0.0335,0.028905170874493912
row-0000097,citation::andracchio charles r and thomas h cochran gravity effects on flame spreading over solid surfaces nasa technical note d 8228 national aeronautics and space administration may 1976,43,1,0.0432,0.047525400263736244
row-0000102,citation::andracchio charles r and thomas h cochran gravity effects on flame spreading over solid surfaces nasa technical note d 8228 national aeronautics and space administration may 1976,43,1,0.0489,0.049056694063492064
row-0000107,citation::andracchio charles r and thomas h cochran gravity effects on flame spreading over solid surfaces nasa technical note d 8228 national aeronautics and space administration may 1976,43,1,0.0169,0.027738590260236024
row-0000118,citation::andracchio charles r and thomas h cochran gravity effects on flame spreading over solid surfaces nasa technical note d 8228 national aeronautics and space administration may 1976,43,1,0.0086,0.011983858245119423
row-0000128,doi::10.1080/01457632.2025.2529751,43,1,0.00116,0.001974556388994454
row-0000131,doi::10.1080/01457632.2025.2529751,43,1,0.00212,0.002045734329533586
row-0000136,doi::10.1016/j.proci.2016.06.025,43,1,0.002,0.001394173569180152
row-0000145,doi::10.1016/j.proci.2016.06.025,43,1,0.0011,0.0013862561227980207
row-0000148,doi::10.1016/j.proci.2016.06.025,43,1,0.00145,0.0013862561227980207
row-0000151,doi::10.1016/j.proci.2016.06.025,43,1,0.0009,0.0013862561227980207
row-0000177,doi::10.1016/j.firesaf.2015.11.011,43,1,0.0036,0.004312677490032166
row-0000185,doi::10.1016/j.firesaf.2015.11.011,43,1,0.00223,0.0014311427594415258
row-0000187,doi::10.1016/j.firesaf.2015.11.011,43,1,0.00069,0.001402587248323292
row-0000192,doi::10.1016/j.firesaf.2015.11.011,43,1,0.0048,0.005560861779028819
row-0000193,doi::10.1016/j.firesaf.2015.11.011,43,1,0.004,0.0066748243988570734
row-0000194,doi::10.1016/j.firesaf.2015.11.011,43,1,0.0021,0.0014311427594415258
row-0000256,doi::10.1016/j.combustflame.2020.12.005,43,1,0.083,0.0854772044444444
row-0000257,doi::10.1016/j.combustflame.2020.12.005,43,1,0.113,0.14059712857142853
row-0000264,doi::10.1016/j.combustflame.2020.12.005,43,1,0.211,0.14225421269841282
row-0000267,doi::10.5802/crmeca.149,43,1,0.00125,0.0014153562951019895
row-0000272,doi::10.5802/crmeca.149,43,1,0.0009,0.000771227119075489
row-0000286,doi::10.5802/crmeca.149,43,1,0.00126,0.0014153562951019895
row-0000293,doi::10.5802/crmeca.149,43,1,0.00137,0.0014153562951019895
row-0000298,doi::10.1016/s1540-7489(02)80211-3,43,1,0.013,0.01276883616757722
row-0000299,doi::10.1016/s1540-7489(02)80211-3,43,1,0.015,0.01279048616757722
row-0000311,doi::10.1016/s1540-7489(02)80211-3,43,1,0.0095,0.015618179135660772
row-0000312,doi::10.1016/s1540-7489(02)80211-3,43,1,0.008,0.013534784044999942
row-0000340,citation::ferkul paul v an experimental study of opposed flow diffusion flame extinction over a thin fuel in 0 nasa cr 182185 1989,43,1,0.0087,0.006268266457596565
row-0000344,citation::ferkul paul v an experimental study of opposed flow diffusion flame extinction over a thin fuel in 0 nasa cr 182185 1989,43,1,0.0036,0.004766214559567327
row-0000345,citation::ferkul paul v an experimental study of opposed flow diffusion flame extinction over a thin fuel in 0 nasa cr 182185 1989,43,1,0.0027,0.0033664039018286357
row-0000365,doi::10.1016/s1540-7489(02)80310-8,43,1,0.0019,0.0014598792502906522
row-0000366,doi::10.1016/s1540-7489(02)80310-8,43,1,0.00175,0.001456737598869483
row-0000384,doi::10.1016/s1540-7489(02)80310-8,43,1,0.0042,0.0028144468952390287
row-0000385,doi::10.1016/s1540-7489(02)80310-8,43,1,0.0045,0.0027858309039676195
row-0000430,citation::grayson g d k r sacksteder p v ferkul and j s t ien flame spreading over a thin solid in low speed concurrent flow drop tower experimental results and comparison with theory 0 science and technology vii 2 1994,43,1,0.003,0.0037504138192422445
row-0000434,citation::grayson g d k r sacksteder p v ferkul and j s t ien flame spreading over a thin solid in low speed concurrent flow drop tower experimental results and comparison with theory 0 science and technology vii 2 1994,43,1,0.0056,0.004064871363932061
row-0000445,citation::grayson g d k r sacksteder p v ferkul and j s t ien flame spreading over a thin solid in low speed concurrent flow drop tower experimental results and comparison with theory 0 science and technology vii 2 1994,43,1,0.009,0.007637571055685582
row-0000446,citation::grayson g d k r sacksteder p v ferkul and j s t ien flame spreading over a thin solid in low speed concurrent flow drop tower experimental results and comparison with theory 0 science and technology vii 2 1994,43,1,0.0103,0.015183408340149786
row-0000450,doi::10.1016/j.combustflame.2020.09.003,43,1,0.00142,0.0014153562951019895
row-0000452,doi::10.1016/j.combustflame.2020.09.003,43,1,0.00138,0.0014153562951019895
row-0000454,doi::10.1016/j.combustflame.2020.07.044,43,1,0.00124,0.0014143969784215602
row-0000469,doi::10.1016/j.combustflame.2020.07.044,43,1,0.0013,0.0014153562951019895
row-0000471,doi::10.1016/j.combustflame.2020.07.044,43,1,0.00121,0.0014153562951019895
row-0000474,doi::10.1016/j.combustflame.2020.07.044,43,1,0.00135,0.0014153562951019895
row-0000477,doi::10.1016/j.combustflame.2020.07.044,43,1,0.00131,0.0014153562951019895
row-0000478,doi::10.1016/j.combustflame.2020.07.044,43,1,0.00167,0.0014316845884226423
row-0000485,doi::10.1016/j.combustflame.2020.07.044,43,1,0.00131,0.0014358204531132281
row-0000488,doi::10.1016/j.combustflame.2020.07.044,43,1,0.00106,0.0014143969784215602
row-0000491,doi::10.1016/j.combustflame.2020.07.044,43,1,0.0012,0.0014153562951019895
row-0000492,doi::10.1016/j.combustflame.2020.07.044,43,1,0.00136,0.0014153562951019895
row-0000506,doi::10.1016/j.combustflame.2020.07.044,43,1,0.00134,0.0014153562951019895
row-0000512,doi::10.1016/j.combustflame.2020.07.044,43,1,0.0014,0.0014153562951019895
row-0000515,doi::10.1016/j.combustflame.2020.07.044,43,1,0.00141,0.0014153562951019895
row-0000526,doi::10.1016/j.combustflame.2020.07.044,43,1,0.00137,0.0014153562951019895
row-0000528,doi::10.1016/j.combustflame.2020.07.044,43,1,0.00119,0.0014153562951019895
row-0000529,doi::10.1016/j.combustflame.2020.07.044,43,1,0.00115,0.0014153562951019895
row-0000535,doi::10.1016/j.combustflame.2020.07.044,43,1,0.00133,0.0014153562951019895
row-0000540,doi::10.1016/j.combustflame.2020.07.044,43,1,0.00141,0.0014153562951019895
row-0000541,doi::10.1016/j.combustflame.2020.07.044,43,1,0.00141,0.0014153562951019895
row-0000559,doi::10.1016/j.proci.2018.06.022,43,1,3e-05,0.00021985784614132105
row-0000567,doi::10.1016/j.proci.2018.06.022,43,1,3e-05,8.692955412268789e-05
row-0000571,doi::10.1016/j.proci.2018.06.022,43,1,0.0001,9.093892175931486e-05
row-0000574,doi::10.1016/j.proci.2018.06.022,43,1,7e-05,8.733192151234631e-05
row-0000575,doi::10.1016/j.proci.2018.06.022,43,1,4e-05,8.723826354133182e-05
row-0000580,doi::10.1016/j.proci.2018.06.022,43,1,1e-05,8.586729750673349e-05
row-0000582,doi::10.1016/j.proci.2018.06.022,43,1,9e-05,8.7366143596649e-05
row-0000589,doi::10.1016/j.proci.2018.06.022,43,1,5e-05,8.717071922924129e-05
row-0000604,doi::10.1016/j.proci.2018.06.022,43,1,8e-05,8.726581271429605e-05
row-0000614,doi::10.1016/j.proci.2018.06.022,43,1,0.00013,8.742701499740108e-05
row-0000619,doi::10.1016/j.proci.2018.06.022,43,1,9e-05,8.742701499740108e-05
row-0000622,doi::10.1016/j.proci.2018.06.022,43,1,6e-05,8.71163693578269e-05
row-0000623,doi::10.1016/j.proci.2018.06.022,43,1,7e-05,8.71163693578269e-05
row-0000624,doi::10.1016/j.proci.2018.06.022,43,1,0.0001,8.71163693578269e-05
row-0000636,doi::10.1016/s0082-0784(98)80102-1,43,1,0.0042,0.003155951489424679
row-0000640,doi::10.1016/s0082-0784(98)80017-6,43,1,0.0071,0.004839556409448882
row-0000643,doi::10.1016/s0082-0784(98)80017-6,43,1,0.006,0.0033400875803639815
row-0000648,doi::10.1016/s0082-0784(98)80017-6,43,1,0.0049,0.003309315641950917
row-0000652,doi::10.1016/s0082-0784(98)80017-6,43,1,0.0039,0.003175925323363068
row-0000655,doi::10.1016/s0082-0784(98)80017-6,43,1,0.0057,0.00476417771374181
row-0000661,doi::10.1016/s0082-0784(98)80017-6,43,1,0.0045,0.004708260084835908
row-0000667,doi::10.1016/s0082-0784(98)80017-6,43,1,0.0,0.0030657727647341775
row-0000678,citation::kimzey john howard flammability during weightlessness nasa technical memorandum nasa tm x 58001 may 1966,43,1,0.00381,0.005935448412698422
row-0000698,citation::kimzey john howard flammability during weightlessness nasa technical memorandum nasa tm x 58001 may 1966,43,1,0.02794,0.013560200476190474
row-0000711,doi::10.1016/j.combustflame.2008.05.023,43,1,0.0028,0.0039497679330814375
row-0000713,doi::10.1016/j.combustflame.2008.05.023,43,1,0.0029,0.01523812903158187
row-0000721,doi::10.1016/j.combustflame.2008.05.023,43,1,0.0044,0.0032546180581878976
row-0000722,doi::10.1016/j.combustflame.2008.05.023,43,1,0.0047,0.0032546180581878976
row-0000727,doi::10.1016/j.combustflame.2008.05.023,43,1,0.0025,0.0029649166399795136
row-0000729,doi::10.1016/j.combustflame.2008.05.023,43,1,0.0016,0.002957430505220408
row-0000734,doi::10.1016/j.combustflame.2008.05.023,43,1,0.0033,0.0029771294825870582
row-0000735,doi::10.1016/j.combustflame.2008.05.023,43,1,0.0028,0.0029834210280680795
row-0000739,doi::10.1016/j.combustflame.2008.05.023,43,1,0.0037,0.0035059653280662376
row-0000741,doi::10.1016/j.combustflame.2008.05.023,43,1,0.0044,0.0035059653280662376
row-0000745,doi::10.1016/j.combustflame.2008.05.023,43,1,0.0009,0.002983095573350828
row-0000761,doi::10.1016/j.combustflame.2008.05.023,43,1,0.0046,0.0034605964747099443
row-0000774,doi::10.1007/s10694-019-00862-4,43,1,0.0,0.00014975111772213
row-0000775,doi::10.1007/s10694-019-00862-4,43,1,0.00019,0.00014975111772213
row-0000796,doi::10.1016/j.firesaf.2023.103989,43,1,0.003,0.003008237322092355
row-0000812,doi::10.1016/j.firesaf.2023.103989,43,1,0.0029,0.003004228741712811
row-0000816,doi::10.1016/j.firesaf.2023.103989,43,1,0.00225,0.002997432493304299
row-0000827,doi::10.1016/j.firesaf.2023.103989,43,1,0.0027,0.0030314022449602347
row-0000833,doi::10.1016/j.firesaf.2023.103989,43,1,0.0028,0.0030404772534085495
row-0000890,doi::10.1016/j.firesaf.2023.103989,43,1,0.0024,0.002977870493787692
row-0000894,doi::10.1016/j.firesaf.2023.103989,43,1,0.0022,0.0029562717058525373
row-0000908,doi::10.1016/j.firesaf.2023.103989,43,1,0.0024,0.0029997835728478583
row-0000913,doi::10.1016/j.firesaf.2023.103989,43,1,0.0025,0.003021030592989941
row-0000919,doi::10.1016/j.firesaf.2023.103989,43,1,0.00275,0.0030434959295681263
row-0000921,doi::10.1016/j.firesaf.2023.103989,43,1,0.003,0.0030434959295681263
row-0000937,doi::10.1016/j.firesaf.2023.103989,43,1,0.002,0.002940849107485767
row-0000938,doi::10.1016/j.firesaf.2023.103989,43,1,0.0015,0.0029383958256324855
row-0000941,doi::10.1016/j.firesaf.2023.103989,43,1,0.0026,0.0030163446805768
row-0000942,doi::10.1016/j.firesaf.2023.103989,43,1,0.0024,0.003012954114801995
row-0000958,doi::10.1016/j.firesaf.2023.103989,43,1,0.0027,0.0030881198368964764
row-0000963,doi::10.1016/j.firesaf.2023.103989,43,1,0.0038,0.0031030126153529956
row-0001043,doi::10.1016/j.firesaf.2023.103989,43,1,0.0026,0.003028615113043906
row-0001044,doi::10.1016/j.firesaf.2023.103989,43,1,0.003,0.003028615113043906
row-0001055,doi::10.1016/j.firesaf.2023.103989,43,1,0.0035,0.00309497330386751
row-0001059,doi::10.1016/j.firesaf.2023.103989,43,1,0.0039,0.003100577912620826
row-0001063,doi::10.1016/j.firesaf.2023.103989,43,1,0.001,0.0018401257694880204
row-0001078,doi::10.1016/j.firesaf.2023.103989,43,1,0.0012,0.002167503035734278
row-0001122,doi::10.1016/j.firesaf.2023.103989,43,1,0.0011,0.002089317103543258
row-0001133,doi::10.1016/j.firesaf.2023.103989,43,1,0.0014,0.003509578918371567
row-0001141,doi::10.1016/j.firesaf.2023.103989,43,1,0.0018,0.0014314368024272402
row-0001164,doi::10.1016/j.firesaf.2023.103989,43,1,0.0017,0.0017837828956206695
row-0001165,doi::10.1016/j.firesaf.2023.103989,43,1,0.0017,0.0017837828956206695
row-0001194,doi::10.1016/j.firesaf.2023.103989,43,1,0.0018,0.0014353767341263256
row-0001198,doi::10.1016/j.firesaf.2023.103989,43,1,0.0014,0.0014169659155531475
row-0001201,doi::10.1016/j.firesaf.2023.103989,43,1,0.0015,0.0017492386223351849
row-0001205,doi::10.1016/j.firesaf.2023.103989,43,1,0.0016,0.0017771315082635106
row-0001223,doi::10.1016/j.proci.2024.105199,43,1,0.0015,0.0014787747613918642
row-0001225,doi::10.1016/j.proci.2024.105199,43,1,0.002,0.0014777862758515294
row-0001230,doi::10.1016/j.proci.2024.105199,43,1,0.0018,0.0014772997613918643
row-0001231,doi::10.1016/j.proci.2024.105199,43,1,0.0019,0.0014772997613918643
row-0001259,doi::10.1007/s10694-019-00935-4,43,1,0.00023,0.00042590930701006595
row-0001264,doi::10.1007/s10694-019-00935-4,43,1,0.00035,0.0004312541549150755
row-0001334,doi::10.1016/j.proci.2022.07.002,43,1,0.0025,0.003042889846033326
row-0001345,doi::10.1016/j.proci.2022.07.002,43,1,0.0019,0.0030354138244861532
row-0001370,doi::10.1016/j.proci.2022.07.002,43,1,0.0027,0.003029380653484891
row-0001374,doi::10.1016/j.proci.2022.07.002,43,1,0.0024,0.0030176442017043462
row-0001444,doi::10.1016/j.proci.2022.07.002,43,1,0.0022,0.0014353767341263256
row-0001446,doi::10.1016/j.proci.2022.07.002,43,1,0.0021,0.0014353767341263256
row-0001455,doi::10.1016/j.proci.2022.07.002,43,1,0.0015,0.0014349039319055614
row-0001468,doi::10.1016/j.proci.2022.07.002,43,1,0.0024,0.0014302332731325196
row-0001471,doi::10.1016/j.proci.2022.07.002,43,1,0.0015,0.0014302332731325196
row-0001584,doi::10.1016/j.proci.2024.105775,43,1,0.00569,0.00823901841434463
row-0001587,doi::10.1016/j.proci.2024.105775,43,1,0.00783,0.0082780297436488
row-0001603,doi::10.1016/j.proci.2024.105775,43,1,0.00669,0.008273513818353149
row-0001608,doi::10.1016/j.proci.2024.105775,43,1,0.00666,0.008271426568353148
row-0001610,doi::10.1016/j.proci.2024.105775,43,1,0.00729,0.008267917256612257
row-0001618,doi::10.1016/j.proci.2024.105775,43,1,0.00702,0.008495464701454092
row-0001622,doi::10.1016/j.proci.2024.105775,43,1,0.00847,0.008634972547539498
row-0001625,doi::10.1016/j.proci.2024.105775,43,1,0.01036,0.008669613262037423
row-0001626,doi::10.1016/j.proci.2024.105775,43,1,0.01209,0.00887619290254573
row-0001628,doi::10.1016/j.proci.2024.105775,43,1,0.01008,0.00869547819061931
row-0001632,doi::10.1016/j.proci.2024.105775,43,1,0.01181,0.008874171235879065
row-0001636,doi::10.1016/j.proci.2024.105775,43,1,0.00792,0.008592399227254582
row-0001646,doi::10.1007/s12217-024-10147-3,43,1,0.00739,0.008273513818353149
row-0001647,doi::10.1007/s12217-024-10147-3,43,1,0.00727,0.008273513818353149
row-0001652,doi::10.1007/s12217-024-10147-3,43,1,0.00594,0.00842639862293461
row-0001653,doi::10.1007/s12217-024-10147-3,43,1,0.0061,0.008443810466816469
row-0001668,doi::10.1007/s12217-024-10147-3,43,1,0.00952,0.008666665531889153
row-0001669,doi::10.1007/s12217-024-10147-3,43,1,0.0115,0.009067442144969974
row-0001670,doi::10.1007/s12217-024-10147-3,43,1,0.00808,0.008593719227254581
row-0001672,doi::10.1007/s12217-024-10147-3,43,1,0.01117,0.009057564644969974
row-0001673,doi::10.1007/s12217-024-10147-3,43,1,0.00801,0.008587665560587918
row-0001733,doi::10.1016/j.proci.2024.105255,43,1,0.00151,0.0014169659155531475
row-0001734,doi::10.1016/j.proci.2024.105255,43,1,0.00169,0.0014169659155531475
row-0001738,doi::10.1016/j.proci.2024.105255,43,1,0.0018,0.0014353767341263256
row-0001739,doi::10.1016/j.proci.2024.105255,43,1,0.00202,0.0014375586295511623
row-0001740,doi::10.1016/j.proci.2024.105255,43,1,0.00188,0.0014353767341263256
row-0001741,doi::10.1016/j.proci.2024.105255,43,1,0.00191,0.0014353767341263256
row-0001742,doi::10.1016/j.proci.2024.105255,43,1,0.00182,0.0014405755033570946
row-0001743,doi::10.1016/j.proci.2024.105255,43,1,0.00192,0.0014321312756433466
row-0001744,doi::10.1038/s41598-017-18398-4,43,1,6e-05,9.020049317263311e-05
row-0001748,doi::10.1038/s41598-017-18398-4,43,1,5e-05,9.020049317263311e-05
row-0001750,doi::10.1038/s41598-017-18398-4,43,1,7e-05,9.020049317263311e-05
row-0001751,doi::10.1038/s41598-017-18398-4,43,1,5e-05,8.727757164093194e-05
row-0001752,doi::10.1038/s41598-017-18398-4,43,1,9e-05,8.7366143596649e-05
row-0001757,doi::10.1038/s41598-017-18398-4,43,1,8e-05,8.7366143596649e-05
row-0001782,doi::10.1038/s41598-017-18398-4,43,1,6e-05,8.742701499740108e-05
row-0001785,doi::10.1038/s41598-017-18398-4,43,1,4e-05,8.71163693578269e-05
row-0001792,doi::10.1038/s41598-017-18398-4,43,1,7e-05,8.727757164093194e-05
row-0001799,doi::10.1038/s41598-017-18398-4,43,1,0.0001,8.742701499740108e-05
row-0001802,doi::10.1038/s41598-017-18398-4,43,1,6e-05,8.727757164093194e-05
row-0001804,doi::10.1038/s41598-017-18398-4,43,1,0.00011,8.752734587975401e-05
row-0001808,doi::10.1038/s41598-017-18398-4,43,1,6e-05,8.742701499740108e-05
row-0001811,doi::10.1038/s41598-017-18398-4,43,1,5e-05,8.727757164093194e-05
row-0001817,doi::10.1038/s41598-017-18398-4,43,1,6e-05,8.742701499740108e-05
row-0001836,doi::10.1016/j.proci.2024.105766,43,1,0.012,0.009615797606984637
row-0001840,doi::10.1016/j.proci.2024.105766,43,1,0.006,0.0068847707555417135
row-0001849,doi::10.1016/j.proci.2024.105766,43,1,0.0027,0.0015230424970098986
row-0001850,doi::10.1016/j.proci.2024.105766,43,1,0.0029,0.001529445274787676
row-0001854,doi::10.1016/j.proci.2024.105766,43,1,0.0018,0.0014793172622382298
row-0001880,doi::10.1016/j.firesaf.2024.104329,43,1,0.0015,0.0014447700034431598
row-0001891,doi::10.1016/j.firesaf.2024.104329,43,1,0.002,0.0017850194999692675
row-0001907,doi::10.1016/j.firesaf.2024.104329,43,1,0.00275,0.0017858116568320126
row-0001918,doi::10.1016/j.firesaf.2024.104329,43,1,0.00275,0.0017864898545064314
row-0001923,doi::10.1016/j.firesaf.2024.104329,43,1,0.002,0.0017858116568320126
row-0001934,doi::10.1016/j.firesaf.2024.104329,43,1,0.0015,0.0014447700034431598
row-0001936,doi::10.1016/j.firesaf.2024.104329,43,1,0.00228,0.0017798384671492726
row-0001937,doi::10.1016/j.firesaf.2024.104329,43,1,0.00235,0.0017798384671492726
row-0001948,doi::10.1016/j.firesaf.2024.104329,43,1,0.00205,0.0017798384671492726
row-0001949,doi::10.1016/j.firesaf.2024.104329,43,1,0.00275,0.0017798384671492726
row-0001957,doi::10.1016/j.firesaf.2024.104329,43,1,0.0021,0.0017790463102865279
row-0001961,doi::10.1016/j.firesaf.2024.104329,43,1,0.00275,0.0017798384671492726
row-0002034,doi::10.1016/j.firesaf.2024.104329,43,1,0.0012,0.0008431292138231535
row-0002044,doi::10.1016/j.firesaf.2024.104329,43,1,0.0009,0.0006912917516009764
row-0002061,doi::10.1016/j.firesaf.2024.104329,43,1,0.00055,0.0006969852393404698
row-0002062,doi::10.1016/j.firesaf.2024.104329,43,1,0.0008,0.0006969852393404698
row-0002064,doi::10.1016/j.firesaf.2024.104329,43,1,0.00065,0.0006666468752071239
row-0002109,doi::10.1016/j.firesaf.2024.104329,43,1,0.0009,0.0006826923964503914
row-0002120,doi::10.1016/j.firesaf.2024.104329,43,1,0.00075,0.0007229476930710689
row-0002125,doi::10.1016/j.firesaf.2024.104329,43,1,0.00076,0.0007940298510942024
row-0002126,doi::10.1016/j.firesaf.2024.104329,43,1,0.00105,0.000755299459490528
row-0002129,doi::10.1016/j.firesaf.2024.104329,43,1,0.00068,0.0007264550495535279
row-0002134,doi::10.1016/j.firesaf.2024.104329,43,1,0.0004,0.0006958802205145242
row-0002140,doi::10.1016/j.firesaf.2024.104329,43,1,0.00068,0.0007156078891842809
row-0002142,doi::10.1016/j.firesaf.2024.104329,43,1,0.00045,0.0006876468416931539
row-0002301,citation::meyer florian jan hei meier hans christoph ries and christian eigenbrod sooting behavior in concurrent and upward burning of cylindrical pmma samples 52nd international conference on environmental systems ices 2023 171 calgary canada 16 20 july 2023,43,1,0.00123,0.0028398791115307907
row-0002456,doi::10.1016/j.proci.2018.05.007,43,1,0.003,0.003026896887326489
row-0002471,doi::10.1016/j.proci.2018.05.007,43,1,0.0026,0.0014941493138201356
row-0002473,doi::10.1016/j.proci.2018.05.007,43,1,0.0026,0.0014924486305005651
row-0002477,doi::10.1016/j.proci.2018.05.007,43,1,0.003,0.0015443728423871444
row-0002608,doi::10.1016/j.combustflame.2009.01.015,43,1,0.00088,0.0013889891831502443
row-0002611,doi::10.1016/j.combustflame.2009.01.015,43,1,0.00065,0.0013889891831502443
row-0002617,doi::10.1016/j.combustflame.2009.01.015,43,1,0.0011,0.0013898937664835777
row-0002637,doi::10.1016/j.combustflame.2009.01.015,43,1,0.0023,0.0013994681683683623
row-0002647,doi::10.1016/j.combustflame.2009.01.015,43,1,0.00072,0.0013902754135424011
row-0002706,citation::friedman robert brian jackson and sandra olson testing and selection of fire resistant materials for spacecraft use nasa technical memorandum 2000 209773 mar 2000 nasa sti program office glenn research center cleveland ohio,43,1,0.0181,0.015861551709661467
row-0002713,citation::friedman robert brian jackson and sandra olson testing and selection of fire resistant materials for spacecraft use nasa technical memorandum 2000 209773 mar 2000 nasa sti program office glenn research center cleveland ohio,43,1,0.0267,0.026160564571354614
row-0002727,citation::friedman robert brian jackson and sandra olson testing and selection of fire resistant materials for spacecraft use nasa technical memorandum 2000 209773 mar 2000 nasa sti program office glenn research center cleveland ohio,43,1,0.0061,0.00497528811090246
row-0002728,citation::friedman robert brian jackson and sandra olson testing and selection of fire resistant materials for spacecraft use nasa technical memorandum 2000 209773 mar 2000 nasa sti program office glenn research center cleveland ohio,43,1,0.0075,0.008447514486860073
row-0002731,citation::friedman robert brian jackson and sandra olson testing and selection of fire resistant materials for spacecraft use nasa technical memorandum 2000 209773 mar 2000 nasa sti program office glenn research center cleveland ohio,43,1,0.0139,0.00974331063832959
row-0002734,citation::friedman robert brian jackson and sandra olson testing and selection of fire resistant materials for spacecraft use nasa technical memorandum 2000 209773 mar 2000 nasa sti program office glenn research center cleveland ohio,43,1,0.0192,0.01566982048871575
row-0002743,citation::friedman robert brian jackson and sandra olson testing and selection of fire resistant materials for spacecraft use nasa technical memorandum 2000 209773 mar 2000 nasa sti program office glenn research center cleveland ohio,43,1,0.0036,0.008502780166197717
row-0002744,citation::friedman robert brian jackson and sandra olson testing and selection of fire resistant materials for spacecraft use nasa technical memorandum 2000 209773 mar 2000 nasa sti program office glenn research center cleveland ohio,43,1,0.0047,0.009606026498838594
row-0002748,citation::friedman robert brian jackson and sandra olson testing and selection of fire resistant materials for spacecraft use nasa technical memorandum 2000 209773 mar 2000 nasa sti program office glenn research center cleveland ohio,43,1,0.0129,0.018013100438929876
row-0002756,citation::friedman robert brian jackson and sandra olson testing and selection of fire resistant materials for spacecraft use nasa technical memorandum 2000 209773 mar 2000 nasa sti program office glenn research center cleveland ohio,43,1,0.0459,0.03980715590981245
row-0002757,citation::friedman robert brian jackson and sandra olson testing and selection of fire resistant materials for spacecraft use nasa technical memorandum 2000 209773 mar 2000 nasa sti program office glenn research center cleveland ohio,43,1,0.0272,0.03980715590981245
row-0002764,citation::friedman robert brian jackson and sandra olson testing and selection of fire resistant materials for spacecraft use nasa technical memorandum 2000 209773 mar 2000 nasa sti program office glenn research center cleveland ohio,43,1,0.0068,0.008795540939970724
row-0002770,citation::friedman robert brian jackson and sandra olson testing and selection of fire resistant materials for spacecraft use nasa technical memorandum 2000 209773 mar 2000 nasa sti program office glenn research center cleveland ohio,43,1,0.018,0.025179860902781667
row-0002775,citation::friedman robert brian jackson and sandra olson testing and selection of fire resistant materials for spacecraft use nasa technical memorandum 2000 209773 mar 2000 nasa sti program office glenn research center cleveland ohio,43,1,0.0386,0.07229024599999978
row-0002778,citation::friedman robert brian jackson and sandra olson testing and selection of fire resistant materials for spacecraft use nasa technical memorandum 2000 209773 mar 2000 nasa sti program office glenn research center cleveland ohio,43,1,0.0384,0.031458088699277145
row-0002797,citation::olson s l and j s t ien near limit flame spread over a thin solid fuel in 0 symposium international on combustion vol 22 no 1 1988 pp 1213 1222 the combustion institute,43,1,0.0529,0.05713670290476212
row-0002798,citation::olson s l and j s t ien near limit flame spread over a thin solid fuel in 0 symposium international on combustion vol 22 no 1 1988 pp 1213 1222 the combustion institute,43,1,0.07704,0.07229024599999978
row-0002799,citation::olson s l and j s t ien near limit flame spread over a thin solid fuel in 0 symposium international on combustion vol 22 no 1 1988 pp 1213 1222 the combustion institute,43,1,0.00544,0.008831120694374275
row-0002803,citation::olson s l and j s t ien near limit flame spread over a thin solid fuel in 0 symposium international on combustion vol 22 no 1 1988 pp 1213 1222 the combustion institute,43,1,0.01714,0.016340331425977805
row-0002811,citation::olson s l and j s t ien near limit flame spread over a thin solid fuel in 0 symposium international on combustion vol 22 no 1 1988 pp 1213 1222 the combustion institute,43,1,0.04979,0.04562547623597061
row-0002816,citation::olson s l and j s t ien near limit flame spread over a thin solid fuel in 0 symposium international on combustion vol 22 no 1 1988 pp 1213 1222 the combustion institute,43,1,0.00338,0.004870495115731229
row-0002818,citation::olson s l and j s t ien near limit flame spread over a thin solid fuel in 0 symposium international on combustion vol 22 no 1 1988 pp 1213 1222 the combustion institute,43,1,0.00675,0.00851340913004885
row-0002824,citation::olson s l and j s t ien near limit flame spread over a thin solid fuel in 0 symposium international on combustion vol 22 no 1 1988 pp 1213 1222 the combustion institute,43,1,0.01688,0.0185503381220939
row-0002827,citation::olson s l and j s t ien near limit flame spread over a thin solid fuel in 0 symposium international on combustion vol 22 no 1 1988 pp 1213 1222 the combustion institute,43,1,0.02931,0.030398107186734902
row-0002831,citation::olson s l and j s t ien near limit flame spread over a thin solid fuel in 0 symposium international on combustion vol 22 no 1 1988 pp 1213 1222 the combustion institute,43,1,0.00373,0.008862411736810448
row-0002836,citation::olson s l and j s t ien near limit flame spread over a thin solid fuel in 0 symposium international on combustion vol 22 no 1 1988 pp 1213 1222 the combustion institute,43,1,0.01275,0.017794182087057932
row-0002840,citation::olson s l and j s t ien near limit flame spread over a thin solid fuel in 0 symposium international on combustion vol 22 no 1 1988 pp 1213 1222 the combustion institute,43,1,0.02183,0.02333880021601071
row-0002845,citation::olson s l and j s t ien near limit flame spread over a thin solid fuel in 0 symposium international on combustion vol 22 no 1 1988 pp 1213 1222 the combustion institute,43,1,0.04569,0.03980715590981245
row-0002846,doi::10.1016/s0082-0784(89)80132-8,43,1,0.0054,0.0034368765741168354
row-0002850,doi::10.1016/s0082-0784(89)80132-8,43,1,0.0064,0.008416169756974946
row-0002853,doi::10.1016/s0082-0784(89)80132-8,43,1,0.0036,0.005469556786057429
row-0002854,doi::10.1016/s0082-0784(89)80132-8,43,1,0.0019,0.006083436426654705
row-0002894,doi::10.1080/00102209108951711,43,1,0.01959,0.01817902152020882
row-0002896,doi::10.1080/00102209108951711,43,1,0.01888,0.018121149567827868
row-0002900,doi::10.1080/00102209108951711,43,1,0.01485,0.009213259639013075
row-0002905,doi::10.1080/00102209108951711,43,1,0.01286,0.0091980700228609
row-0002911,doi::10.1080/00102209108951711,43,1,0.0194,0.018174581520208823
row-0002913,doi::10.1080/00102209108951711,43,1,0.0112,0.00918183153522769
row-0002914,doi::10.1080/00102209108951711,43,1,0.0132,0.009203058669014745
row-0002920,doi::10.1080/00102209108951711,43,1,0.003,0.003586229377559297
row-0002975,doi::10.1016/j.combustflame.2009.01.015,43,1,0.013,0.01691219373701116
row-0002983,doi::10.1016/j.combustflame.2009.01.015,43,1,0.011,0.011044348105346635
row-0002984,doi::10.1016/j.combustflame.2009.01.015,43,1,0.021,0.01309927054953903
row-0002988,doi::10.1016/j.combustflame.2009.01.015,43,1,0.022,0.01900387152710909
row-0002991,doi::10.1016/j.combustflame.2009.01.015,43,1,0.026,0.026918500174967528
row-0003000,doi::10.1016/j.combustflame.2009.01.015,43,1,0.015,0.011006128610966623
row-0003009,doi::10.1016/j.combustflame.2009.01.015,43,1,0.028,0.02091593558324865
row-0003013,doi::10.1016/j.combustflame.2009.01.015,43,1,0.042,0.03046826473845379
row-0003015,doi::10.1016/j.combustflame.2009.01.015,43,1,0.013,0.01802049392299262
row-0003018,doi::10.1016/j.combustflame.2009.01.015,43,1,0.027,0.024551822603763145
row-0003022,doi::10.1016/j.combustflame.2009.01.015,43,1,0.021,0.023510190460431825
row-0003023,doi::10.1016/j.combustflame.2009.01.015,43,1,0.026,0.02730037504643891
row-0003024,doi::10.1016/j.combustflame.2009.01.015,43,1,0.03,0.03180167767903514
row-0003026,doi::10.1016/s0010-2180(00)00249-2,43,1,0.00085,0.001396488624483973
row-0003031,doi::10.1016/s0010-2180(00)00249-2,43,1,0.0019,0.001396488624483973
row-0003034,doi::10.1016/s0010-2180(00)00249-2,43,1,0.0022,0.0013998054186834606
row-0003038,doi::10.1016/s0010-2180(00)00249-2,43,1,0.0037,0.0028431003946604544
row-0003040,doi::10.1016/s0010-2180(00)00249-2,43,1,0.0052,0.0028898452759045404
row-0003052,doi::10.1016/s0010-2180(00)00249-2,43,1,0.0088,0.005734536142396777
row-0003062,doi::10.1016/s0010-2180(00)00249-2,43,1,0.0001,0.0014245449208972491
row-0003073,doi::10.1016/j.combustflame.2018.10.012,43,1,0.00529,0.0014071571773843874
row-0003075,doi::10.1016/j.combustflame.2018.10.012,43,1,0.00187,0.0014047946773843873
row-0003076,doi::10.1016/j.combustflame.2018.10.012,43,1,0.00136,0.0014057746776377571
row-0003077,doi::10.1016/j.combustflame.2018.10.012,43,1,0.00116,0.0014017146776377572
row-0003079,doi::10.1016/j.combustflame.2018.10.012,43,1,0.00209,0.0014071571773843874
row-0003085,doi::10.1016/j.combustflame.2018.10.012,43,1,0.00141,0.0013983391366775297
row-0003090,doi::10.1016/j.combustflame.2018.10.012,43,1,0.00172,0.001403539161587184
row-0003102,doi::10.1080/00102200490276773,43,1,0.013,0.012088798669463378
row-0003103,doi::10.1080/00102200490276773,43,1,0.014,0.01364934533613016
row-0003105,doi::10.1080/00102200490276773,43,1,0.015,0.014706178669463556
row-0003111,doi::10.1080/00102200490276773,43,1,0.022,0.022251272205513595
row-0003114,doi::10.1080/00102200490276773,43,1,0.027,0.025846229090908977
row-0003117,doi::10.1080/00102200490276773,43,1,0.024,0.025442429090909005
row-0003118,doi::10.1080/00102200490276773,43,1,0.02,0.015404429090909081
row-0003125,doi::10.1080/00102200490276773,43,1,0.023,0.023593907055317775
row-0003128,doi::10.1080/00102200490276773,43,1,0.025,0.024098199638290328
row-0003137,doi::10.1080/00102200490276773,43,1,0.045,0.041288755730752975
row-0003144,doi::10.1080/00102200490276773,43,1,0.059,0.05823280476190515
row-0003162,doi::10.1016/j.proci.2024.105358,43,1,0.0013,0.0014220876566236056
row-0003168,doi::10.1016/j.proci.2024.105358,43,1,0.00192,0.0022250288933679447
row-0003169,doi::10.1016/j.proci.2024.105358,43,1,0.0019,0.00222377678947184
row-0003172,doi::10.1016/j.proci.2024.105358,43,1,0.0021,0.002251157836478798
row-0003181,doi::10.1016/j.proci.2024.105358,43,1,0.0012,0.0014190949899569392
row-0003195,doi::10.1016/j.proci.2024.105358,43,1,0.0028,0.002651680342367822
row-0003198,doi::10.1016/j.combustflame.2022.112009,43,1,0.0013,0.001416348000703383
row-0003211,doi::10.1016/j.combustflame.2022.112009,43,1,0.001,0.001411440371939327
row-0003220,doi::10.1016/j.combustflame.2022.112009,43,1,0.00068,0.0014056430711893986
row-0003224,doi::10.1016/j.combustflame.2022.112009,43,1,0.00085,0.0014992671852594997
row-0003230,doi::10.1016/j.combustflame.2022.112009,43,1,0.00044,0.0014019902589776038
row-0003231,doi::10.1016/j.combustflame.2022.112009,43,1,0.00048,0.0014019902589776038
row-0003244,doi::10.1016/j.combustflame.2022.112009,43,1,0.0066,0.0024345241593671453
row-0003248,doi::10.1016/j.combustflame.2022.112009,43,1,0.008,0.0036903688658057963
row-0003392,doi::10.1016/s0082-0784(06)80816-7,43,1,0.01325,0.009531270583237222
row-0003395,doi::10.1016/s0082-0784(06)80816-7,43,1,0.01123,0.00950693848009475
row-0003406,doi::10.1016/s0082-0784(06)80816-7,43,1,0.00896,0.008864700502790425
row-0003408,doi::10.1016/s0082-0784(06)80816-7,43,1,0.00885,0.008860233769258303
row-0003411,doi::10.1016/s0082-0784(06)80816-7,43,1,0.00648,0.0057427999493932305
row-0003423,doi::10.1016/s0082-0784(06)80816-7,43,1,0.00317,0.0053349498531431545
row-0003429,citation::s nchez tarifa c and b l zaro experiments conducted on combustion at microgravity in the texus 38 sounding rocket results and conclusions first international symposium on microgravity research and applications on physical sciences and biotechnology 2000,43,1,0.00068,0.0005543112824265915
row-0003432,citation::s nchez tarifa c and g l pez juste a study of the combustion problems of solid materials at conditions existing in space stations esa sp 433 1999,43,1,0.0006,0.0007192445566133944
row-0003438,citation::s nchez tarifa c and g l pez juste a study of the combustion problems of solid materials at conditions existing in space stations esa sp 433 1999,43,1,0.00085,0.0007487514511182412
row-0003439,citation::s nchez tarifa c and g l pez juste a study of the combustion problems of solid materials at conditions existing in space stations esa sp 433 1999,43,1,0.0002,0.0007514878035639339
row-0003447,citation::s nchez tarifa c and m rodr guez combustion and flammability characteristics of solids at microgravity in very small velocity flows second european symposium on utilisation of the international space station nov 1998,43,1,0.0016,0.0016266666195601507
row-0003452,citation::s nchez tarifa c and m rodr guez combustion and flammability characteristics of solids at microgravity in very small velocity flows second european symposium on utilisation of the international space station nov 1998,43,1,0.0018,0.002366162534198721
row-0003453,citation::s nchez tarifa c and m rodr guez combustion and flammability characteristics of solids at microgravity in very small velocity flows second european symposium on utilisation of the international space station nov 1998,43,1,0.0056,0.010202381666666675
row-0003455,doi::10.1007/s12217-024-10106-y,43,1,4e-05,0.00011816243906358375
row-0003468,doi::10.1007/s12217-024-10106-y,43,1,0.00108,0.001746401722166772
row-0003473,doi::10.1007/s12217-024-10106-y,43,1,0.00126,0.001746401722166772
row-0003475,doi::10.1016/s1540-7489(02)80315-7,43,1,0.00945,0.016186701924207816
row-0003481,doi::10.1016/s1540-7489(02)80315-7,43,1,0.05887,0.049576138532491404
row-0003485,doi::10.1016/s1540-7489(02)80315-7,43,1,0.01869,0.02125254473353464
row-0003487,doi::10.1016/s1540-7489(02)80315-7,43,1,0.03317,0.03321602135508748
row-0003488,doi::10.1016/s1540-7489(02)80315-7,43,1,0.03917,0.04151120346429444
row-0003498,doi::10.1016/s1540-7489(02)80315-7,43,1,0.03449,0.04247314210343346
row-0003500,doi::10.1016/s1540-7489(02)80315-7,43,1,0.031,0.018226169972468342
row-0003507,doi::10.1016/s1540-7489(02)80315-7,43,1,0.0094,0.017909615591971368
row-0003514,citation::son youngjin paul d ronney and suleyman gokoglu comparison of carbon dioxide and helium as fire extinguishing agents for spacecraft nasa cp 2004 213205 vol2 2004 pp 409 418,43,1,0.0065,0.016134001378846945
row-0003518,citation::son youngjin paul d ronney and suleyman gokoglu comparison of carbon dioxide and helium as fire extinguishing agents for spacecraft nasa cp 2004 213205 vol2 2004 pp 409 418,43,1,0.065,0.06690191785858134
row-0003528,citation::son youngjin paul d ronney and suleyman gokoglu comparison of carbon dioxide and helium as fire extinguishing agents for spacecraft nasa cp 2004 213205 vol2 2004 pp 409 418,43,1,0.07,0.06901126089987797
row-0003530,citation::son youngjin paul d ronney and suleyman gokoglu comparison of carbon dioxide and helium as fire extinguishing agents for spacecraft nasa cp 2004 213205 vol2 2004 pp 409 418,43,1,0.0065,0.00731499227953633
row-0003532,citation::son youngjin paul d ronney and suleyman gokoglu comparison of carbon dioxide and helium as fire extinguishing agents for spacecraft nasa cp 2004 213205 vol2 2004 pp 409 418,43,1,0.035,0.0449864590731304
row-0003533,citation::son youngjin paul d ronney and suleyman gokoglu comparison of carbon dioxide and helium as fire extinguishing agents for spacecraft nasa cp 2004 213205 vol2 2004 pp 409 418,43,1,0.062,0.07841281768924377
row-0003541,citation::son youngjin paul d ronney and suleyman gokoglu comparison of carbon dioxide and helium as fire extinguishing agents for spacecraft nasa cp 2004 213205 vol2 2004 pp 409 418,43,1,0.00667,0.02162938825415429
row-0003544,citation::son youngjin paul d ronney and suleyman gokoglu comparison of carbon dioxide and helium as fire extinguishing agents for spacecraft nasa cp 2004 213205 vol2 2004 pp 409 418,43,1,0.03417,0.03047896705605258
row-0003545,citation::son youngjin paul d ronney and suleyman gokoglu comparison of carbon dioxide and helium as fire extinguishing agents for spacecraft nasa cp 2004 213205 vol2 2004 pp 409 418,43,1,0.02333,0.029530628749697165
row-0003548,citation::son youngjin paul d ronney and suleyman gokoglu comparison of carbon dioxide and helium as fire extinguishing agents for spacecraft nasa cp 2004 213205 vol2 2004 pp 409 418,43,1,0.05278,0.03435316631359296
row-0003558,citation::son youngjin paul d ronney and suleyman gokoglu comparison of carbon dioxide and helium as fire extinguishing agents for spacecraft nasa cp 2004 213205 vol2 2004 pp 409 418,43,1,0.00895,0.014771598225671388
row-0003561,citation::son youngjin paul d ronney and suleyman gokoglu comparison of carbon dioxide and helium as fire extinguishing agents for spacecraft nasa cp 2004 213205 vol2 2004 pp 409 418,43,1,0.00718,0.014086643698281956
row-0003564,citation::son youngjin paul d ronney and suleyman gokoglu comparison of carbon dioxide and helium as fire extinguishing agents for spacecraft nasa cp 2004 213205 vol2 2004 pp 409 418,43,1,0.02708,0.01714886588115627
row-0003575,citation::son youngjin paul d ronney and suleyman gokoglu comparison of carbon dioxide and helium as fire extinguishing agents for spacecraft nasa cp 2004 213205 vol2 2004 pp 409 418,43,1,0.01381,0.01434750683021623
row-0003576,citation::son youngjin paul d ronney and suleyman gokoglu comparison of carbon dioxide and helium as fire extinguishing agents for spacecraft nasa cp 2004 213205 vol2 2004 pp 409 418,43,1,0.00595,0.012815839967417277
row-0003584,citation::son youngjin paul d ronney and suleyman gokoglu comparison of carbon dioxide and helium as fire extinguishing agents for spacecraft nasa cp 2004 213205 vol2 2004 pp 409 418,43,1,0.01762,0.018679573129211917
row-0003585,citation::son youngjin paul d ronney and suleyman gokoglu comparison of carbon dioxide and helium as fire extinguishing agents for spacecraft nasa cp 2004 213205 vol2 2004 pp 409 418,43,1,0.00905,0.015362167516055148
row-0003595,citation::son youngjin paul d ronney and suleyman gokoglu comparison of carbon dioxide and helium as fire extinguishing agents for spacecraft nasa cp 2004 213205 vol2 2004 pp 409 418,43,1,0.03947,0.03435316631359296
row-0003601,citation::son youngjin paul d ronney and suleyman gokoglu comparison of carbon dioxide and helium as fire extinguishing agents for spacecraft nasa cp 2004 213205 vol2 2004 pp 409 418,43,1,0.00435,0.009658785811409137
row-0003628,doi::10.1016/j.proci.2014.07.017,43,1,1e-05,0.0013932229069456407
row-0003629,doi::10.1016/j.proci.2014.07.017,43,1,0.0002,0.0013932229069456407
row-0003632,doi::10.1016/j.proci.2014.07.017,43,1,0.00047,0.0013948412402789742
row-0003634,doi::10.1016/j.proci.2014.07.017,43,1,0.00044,0.0013914629069456408
row-0003641,doi::10.1016/j.proci.2014.07.017,43,1,0.00125,0.001394892240278974
row-0003642,doi::10.1016/j.proci.2014.07.017,43,1,0.00134,0.0013950989069456408
row-0003651,doi::10.1016/j.proci.2014.07.017,43,1,2e-05,0.0013868405006214237
row-0003662,doi::10.1016/j.proci.2014.07.017,43,1,0.00295,0.0014079598258646734
row-0003663,doi::10.1016/j.proci.2014.07.017,43,1,0.00324,0.001448257607503106
row-0003669,doi::10.1016/j.proci.2014.07.017,43,1,0.00359,0.0019286268878644477
row-0003670,doi::10.1016/j.proci.2014.07.017,43,1,0.00447,0.0020539997972153514
row-0003671,doi::10.1016/j.proci.2014.07.017,43,1,0.00443,0.0020539997972153514
row-0003678,doi::10.1016/j.proci.2014.07.017,43,1,1e-05,0.0013904558276291554
row-0003684,doi::10.1016/j.proci.2014.07.017,43,1,0.00047,0.0013904558276291554
row-0003686,doi::10.1016/j.proci.2014.07.017,43,1,0.00057,0.0013904558276291554
row-0003690,doi::10.1016/j.proci.2014.07.017,43,1,0.00101,0.0014572718234039524
row-0003693,doi::10.1016/j.proci.2014.07.017,43,1,0.0009,0.0014586443367290856
row-0003698,doi::10.1016/j.proci.2014.07.017,43,1,0.00173,0.0014586443367290856
row-0003705,doi::10.1016/j.proci.2014.07.017,43,1,0.00253,0.0023049947805114457
row-0003716,doi::10.1016/j.proci.2014.07.017,43,1,0.00081,0.0013840323834938676
row-0003717,doi::10.1016/j.proci.2014.07.017,43,1,0.00067,0.0013840323834938676
row-0003728,doi::10.1016/j.proci.2014.07.017,43,1,0.00079,0.0013840323834938676
row-0003742,doi::10.1016/j.proci.2014.07.017,43,1,0.00209,0.0014161421254003741
row-0003743,doi::10.1016/j.proci.2014.07.017,43,1,0.00162,0.0013849917001742971
row-0003748,doi::10.1016/j.proci.2014.07.017,43,1,0.00106,0.0013904558276291554
row-0003749,doi::10.1016/j.proci.2014.07.017,43,1,0.00065,0.0013823676697260535
row-0003755,doi::10.1016/j.proci.2014.07.017,43,1,0.00097,0.0013904558276291554
row-0003761,doi::10.1016/j.proci.2014.07.017,43,1,0.00188,0.0014586443367290856
row-0004091,citation::takahashi shuhei takeshi nagumo kazunori wakai and subrata bhattacharjee effects of ambient condition on flame spread over a thin pmma sheet jsme international journal series b 43 4 2000 556 562,43,1,0.01953,0.021936120031973972
row-0004092,citation::takahashi shuhei takeshi nagumo kazunori wakai and subrata bhattacharjee effects of ambient condition on flame spread over a thin pmma sheet jsme international journal series b 43 4 2000 556 562,43,1,0.01088,0.008760332653784137
row-0004093,citation::takahashi shuhei takeshi nagumo kazunori wakai and subrata bhattacharjee effects of ambient condition on flame spread over a thin pmma sheet jsme international journal series b 43 4 2000 556 562,43,1,0.0098,0.009147000318446964
row-0004104,citation::takahashi shuhei takeshi nagumo kazunori wakai and subrata bhattacharjee effects of ambient condition on flame spread over a thin pmma sheet jsme international journal series b 43 4 2000 556 562,43,1,0.00407,0.004682029515868432
row-0004106,citation::takahashi shuhei takeshi nagumo kazunori wakai and subrata bhattacharjee effects of ambient condition on flame spread over a thin pmma sheet jsme international journal series b 43 4 2000 556 562,43,1,0.001,0.0013940800128394238
row-0004110,citation::takahashi shuhei takeshi nagumo kazunori wakai and subrata bhattacharjee effects of ambient condition on flame spread over a thin pmma sheet jsme international journal series b 43 4 2000 556 562,43,1,0.00056,0.001392746048738127
row-0004111,citation::takahashi shuhei takeshi nagumo kazunori wakai and subrata bhattacharjee effects of ambient condition on flame spread over a thin pmma sheet jsme international journal series b 43 4 2000 556 562,43,1,0.00052,0.001392746048738127
row-0004115,citation::takahashi shuhei takeshi nagumo kazunori wakai and subrata bhattacharjee effects of ambient condition on flame spread over a thin pmma sheet jsme international journal series b 43 4 2000 556 562,43,1,0.00194,0.0031136211154538284
row-0004116,citation::takahashi shuhei takeshi nagumo kazunori wakai and subrata bhattacharjee effects of ambient condition on flame spread over a thin pmma sheet jsme international journal series b 43 4 2000 556 562,43,1,0.00166,0.0031136211154538284
row-0004144,citation::takahashi shuhei takeshi nagumo kazunori wakai and subrata bhattacharjee effects of ambient condition on flame spread over a thin pmma sheet jsme international journal series b 43 4 2000 556 562,43,1,0.05023,0.059797806129869825
row-0004146,citation::takahashi shuhei takeshi nagumo kazunori wakai and subrata bhattacharjee effects of ambient condition on flame spread over a thin pmma sheet jsme international journal series b 43 4 2000 556 562,43,1,0.02681,0.020376166561438556
row-0004148,citation::takahashi shuhei takeshi nagumo kazunori wakai and subrata bhattacharjee effects of ambient condition on flame spread over a thin pmma sheet jsme international journal series b 43 4 2000 556 562,43,1,0.01115,0.019083523256965232
row-0004154,citation::takahashi shuhei takeshi nagumo kazunori wakai and subrata bhattacharjee effects of ambient condition on flame spread over a thin pmma sheet jsme international journal series b 43 4 2000 556 562,43,1,0.00448,0.004656360068652709
row-0004155,citation::takahashi shuhei takeshi nagumo kazunori wakai and subrata bhattacharjee effects of ambient condition on flame spread over a thin pmma sheet jsme international journal series b 43 4 2000 556 562,43,1,0.00399,0.004682029515868432
row-0004159,citation::takahashi shuhei takeshi nagumo kazunori wakai and subrata bhattacharjee effects of ambient condition on flame spread over a thin pmma sheet jsme international journal series b 43 4 2000 556 562,43,1,0.00139,0.0031922110745590637
row-0004221,citation::takahashi shuhei et al effect of ambient gas on flame spread over a solid material in microgravity journal of the japanese society for microgravity application vol 24 no 3 2007 pp 225 230,43,1,0.0053,0.0046595377377127685
row-0004226,citation::takahashi shuhei et al effect of ambient gas on flame spread over a solid material in microgravity journal of the japanese society for microgravity application vol 24 no 3 2007 pp 225 230,43,1,0.005,0.0024736131717586775
row-0004227,citation::takahashi shuhei et al effect of ambient gas on flame spread over a solid material in microgravity journal of the japanese society for microgravity application vol 24 no 3 2007 pp 225 230,43,1,0.0017,0.0022476183905635375
row-0004229,citation::takahashi shuhei et al effect of ambient gas on flame spread over a solid material in microgravity journal of the japanese society for microgravity application vol 24 no 3 2007 pp 225 230,43,1,0.002,0.001423923564153099
row-0004230,doi::10.1016/j.proci.2018.06.022,43,1,0.0016,0.001423923564153099
row-0004232,doi::10.1016/j.proci.2018.06.022,43,1,0.0001,0.0013953783704940333
row-0004237,doi::10.1016/j.proci.2018.06.022,43,1,0.00277,0.0036338239281867944
row-0004247,doi::10.1016/j.proci.2018.06.022,43,1,0.00346,0.0037665284057487587
row-0004248,doi::10.1016/j.proci.2018.06.022,43,1,0.00281,0.0036972179753951063
row-0004255,doi::10.1016/j.proci.2018.06.022,43,1,0.00377,0.0044269713700790265
row-0004263,doi::10.1016/j.proci.2018.06.022,43,1,0.0045,0.004627700649343198
row-0004267,doi::10.1016/j.proci.2018.06.022,43,1,0.00371,0.003974764730388267
row-0004269,doi::10.1016/j.proci.2018.06.022,43,1,0.00294,0.003795533792673484
row-0004270,doi::10.1016/j.proci.2018.06.022,43,1,0.00425,0.0039047936698975104
row-0004274,doi::10.1016/j.proci.2018.06.022,43,1,0.00278,0.0023416132525893047
row-0004278,doi::10.1016/j.proci.2018.06.022,43,1,0.00238,0.002327647767364629
row-0004279,doi::10.1016/j.proci.2018.06.022,43,1,0.0032,0.002372357613658369
row-0004292,doi::10.1016/j.proci.2018.06.022,43,1,0.00218,0.0025535810240709636
row-0004297,doi::10.1016/j.proci.2018.06.022,43,1,0.00147,0.002187177552821727
row-0004301,doi::10.1016/j.proci.2018.06.022,43,1,0.00268,0.0022036361021654785
row-0004305,doi::10.1016/j.proci.2018.06.022,43,1,0.00283,0.0014007294516914244
row-0004313,doi::10.1038/s41598-017-18398-4,43,1,0.00159,0.0013936893157245134
row-0004314,doi::10.1038/s41598-017-18398-4,43,1,0.00173,0.0013936893157245134
row-0004319,doi::10.1038/s41598-017-18398-4,43,1,0.00184,0.0013972893950895927
row-0004323,doi::10.1038/s41598-017-18398-4,43,1,0.00103,0.001420706265489203
row-0004325,doi::10.1038/s41598-017-18398-4,43,1,0.00153,0.0014188822088873714
row-0004328,doi::10.1038/s41598-017-18398-4,43,1,0.00097,0.001416460883828666
row-0004346,doi::10.1016/s1540-7489(02)80314-5,43,1,0.0339,0.03738856065659331
row-0004354,doi::10.1016/s1540-7489(02)80314-5,43,1,0.0127,0.017288383438213997
row-0004358,doi::10.1016/s1540-7489(02)80314-5,43,1,0.02189,0.019031348030346524
row-0004369,doi::10.1016/s1540-7489(02)80314-5,43,1,0.01056,0.00952046299537899
row-0004372,doi::10.1016/s1540-7489(02)80314-5,43,1,0.00898,0.011901049025584743
row-0004377,doi::10.1016/s1540-7489(02)80314-5,43,1,0.0075,0.009558524433791701
row-0004383,doi::10.1016/s1540-7489(02)80314-5,43,1,0.00554,0.005278420342036394
row-0004387,doi::10.1016/s1540-7489(02)80314-5,43,1,0.00553,0.005058856295430738
row-0004389,doi::10.1016/s1540-7489(02)80314-5,43,1,0.00676,0.005890491186785484
row-0004401,doi::10.1016/s1540-7489(02)80314-5,43,1,0.00339,0.00414629882027151
row-0004404,doi::10.1016/s1540-7489(02)80314-5,43,1,0.00376,0.00443294121053525
row-0004405,doi::10.1016/s1540-7489(02)80314-5,43,1,0.00347,0.0041662175964838006
row-0004406,doi::10.1016/s1540-7489(02)80314-5,43,1,0.00317,0.003982354754405073
row-0004409,doi::10.1016/s1540-7489(02)80314-5,43,1,0.00359,0.003980219214722533
row-0004412,doi::10.1016/s1540-7489(02)80314-5,43,1,0.0051,0.004963531894194712
row-0004423,doi::10.1016/s1540-7489(02)80314-5,43,1,0.0012,0.0014230658340681004
row-0004437,citation::urban david l interactions between flames on parallel solid surfaces nasa 0 combustion workshop n96 15588 1997,43,1,0.01095,0.028691432781761467
row-0004439,citation::urban david l interactions between flames on parallel solid surfaces nasa 0 combustion workshop n96 15588 1997,43,1,0.01304,0.017886100798477664
row-0004751,doi::10.1007/s10694-019-00878-w,43,1,0.1153,0.07551360000000006
row-0004775,doi::10.1007/s10694-019-00896-8,43,1,0.0001,9.931740908236074e-05
row-0004776,doi::10.1007/s10694-019-00896-8,43,1,0.0001,9.931740908236074e-05
row-0004782,doi::10.1007/s10694-019-00896-8,43,1,0.00054,0.00039656816030079117
row-0004787,doi::10.1007/s10694-019-00896-8,43,1,0.00063,0.00039997363336460433
row-0004790,doi::10.1007/s10694-019-00896-8,43,1,0.00059,0.00039997363336460433
row-0004794,doi::10.1007/s10694-019-00896-8,43,1,0.0014,0.0014117977011811013
row-0004795,doi::10.1007/s10694-019-00896-8,43,1,0.0014,0.0014201734853080854
row-0004803,doi::10.1007/s10694-019-00896-8,43,1,0.0022,0.0018130611312690238
row-0004808,doi::10.1007/s10694-019-00896-8,43,1,0.00054,0.00038618125217065836
row-0004812,doi::10.1007/s10694-019-00896-8,43,1,0.00033,0.0007387146576958172
row-0004815,doi::10.1007/s10694-019-00896-8,43,1,0.00136,0.0013646148203394456
row-0004817,doi::10.1007/s10694-019-00896-8,43,1,0.00133,0.0013557884012918263
row-0004833,doi::10.1007/s10694-019-00896-8,43,1,0.00014,9.673258040289879e-05
row-0004837,doi::10.1007/s10694-019-00896-8,43,1,0.00016,9.931740908236074e-05
row-0004841,doi::10.1007/s10694-019-00896-8,43,1,0.00054,0.00039656816030079117
row-0004847,doi::10.1007/s10694-019-00896-8,43,1,0.00061,0.00039965849050746147
row-0004850,doi::10.1007/s10694-019-00896-8,43,1,0.00066,0.00039997363336460433
row-0004853,doi::10.1007/s10694-019-00896-8,43,1,0.00055,0.00039976506193603297
row-0004855,doi::10.1007/s10694-019-00896-8,43,1,0.0013,0.0014088358440382442
row-0004909,doi::10.1016/j.proci.2024.105199,43,1,0.0069,0.0046001530069306835
row-0004910,doi::10.1016/j.proci.2024.105199,43,1,0.005,0.004435847410585997
row-0004914,doi::10.1016/j.proci.2024.105199,43,1,0.0032,0.004384447442792353
row-0004918,doi::10.1016/j.proci.2024.105199,43,1,0.004,0.004288154822537072
row-0004929,doi::10.1016/j.proci.2024.105199,43,1,0.0021,0.0015388085563451603
row-0004947,doi::10.1016/j.proci.2016.06.028,43,1,0.0015,0.0014389948438651465
row-0004989,doi::10.1007/s12217-018-9655-0,43,1,4e-05,0.00030307307373254633
row-0005002,doi::10.1007/s12217-018-9655-0,43,1,0.0013,0.0008129447795289808
row-0005004,doi::10.1007/s12217-018-9655-0,43,1,0.00038,0.00036069493867875945
row-0005008,doi::10.1007/s12217-018-9655-0,43,1,0.00078,0.00036391523424526194
row-0005012,doi::10.1007/s12217-018-9655-0,43,1,0.00037,0.0003561919015591078
row-0005024,doi::10.1007/s12217-018-9655-0,43,1,0.00023,0.00013863827633121432
row-0005025,doi::10.1007/s12217-018-9655-0,43,1,4e-05,9.161762018290094e-05
row-0005032,doi::10.1007/s12217-018-9655-0,43,1,3e-05,9.101673585333875e-05
row-0005033,doi::10.1007/s12217-022-09945-4,43,1,0.0162,0.013064094413980312
row-0005038,doi::10.1007/s12217-022-09945-4,43,1,0.0095,0.01146500193294944
row-0005041,doi::10.1007/s12217-022-09945-4,43,1,0.003,0.008031814224500262
row-0005042,doi::10.1007/s12217-022-09945-4,43,1,0.0025,0.0049180357562716515
row-0000003,citation::andracchio charles r and john c aydelott comparison of flame spreading over thin flat surfaces in normal gravity and weightlessness in an oxygen environment nasa technical memorandum nasa tm x 1992 1970,43,2,0.056,0.05619560238095214
row-0000009,citation::andracchio charles r and john c aydelott comparison of flame spreading over thin flat surfaces in normal gravity and weightlessness in an oxygen environment nasa technical memorandum nasa tm x 1992 1970,43,2,0.03,0.02975710652083008
row-0000011,citation::andracchio charles r and john c aydelott comparison of flame spreading over thin flat surfaces in normal gravity and weightlessness in an oxygen environment nasa technical memorandum nasa tm x 1992 1970,43,2,0.035,0.02975710652083008
row-0000021,citation::andracchio charles r and john c aydelott comparison of flame spreading over thin flat surfaces in normal gravity and weightlessness in an oxygen environment nasa technical memorandum nasa tm x 1992 1970,43,2,0.105,0.10587459999999985
row-0000030,citation::andracchio charles r and john c aydelott comparison of flame spreading over thin flat surfaces in normal gravity and weightlessness in an oxygen environment nasa technical memorandum nasa tm x 1992 1970,43,2,0.012,0.016615559618648832
row-0000036,citation::andracchio charles r and thomas h cochran burning of solids in oxygen rich environments in normal and reduced gravity nasa technical memorandum x 3055 national aeronautics and space administration may 1974,43,2,0.02,0.021292930422077975
row-0000044,citation::andracchio charles r and thomas h cochran burning of solids in oxygen rich environments in normal and reduced gravity nasa technical memorandum x 3055 national aeronautics and space administration may 1974,43,2,0.012,0.014772872054306713
row-0000045,citation::andracchio charles r and thomas h cochran burning of solids in oxygen rich environments in normal and reduced gravity nasa technical memorandum x 3055 national aeronautics and space administration may 1974,43,2,0.102,0.09411536666666635
row-0000046,citation::andracchio charles r and thomas h cochran burning of solids in oxygen rich environments in normal and reduced gravity nasa technical memorandum x 3055 national aeronautics and space administration may 1974,43,2,0.097,0.08865473333333357
row-0000048,citation::andracchio charles r and thomas h cochran burning of solids in oxygen rich environments in normal and reduced gravity nasa technical memorandum x 3055 national aeronautics and space administration may 1974,43,2,0.049,0.06451056993073576
row-0000059,citation::andracchio charles r and thomas h cochran gravity effects on flame spreading over solid surfaces nasa technical note d 8228 national aeronautics and space administration may 1976,43,2,0.0234,0.023619171160173195
row-0000070,citation::andracchio charles r and thomas h cochran gravity effects on flame spreading over solid surfaces nasa technical note d 8228 national aeronautics and space administration may 1976,43,2,0.0143,0.014752946751097382
row-0000075,citation::andracchio charles r and thomas h cochran gravity effects on flame spreading over solid surfaces nasa technical note d 8228 national aeronautics and space administration may 1976,43,2,0.009,0.00927229940268063
row-0000080,citation::andracchio charles r and thomas h cochran gravity effects on flame spreading over solid surfaces nasa technical note d 8228 national aeronautics and space administration may 1976,43,2,0.019,0.01872879886591189
row-0000082,citation::andracchio charles r and thomas h cochran gravity effects on flame spreading over solid surfaces nasa technical note d 8228 national aeronautics and space administration may 1976,43,2,0.0763,0.0725525520000002
row-0000094,citation::andracchio charles r and thomas h cochran gravity effects on flame spreading over solid surfaces nasa technical note d 8228 national aeronautics and space administration may 1976,43,2,0.058,0.050381652283549745
row-0000096,citation::andracchio charles r and thomas h cochran gravity effects on flame spreading over solid surfaces nasa technical note d 8228 national aeronautics and space administration may 1976,43,2,0.0582,0.05405197571428541
row-0000098,citation::andracchio charles r and thomas h cochran gravity effects on flame spreading over solid surfaces nasa technical note d 8228 national aeronautics and space administration may 1976,43,2,0.0536,0.05056756554545437
row-0000103,citation::andracchio charles r and thomas h cochran gravity effects on flame spreading over solid surfaces nasa technical note d 8228 national aeronautics and space administration may 1976,43,2,0.0317,0.04164230583333328
row-0000106,citation::andracchio charles r and thomas h cochran gravity effects on flame spreading over solid surfaces nasa technical note d 8228 national aeronautics and space administration may 1976,43,2,0.0333,0.02424532534379104
row-0000117,citation::andracchio charles r and thomas h cochran gravity effects on flame spreading over solid surfaces nasa technical note d 8228 national aeronautics and space administration may 1976,43,2,0.0055,0.008243862242868992
row-0000125,doi::10.1080/01457632.2025.2529751,43,2,0.0059,0.0028851864766806217
row-0000130,doi::10.1080/01457632.2025.2529751,43,2,0.00374,0.002002699882223586
row-0000132,doi::10.1080/01457632.2025.2529751,43,2,0.00129,0.0018581598417459029
row-0000134,doi::10.1016/j.proci.2016.06.025,43,2,0.0017,0.0014910964415843413
row-0000137,doi::10.1016/j.proci.2016.06.025,43,2,0.0021,0.0015048452393738177
row-0000141,doi::10.1016/j.proci.2016.06.025,43,2,0.0012,0.0014931038108023892
row-0000144,doi::10.1016/j.proci.2016.06.025,43,2,0.001,0.001442476710933356
row-0000146,doi::10.1016/j.proci.2016.06.025,43,2,0.0013,0.0014435308043232891
row-0000147,doi::10.1016/j.proci.2016.06.025,43,2,0.00135,0.0014435308043232891
row-0000173,doi::10.1016/j.firesaf.2015.11.011,43,2,0.00405,0.004405785503692285
row-0000175,doi::10.1016/j.firesaf.2015.11.011,43,2,0.0038,0.004369575868771652
row-0000190,doi::10.1016/j.firesaf.2015.11.011,43,2,0.0068,0.007369830211978617
row-0000191,doi::10.1016/j.firesaf.2015.11.011,43,2,0.0066,0.00468239956957815
row-0000260,doi::10.1016/j.combustflame.2020.12.005,43,2,0.161,0.12631043968253955
row-0000266,doi::10.5802/crmeca.149,43,2,0.0011,0.0014519196931650617
row-0000273,doi::10.5802/crmeca.149,43,2,0.0016,0.0014750904844923873
row-0000282,doi::10.5802/crmeca.149,43,2,0.00115,0.0014519196931650617
row-0000285,doi::10.5802/crmeca.149,43,2,0.00127,0.0014718228539219048
row-0000287,doi::10.5802/crmeca.149,43,2,0.00116,0.0014718228539219048
row-0000288,doi::10.5802/crmeca.149,43,2,0.00137,0.0014777947348299841
row-0000290,doi::10.5802/crmeca.149,43,2,0.00136,0.0014777947348299841
row-0000294,doi::10.1016/s1540-7489(02)80211-3,43,2,0.012,0.011571088681471938
row-0000305,doi::10.1016/s1540-7489(02)80211-3,43,2,0.036,0.012387200566447256
row-0000309,doi::10.1016/s1540-7489(02)80211-3,43,2,0.0075,0.012088860115915407
row-0000314,doi::10.1016/s1540-7489(02)80211-3,43,2,0.0075,0.011921247375012576
row-0000342,citation::ferkul paul v an experimental study of opposed flow diffusion flame extinction over a thin fuel in 0 nasa cr 182185 1989,43,2,0.004,0.0040779668175267465
row-0000353,citation::ferkul paul v et al combustion experiments on the mir space station 37th aerospace sciences meeting and exhibit american institute of aeronautics and astronautics 1999 paper aiaa 99 0439,43,2,0.0016,0.0006994479613740866
row-0000355,citation::ferkul paul v et al combustion experiments on the mir space station 37th aerospace sciences meeting and exhibit american institute of aeronautics and astronautics 1999 paper aiaa 99 0439,43,2,0.0015,0.0006994479613740866
row-0000374,doi::10.1016/s1540-7489(02)80310-8,43,2,0.00345,0.003039331258915655
row-0000377,doi::10.1016/s1540-7489(02)80310-8,43,2,0.0043,0.004902169490106777
row-0000382,doi::10.1016/s1540-7489(02)80310-8,43,2,0.0052,0.004492156721089208
row-0000383,doi::10.1016/s1540-7489(02)80310-8,43,2,0.0038,0.0030889404163348872
row-0000422,citation::grayson g d k r sacksteder p v ferkul and j s t ien flame spreading over a thin solid in low speed concurrent flow drop tower experimental results and comparison with theory 0 science and technology vii 2 1994,43,2,0.0026,0.0037120014976320176
row-0000442,citation::grayson g d k r sacksteder p v ferkul and j s t ien flame spreading over a thin solid in low speed concurrent flow drop tower experimental results and comparison with theory 0 science and technology vii 2 1994,43,2,0.0071,0.005039315251782618
row-0000449,doi::10.1016/j.combustflame.2020.09.003,43,2,0.00143,0.0014777947348299841
row-0000451,doi::10.1016/j.combustflame.2020.09.003,43,2,0.00139,0.0014777947348299841
row-0000455,doi::10.1016/j.combustflame.2020.07.044,43,2,0.00129,0.0014656184885162645
row-0000462,doi::10.1016/j.combustflame.2020.07.044,43,2,0.00146,0.0015483401229326723
row-0000463,doi::10.1016/j.combustflame.2020.07.044,43,2,0.00139,0.0014718228539219048
row-0000465,doi::10.1016/j.combustflame.2020.07.044,43,2,0.00137,0.0014718228539219048
row-0000467,doi::10.1016/j.combustflame.2020.07.044,43,2,0.00129,0.0014718228539219048
row-0000472,doi::10.1016/j.combustflame.2020.07.044,43,2,0.00149,0.0015563546098897097
row-0000480,doi::10.1016/j.combustflame.2020.07.044,43,2,0.00154,0.0014777947348299841
row-0000482,doi::10.1016/j.combustflame.2020.07.044,43,2,0.00108,0.0014519196931650617
row-0000484,doi::10.1016/j.combustflame.2020.07.044,43,2,0.00119,0.0014519196931650617
row-0000486,doi::10.1016/j.combustflame.2020.07.044,43,2,0.00115,0.0014519196931650617
row-0000493,doi::10.1016/j.combustflame.2020.07.044,43,2,0.00126,0.0014718228539219048
row-0000496,doi::10.1016/j.combustflame.2020.07.044,43,2,0.00125,0.0014718228539219048
row-0000500,doi::10.1016/j.combustflame.2020.07.044,43,2,0.00122,0.0014718228539219048
row-0000501,doi::10.1016/j.combustflame.2020.07.044,43,2,0.0014,0.0014798373408789422
row-0000504,doi::10.1016/j.combustflame.2020.07.044,43,2,0.00142,0.0014777947348299841
row-0000513,doi::10.1016/j.combustflame.2020.07.044,43,2,0.00146,0.0014777947348299841
row-0000519,doi::10.1016/j.combustflame.2020.07.044,43,2,0.00123,0.0014656184885162645
row-0000525,doi::10.1016/j.combustflame.2020.07.044,43,2,0.00134,0.0014718228539219048
row-0000527,doi::10.1016/j.combustflame.2020.07.044,43,2,0.00121,0.0014718228539219048
row-0000530,doi::10.1016/j.combustflame.2020.07.044,43,2,0.00127,0.0014718228539219048
row-0000531,doi::10.1016/j.combustflame.2020.07.044,43,2,0.00132,0.0014718228539219048
row-0000536,doi::10.1016/j.combustflame.2020.07.044,43,2,0.00132,0.0014777947348299841
row-0000553,doi::10.1016/j.proci.2018.06.022,43,2,0.00021,0.00019862450925463532
row-0000556,doi::10.1016/j.proci.2018.06.022,43,2,0.00015,0.00021434111118467244
row-0000557,doi::10.1016/j.proci.2018.06.022,43,2,4e-05,0.00020957491534477976
row-0000563,doi::10.1016/j.proci.2018.06.022,43,2,0.00011,8.6395782649185e-05
row-0000565,doi::10.1016/j.proci.2018.06.022,43,2,8e-05,8.586275390822463e-05
row-0000570,doi::10.1016/j.proci.2018.06.022,43,2,1e-05,8.308598447907516e-05
row-0000572,doi::10.1016/j.proci.2018.06.022,43,2,0.00011,8.625769912486618e-05
row-0000587,doi::10.1016/j.proci.2018.06.022,43,2,6e-05,8.559785449610488e-05
row-0000595,doi::10.1016/j.proci.2018.06.022,43,2,2e-05,8.288677869496484e-05
row-0000597,doi::10.1016/j.proci.2018.06.022,43,2,1e-05,8.288677869496484e-05
row-0000600,doi::10.1016/j.proci.2018.06.022,43,2,3e-05,8.593138269099679e-05
row-0000615,doi::10.1016/j.proci.2018.06.022,43,2,4e-05,8.601904442681432e-05
row-0000616,doi::10.1016/j.proci.2018.06.022,43,2,5e-05,8.601904442681432e-05
row-0000617,doi::10.1016/j.proci.2018.06.022,43,2,7e-05,8.601904442681432e-05
row-0000621,doi::10.1016/j.proci.2018.06.022,43,2,4e-05,8.519409848066965e-05
row-0000626,doi::10.1016/j.proci.2018.06.022,43,2,3e-05,8.519409848066965e-05
row-0000629,doi::10.1016/j.proci.2018.06.022,43,2,0.0001,8.519409848066965e-05
row-0000637,doi::10.1016/s0082-0784(98)80017-6,43,2,0.0053,0.0032775209590631417
row-0000651,doi::10.1016/s0082-0784(98)80017-6,43,2,0.0032,0.0032543335514488322
row-0000656,doi::10.1016/s0082-0784(98)80017-6,43,2,0.0048,0.004949371109321044
row-0000664,doi::10.1016/s0082-0784(98)80017-6,43,2,0.0027,0.003163711234264824
row-0000671,doi::10.1016/s0082-0784(98)80017-6,43,2,0.0045,0.0029834492137082295
row-0000674,doi::10.1016/s0082-0784(98)80017-6,43,2,0.0027,0.0030873434522349706
row-0000676,citation::kimzey john howard flammability during weightlessness nasa technical memorandum nasa tm x 58001 may 1966,43,2,0.01778,0.01573164894466648
row-0000696,citation::kimzey john howard flammability during weightlessness nasa technical memorandum nasa tm x 58001 may 1966,43,2,0.00102,0.0005220550451826419
row-0000697,citation::kimzey john howard flammability during weightlessness nasa technical memorandum nasa tm x 58001 may 1966,43,2,0.0127,0.018065407301587337
row-0000700,citation::kimzey john howard flammability during weightlessness nasa technical memorandum nasa tm x 58001 may 1966,43,2,0.00203,0.0073624246096681365
row-0000704,doi::10.1016/j.combustflame.2008.05.023,43,2,0.002,0.007855857151755184
row-0000725,doi::10.1016/j.combustflame.2008.05.023,43,2,0.0019,0.0030983150855740135
row-0000731,doi::10.1016/j.combustflame.2008.05.023,43,2,0.0024,0.0031215198396463144
row-0000732,doi::10.1016/j.combustflame.2008.05.023,43,2,0.0022,0.0031330523609961794
row-0000736,doi::10.1016/j.combustflame.2008.05.023,43,2,0.0032,0.0030980119463798745
row-0000738,doi::10.1016/j.combustflame.2008.05.023,43,2,0.0044,0.0033471652321417364
row-0000740,doi::10.1016/j.combustflame.2008.05.023,43,2,0.004,0.003384024027209034
row-0000743,doi::10.1016/j.combustflame.2008.05.023,43,2,0.0051,0.003376800579979541
row-0000752,doi::10.1016/j.combustflame.2008.05.023,43,2,0.0036,0.0034122902918069476
row-0000755,doi::10.1016/j.combustflame.2008.05.023,43,2,0.0045,0.0034122902918069476
row-0000763,doi::10.1007/s10694-019-00862-4,43,2,3e-05,0.0002294555868089198
row-0000764,doi::10.1007/s10694-019-00862-4,43,2,8e-05,0.00023088262740721038
row-0000802,doi::10.1016/j.firesaf.2023.103989,43,2,0.0035,0.003014771907252336
row-0000803,doi::10.1016/j.firesaf.2023.103989,43,2,0.0031,0.0029900142418540407
row-0000806,doi::10.1016/j.firesaf.2023.103989,43,2,0.0023,0.0029276345530318865
row-0000828,doi::10.1016/j.firesaf.2023.103989,43,2,0.0025,0.003002719396006653
row-0000832,doi::10.1016/j.firesaf.2023.103989,43,2,0.0028,0.003010887962394081
row-0000889,doi::10.1016/j.firesaf.2023.103989,43,2,0.0016,0.0029885035881045867
row-0000891,doi::10.1016/j.firesaf.2023.103989,43,2,0.0034,0.003030892201585579
row-0000899,doi::10.1016/j.firesaf.2023.103989,43,2,0.0039,0.0030459572686044973
row-0000904,doi::10.1016/j.firesaf.2023.103989,43,2,0.0034,0.003009270386970649
row-0000907,doi::10.1016/j.firesaf.2023.103989,43,2,0.0023,0.0030624467679814644
row-0000912,doi::10.1016/j.firesaf.2023.103989,43,2,0.0026,0.002912733935516303
row-0000914,doi::10.1016/j.firesaf.2023.103989,43,2,0.0026,0.0030011656936076306
row-0000925,doi::10.1016/j.firesaf.2023.103989,43,2,0.0032,0.003032183609920914
row-0000930,doi::10.1016/j.firesaf.2023.103989,43,2,0.0031,0.0029560682924660887
row-0000934,doi::10.1016/j.firesaf.2023.103989,43,2,0.0024,0.0029622467740261084
row-0000936,doi::10.1016/j.firesaf.2023.103989,43,2,0.0024,0.0029594112962158373
row-0000943,doi::10.1016/j.firesaf.2023.103989,43,2,0.0024,0.002965597509530993
row-0000965,doi::10.1016/j.firesaf.2023.103989,43,2,0.0036,0.0031193205631643278
row-0000966,doi::10.1016/j.firesaf.2023.103989,43,2,0.003,0.0031193205631643278
row-0000969,doi::10.1016/j.firesaf.2023.103989,43,2,0.0039,0.0031193205631643278
row-0000975,doi::10.1016/j.firesaf.2023.103989,43,2,0.003,0.0031193205631643278
row-0000976,doi::10.1016/j.firesaf.2023.103989,43,2,0.0024,0.0031193205631643278
row-0001027,doi::10.1016/j.firesaf.2023.103989,43,2,0.0024,0.0030153368912610307
row-0001028,doi::10.1016/j.firesaf.2023.103989,43,2,0.00275,0.0030274687059437355
row-0001034,doi::10.1016/j.firesaf.2023.103989,43,2,0.0024,0.0029589573945244555
row-0001035,doi::10.1016/j.firesaf.2023.103989,43,2,0.0027,0.0029621002444281744
row-0001037,doi::10.1016/j.firesaf.2023.103989,43,2,0.00325,0.0029610437310182126
row-0001042,doi::10.1016/j.firesaf.2023.103989,43,2,0.0025,0.0029612516166193778
row-0001046,doi::10.1016/j.firesaf.2023.103989,43,2,0.00275,0.0030604153148202167
row-0001048,doi::10.1016/j.firesaf.2023.103989,43,2,0.0031,0.0030604153148202167
row-0001049,doi::10.1016/j.firesaf.2023.103989,43,2,0.0039,0.0030717642494691873
row-0001058,doi::10.1016/j.firesaf.2023.103989,43,2,0.003,0.003117164495308738
row-0001119,doi::10.1016/j.firesaf.2023.103989,43,2,0.0009,0.001685232584252009
row-0001126,doi::10.1016/j.firesaf.2023.103989,43,2,0.0013,0.0022366208829474607
row-0001139,doi::10.1016/j.firesaf.2023.103989,43,2,0.0017,0.00148145857603452
row-0001195,doi::10.1016/j.firesaf.2023.103989,43,2,0.00125,0.0014821090743951757
row-0001196,doi::10.1016/j.firesaf.2023.103989,43,2,0.0015,0.0014821090743951757
row-0001197,doi::10.1016/j.firesaf.2023.103989,43,2,0.00175,0.0015015408308303535
row-0001200,doi::10.1016/j.firesaf.2023.103989,43,2,0.0017,0.0016528164836633733
row-0001209,doi::10.1016/j.proci.2024.105199,43,2,0.0036,0.004464536436564153
row-0001228,doi::10.1016/j.proci.2024.105199,43,2,0.002,0.0015669384212142648
row-0001266,doi::10.1007/s10694-019-00935-4,43,2,0.00057,0.0004886353294366855
row-0001335,doi::10.1016/j.proci.2022.07.002,43,2,0.0021,0.0030292581771079346
row-0001359,doi::10.1016/j.proci.2022.07.002,43,2,0.0025,0.0029787847196917207
row-0001360,doi::10.1016/j.proci.2022.07.002,43,2,0.0028,0.0029808938106008114
row-0001366,doi::10.1016/j.proci.2022.07.002,43,2,0.003,0.002977057246212794
row-0001372,doi::10.1016/j.proci.2022.07.002,43,2,0.0046,0.003036178702081397
row-0001375,doi::10.1016/j.proci.2022.07.002,43,2,0.0035,0.003030200374367406
row-0001379,doi::10.1016/j.proci.2022.07.002,43,2,0.0024,0.0029099395655370593
row-0001451,doi::10.1016/j.proci.2022.07.002,43,2,0.0018,0.0015148294516904002
row-0001452,doi::10.1016/j.proci.2022.07.002,43,2,0.0017,0.001515876160685109
row-0001467,doi::10.1016/j.proci.2022.07.002,43,2,0.002,0.0015405261778285067
row-0001474,doi::10.1016/j.proci.2022.07.002,43,2,0.0011,0.001511178918174328
row-0001476,doi::10.1016/j.proci.2022.07.002,43,2,0.0011,0.001511178918174328
row-0001490,doi::10.1016/j.proci.2022.07.002,43,2,0.0015,0.001478841443824693
row-0001495,doi::10.1016/j.proci.2022.07.002,43,2,0.0012,0.0014728695629166138
row-0001498,doi::10.1016/j.proci.2022.07.002,43,2,0.0012,0.0014519196931650617
row-0001501,doi::10.1016/j.proci.2022.07.002,43,2,0.0011,0.0014529664021597705
row-0001582,doi::10.1016/j.proci.2024.105775,43,2,0.00606,0.008306744152231984
row-0001583,doi::10.1016/j.proci.2024.105775,43,2,0.00622,0.008306744152231984
row-0001589,doi::10.1016/j.proci.2024.105775,43,2,0.00786,0.008312615995303084
row-0001591,doi::10.1016/j.proci.2024.105775,43,2,0.00732,0.008329299762693997
row-0001592,doi::10.1016/j.proci.2024.105775,43,2,0.0082,0.008329299762693997
row-0001593,doi::10.1016/j.proci.2024.105775,43,2,0.00802,0.008329299762693997
row-0001595,doi::10.1016/j.proci.2024.105775,43,2,0.00739,0.008329299762693997
row-0001599,doi::10.1016/j.proci.2024.105775,43,2,0.00701,0.008329299762693997
row-0001600,doi::10.1016/j.proci.2024.105775,43,2,0.00691,0.008329299762693997
row-0001601,doi::10.1016/j.proci.2024.105775,43,2,0.00729,0.008329299762693997
row-0001605,doi::10.1016/j.proci.2024.105775,43,2,0.00672,0.008329299762693997
row-0001617,doi::10.1016/j.proci.2024.105775,43,2,0.00865,0.008654523919988966
row-0001619,doi::10.1016/j.proci.2024.105775,43,2,0.0084,0.008481540336125888
row-0001638,doi::10.1016/j.proci.2024.105775,43,2,0.01122,0.008811438099304748
row-0001640,doi::10.1016/j.proci.2024.105775,43,2,0.00842,0.00864594682547481
row-0001642,doi::10.1007/s12217-024-10147-3,43,2,0.006,0.008306744152231984
row-0001645,doi::10.1007/s12217-024-10147-3,43,2,0.0082,0.008316940575722662
row-0001651,doi::10.1007/s12217-024-10147-3,43,2,0.00717,0.008327961166202767
row-0001660,doi::10.1007/s12217-024-10147-3,43,2,0.01105,0.008733578645979595
row-0001661,doi::10.1007/s12217-024-10147-3,43,2,0.00763,0.008528824211886039
row-0001671,doi::10.1007/s12217-024-10147-3,43,2,0.00882,0.008643530710090195
row-0001726,doi::10.1016/j.combustflame.2020.12.042,43,2,0.0012,0.0016679884889947098
row-0001737,doi::10.1016/j.proci.2024.105255,43,2,0.00144,0.0015364700864692745
row-0001745,doi::10.1038/s41598-017-18398-4,43,2,7e-05,8.555894214652342e-05
row-0001749,doi::10.1038/s41598-017-18398-4,43,2,6e-05,8.555894214652342e-05
row-0001754,doi::10.1038/s41598-017-18398-4,43,2,9e-05,8.617003738904865e-05
row-0001755,doi::10.1038/s41598-017-18398-4,43,2,9e-05,8.617003738904865e-05
row-0001759,doi::10.1038/s41598-017-18398-4,43,2,6e-05,8.524700908566267e-05
row-0001762,doi::10.1038/s41598-017-18398-4,43,2,4e-05,8.3546208481788e-05
row-0001768,doi::10.1038/s41598-017-18398-4,43,2,2e-05,8.288677869496484e-05
row-0001773,doi::10.1038/s41598-017-18398-4,43,2,3e-05,8.519409848066965e-05
row-0001775,doi::10.1038/s41598-017-18398-4,43,2,3e-05,8.519409848066965e-05
row-0001790,doi::10.1038/s41598-017-18398-4,43,2,4e-05,8.555894214652342e-05
row-0001795,doi::10.1038/s41598-017-18398-4,43,2,3e-05,8.555894214652342e-05
row-0001797,doi::10.1038/s41598-017-18398-4,43,2,6e-05,8.555894214652342e-05
row-0001798,doi::10.1038/s41598-017-18398-4,43,2,7e-05,8.555894214652342e-05
row-0001812,doi::10.1038/s41598-017-18398-4,43,2,8e-05,8.583208170804536e-05
row-0001835,doi::10.1016/j.proci.2024.105766,43,2,0.0115,0.00894017075516473
row-0001842,doi::10.1016/j.proci.2024.105766,43,2,0.0065,0.007616100267744781
row-0001851,doi::10.1016/j.proci.2024.105766,43,2,0.0027,0.00161157716591973
row-0001853,doi::10.1016/j.proci.2024.105766,43,2,0.0017,0.0016228843085664257
row-0001857,doi::10.1016/j.proci.2024.105766,43,2,0.0018,0.0016050174567145735
row-0001859,doi::10.1016/j.proci.2024.105766,43,2,0.0016,0.001619616677995943
row-0001892,doi::10.1016/j.firesaf.2024.104329,43,2,0.002,0.0016923765477572573
row-0001893,doi::10.1016/j.firesaf.2024.104329,43,2,0.0024,0.0016923765477572573
row-0001906,doi::10.1016/j.firesaf.2024.104329,43,2,0.0029,0.0016930944424940995
row-0001908,doi::10.1016/j.firesaf.2024.104329,43,2,0.002,0.0016923765477572573
row-0001912,doi::10.1016/j.firesaf.2024.104329,43,2,0.002,0.0015216691384890594
row-0001943,doi::10.1016/j.firesaf.2024.104329,43,2,0.002,0.0015216691384890594
row-0001945,doi::10.1016/j.firesaf.2024.104329,43,2,0.00235,0.0016942758020307618
row-0001950,doi::10.1016/j.firesaf.2024.104329,43,2,0.0024,0.0016921597313829884
row-0001963,doi::10.1016/j.firesaf.2024.104329,43,2,0.002,0.0016932091866461462
row-0002038,doi::10.1016/j.firesaf.2024.104329,43,2,0.0011,0.0007810313009264742
row-0002041,doi::10.1016/j.firesaf.2024.104329,43,2,0.0007,0.0007326385307415202
row-0002056,doi::10.1016/j.firesaf.2024.104329,43,2,0.0011,0.0007538159260846548
row-0002060,doi::10.1016/j.firesaf.2024.104329,43,2,0.00075,0.0007167873401942631
row-0002078,doi::10.1016/j.firesaf.2024.104329,43,2,0.00075,0.0007173676458148326
row-0002098,doi::10.1016/j.firesaf.2024.104329,43,2,0.00055,0.0007145577077156307
row-0002111,doi::10.1016/j.firesaf.2024.104329,43,2,0.00123,0.0007632949701984923
row-0002115,doi::10.1016/j.firesaf.2024.104329,43,2,0.00075,0.0006957641724829931
row-0002116,doi::10.1016/j.firesaf.2024.104329,43,2,0.00112,0.0007055717469110646
row-0002118,doi::10.1016/j.firesaf.2024.104329,43,2,0.0004,0.0006854465246346293
row-0002121,doi::10.1016/j.firesaf.2024.104329,43,2,0.0008,0.000704899080244398
row-0002124,doi::10.1016/j.firesaf.2024.104329,43,2,0.0007,0.0006990529980801015
row-0002133,doi::10.1016/j.firesaf.2024.104329,43,2,0.00056,0.0006761509481291529
row-0002136,doi::10.1016/j.firesaf.2024.104329,43,2,0.00072,0.0007185011649674033
row-0002138,doi::10.1016/j.firesaf.2024.104329,43,2,0.00045,0.0006754782814624862
row-0002286,citation::mell w e s l olson and t kashiwagi flame spread along free edges of thermally thin samples in 0 proceedings of the combustion institute vol 28 no 2 2000 pp 2843 2849,43,2,0.0023,0.0032398871874376235
row-0002298,citation::meyer florian jan hei meier hans christoph ries and christian eigenbrod sooting behavior in concurrent and upward burning of cylindrical pmma samples 52nd international conference on environmental systems ices 2023 171 calgary canada 16 20 july 2023,43,2,0.00212,0.001923374815261395
row-0002451,doi::10.1016/j.proci.2018.05.007,43,2,0.003,0.002904686768407341
row-0002452,doi::10.1016/j.proci.2018.05.007,43,2,0.0026,0.003012033247573402
row-0002455,doi::10.1016/j.proci.2018.05.007,43,2,0.0035,0.0029127986008437557
row-0002458,doi::10.1016/j.proci.2018.05.007,43,2,0.0029,0.0029220837320182644
row-0002460,doi::10.1016/j.proci.2018.05.007,43,2,0.0038,0.0030241433821799973
row-0002465,doi::10.1016/j.proci.2018.05.007,43,2,0.0026,0.001539096565888208
row-0002466,doi::10.1016/j.proci.2018.05.007,43,2,0.0019,0.0014710732089142072
row-0002470,doi::10.1016/j.proci.2018.05.007,43,2,0.0026,0.0014745217097411358
row-0002475,doi::10.1016/j.proci.2018.05.007,43,2,0.0029,0.0014870059279171325
row-0002476,doi::10.1016/j.proci.2018.05.007,43,2,0.0024,0.0014870059279171325
row-0002597,citation::nishizawa et al 2003 effect of low external flow on flame spreading over etfe wire under microgravity,43,2,0.003,0.003063663050722663
row-0002598,citation::nishizawa et al 2003 effect of low external flow on flame spreading over etfe wire under microgravity,43,2,0.0019,0.0030658714967824632
row-0002604,citation::nishizawa et al 2003 effect of low external flow on flame spreading over etfe wire under microgravity,43,2,0.0032,0.00311804468380832
row-0002607,citation::nishizawa et al 2003 effect of low external flow on flame spreading over etfe wire under microgravity,43,2,0.0027,0.0030412287786805523
row-0002612,doi::10.1016/j.combustflame.2009.01.015,43,2,0.0006,0.0014476687155914058
row-0002615,doi::10.1016/j.combustflame.2009.01.015,43,2,0.0013,0.0014479004983883191
row-0002619,doi::10.1016/j.combustflame.2009.01.015,43,2,0.00098,0.0014479004983883191
row-0002620,doi::10.1016/j.combustflame.2009.01.015,43,2,0.00093,0.0014484414507692713
row-0002626,doi::10.1016/j.combustflame.2009.01.015,43,2,0.001,0.0014495207679961618
row-0002627,doi::10.1016/j.combustflame.2009.01.015,43,2,0.00088,0.0014495207679961618
row-0002628,doi::10.1016/j.combustflame.2009.01.015,43,2,0.0011,0.0014489807679961622
row-0002634,doi::10.1016/j.combustflame.2009.01.015,43,2,0.0026,0.0014644905476179798
row-0002642,doi::10.1016/j.combustflame.2009.01.015,43,2,0.0,0.0014476687155914058
row-0002645,doi::10.1016/j.combustflame.2009.01.015,43,2,0.00086,0.0014495207679961618
row-0002648,doi::10.1016/j.combustflame.2009.01.015,43,2,0.0014,0.0014489807679961622
row-0002650,doi::10.1016/j.combustflame.2009.01.015,43,2,0.00063,0.0014489807679961622
row-0002651,doi::10.1016/j.combustflame.2009.01.015,43,2,0.00062,0.0014489807679961622
row-0002656,doi::10.1016/j.combustflame.2009.01.015,43,2,0.00094,0.0014505659570382692
row-0002658,doi::10.1016/j.combustflame.2009.01.015,43,2,0.00073,0.0014496892613860952
row-0002663,doi::10.1016/j.combustflame.2009.01.015,43,2,0.0024,0.0014567017070382692
row-0002699,citation::friedman robert brian jackson and sandra olson testing and selection of fire resistant materials for spacecraft use nasa technical memorandum 2000 209773 mar 2000 nasa sti program office glenn research center cleveland ohio,43,2,0.0053,0.008646177312582062
row-0002704,citation::friedman robert brian jackson and sandra olson testing and selection of fire resistant materials for spacecraft use nasa technical memorandum 2000 209773 mar 2000 nasa sti program office glenn research center cleveland ohio,43,2,0.0126,0.008783096017092852
row-0002711,citation::friedman robert brian jackson and sandra olson testing and selection of fire resistant materials for spacecraft use nasa technical memorandum 2000 209773 mar 2000 nasa sti program office glenn research center cleveland ohio,43,2,0.0217,0.02089933348795454
row-0002712,citation::friedman robert brian jackson and sandra olson testing and selection of fire resistant materials for spacecraft use nasa technical memorandum 2000 209773 mar 2000 nasa sti program office glenn research center cleveland ohio,43,2,0.0263,0.025145115687072978
row-0002719,citation::friedman robert brian jackson and sandra olson testing and selection of fire resistant materials for spacecraft use nasa technical memorandum 2000 209773 mar 2000 nasa sti program office glenn research center cleveland ohio,43,2,0.0389,0.03454136794728247
row-0002725,citation::friedman robert brian jackson and sandra olson testing and selection of fire resistant materials for spacecraft use nasa technical memorandum 2000 209773 mar 2000 nasa sti program office glenn research center cleveland ohio,43,2,0.0674,0.07028602399134237
row-0002730,citation::friedman robert brian jackson and sandra olson testing and selection of fire resistant materials for spacecraft use nasa technical memorandum 2000 209773 mar 2000 nasa sti program office glenn research center cleveland ohio,43,2,0.0155,0.008870870865765088
row-0002735,citation::friedman robert brian jackson and sandra olson testing and selection of fire resistant materials for spacecraft use nasa technical memorandum 2000 209773 mar 2000 nasa sti program office glenn research center cleveland ohio,43,2,0.0297,0.021704021253664958
row-0002746,citation::friedman robert brian jackson and sandra olson testing and selection of fire resistant materials for spacecraft use nasa technical memorandum 2000 209773 mar 2000 nasa sti program office glenn research center cleveland ohio,43,2,0.0054,0.008035814961059333
row-0002752,citation::friedman robert brian jackson and sandra olson testing and selection of fire resistant materials for spacecraft use nasa technical memorandum 2000 209773 mar 2000 nasa sti program office glenn research center cleveland ohio,43,2,0.0226,0.03368939841588756
row-0002758,citation::friedman robert brian jackson and sandra olson testing and selection of fire resistant materials for spacecraft use nasa technical memorandum 2000 209773 mar 2000 nasa sti program office glenn research center cleveland ohio,43,2,0.0028,0.005808027109936284
row-0002762,citation::friedman robert brian jackson and sandra olson testing and selection of fire resistant materials for spacecraft use nasa technical memorandum 2000 209773 mar 2000 nasa sti program office glenn research center cleveland ohio,43,2,0.0059,0.008667197933797659
row-0002769,citation::friedman robert brian jackson and sandra olson testing and selection of fire resistant materials for spacecraft use nasa technical memorandum 2000 209773 mar 2000 nasa sti program office glenn research center cleveland ohio,43,2,0.0121,0.017060698348805782
row-0002774,citation::friedman robert brian jackson and sandra olson testing and selection of fire resistant materials for spacecraft use nasa technical memorandum 2000 209773 mar 2000 nasa sti program office glenn research center cleveland ohio,43,2,0.0334,0.05527162874314569
row-0002780,citation::friedman robert brian jackson and sandra olson testing and selection of fire resistant materials for spacecraft use nasa technical memorandum 2000 209773 mar 2000 nasa sti program office glenn research center cleveland ohio,43,2,0.021,0.03454136794728247
row-0002788,citation::olson s l and j s t ien near limit flame spread over a thin solid fuel in 0 symposium international on combustion vol 22 no 1 1988 pp 1213 1222 the combustion institute,43,2,0.00755,0.008256819600952548
row-0002789,citation::olson s l and j s t ien near limit flame spread over a thin solid fuel in 0 symposium international on combustion vol 22 no 1 1988 pp 1213 1222 the combustion institute,43,2,0.01147,0.008572076663986785
row-0002791,citation::olson s l and j s t ien near limit flame spread over a thin solid fuel in 0 symposium international on combustion vol 22 no 1 1988 pp 1213 1222 the combustion institute,43,2,0.0147,0.009002613923770981
row-0002792,citation::olson s l and j s t ien near limit flame spread over a thin solid fuel in 0 symposium international on combustion vol 22 no 1 1988 pp 1213 1222 the combustion institute,43,2,0.01533,0.009002613923770981
row-0002795,citation::olson s l and j s t ien near limit flame spread over a thin solid fuel in 0 symposium international on combustion vol 22 no 1 1988 pp 1213 1222 the combustion institute,43,2,0.03622,0.029164027643898
row-0002796,citation::olson s l and j s t ien near limit flame spread over a thin solid fuel in 0 symposium international on combustion vol 22 no 1 1988 pp 1213 1222 the combustion institute,43,2,0.04342,0.04307749056709968
row-0002800,citation::olson s l and j s t ien near limit flame spread over a thin solid fuel in 0 symposium international on combustion vol 22 no 1 1988 pp 1213 1222 the combustion institute,43,2,0.00571,0.008655233598329252
row-0002809,citation::olson s l and j s t ien near limit flame spread over a thin solid fuel in 0 symposium international on combustion vol 22 no 1 1988 pp 1213 1222 the combustion institute,43,2,0.03869,0.03277893359228286
row-0002814,citation::olson s l and j s t ien near limit flame spread over a thin solid fuel in 0 symposium international on combustion vol 22 no 1 1988 pp 1213 1222 the combustion institute,43,2,0.00288,0.0059871263816287735
row-0002815,citation::olson s l and j s t ien near limit flame spread over a thin solid fuel in 0 symposium international on combustion vol 22 no 1 1988 pp 1213 1222 the combustion institute,43,2,0.00329,0.0059871263816287735
row-0002822,citation::olson s l and j s t ien near limit flame spread over a thin solid fuel in 0 symposium international on combustion vol 22 no 1 1988 pp 1213 1222 the combustion institute,43,2,0.01028,0.007927100759652956
row-0002837,citation::olson s l and j s t ien near limit flame spread over a thin solid fuel in 0 symposium international on combustion vol 22 no 1 1988 pp 1213 1222 the combustion institute,43,2,0.0142,0.01736325175328307
row-0002841,citation::olson s l and j s t ien near limit flame spread over a thin solid fuel in 0 symposium international on combustion vol 22 no 1 1988 pp 1213 1222 the combustion institute,43,2,0.02256,0.03246642547391656
row-0002844,citation::olson s l and j s t ien near limit flame spread over a thin solid fuel in 0 symposium international on combustion vol 22 no 1 1988 pp 1213 1222 the combustion institute,43,2,0.03617,0.034521642506188284
row-0002895,doi::10.1080/00102209108951711,43,2,0.01884,0.018312907859903364
row-0002902,doi::10.1080/00102209108951711,43,2,0.01417,0.009176160248100692
row-0002903,doi::10.1080/00102209108951711,43,2,0.01401,0.009180484828520272
row-0002917,doi::10.1080/00102209108951711,43,2,0.0075,0.008536235171844488
row-0002919,doi::10.1080/00102209108951711,43,2,0.0083,0.00853893481053266
row-0002987,doi::10.1016/j.combustflame.2009.01.015,43,2,0.024,0.07368450085594386
row-0002994,doi::10.1016/j.combustflame.2009.01.015,43,2,0.034,0.02909632044366009
row-0002998,doi::10.1016/j.combustflame.2009.01.015,43,2,0.0042,0.008078001278164899
row-0003003,doi::10.1016/j.combustflame.2009.01.015,43,2,0.055,0.03137769624863725
row-0003010,doi::10.1016/j.combustflame.2009.01.015,43,2,0.027,0.026738084053193865
row-0003032,doi::10.1016/s0010-2180(00)00249-2,43,2,0.0023,0.0014565079758485935
row-0003036,doi::10.1016/s0010-2180(00)00249-2,43,2,0.0019,0.003212005990590162
row-0003043,doi::10.1016/s0010-2180(00)00249-2,43,2,0.0059,0.003533168753756996
row-0003045,doi::10.1016/s0010-2180(00)00249-2,43,2,0.0033,0.0043538561630831465
row-0003047,doi::10.1016/s0010-2180(00)00249-2,43,2,0.0037,0.0043538561630831465
row-0003049,doi::10.1016/s0010-2180(00)00249-2,43,2,0.0052,0.004340329656653748
row-0003054,doi::10.1016/s0010-2180(00)00249-2,43,2,0.0014,0.0014565079758485935
row-0003057,doi::10.1016/s0010-2180(00)00249-2,43,2,0.00077,0.0014537964606970784
row-0003065,doi::10.1016/s0010-2180(00)00249-2,43,2,0.00076,0.0014537964606970784
row-0003070,doi::10.1016/s0010-2180(00)00249-2,43,2,0.0023,0.0014565079758485935
row-0003080,doi::10.1016/j.combustflame.2018.10.012,43,2,0.00056,0.001476668530255138
row-0003084,doi::10.1016/j.combustflame.2018.10.012,43,2,0.00113,0.0014823309907231624
row-0003096,doi::10.1080/00102200490276773,43,2,0.0032,0.0022508267114475615
row-0003101,doi::10.1080/00102200490276773,43,2,0.012,0.012613902382140631
row-0003106,doi::10.1080/00102200490276773,43,2,0.016,0.016206619493251896
row-0003113,doi::10.1080/00102200490276773,43,2,0.026,0.02447319632034617
row-0003115,doi::10.1080/00102200490276773,43,2,0.028,0.02577566298701286
row-0003119,doi::10.1080/00102200490276773,43,2,0.016,0.017541866161616
row-0003130,doi::10.1080/00102200490276773,43,2,0.027,0.026183262719684988
row-0003135,doi::10.1080/00102200490276773,43,2,0.036,0.035799245148519676
row-0003141,doi::10.1080/00102200490276773,43,2,0.062,0.058928576190476464
row-0003147,doi::10.1080/00102200490276773,43,2,0.031,0.04727799999999982
row-0003150,doi::10.1016/j.combustflame.2022.112559,43,2,0.0034,0.09122296501752582
row-0003157,doi::10.1016/j.combustflame.2022.112559,43,2,0.0051,0.0017769993596395645
row-0003163,doi::10.1016/j.proci.2024.105358,43,2,0.0017,0.0017144683298120234
row-0003164,doi::10.1016/j.proci.2024.105358,43,2,0.0022,0.0021956342027064134
row-0003165,doi::10.1016/j.proci.2024.105358,43,2,0.00325,0.002984605703877226
row-0003166,doi::10.1016/j.proci.2024.105358,43,2,0.00175,0.002099746820066842
row-0003175,doi::10.1016/j.proci.2024.105358,43,2,0.00235,0.0022689801249485666
row-0003179,doi::10.1016/j.proci.2024.105358,43,2,0.00195,0.002099746820066842
row-0003183,doi::10.1016/j.proci.2024.105358,43,2,0.002,0.0018789048719496883
row-0003186,doi::10.1016/j.proci.2024.105358,43,2,0.0022,0.00285448334210793
row-0003190,doi::10.1016/j.proci.2024.105358,43,2,0.00265,0.0028785750067785395
row-0003194,doi::10.1016/j.proci.2024.105358,43,2,0.00275,0.002901921418418484
row-0003202,doi::10.1016/j.combustflame.2022.112009,43,2,0.0013,0.0014681525100912942
row-0003210,doi::10.1016/j.combustflame.2022.112009,43,2,0.0011,0.0014678642156444582
row-0003212,doi::10.1016/j.combustflame.2022.112009,43,2,0.0012,0.001467451205743468
row-0003213,doi::10.1016/j.combustflame.2022.112009,43,2,0.0011,0.001467451205743468
row-0003223,doi::10.1016/j.combustflame.2022.112009,43,2,0.00079,0.0014587125245864375
row-0003228,doi::10.1016/j.combustflame.2022.112009,43,2,0.00036,0.0014555253892642734
row-0003229,doi::10.1016/j.combustflame.2022.112009,43,2,0.00039,0.0014535923793632835
row-0003232,doi::10.1016/j.combustflame.2022.112009,43,2,0.00045,0.0014535923793632835
row-0003236,doi::10.1016/j.combustflame.2022.112009,43,2,0.00044,0.00145369904602995
row-0003246,doi::10.1016/j.combustflame.2022.112009,43,2,0.0054,0.005300818068060567
row-0003249,doi::10.1016/j.combustflame.2022.112009,43,2,0.011,0.007175057099041699
row-0003258,doi::10.1016/j.combustflame.2022.112009,43,2,0.0033,0.00508324136913629
row-0003391,doi::10.1016/s0082-0784(06)80816-7,43,2,0.01254,0.009497208268036812
row-0003393,doi::10.1016/s0082-0784(06)80816-7,43,2,0.01341,0.009501277110250558
row-0003396,doi::10.1016/s0082-0784(06)80816-7,43,2,0.01123,0.009449683567131332
row-0003399,doi::10.1016/s0082-0784(06)80816-7,43,2,0.00964,0.009439691748949514
row-0003400,doi::10.1016/s0082-0784(06)80816-7,43,2,0.00907,0.009403390177520942
row-0003402,doi::10.1016/s0082-0784(06)80816-7,43,2,0.00812,0.009400510177520943
row-0003426,citation::s nchez tarifa c and b l zaro experiments conducted on combustion at microgravity in the texus 38 sounding rocket results and conclusions first international symposium on microgravity research and applications on physical sciences and biotechnology 2000,43,2,0.00038,0.0006145563128146256
row-0003440,citation::s nchez tarifa c and g l pez juste a study of the combustion problems of solid materials at conditions existing in space stations esa sp 433 1999,43,2,0.0006,0.0007288732384396784
row-0003448,citation::s nchez tarifa c and m rodr guez combustion and flammability characteristics of solids at microgravity in very small velocity flows second european symposium on utilisation of the international space station nov 1998,43,2,0.0028,0.003205512381994208
row-0003451,citation::s nchez tarifa c and m rodr guez combustion and flammability characteristics of solids at microgravity in very small velocity flows second european symposium on utilisation of the international space station nov 1998,43,2,0.0019,0.0022680104063588008
row-0003457,doi::10.1007/s12217-024-10106-y,43,2,5e-05,0.00011743077290010338
row-0003461,doi::10.1007/s12217-024-10106-y,43,2,4e-05,0.00011770161831054562
row-0003467,doi::10.1007/s12217-024-10106-y,43,2,0.00111,0.0016233613752303306
row-0003469,doi::10.1007/s12217-024-10106-y,43,2,0.00113,0.0016233613752303306
row-0003480,doi::10.1016/s1540-7489(02)80315-7,43,2,0.05751,0.051192705849287035
row-0003484,doi::10.1016/s1540-7489(02)80315-7,43,2,0.01257,0.014026065292105653
row-0003492,doi::10.1016/s1540-7489(02)80315-7,43,2,0.02101,0.026756815136903065
row-0003494,doi::10.1016/s1540-7489(02)80315-7,43,2,0.04897,0.045938083098702676
row-0003499,doi::10.1016/s1540-7489(02)80315-7,43,2,0.014,0.02877641803921195
row-0003504,doi::10.1016/s1540-7489(02)80315-7,43,2,0.046,0.044376048508719436
row-0003513,doi::10.1016/s1540-7489(02)80315-7,43,2,0.034,0.030707320408217838
row-0003519,citation::son youngjin paul d ronney and suleyman gokoglu comparison of carbon dioxide and helium as fire extinguishing agents for spacecraft nasa cp 2004 213205 vol2 2004 pp 409 418,43,2,0.084,0.06756999142135381
row-0003521,citation::son youngjin paul d ronney and suleyman gokoglu comparison of carbon dioxide and helium as fire extinguishing agents for spacecraft nasa cp 2004 213205 vol2 2004 pp 409 418,43,2,0.021,0.018431801534036445
row-0003525,citation::son youngjin paul d ronney and suleyman gokoglu comparison of carbon dioxide and helium as fire extinguishing agents for spacecraft nasa cp 2004 213205 vol2 2004 pp 409 418,43,2,0.003,0.01782138088870206
row-0003535,citation::son youngjin paul d ronney and suleyman gokoglu comparison of carbon dioxide and helium as fire extinguishing agents for spacecraft nasa cp 2004 213205 vol2 2004 pp 409 418,43,2,0.09,0.06855468353869995
row-0003543,citation::son youngjin paul d ronney and suleyman gokoglu comparison of carbon dioxide and helium as fire extinguishing agents for spacecraft nasa cp 2004 213205 vol2 2004 pp 409 418,43,2,0.05278,0.030539067816026836
row-0003547,citation::son youngjin paul d ronney and suleyman gokoglu comparison of carbon dioxide and helium as fire extinguishing agents for spacecraft nasa cp 2004 213205 vol2 2004 pp 409 418,43,2,0.01417,0.017726286977673946
row-0003553,citation::son youngjin paul d ronney and suleyman gokoglu comparison of carbon dioxide and helium as fire extinguishing agents for spacecraft nasa cp 2004 213205 vol2 2004 pp 409 418,43,2,0.01114,0.017117148824484025
row-0003565,citation::son youngjin paul d ronney and suleyman gokoglu comparison of carbon dioxide and helium as fire extinguishing agents for spacecraft nasa cp 2004 213205 vol2 2004 pp 409 418,43,2,0.01333,0.013586977712020902
row-0003566,citation::son youngjin paul d ronney and suleyman gokoglu comparison of carbon dioxide and helium as fire extinguishing agents for spacecraft nasa cp 2004 213205 vol2 2004 pp 409 418,43,2,0.01222,0.012836889043034726
row-0003568,citation::son youngjin paul d ronney and suleyman gokoglu comparison of carbon dioxide and helium as fire extinguishing agents for spacecraft nasa cp 2004 213205 vol2 2004 pp 409 418,43,2,0.01194,0.012409666571749377
row-0003573,citation::son youngjin paul d ronney and suleyman gokoglu comparison of carbon dioxide and helium as fire extinguishing agents for spacecraft nasa cp 2004 213205 vol2 2004 pp 409 418,43,2,0.04405,0.043109145152847084
row-0003574,citation::son youngjin paul d ronney and suleyman gokoglu comparison of carbon dioxide and helium as fire extinguishing agents for spacecraft nasa cp 2004 213205 vol2 2004 pp 409 418,43,2,0.01786,0.01369274464005873
row-0003580,citation::son youngjin paul d ronney and suleyman gokoglu comparison of carbon dioxide and helium as fire extinguishing agents for spacecraft nasa cp 2004 213205 vol2 2004 pp 409 418,43,2,0.00833,0.014503459896414893
row-0003587,citation::son youngjin paul d ronney and suleyman gokoglu comparison of carbon dioxide and helium as fire extinguishing agents for spacecraft nasa cp 2004 213205 vol2 2004 pp 409 418,43,2,0.03947,0.044995118948365276
row-0003588,citation::son youngjin paul d ronney and suleyman gokoglu comparison of carbon dioxide and helium as fire extinguishing agents for spacecraft nasa cp 2004 213205 vol2 2004 pp 409 418,43,2,0.03026,0.034828982441869244
row-0003594,citation::son youngjin paul d ronney and suleyman gokoglu comparison of carbon dioxide and helium as fire extinguishing agents for spacecraft nasa cp 2004 213205 vol2 2004 pp 409 418,43,2,0.00826,0.014476818268080834
row-0003596,citation::son youngjin paul d ronney and suleyman gokoglu comparison of carbon dioxide and helium as fire extinguishing agents for spacecraft nasa cp 2004 213205 vol2 2004 pp 409 418,43,2,0.03576,0.04322872402118556
row-0003600,citation::son youngjin paul d ronney and suleyman gokoglu comparison of carbon dioxide and helium as fire extinguishing agents for spacecraft nasa cp 2004 213205 vol2 2004 pp 409 418,43,2,0.0183,0.015683259266076215
row-0003602,citation::son youngjin paul d ronney and suleyman gokoglu comparison of carbon dioxide and helium as fire extinguishing agents for spacecraft nasa cp 2004 213205 vol2 2004 pp 409 418,43,2,0.0217,0.02012732046990616
row-0003603,citation::son youngjin paul d ronney and suleyman gokoglu comparison of carbon dioxide and helium as fire extinguishing agents for spacecraft nasa cp 2004 213205 vol2 2004 pp 409 418,43,2,0.01596,0.014887750724931124
row-0003605,citation::son youngjin paul d ronney and suleyman gokoglu comparison of carbon dioxide and helium as fire extinguishing agents for spacecraft nasa cp 2004 213205 vol2 2004 pp 409 418,43,2,0.02183,0.0224683742057878
row-0003607,citation::son youngjin paul d ronney and suleyman gokoglu comparison of carbon dioxide and helium as fire extinguishing agents for spacecraft nasa cp 2004 213205 vol2 2004 pp 409 418,43,2,0.00735,0.012124331013339477
row-0003627,doi::10.1016/j.proci.2014.07.017,43,2,1e-05,0.001403376762261424
row-0003630,doi::10.1016/j.proci.2014.07.017,43,2,0.00023,0.0014065272384519
row-0003638,doi::10.1016/j.proci.2014.07.017,43,2,0.00079,0.0014182747095961487
row-0003640,doi::10.1016/j.proci.2014.07.017,43,2,0.00122,0.0014182747095961487
row-0003648,doi::10.1016/j.proci.2014.07.017,43,2,0.00269,0.0014323293366325753
row-0003655,doi::10.1016/j.proci.2014.07.017,43,2,0.0008,0.001413493598390631
row-0003665,doi::10.1016/j.proci.2014.07.017,43,2,0.00313,0.0018322792518520588
row-0003668,doi::10.1016/j.proci.2014.07.017,43,2,0.00387,0.0018776844029412304
row-0003679,doi::10.1016/j.proci.2014.07.017,43,2,1e-05,0.0014152572280456167
row-0003680,doi::10.1016/j.proci.2014.07.017,43,2,0.0002,0.0014152572280456167
row-0003685,doi::10.1016/j.proci.2014.07.017,43,2,0.00044,0.0014152572280456167
row-0003697,doi::10.1016/j.proci.2014.07.017,43,2,0.00171,0.001466582166690341
row-0003700,doi::10.1016/j.proci.2014.07.017,43,2,0.00145,0.0014795917903960296
row-0003718,doi::10.1016/j.proci.2014.07.017,43,2,0.0005,0.0014111597691378484
row-0003727,doi::10.1016/j.proci.2014.07.017,43,2,0.00115,0.0014111597691378484
row-0003732,doi::10.1016/j.proci.2014.07.017,43,2,0.0005,0.0014111597691378484
row-0003737,doi::10.1016/j.proci.2014.07.017,43,2,0.00083,0.0014111597691378484
row-0003745,doi::10.1016/j.proci.2014.07.017,43,2,0.00026,0.0014111597691378484
row-0003747,doi::10.1016/j.proci.2014.07.017,43,2,0.00117,0.0014152572280456167
row-0003753,doi::10.1016/j.proci.2014.07.017,43,2,0.00142,0.0014152572280456167
row-0003765,doi::10.1016/j.proci.2014.07.017,43,2,0.00046,0.0014084286669909158
row-0003768,doi::10.1016/j.proci.2014.07.017,43,2,0.00144,0.0014795917903960296
row-0004086,citation::takahashi shuhei takeshi nagumo kazunori wakai and subrata bhattacharjee effects of ambient condition on flame spread over a thin pmma sheet jsme international journal series b 43 4 2000 556 562,43,2,0.03538,0.02653886533317291
row-0004094,citation::takahashi shuhei takeshi nagumo kazunori wakai and subrata bhattacharjee effects of ambient condition on flame spread over a thin pmma sheet jsme international journal series b 43 4 2000 556 562,43,2,0.00861,0.009796799370664435
row-0004101,citation::takahashi shuhei takeshi nagumo kazunori wakai and subrata bhattacharjee effects of ambient condition on flame spread over a thin pmma sheet jsme international journal series b 43 4 2000 556 562,43,2,0.00071,0.0014425403873987775
row-0004109,citation::takahashi shuhei takeshi nagumo kazunori wakai and subrata bhattacharjee effects of ambient condition on flame spread over a thin pmma sheet jsme international journal series b 43 4 2000 556 562,43,2,0.0012,0.002244691997193788
row-0004113,citation::takahashi shuhei takeshi nagumo kazunori wakai and subrata bhattacharjee effects of ambient condition on flame spread over a thin pmma sheet jsme international journal series b 43 4 2000 556 562,43,2,0.00028,0.0014250383974318635
row-0004118,citation::takahashi shuhei takeshi nagumo kazunori wakai and subrata bhattacharjee effects of ambient condition on flame spread over a thin pmma sheet jsme international journal series b 43 4 2000 556 562,43,2,0.00032,0.0011834703201428541
row-0004132,citation::takahashi shuhei takeshi nagumo kazunori wakai and subrata bhattacharjee effects of ambient condition on flame spread over a thin pmma sheet jsme international journal series b 43 4 2000 556 562,43,2,0.00018,0.00011751577257288935
row-0004134,citation::takahashi shuhei takeshi nagumo kazunori wakai and subrata bhattacharjee effects of ambient condition on flame spread over a thin pmma sheet jsme international journal series b 43 4 2000 556 562,43,2,0.00084,0.0007832548256025896
row-0004137,citation::takahashi shuhei takeshi nagumo kazunori wakai and subrata bhattacharjee effects of ambient condition on flame spread over a thin pmma sheet jsme international journal series b 43 4 2000 556 562,43,2,0.00022,0.00035719096143041565
row-0004140,citation::takahashi shuhei takeshi nagumo kazunori wakai and subrata bhattacharjee effects of ambient condition on flame spread over a thin pmma sheet jsme international journal series b 43 4 2000 556 562,43,2,6e-05,0.003042871033183142
row-0004153,citation::takahashi shuhei takeshi nagumo kazunori wakai and subrata bhattacharjee effects of ambient condition on flame spread over a thin pmma sheet jsme international journal series b 43 4 2000 556 562,43,2,0.00497,0.004388792252648165
row-0004166,citation::takahashi shuhei takeshi nagumo kazunori wakai and subrata bhattacharjee effects of ambient condition on flame spread over a thin pmma sheet jsme international journal series b 43 4 2000 556 562,43,2,0.00075,0.0008988800660209085
row-0004174,citation::takahashi shuhei takeshi nagumo kazunori wakai and subrata bhattacharjee effects of ambient condition on flame spread over a thin pmma sheet jsme international journal series b 43 4 2000 556 562,43,2,0.00046,0.0007787963497457704
row-0004218,citation::takahashi shuhei et al effect of ambient gas on flame spread over a solid material in microgravity journal of the japanese society for microgravity application vol 24 no 3 2007 pp 225 230,43,2,0.0108,0.005508895420228444
row-0004238,doi::10.1016/j.proci.2018.06.022,43,2,0.00258,0.0038675603689394453
row-0004240,doi::10.1016/j.proci.2018.06.022,43,2,0.0027,0.003908202509006802
row-0004241,doi::10.1016/j.proci.2018.06.022,43,2,0.00256,0.003908202509006802
row-0004242,doi::10.1016/j.proci.2018.06.022,43,2,0.00371,0.004151988302360389
row-0004246,doi::10.1016/j.proci.2018.06.022,43,2,0.00407,0.0037460789340890963
row-0004258,doi::10.1016/j.proci.2018.06.022,43,2,0.00322,0.004095847473145957
row-0004262,doi::10.1016/j.proci.2018.06.022,43,2,0.00421,0.004213961206327823
row-0004268,doi::10.1016/j.proci.2018.06.022,43,2,0.00346,0.0038758962744108354
row-0004273,doi::10.1016/j.proci.2018.06.022,43,2,0.00582,0.0041830844932267955
row-0004282,doi::10.1016/j.proci.2018.06.022,43,2,0.00312,0.0026508434634624637
row-0004283,doi::10.1016/j.proci.2018.06.022,43,2,0.00215,0.0026553319747498554
row-0004289,doi::10.1016/j.proci.2018.06.022,43,2,0.00132,0.002658737880790124
row-0004296,doi::10.1016/j.proci.2018.06.022,43,2,0.00152,0.002385558422285755
row-0004302,doi::10.1016/j.proci.2018.06.022,43,2,0.00315,0.002422988324596282
row-0004303,doi::10.1016/j.proci.2018.06.022,43,2,0.00353,0.002467477517582012
row-0004329,doi::10.1038/s41598-017-18398-4,43,2,0.00063,0.0015405359510432903
row-0004331,doi::10.1038/s41598-017-18398-4,43,2,0.00151,0.0014423631493282502
row-0004334,doi::10.1038/s41598-017-18398-4,43,2,0.00141,0.0014559716336517918
row-0004344,doi::10.1016/s1540-7489(02)80314-5,43,2,0.03123,0.03741636062337636
row-0004345,doi::10.1016/s1540-7489(02)80314-5,43,2,0.03325,0.037615470623376265
row-0004351,doi::10.1016/s1540-7489(02)80314-5,43,2,0.04937,0.04492042419480532
row-0004352,doi::10.1016/s1540-7489(02)80314-5,43,2,0.02333,0.018300251926311604
row-0004356,doi::10.1016/s1540-7489(02)80314-5,43,2,0.01623,0.01608971371870745
row-0004374,doi::10.1016/s1540-7489(02)80314-5,43,2,0.01437,0.011490613440004281
row-0004379,doi::10.1016/s1540-7489(02)80314-5,43,2,0.01029,0.008996706911366401
row-0004380,doi::10.1016/s1540-7489(02)80314-5,43,2,0.01168,0.009832255913872679
row-0004397,doi::10.1016/s1540-7489(02)80314-5,43,2,0.0023,0.003971734334268882
row-0004398,doi::10.1016/s1540-7489(02)80314-5,43,2,0.00223,0.0042200153813884275
row-0004407,doi::10.1016/s1540-7489(02)80314-5,43,2,0.00178,0.004345175007355393
row-0004410,doi::10.1016/s1540-7489(02)80314-5,43,2,0.00426,0.00423040439144579
row-0004411,doi::10.1016/s1540-7489(02)80314-5,43,2,0.00424,0.0043947385060872785
row-0004413,doi::10.1016/s1540-7489(02)80314-5,43,2,0.00213,0.00264693747019125
row-0004434,citation::urban david l interactions between flames on parallel solid surfaces nasa 0 combustion workshop n96 15588 1997,43,2,0.00896,0.013305359016694102
row-0004435,citation::urban david l interactions between flames on parallel solid surfaces nasa 0 combustion workshop n96 15588 1997,43,2,0.00802,0.014538671008106437
row-0004438,citation::urban david l interactions between flames on parallel solid surfaces nasa 0 combustion workshop n96 15588 1997,43,2,0.01259,0.013612443266808714
row-0004745,doi::10.1007/s10694-019-00878-w,43,2,0.0208,0.01638927428571423
row-0004747,doi::10.1007/s10694-019-00878-w,43,2,0.1268,0.06100874101812729
row-0004749,doi::10.1007/s10694-019-00878-w,43,2,0.1648,0.0690776866666662
row-0004760,doi::10.1007/s12217-015-9419-z,43,2,0.0117,0.01108636632980638
row-0004777,doi::10.1007/s10694-019-00896-8,43,2,9e-05,0.00010527414523240997
row-0004788,doi::10.1007/s10694-019-00896-8,43,2,0.00064,0.00044653107726648673
row-0004791,doi::10.1007/s10694-019-00896-8,43,2,0.00054,0.00044653107726648673
row-0004793,doi::10.1007/s10694-019-00896-8,43,2,0.0014,0.0013709219704724546
row-0004801,doi::10.1007/s10694-019-00896-8,43,2,0.002,0.0016859830729565517
row-0004805,doi::10.1007/s10694-019-00896-8,43,2,0.00013,0.0003807770012378971
row-0004807,doi::10.1007/s10694-019-00896-8,43,2,9e-05,0.0003786335235385643
row-0004816,doi::10.1007/s10694-019-00896-8,43,2,0.00014,0.0008362037892757091
row-0004828,doi::10.1007/s10694-019-00896-8,43,2,5e-05,9.949957339280689e-05
row-0004836,doi::10.1007/s10694-019-00896-8,43,2,0.00016,0.00010539185951812424
row-0004838,doi::10.1007/s10694-019-00896-8,43,2,0.00016,0.00010477640220573531
row-0004849,doi::10.1007/s10694-019-00896-8,43,2,0.00065,0.00044653107726648673
row-0004859,doi::10.1007/s10694-019-00896-8,43,2,0.0014,0.0014180468822546188
row-0004861,doi::10.1007/s10694-019-00896-8,43,2,0.0017,0.0015951117152216286
row-0004930,doi::10.1016/j.proci.2024.105199,43,2,0.00225,0.0016164829637669396
row-0004942,doi::10.1016/j.proci.2016.06.028,43,2,0.0008,0.0014221328377834268
row-0004943,doi::10.1016/j.proci.2016.06.028,43,2,0.001,0.0014207560845366732
row-0004945,doi::10.1016/j.proci.2016.06.028,43,2,0.002,0.0014611672921069432
row-0004990,doi::10.1007/s12217-018-9655-0,43,2,0.0001,0.0003381599498879848
row-0004992,doi::10.1007/s12217-018-9655-0,43,2,2e-05,0.0003310489418446961
row-0005009,doi::10.1007/s12217-018-9655-0,43,2,0.0008,0.00038787487537040054
row-0005011,doi::10.1007/s12217-018-9655-0,43,2,0.00033,0.00038056220066044527
row-0005015,doi::10.1007/s12217-018-9655-0,43,2,0.00022,0.00022272828828984704
row-0005023,doi::10.1007/s12217-018-9655-0,43,2,0.00015,0.00011745743475290267
row-0005029,doi::10.1007/s12217-018-9655-0,43,2,9e-05,9.21425112183571e-05
row-0005034,doi::10.1007/s12217-022-09945-4,43,2,0.0149,0.011547158227469755
row-0005039,doi::10.1007/s12217-022-09945-4,43,2,0.0075,0.010883955437558494
row-0005046,doi::10.1016/j.combustflame.2019.03.040,43,2,4e-05,0.0003259794842091732
row-0000008,citation::andracchio charles r and john c aydelott comparison of flame spreading over thin flat surfaces in normal gravity and weightlessness in an oxygen environment nasa technical memorandum nasa tm x 1992 1970,43,3,0.043,0.04213438000000009
row-0000016,citation::andracchio charles r and john c aydelott comparison of flame spreading over thin flat surfaces in normal gravity and weightlessness in an oxygen environment nasa technical memorandum nasa tm x 1992 1970,43,3,0.09,0.09020347000000067
row-0000024,citation::andracchio charles r and john c aydelott comparison of flame spreading over thin flat surfaces in normal gravity and weightlessness in an oxygen environment nasa technical memorandum nasa tm x 1992 1970,43,3,0.099,0.09503647142857213
row-0000027,citation::andracchio charles r and john c aydelott comparison of flame spreading over thin flat surfaces in normal gravity and weightlessness in an oxygen environment nasa technical memorandum nasa tm x 1992 1970,43,3,0.02,0.017679631352092356
row-0000029,citation::andracchio charles r and john c aydelott comparison of flame spreading over thin flat surfaces in normal gravity and weightlessness in an oxygen environment nasa technical memorandum nasa tm x 1992 1970,43,3,0.023,0.017679631352092356
row-0000034,citation::andracchio charles r and thomas h cochran burning of solids in oxygen rich environments in normal and reduced gravity nasa technical memorandum x 3055 national aeronautics and space administration may 1974,43,3,0.055,0.05567379904761928
row-0000041,citation::andracchio charles r and thomas h cochran burning of solids in oxygen rich environments in normal and reduced gravity nasa technical memorandum x 3055 national aeronautics and space administration may 1974,43,3,0.032,0.030493295952380955
row-0000049,citation::andracchio charles r and thomas h cochran burning of solids in oxygen rich environments in normal and reduced gravity nasa technical memorandum x 3055 national aeronautics and space administration may 1974,43,3,0.069,0.03894028764285772
row-0000050,citation::andracchio charles r and thomas h cochran burning of solids in oxygen rich environments in normal and reduced gravity nasa technical memorandum x 3055 national aeronautics and space administration may 1974,43,3,0.036,0.035423550976191105
row-0000055,citation::andracchio charles r and thomas h cochran gravity effects on flame spreading over solid surfaces nasa technical note d 8228 national aeronautics and space administration may 1976,43,3,0.0266,0.024767820904761966
row-0000057,citation::andracchio charles r and thomas h cochran gravity effects on flame spreading over solid surfaces nasa technical note d 8228 national aeronautics and space administration may 1976,43,3,0.0263,0.02748639847619053
row-0000060,citation::andracchio charles r and thomas h cochran gravity effects on flame spreading over solid surfaces nasa technical note d 8228 national aeronautics and space administration may 1976,43,3,0.0152,0.01716106193799823
row-0000071,citation::andracchio charles r and thomas h cochran gravity effects on flame spreading over solid surfaces nasa technical note d 8228 national aeronautics and space administration may 1976,43,3,0.0054,0.012732666281630318
row-0000076,citation::andracchio charles r and thomas h cochran gravity effects on flame spreading over solid surfaces nasa technical note d 8228 national aeronautics and space administration may 1976,43,3,0.07,0.06600830000000009
row-0000081,citation::andracchio charles r and thomas h cochran gravity effects on flame spreading over solid surfaces nasa technical note d 8228 national aeronautics and space administration may 1976,43,3,0.012,0.012330771931235373
row-0000091,citation::andracchio charles r and thomas h cochran gravity effects on flame spreading over solid surfaces nasa technical note d 8228 national aeronautics and space administration may 1976,43,3,0.0176,0.034152000691495425
row-0000092,citation::andracchio charles r and thomas h cochran gravity effects on flame spreading over solid surfaces nasa technical note d 8228 national aeronautics and space administration may 1976,43,3,0.0647,0.055560921892856954
row-0000099,citation::andracchio charles r and thomas h cochran gravity effects on flame spreading over solid surfaces nasa technical note d 8228 national aeronautics and space administration may 1976,43,3,0.0392,0.044700352073529355
row-0000101,citation::andracchio charles r and thomas h cochran gravity effects on flame spreading over solid surfaces nasa technical note d 8228 national aeronautics and space administration may 1976,43,3,0.0328,0.039915306846403605
row-0000108,citation::andracchio charles r and thomas h cochran gravity effects on flame spreading over solid surfaces nasa technical note d 8228 national aeronautics and space administration may 1976,43,3,0.0311,0.023359110078940773
row-0000110,citation::andracchio charles r and thomas h cochran gravity effects on flame spreading over solid surfaces nasa technical note d 8228 national aeronautics and space administration may 1976,43,3,0.0156,0.013492580115370939
row-0000112,citation::andracchio charles r and thomas h cochran gravity effects on flame spreading over solid surfaces nasa technical note d 8228 national aeronautics and space administration may 1976,43,3,0.0134,0.010315003351454617
row-0000113,citation::andracchio charles r and thomas h cochran gravity effects on flame spreading over solid surfaces nasa technical note d 8228 national aeronautics and space administration may 1976,43,3,0.0078,0.008133675208597434
row-0000114,citation::andracchio charles r and thomas h cochran gravity effects on flame spreading over solid surfaces nasa technical note d 8228 national aeronautics and space administration may 1976,43,3,0.0137,0.013834417805428965
row-0000115,citation::andracchio charles r and thomas h cochran gravity effects on flame spreading over solid surfaces nasa technical note d 8228 national aeronautics and space administration may 1976,43,3,0.0079,0.008369984204858003
row-0000126,doi::10.1080/01457632.2025.2529751,43,3,0.00285,0.0022732111540250577
row-0000172,doi::10.1016/j.firesaf.2015.11.011,43,3,0.00415,0.004932125743585994
row-0000174,doi::10.1016/j.firesaf.2015.11.011,43,3,0.00405,0.00473959674081099
row-0000176,doi::10.1016/j.firesaf.2015.11.011,43,3,0.0038,0.004681034240810991
row-0000188,doi::10.1016/j.firesaf.2015.11.011,43,3,0.00045,0.001444241738230254
row-0000189,doi::10.1016/j.firesaf.2015.11.011,43,3,0.0096,0.011370709387582204
row-0000263,doi::10.1016/j.combustflame.2020.12.005,43,3,0.151,0.16738984999999965
row-0000275,doi::10.5802/crmeca.149,43,3,0.0009,0.0008351436571374907
row-0000278,doi::10.5802/crmeca.149,43,3,0.0012,0.0009304219787082572
row-0000284,doi::10.5802/crmeca.149,43,3,0.00107,0.0014550155985642314
row-0000291,doi::10.5802/crmeca.149,43,3,0.0015,0.0014691010779808776
row-0000295,doi::10.1016/s1540-7489(02)80211-3,43,3,0.011,0.01200540883428852
row-0000296,doi::10.1016/s1540-7489(02)80211-3,43,3,0.01,0.01200620883428852
row-0000303,doi::10.1016/s1540-7489(02)80211-3,43,3,0.03,0.013326058752216187
row-0000313,doi::10.1016/s1540-7489(02)80211-3,43,3,0.0075,0.012385322690498695
row-0000341,citation::ferkul paul v an experimental study of opposed flow diffusion flame extinction over a thin fuel in 0 nasa cr 182185 1989,43,3,0.0064,0.006667641085590326
row-0000343,citation::ferkul paul v an experimental study of opposed flow diffusion flame extinction over a thin fuel in 0 nasa cr 182185 1989,43,3,0.0035,0.003894086878038519
row-0000346,citation::ferkul paul v an experimental study of opposed flow diffusion flame extinction over a thin fuel in 0 nasa cr 182185 1989,43,3,0.0021,0.0035719353305689156
row-0000367,doi::10.1016/s1540-7489(02)80310-8,43,3,0.0019,0.0015169995604388416
row-0000371,doi::10.1016/s1540-7489(02)80310-8,43,3,0.0031,0.0031082250497806666
row-0000376,doi::10.1016/s1540-7489(02)80310-8,43,3,0.00355,0.00387267180831786
row-0000380,doi::10.1016/s1540-7489(02)80310-8,43,3,0.0051,0.004399239823061068
row-0000387,doi::10.1016/s1540-7489(02)80310-8,43,3,0.0041,0.0032858034404606913
row-0000428,citation::grayson g d k r sacksteder p v ferkul and j s t ien flame spreading over a thin solid in low speed concurrent flow drop tower experimental results and comparison with theory 0 science and technology vii 2 1994,43,3,0.0029,0.0036905319187282002
row-0000435,citation::grayson g d k r sacksteder p v ferkul and j s t ien flame spreading over a thin solid in low speed concurrent flow drop tower experimental results and comparison with theory 0 science and technology vii 2 1994,43,3,0.0047,0.005574051391425259
row-0000438,citation::grayson g d k r sacksteder p v ferkul and j s t ien flame spreading over a thin solid in low speed concurrent flow drop tower experimental results and comparison with theory 0 science and technology vii 2 1994,43,3,0.0047,0.00442289575961646
row-0000443,citation::grayson g d k r sacksteder p v ferkul and j s t ien flame spreading over a thin solid in low speed concurrent flow drop tower experimental results and comparison with theory 0 science and technology vii 2 1994,43,3,0.0074,0.005254196718890854
row-0000447,doi::10.1016/j.combustflame.2020.09.003,43,3,0.0014,0.0014722111996762102
row-0000460,doi::10.1016/j.combustflame.2020.07.044,43,3,0.00123,0.0014536384145609161
row-0000461,doi::10.1016/j.combustflame.2020.07.044,43,3,0.00171,0.0014982063185566526
row-0000475,doi::10.1016/j.combustflame.2020.07.044,43,3,0.00131,0.0014701695902916516
row-0000481,doi::10.1016/j.combustflame.2020.07.044,43,3,0.0014,0.0014691010779808776
row-0000487,doi::10.1016/j.combustflame.2020.07.044,43,3,0.00111,0.0014550155985642314
row-0000495,doi::10.1016/j.combustflame.2020.07.044,43,3,0.00122,0.0014588473155842548
row-0000497,doi::10.1016/j.combustflame.2020.07.044,43,3,0.00126,0.0014588473155842548
row-0000499,doi::10.1016/j.combustflame.2020.07.044,43,3,0.00125,0.0014588473155842548
row-0000502,doi::10.1016/j.combustflame.2020.07.044,43,3,0.00135,0.0014691010779808776
row-0000505,doi::10.1016/j.combustflame.2020.07.044,43,3,0.00142,0.0014691010779808776
row-0000518,doi::10.1016/j.combustflame.2020.07.044,43,3,0.00111,0.0014550155985642314
row-0000521,doi::10.1016/j.combustflame.2020.07.044,43,3,0.00112,0.0014550155985642314
row-0000522,doi::10.1016/j.combustflame.2020.07.044,43,3,0.00112,0.0014550155985642314
row-0000523,doi::10.1016/j.combustflame.2020.07.044,43,3,0.00111,0.0014550155985642314
row-0000532,doi::10.1016/j.combustflame.2020.07.044,43,3,0.00109,0.0014588473155842548
row-0000533,doi::10.1016/j.combustflame.2020.07.044,43,3,0.00118,0.0014588473155842548
row-0000534,doi::10.1016/j.combustflame.2020.07.044,43,3,0.00136,0.0014691010779808776
row-0000537,doi::10.1016/j.combustflame.2020.07.044,43,3,0.00127,0.0014691010779808776
row-0000538,doi::10.1016/j.combustflame.2020.07.044,43,3,0.00127,0.0014691010779808776
row-0000558,doi::10.1016/j.proci.2018.06.022,43,3,3e-05,0.0002375604038511206
row-0000566,doi::10.1016/j.proci.2018.06.022,43,3,5e-05,8.832457593502667e-05
row-0000577,doi::10.1016/j.proci.2018.06.022,43,3,2e-05,8.505048123397779e-05
row-0000583,doi::10.1016/j.proci.2018.06.022,43,3,9e-05,9.029704966138618e-05
row-0000586,doi::10.1016/j.proci.2018.06.022,43,3,8e-05,9.014898028154121e-05
row-0000591,doi::10.1016/j.proci.2018.06.022,43,3,4e-05,8.66375430568813e-05
row-0000592,doi::10.1016/j.proci.2018.06.022,43,3,3e-05,8.541182714804583e-05
row-0000596,doi::10.1016/j.proci.2018.06.022,43,3,2e-05,8.493483574574328e-05
row-0000598,doi::10.1016/j.proci.2018.06.022,43,3,1e-05,0.00017265104295765874
row-0000603,doi::10.1016/j.proci.2018.06.022,43,3,7e-05,8.977607488874888e-05
row-0000607,doi::10.1016/j.proci.2018.06.022,43,3,6e-05,8.977570992524523e-05
row-0000608,doi::10.1016/j.proci.2018.06.022,43,3,7e-05,8.977607488874888e-05
row-0000628,doi::10.1016/j.proci.2018.06.022,43,3,7e-05,8.954454536548322e-05
row-0000635,doi::10.1016/j.proci.2018.06.022,43,3,0.00011,9.029704966138618e-05
row-0000638,doi::10.1016/s0082-0784(98)80017-6,43,3,0.006,0.0032355271117637417
row-0000639,doi::10.1016/s0082-0784(98)80017-6,43,3,0.0068,0.0034297606163987892
row-0000644,doi::10.1016/s0082-0784(98)80017-6,43,3,0.0065,0.004740285066093687
row-0000646,doi::10.1016/s0082-0784(98)80017-6,43,3,0.0035,0.0031992080122385407
row-0000647,doi::10.1016/s0082-0784(98)80017-6,43,3,0.0042,0.003213407964683504
row-0000649,doi::10.1016/s0082-0784(98)80017-6,43,3,0.0058,0.004667850954432815
row-0000663,doi::10.1016/s0082-0784(98)80017-6,43,3,0.0032,0.003209005483280741
row-0000665,doi::10.1016/s0082-0784(98)80017-6,43,3,0.0,0.002970537003975147
row-0000677,citation::kimzey john howard flammability during weightlessness nasa technical memorandum nasa tm x 58001 may 1966,43,3,0.00203,0.00682155469891221
row-0000681,citation::kimzey john howard flammability during weightlessness nasa technical memorandum nasa tm x 58001 may 1966,43,3,0.00508,0.011889093555555534
row-0000683,citation::kimzey john howard flammability during weightlessness nasa technical memorandum nasa tm x 58001 may 1966,43,3,0.00254,0.004705841069042059
row-0000691,citation::kimzey john howard flammability during weightlessness nasa technical memorandum nasa tm x 58001 may 1966,43,3,0.01524,0.01405613453774488
row-0000694,citation::kimzey john howard flammability during weightlessness nasa technical memorandum nasa tm x 58001 may 1966,43,3,0.00203,0.005121130797979806
row-0000705,doi::10.1016/j.combustflame.2008.05.023,43,3,0.0018,0.006600584181685373
row-0000708,doi::10.1016/j.combustflame.2008.05.023,43,3,0.0026,0.003870884877543031
row-0000710,doi::10.1016/j.combustflame.2008.05.023,43,3,0.0027,0.003870884877543031
row-0000714,doi::10.1016/j.combustflame.2008.05.023,43,3,0.0032,0.005879646078193815
row-0000715,doi::10.1016/j.combustflame.2008.05.023,43,3,0.0029,0.0036859395412626767
row-0000719,doi::10.1016/j.combustflame.2008.05.023,43,3,0.0044,0.003097514351924927
row-0000720,doi::10.1016/j.combustflame.2008.05.023,43,3,0.0042,0.00311937536881639
row-0000723,doi::10.1016/j.combustflame.2008.05.023,43,3,0.0051,0.00311937536881639
row-0000744,doi::10.1016/j.combustflame.2008.05.023,43,3,0.006,0.0037725540039168707
row-0000749,doi::10.1016/j.combustflame.2008.05.023,43,3,0.0025,0.003765599065232367
row-0000750,doi::10.1016/j.combustflame.2008.05.023,43,3,0.0029,0.003765599065232367
row-0000751,doi::10.1016/j.combustflame.2008.05.023,43,3,0.0035,0.0037597526366609387
row-0000753,doi::10.1016/j.combustflame.2008.05.023,43,3,0.0038,0.0037597526366609387
row-0000754,doi::10.1016/j.combustflame.2008.05.023,43,3,0.0039,0.0037597526366609387
row-0000757,doi::10.1016/j.combustflame.2008.05.023,43,3,0.0032,0.003689858802086782
row-0000758,doi::10.1016/j.combustflame.2008.05.023,43,3,0.0039,0.003697235453696042
row-0000792,doi::10.1016/j.firesaf.2023.103989,43,3,0.0039,0.003011900483542747
row-0000795,doi::10.1016/j.firesaf.2023.103989,43,3,0.0034,0.0029908726684982627
row-0000798,doi::10.1016/j.firesaf.2023.103989,43,3,0.0016,0.002947964845161207
row-0000801,doi::10.1016/j.firesaf.2023.103989,43,3,0.0036,0.002997628217058896
row-0000804,doi::10.1016/j.firesaf.2023.103989,43,3,0.0029,0.0029646878993807744
row-0000808,doi::10.1016/j.firesaf.2023.103989,43,3,0.0037,0.003002038868929217
row-0000809,doi::10.1016/j.firesaf.2023.103989,43,3,0.0036,0.002990870449156105
row-0000811,doi::10.1016/j.firesaf.2023.103989,43,3,0.0033,0.002980165376877974
row-0000813,doi::10.1016/j.firesaf.2023.103989,43,3,0.0024,0.0029630129534289665
row-0000817,doi::10.1016/j.firesaf.2023.103989,43,3,0.00225,0.002991024304080897
row-0000821,doi::10.1016/j.firesaf.2023.103989,43,3,0.0012,0.0029933373781790965
row-0000822,doi::10.1016/j.firesaf.2023.103989,43,3,0.0013,0.0029933373781790965
row-0000829,doi::10.1016/j.firesaf.2023.103989,43,3,0.0025,0.0030211068073158834
row-0000836,doi::10.1016/j.firesaf.2023.103989,43,3,0.0025,0.003051361688335405
row-0000837,doi::10.1016/j.firesaf.2023.103989,43,3,0.0026,0.003051361688335405
row-0000896,doi::10.1016/j.firesaf.2023.103989,43,3,0.0031,0.0029520354450136214
row-0000897,doi::10.1016/j.firesaf.2023.103989,43,3,0.0035,0.0029595959354692873
row-0000923,doi::10.1016/j.firesaf.2023.103989,43,3,0.0031,0.0030012402251618133
row-0000926,doi::10.1016/j.firesaf.2023.103989,43,3,0.0028,0.0030120023774585407
row-0000931,doi::10.1016/j.firesaf.2023.103989,43,3,0.0032,0.002998663207292367
row-0000944,doi::10.1016/j.firesaf.2023.103989,43,3,0.0022,0.0029896659488731787
row-0000945,doi::10.1016/j.firesaf.2023.103989,43,3,0.0018,0.002966772195238023
row-0000954,doi::10.1016/j.firesaf.2023.103989,43,3,0.0027,0.003071010671960175
row-0000959,doi::10.1016/j.firesaf.2023.103989,43,3,0.003,0.003137778249366098
row-0000964,doi::10.1016/j.firesaf.2023.103989,43,3,0.0032,0.00315042548420358
row-0001029,doi::10.1016/j.firesaf.2023.103989,43,3,0.0032,0.003003203786834426
row-0001030,doi::10.1016/j.firesaf.2023.103989,43,3,0.0031,0.0030060703190924903
row-0001033,doi::10.1016/j.firesaf.2023.103989,43,3,0.002,0.002950796982102496
row-0001036,doi::10.1016/j.firesaf.2023.103989,43,3,0.0025,0.002990978546267907
row-0001038,doi::10.1016/j.firesaf.2023.103989,43,3,0.003,0.002992785078525972
row-0001075,doi::10.1016/j.firesaf.2023.103989,43,3,0.0014,0.0019599781774438515
row-0001082,doi::10.1016/j.firesaf.2023.103989,43,3,0.0014,0.002004871349495382
row-0001125,doi::10.1016/j.firesaf.2023.103989,43,3,0.00125,0.002033152206771288
row-0001149,doi::10.1016/j.firesaf.2023.103989,43,3,0.0014,0.001486565897385531
row-0001150,doi::10.1016/j.firesaf.2023.103989,43,3,0.0016,0.0017287179404554198
row-0001155,doi::10.1016/j.firesaf.2023.103989,43,3,0.0016,0.0017310814406828997
row-0001193,doi::10.1016/j.firesaf.2023.103989,43,3,0.0016,0.0015109972826200207
row-0001204,doi::10.1016/j.firesaf.2023.103989,43,3,0.0017,0.001730653760828226
row-0001211,doi::10.1016/j.proci.2024.105199,43,3,0.006,0.0043978794401295495
row-0001218,doi::10.1016/j.proci.2024.105199,43,3,0.0045,0.004610227665915378
row-0001222,doi::10.1016/j.proci.2024.105199,43,3,0.0016,0.0015339883268727847
row-0001226,doi::10.1016/j.proci.2024.105199,43,3,0.0021,0.001547023627124982
row-0001337,doi::10.1016/j.proci.2022.07.002,43,3,0.0039,0.003062530553809217
row-0001350,doi::10.1016/j.proci.2022.07.002,43,3,0.0028,0.0030433073380848564
row-0001352,doi::10.1016/j.proci.2022.07.002,43,3,0.0042,0.0031027454010992372
row-0001353,doi::10.1016/j.proci.2022.07.002,43,3,0.0012,0.0030319118116459605
row-0001365,doi::10.1016/j.proci.2022.07.002,43,3,0.002,0.003077107183523401
row-0001376,doi::10.1016/j.proci.2022.07.002,43,3,0.0038,0.0031196606949133476
row-0001378,doi::10.1016/j.proci.2022.07.002,43,3,0.0014,0.003011400210461234
row-0001445,doi::10.1016/j.proci.2022.07.002,43,3,0.0022,0.0015169995604388416
row-0001450,doi::10.1016/j.proci.2022.07.002,43,3,0.0016,0.0015055741780848374
row-0001470,doi::10.1016/j.proci.2022.07.002,43,3,0.0013,0.0014978889078753885
row-0001472,doi::10.1016/j.proci.2022.07.002,43,3,0.0015,0.0014978889078753885
row-0001473,doi::10.1016/j.proci.2022.07.002,43,3,0.0012,0.0014929217955359471
row-0001480,doi::10.1016/j.proci.2022.07.002,43,3,0.001,0.0014940571908553652
row-0001489,doi::10.1016/j.proci.2022.07.002,43,3,0.0015,0.0014691010779808776
row-0001491,doi::10.1016/j.proci.2022.07.002,43,3,0.0018,0.0014702364733002956
row-0001499,doi::10.1016/j.proci.2022.07.002,43,3,0.0011,0.0014561509938836497
row-0001602,doi::10.1016/j.proci.2024.105775,43,3,0.0066,0.00830748136163358
row-0001604,doi::10.1016/j.proci.2024.105775,43,3,0.00723,0.008305777637495649
row-0001607,doi::10.1016/j.proci.2024.105775,43,3,0.00723,0.008305777637495649
row-0001612,doi::10.1016/j.proci.2024.105775,43,3,0.00594,0.008342524401998697
row-0001614,doi::10.1016/j.proci.2024.105775,43,3,0.00842,0.008547487657708481
row-0001620,doi::10.1016/j.proci.2024.105775,43,3,0.01104,0.008726000838120201
row-0001624,doi::10.1016/j.proci.2024.105775,43,3,0.00857,0.008621387615198177
row-0001629,doi::10.1016/j.proci.2024.105775,43,3,0.01203,0.008996061324580567
row-0001630,doi::10.1016/j.proci.2024.105775,43,3,0.0081,0.008642881911013471
row-0001635,doi::10.1016/j.proci.2024.105775,43,3,0.01153,0.008986972435691677
row-0001639,doi::10.1016/j.proci.2024.105775,43,3,0.00767,0.008644594411013473
row-0001648,doi::10.1007/s12217-024-10147-3,43,3,0.00728,0.00830748136163358
row-0001650,doi::10.1007/s12217-024-10147-3,43,3,0.00723,0.008305777637495649
row-0001656,doi::10.1007/s12217-024-10147-3,43,3,0.00776,0.008574112360750334
row-0001667,doi::10.1007/s12217-024-10147-3,43,3,0.00833,0.00864005107768014
row-0001736,doi::10.1016/j.proci.2024.105255,43,3,0.00122,0.0015017424610648143
row-0001760,doi::10.1038/s41598-017-18398-4,43,3,5e-05,8.893153428574987e-05
row-0001761,doi::10.1038/s41598-017-18398-4,43,3,4e-05,8.66375430568813e-05
row-0001763,doi::10.1038/s41598-017-18398-4,43,3,3e-05,8.507732203722958e-05
row-0001764,doi::10.1038/s41598-017-18398-4,43,3,3e-05,8.507732203722958e-05
row-0001774,doi::10.1038/s41598-017-18398-4,43,3,3e-05,8.95052700031644e-05
row-0001781,doi::10.1038/s41598-017-18398-4,43,3,2e-05,8.954454536548322e-05
row-0001784,doi::10.1038/s41598-017-18398-4,43,3,7e-05,8.960918075270764e-05
row-0001793,doi::10.1038/s41598-017-18398-4,43,3,9e-05,8.960918075270764e-05
row-0001807,doi::10.1038/s41598-017-18398-4,43,3,3e-05,8.960918075270764e-05
row-0001815,doi::10.1038/s41598-017-18398-4,43,3,3e-05,8.956990539038881e-05
row-0001818,doi::10.1038/s41598-017-18398-4,43,3,9e-05,9.036168504861058e-05
row-0001820,doi::10.1038/s41598-017-18398-4,43,3,2e-05,8.954454536548322e-05
row-0001821,doi::10.1038/s41598-017-18398-4,43,3,4e-05,8.954454536548322e-05
row-0001822,doi::10.1038/s41598-017-18398-4,43,3,5e-05,8.996645875490405e-05
row-0001824,doi::10.1038/s41598-017-18398-4,43,3,3e-05,8.95052700031644e-05
row-0001834,doi::10.1016/j.proci.2024.105766,43,3,0.01,0.008361636973556458
row-0001837,doi::10.1016/j.proci.2024.105766,43,3,0.012,0.009376667255912975
row-0001841,doi::10.1016/j.proci.2024.105766,43,3,0.0065,0.006850875678139881
row-0001844,doi::10.1016/j.proci.2024.105766,43,3,0.007,0.006286762783415323
row-0001845,doi::10.1016/j.proci.2024.105766,43,3,0.0075,0.006484467148494688
row-0001858,doi::10.1016/j.proci.2024.105766,43,3,0.0015,0.0015573370831255112
row-0001860,doi::10.1016/j.proci.2024.105766,43,3,0.002,0.0015573370831255112
row-0001870,doi::10.1016/j.firesaf.2024.104329,43,3,0.0024,0.0017543467621919495
row-0001872,doi::10.1016/j.firesaf.2024.104329,43,3,0.0015,0.0017543467621919495
row-0001873,doi::10.1016/j.firesaf.2024.104329,43,3,0.0015,0.001753607796674708
row-0001895,doi::10.1016/j.firesaf.2024.104329,43,3,0.002,0.001498459526839877
row-0001922,doi::10.1016/j.firesaf.2024.104329,43,3,0.00225,0.0017543467621919495
row-0001924,doi::10.1016/j.firesaf.2024.104329,43,3,0.0022,0.0017543467621919495
row-0001939,doi::10.1016/j.firesaf.2024.104329,43,3,0.00195,0.001498459526839877
row-0001951,doi::10.1016/j.firesaf.2024.104329,43,3,0.00225,0.001753919082337276
row-0001952,doi::10.1016/j.firesaf.2024.104329,43,3,0.00155,0.001753919082337276
row-0001965,doi::10.1016/j.firesaf.2024.104329,43,3,0.00235,0.001753919082337276
row-0002039,doi::10.1016/j.firesaf.2024.104329,43,3,0.00125,0.0007422786869522727
row-0002079,doi::10.1016/j.firesaf.2024.104329,43,3,0.00065,0.0007184852746083115
row-0002080,doi::10.1016/j.firesaf.2024.104329,43,3,0.0005,0.0006930084910422478
row-0002108,doi::10.1016/j.firesaf.2024.104329,43,3,0.00058,0.0006900695340525127
row-0002113,doi::10.1016/j.firesaf.2024.104329,43,3,0.00045,0.0006737935161735501
row-0002114,doi::10.1016/j.firesaf.2024.104329,43,3,0.00065,0.0006964989981143897
row-0002119,doi::10.1016/j.firesaf.2024.104329,43,3,0.00065,0.0007136013608927636
row-0002128,doi::10.1016/j.firesaf.2024.104329,43,3,0.00095,0.0007132632480512723
row-0002284,citation::mell w e s l olson and t kashiwagi flame spread along free edges of thermally thin samples in 0 proceedings of the combustion institute vol 28 no 2 2000 pp 2843 2849,43,3,0.00125,0.0031869977612314785
row-0002290,citation::mell w e s l olson and t kashiwagi flame spread along free edges of thermally thin samples in 0 proceedings of the combustion institute vol 28 no 2 2000 pp 2843 2849,43,3,0.002,0.0040446295129632475
row-0002448,doi::10.1016/j.proci.2018.05.007,43,3,0.0015,0.002994143854009055
row-0002449,doi::10.1016/j.proci.2018.05.007,43,3,0.0025,0.0030201468961268247
row-0002450,doi::10.1016/j.proci.2018.05.007,43,3,0.0028,0.003028690109227549
row-0002454,doi::10.1016/j.proci.2018.05.007,43,3,0.0027,0.0030153658612918446
row-0002459,doi::10.1016/j.proci.2018.05.007,43,3,0.0035,0.003047921729017317
row-0002464,doi::10.1016/j.proci.2018.05.007,43,3,0.0021,0.0014999809198349189
row-0002472,doi::10.1016/j.proci.2018.05.007,43,3,0.0026,0.0015330747463431671
row-0002610,doi::10.1016/j.combustflame.2009.01.015,43,3,0.00072,0.0014300599518616884
row-0002613,doi::10.1016/j.combustflame.2009.01.015,43,3,0.00082,0.0014304899518616883
row-0002622,doi::10.1016/j.combustflame.2009.01.015,43,3,0.00083,0.0014325198090045454
row-0002625,doi::10.1016/j.combustflame.2009.01.015,43,3,0.0011,0.001432588224588961
row-0002630,doi::10.1016/j.combustflame.2009.01.015,43,3,0.00072,0.0014323209518616886
row-0002636,doi::10.1016/j.combustflame.2009.01.015,43,3,0.0024,0.0014505725354014129
row-0002643,doi::10.1016/j.combustflame.2009.01.015,43,3,0.00082,0.001427110880433117
row-0002653,doi::10.1016/j.combustflame.2009.01.015,43,3,0.0011,0.001435570747633462
row-0002657,doi::10.1016/j.combustflame.2009.01.015,43,3,0.00086,0.001435570747633462
row-0002660,doi::10.1016/j.combustflame.2009.01.015,43,3,0.00055,0.0014335987105964247
row-0002662,doi::10.1016/j.combustflame.2009.01.015,43,3,0.0011,0.0014496331414620186
row-0002703,citation::friedman robert brian jackson and sandra olson testing and selection of fire resistant materials for spacecraft use nasa technical memorandum 2000 209773 mar 2000 nasa sti program office glenn research center cleveland ohio,43,3,0.0109,0.009792190371916403
row-0002714,citation::friedman robert brian jackson and sandra olson testing and selection of fire resistant materials for spacecraft use nasa technical memorandum 2000 209773 mar 2000 nasa sti program office glenn research center cleveland ohio,43,3,0.0285,0.026104851802590406
row-0002738,citation::friedman robert brian jackson and sandra olson testing and selection of fire resistant materials for spacecraft use nasa technical memorandum 2000 209773 mar 2000 nasa sti program office glenn research center cleveland ohio,43,3,0.0518,0.0428603864098125
row-0002739,citation::friedman robert brian jackson and sandra olson testing and selection of fire resistant materials for spacecraft use nasa technical memorandum 2000 209773 mar 2000 nasa sti program office glenn research center cleveland ohio,43,3,0.0575,0.0428603864098125
row-0002740,citation::friedman robert brian jackson and sandra olson testing and selection of fire resistant materials for spacecraft use nasa technical memorandum 2000 209773 mar 2000 nasa sti program office glenn research center cleveland ohio,43,3,0.0751,0.059621443834054696
row-0002741,citation::friedman robert brian jackson and sandra olson testing and selection of fire resistant materials for spacecraft use nasa technical memorandum 2000 209773 mar 2000 nasa sti program office glenn research center cleveland ohio,43,3,0.0025,0.008311775059369692
row-0002750,citation::friedman robert brian jackson and sandra olson testing and selection of fire resistant materials for spacecraft use nasa technical memorandum 2000 209773 mar 2000 nasa sti program office glenn research center cleveland ohio,43,3,0.02,0.024702384510039477
row-0002759,citation::friedman robert brian jackson and sandra olson testing and selection of fire resistant materials for spacecraft use nasa technical memorandum 2000 209773 mar 2000 nasa sti program office glenn research center cleveland ohio,43,3,0.0033,0.005292672171694406
row-0002768,citation::friedman robert brian jackson and sandra olson testing and selection of fire resistant materials for spacecraft use nasa technical memorandum 2000 209773 mar 2000 nasa sti program office glenn research center cleveland ohio,43,3,0.0091,0.00988532309435696
row-0002771,citation::friedman robert brian jackson and sandra olson testing and selection of fire resistant materials for spacecraft use nasa technical memorandum 2000 209773 mar 2000 nasa sti program office glenn research center cleveland ohio,43,3,0.0172,0.025019617825423814
row-0002802,citation::olson s l and j s t ien near limit flame spread over a thin solid fuel in 0 symposium international on combustion vol 22 no 1 1988 pp 1213 1222 the combustion institute,43,3,0.01283,0.01008419994161714
row-0002805,citation::olson s l and j s t ien near limit flame spread over a thin solid fuel in 0 symposium international on combustion vol 22 no 1 1988 pp 1213 1222 the combustion institute,43,3,0.0191,0.01719809749843304
row-0002807,citation::olson s l and j s t ien near limit flame spread over a thin solid fuel in 0 symposium international on combustion vol 22 no 1 1988 pp 1213 1222 the combustion institute,43,3,0.02669,0.026483874881761786
row-0002812,citation::olson s l and j s t ien near limit flame spread over a thin solid fuel in 0 symposium international on combustion vol 22 no 1 1988 pp 1213 1222 the combustion institute,43,3,0.0633,0.05874073619552661
row-0002819,citation::olson s l and j s t ien near limit flame spread over a thin solid fuel in 0 symposium international on combustion vol 22 no 1 1988 pp 1213 1222 the combustion institute,43,3,0.00853,0.008701081522213945
row-0002820,citation::olson s l and j s t ien near limit flame spread over a thin solid fuel in 0 symposium international on combustion vol 22 no 1 1988 pp 1213 1222 the combustion institute,43,3,0.00915,0.008680825464467768
row-0002825,citation::olson s l and j s t ien near limit flame spread over a thin solid fuel in 0 symposium international on combustion vol 22 no 1 1988 pp 1213 1222 the combustion institute,43,3,0.01769,0.01598128178605783
row-0002828,citation::olson s l and j s t ien near limit flame spread over a thin solid fuel in 0 symposium international on combustion vol 22 no 1 1988 pp 1213 1222 the combustion institute,43,3,0.03468,0.03599976810545755
row-0002834,citation::olson s l and j s t ien near limit flame spread over a thin solid fuel in 0 symposium international on combustion vol 22 no 1 1988 pp 1213 1222 the combustion institute,43,3,0.00547,0.010600764294646148
row-0002842,citation::olson s l and j s t ien near limit flame spread over a thin solid fuel in 0 symposium international on combustion vol 22 no 1 1988 pp 1213 1222 the combustion institute,43,3,0.0342,0.0281943544313988
row-0002843,citation::olson s l and j s t ien near limit flame spread over a thin solid fuel in 0 symposium international on combustion vol 22 no 1 1988 pp 1213 1222 the combustion institute,43,3,0.03372,0.035977516547778525
row-0002891,doi::10.1080/00102209108951711,43,3,0.01694,0.013841597595539901
row-0002892,doi::10.1080/00102209108951711,43,3,0.0202,0.015703210682554637
row-0002897,doi::10.1080/00102209108951711,43,3,0.01084,0.008634888460343283
row-0002898,doi::10.1080/00102209108951711,43,3,0.0114,0.009336273363467821
row-0002899,doi::10.1080/00102209108951711,43,3,0.01276,0.009336273363467821
row-0002901,doi::10.1080/00102209108951711,43,3,0.0144,0.009415807475345081
row-0002906,doi::10.1080/00102209108951711,43,3,0.00307,0.003923150767450086
row-0002909,doi::10.1080/00102209108951711,43,3,0.0192,0.018826872783704866
row-0002912,doi::10.1080/00102209108951711,43,3,0.0156,0.014233925105552556
row-0002918,doi::10.1080/00102209108951711,43,3,0.0073,0.008855104815511768
row-0002973,doi::10.1016/j.combustflame.2009.01.015,43,3,0.026,0.014904834610619432
row-0002981,doi::10.1016/j.combustflame.2009.01.015,43,3,0.012,0.013426481205916961
row-0002982,doi::10.1016/j.combustflame.2009.01.015,43,3,0.01,0.013426481205916961
row-0002986,doi::10.1016/j.combustflame.2009.01.015,43,3,0.023,0.03604951922446487
row-0002995,doi::10.1016/j.combustflame.2009.01.015,43,3,0.01,0.006546959202518073
row-0003004,doi::10.1016/j.combustflame.2009.01.015,43,3,0.0074,0.011692690985587725
row-0003006,doi::10.1016/j.combustflame.2009.01.015,43,3,0.011,0.014103472700773128
row-0003008,doi::10.1016/j.combustflame.2009.01.015,43,3,0.021,0.017886828745281663
row-0003012,doi::10.1016/j.combustflame.2009.01.015,43,3,0.036,0.030138147430793457
row-0003014,doi::10.1016/j.combustflame.2009.01.015,43,3,0.061,0.035270205734101646
row-0003019,doi::10.1016/j.combustflame.2009.01.015,43,3,0.034,0.029325900460152547
row-0003033,doi::10.1016/s0010-2180(00)00249-2,43,3,0.002,0.001446051980271372
row-0003035,doi::10.1016/s0010-2180(00)00249-2,43,3,0.0017,0.0014655672199415384
row-0003039,doi::10.1016/s0010-2180(00)00249-2,43,3,0.004,0.003271620826400281
row-0003046,doi::10.1016/s0010-2180(00)00249-2,43,3,0.0036,0.003907176259453919
row-0003048,doi::10.1016/s0010-2180(00)00249-2,43,3,0.0045,0.003907176259453919
row-0003050,doi::10.1016/s0010-2180(00)00249-2,43,3,0.0077,0.003935977006588153
row-0003051,doi::10.1016/s0010-2180(00)00249-2,43,3,0.0085,0.0044473081663988275
row-0003055,doi::10.1016/s0010-2180(00)00249-2,43,3,0.0012,0.0014445310278904198
row-0003058,doi::10.1016/s0010-2180(00)00249-2,43,3,0.00064,0.0014445310278904198
row-0003063,doi::10.1016/s0010-2180(00)00249-2,43,3,0.00088,0.0014445310278904198
row-0003074,doi::10.1016/j.combustflame.2018.10.012,43,3,0.00289,0.0014638286636001166
row-0003081,doi::10.1016/j.combustflame.2018.10.012,43,3,0.00086,0.0014532238334368085
row-0003092,doi::10.1016/j.combustflame.2018.10.012,43,3,0.00094,0.005280161041420371
row-0003093,doi::10.1016/j.combustflame.2018.10.012,43,3,0.00254,0.0015407845507813948
row-0003095,doi::10.1080/00102200490276773,43,3,0.0019,0.0031464028536253613
row-0003100,doi::10.1080/00102200490276773,43,3,0.012,0.011978630548776178
row-0003127,doi::10.1080/00102200490276773,43,3,0.024,0.023948058635842054
row-0003129,doi::10.1080/00102200490276773,43,3,0.025,0.02549222593887237
row-0003133,doi::10.1080/00102200490276773,43,3,0.032,0.03122998675367161
row-0003134,doi::10.1080/00102200490276773,43,3,0.034,0.03454986829770089
row-0003138,doi::10.1080/00102200490276773,43,3,0.051,0.04222273362573129
row-0003139,doi::10.1080/00102200490276773,43,3,0.056,0.04228673362573129
row-0003145,doi::10.1080/00102200490276773,43,3,0.05,0.055924921428571556
row-0003152,doi::10.1016/j.combustflame.2022.112559,43,3,0.0021,0.0020695252889623315
row-0003153,doi::10.1016/j.combustflame.2022.112559,43,3,0.0026,0.008852502688753101
row-0003154,doi::10.1016/j.combustflame.2022.112559,43,3,0.0023,0.003903988686221449
row-0003158,doi::10.1016/j.proci.2024.105358,43,3,0.00145,0.001447586823847435
row-0003159,doi::10.1016/j.proci.2024.105358,43,3,0.0015,0.0017355617028741097
row-0003176,doi::10.1016/j.proci.2024.105358,43,3,0.00102,0.001447386823847435
row-0003178,doi::10.1016/j.proci.2024.105358,43,3,0.0017,0.0018819478230934724
row-0003180,doi::10.1016/j.proci.2024.105358,43,3,0.0029,0.0031710965148838304
row-0003191,doi::10.1016/j.proci.2024.105358,43,3,0.00275,0.002962386351554807
row-0003207,doi::10.1016/j.combustflame.2022.112009,43,3,0.0014,0.001600065172835932
row-0003214,doi::10.1016/j.combustflame.2022.112009,43,3,0.0012,0.001452242492886541
row-0003215,doi::10.1016/j.combustflame.2022.112009,43,3,0.0013,0.0014629587633886033
row-0003219,doi::10.1016/j.combustflame.2022.112009,43,3,0.00068,0.0014388867591917894
row-0003221,doi::10.1016/j.combustflame.2022.112009,43,3,0.0007,0.0014406588197978499
row-0003245,doi::10.1016/j.combustflame.2022.112009,43,3,0.006,0.0047870634946054445
row-0003247,doi::10.1016/j.combustflame.2022.112009,43,3,0.0053,0.004925416431245117
row-0003401,doi::10.1016/s0082-0784(06)80816-7,43,3,0.00817,0.009767427883539946
row-0003404,doi::10.1016/s0082-0784(06)80816-7,43,3,0.00874,0.009125302043890044
row-0003409,doi::10.1016/s0082-0784(06)80816-7,43,3,0.0076,0.00910262898802327
row-0003410,doi::10.1016/s0082-0784(06)80816-7,43,3,0.00741,0.005770762384678925
row-0003416,doi::10.1016/s0082-0784(06)80816-7,43,3,0.00549,0.005738847429483284
row-0003417,doi::10.1016/s0082-0784(06)80816-7,43,3,0.00395,0.005734230096149952
row-0003418,doi::10.1016/s0082-0784(06)80816-7,43,3,0.0057,0.005341410478210116
row-0003419,doi::10.1016/s0082-0784(06)80816-7,43,3,0.00504,0.005240066635773548
row-0003422,doi::10.1016/s0082-0784(06)80816-7,43,3,0.00335,0.005250687327606407
row-0003427,citation::s nchez tarifa c and b l zaro experiments conducted on combustion at microgravity in the texus 38 sounding rocket results and conclusions first international symposium on microgravity research and applications on physical sciences and biotechnology 2000,43,3,0.00072,0.0005552245196808401
row-0003430,citation::s nchez tarifa c and b l zaro experiments conducted on combustion at microgravity in the texus 38 sounding rocket results and conclusions first international symposium on microgravity research and applications on physical sciences and biotechnology 2000,43,3,0.00081,0.000554531219931435
row-0003433,citation::s nchez tarifa c and g l pez juste a study of the combustion problems of solid materials at conditions existing in space stations esa sp 433 1999,43,3,0.0002,0.0007217078756559841
row-0003436,citation::s nchez tarifa c and g l pez juste a study of the combustion problems of solid materials at conditions existing in space stations esa sp 433 1999,43,3,0.0007,0.000690510694958079
row-0003441,citation::s nchez tarifa c and g l pez juste a study of the combustion problems of solid materials at conditions existing in space stations esa sp 433 1999,43,3,0.00105,0.000762906459916087
row-0003454,citation::s nchez tarifa c and m rodr guez combustion and flammability characteristics of solids at microgravity in very small velocity flows second european symposium on utilisation of the international space station nov 1998,43,3,0.0029,0.004885901063339272
row-0003462,doi::10.1007/s12217-024-10106-y,43,3,3e-05,0.0001295880215650804
row-0003464,doi::10.1007/s12217-024-10106-y,43,3,0.00103,0.00169611029968362
row-0003470,doi::10.1007/s12217-024-10106-y,43,3,0.00118,0.00169611029968362
row-0003477,doi::10.1016/s1540-7489(02)80315-7,43,3,0.03293,0.03416359279561489
row-0003479,doi::10.1016/s1540-7489(02)80315-7,43,3,0.05214,0.04404477819443449
row-0003493,doi::10.1016/s1540-7489(02)80315-7,43,3,0.05752,0.04772113907874223
row-0003496,doi::10.1016/s1540-7489(02)80315-7,43,3,0.03866,0.022917827789338534
row-0003501,doi::10.1016/s1540-7489(02)80315-7,43,3,0.043,0.0336747039025258
row-0003505,doi::10.1016/s1540-7489(02)80315-7,43,3,0.048,0.04282285535856495
row-0003506,doi::10.1016/s1540-7489(02)80315-7,43,3,0.024,0.012948825417140907
row-0003509,doi::10.1016/s1540-7489(02)80315-7,43,3,0.0043,0.012872359156378795
row-0003516,citation::son youngjin paul d ronney and suleyman gokoglu comparison of carbon dioxide and helium as fire extinguishing agents for spacecraft nasa cp 2004 213205 vol2 2004 pp 409 418,43,3,0.042,0.019658111292865307
row-0003517,citation::son youngjin paul d ronney and suleyman gokoglu comparison of carbon dioxide and helium as fire extinguishing agents for spacecraft nasa cp 2004 213205 vol2 2004 pp 409 418,43,3,0.049,0.04798909922217638
row-0003523,citation::son youngjin paul d ronney and suleyman gokoglu comparison of carbon dioxide and helium as fire extinguishing agents for spacecraft nasa cp 2004 213205 vol2 2004 pp 409 418,43,3,0.048,0.046731864327621914
row-0003524,citation::son youngjin paul d ronney and suleyman gokoglu comparison of carbon dioxide and helium as fire extinguishing agents for spacecraft nasa cp 2004 213205 vol2 2004 pp 409 418,43,3,0.1,0.061542422373959564
row-0003527,citation::son youngjin paul d ronney and suleyman gokoglu comparison of carbon dioxide and helium as fire extinguishing agents for spacecraft nasa cp 2004 213205 vol2 2004 pp 409 418,43,3,0.035,0.04141803062929561
row-0003531,citation::son youngjin paul d ronney and suleyman gokoglu comparison of carbon dioxide and helium as fire extinguishing agents for spacecraft nasa cp 2004 213205 vol2 2004 pp 409 418,43,3,0.018,0.01576079155757737
row-0003534,citation::son youngjin paul d ronney and suleyman gokoglu comparison of carbon dioxide and helium as fire extinguishing agents for spacecraft nasa cp 2004 213205 vol2 2004 pp 409 418,43,3,0.04,0.038634254737698916
row-0003546,citation::son youngjin paul d ronney and suleyman gokoglu comparison of carbon dioxide and helium as fire extinguishing agents for spacecraft nasa cp 2004 213205 vol2 2004 pp 409 418,43,3,0.0175,0.01835891308586891
row-0003551,citation::son youngjin paul d ronney and suleyman gokoglu comparison of carbon dioxide and helium as fire extinguishing agents for spacecraft nasa cp 2004 213205 vol2 2004 pp 409 418,43,3,0.0075,0.023314746047467277
row-0003569,citation::son youngjin paul d ronney and suleyman gokoglu comparison of carbon dioxide and helium as fire extinguishing agents for spacecraft nasa cp 2004 213205 vol2 2004 pp 409 418,43,3,0.0075,0.014637614710243755
row-0003571,citation::son youngjin paul d ronney and suleyman gokoglu comparison of carbon dioxide and helium as fire extinguishing agents for spacecraft nasa cp 2004 213205 vol2 2004 pp 409 418,43,3,0.01208,0.013266452263614347
row-0003578,citation::son youngjin paul d ronney and suleyman gokoglu comparison of carbon dioxide and helium as fire extinguishing agents for spacecraft nasa cp 2004 213205 vol2 2004 pp 409 418,43,3,0.03143,0.031055709259320323
row-0003579,citation::son youngjin paul d ronney and suleyman gokoglu comparison of carbon dioxide and helium as fire extinguishing agents for spacecraft nasa cp 2004 213205 vol2 2004 pp 409 418,43,3,0.01952,0.01617398906389665
row-0003583,citation::son youngjin paul d ronney and suleyman gokoglu comparison of carbon dioxide and helium as fire extinguishing agents for spacecraft nasa cp 2004 213205 vol2 2004 pp 409 418,43,3,0.03167,0.02201650252709582
row-0003591,citation::son youngjin paul d ronney and suleyman gokoglu comparison of carbon dioxide and helium as fire extinguishing agents for spacecraft nasa cp 2004 213205 vol2 2004 pp 409 418,43,3,0.03947,0.036033825067605996
row-0003592,citation::son youngjin paul d ronney and suleyman gokoglu comparison of carbon dioxide and helium as fire extinguishing agents for spacecraft nasa cp 2004 213205 vol2 2004 pp 409 418,43,3,0.02989,0.02579045781714621
row-0003597,citation::son youngjin paul d ronney and suleyman gokoglu comparison of carbon dioxide and helium as fire extinguishing agents for spacecraft nasa cp 2004 213205 vol2 2004 pp 409 418,43,3,0.01708,0.024425160102890215
row-0003604,citation::son youngjin paul d ronney and suleyman gokoglu comparison of carbon dioxide and helium as fire extinguishing agents for spacecraft nasa cp 2004 213205 vol2 2004 pp 409 418,43,3,0.00513,0.011285918774622422
row-0003636,doi::10.1016/j.proci.2014.07.017,43,3,0.00078,0.0013925263541424814
row-0003643,doi::10.1016/j.proci.2014.07.017,43,3,0.00117,0.0014097070194482707
row-0003646,doi::10.1016/j.proci.2014.07.017,43,3,0.00164,0.0014097070194482707
row-0003658,doi::10.1016/j.proci.2014.07.017,43,3,0.00107,0.0014174426888915103
row-0003661,doi::10.1016/j.proci.2014.07.017,43,3,0.00195,0.0014631517416772177
row-0003664,doi::10.1016/j.proci.2014.07.017,43,3,0.00361,0.001501793310528622
row-0003667,doi::10.1016/j.proci.2014.07.017,43,3,0.00314,0.0018977078836676497
row-0003675,doi::10.1016/j.proci.2014.07.017,43,3,0.00428,0.0024231353339477296
row-0003677,doi::10.1016/j.proci.2014.07.017,43,3,1e-05,0.001421834925764898
row-0003692,doi::10.1016/j.proci.2014.07.017,43,3,0.00115,0.0014973104041952723
row-0003699,doi::10.1016/j.proci.2014.07.017,43,3,0.00152,0.001500513339522662
row-0003703,doi::10.1016/j.proci.2014.07.017,43,3,0.00209,0.0017652763239857884
row-0003704,doi::10.1016/j.proci.2014.07.017,43,3,0.00222,0.0017217834607722497
row-0003711,doi::10.1016/j.proci.2014.07.017,43,3,0.00049,0.0014128725254405861
row-0003722,doi::10.1016/j.proci.2014.07.017,43,3,0.00038,0.0014128725254405861
row-0003726,doi::10.1016/j.proci.2014.07.017,43,3,0.0017,0.0014411538186130354
row-0003736,doi::10.1016/j.proci.2014.07.017,43,3,0.00083,0.0014128725254405861
row-0003756,doi::10.1016/j.proci.2014.07.017,43,3,0.00075,0.001421834925764898
row-0003758,doi::10.1016/j.proci.2014.07.017,43,3,0.00031,0.0014131445854344486
row-0003759,doi::10.1016/j.proci.2014.07.017,43,3,0.00035,0.0014131445854344486
row-0003763,doi::10.1016/j.proci.2014.07.017,43,3,0.00113,0.001421834925764898
row-0003769,doi::10.1016/j.proci.2014.07.017,43,3,0.00096,0.0014985304041952722
row-0003771,doi::10.1016/j.proci.2014.07.017,43,3,0.00056,0.0014217215924315642
row-0004085,citation::takahashi shuhei takeshi nagumo kazunori wakai and subrata bhattacharjee effects of ambient condition on flame spread over a thin pmma sheet jsme international journal series b 43 4 2000 556 562,43,3,0.05026,0.058018559642856946
row-0004090,citation::takahashi shuhei takeshi nagumo kazunori wakai and subrata bhattacharjee effects of ambient condition on flame spread over a thin pmma sheet jsme international journal series b 43 4 2000 556 562,43,3,0.02635,0.01713590297396229
row-0004095,citation::takahashi shuhei takeshi nagumo kazunori wakai and subrata bhattacharjee effects of ambient condition on flame spread over a thin pmma sheet jsme international journal series b 43 4 2000 556 562,43,3,0.00426,0.01067740060420496
row-0004099,citation::takahashi shuhei takeshi nagumo kazunori wakai and subrata bhattacharjee effects of ambient condition on flame spread over a thin pmma sheet jsme international journal series b 43 4 2000 556 562,43,3,0.00143,0.0014745485218224698
row-0004103,citation::takahashi shuhei takeshi nagumo kazunori wakai and subrata bhattacharjee effects of ambient condition on flame spread over a thin pmma sheet jsme international journal series b 43 4 2000 556 562,43,3,0.00451,0.004231645844120786
row-0004105,citation::takahashi shuhei takeshi nagumo kazunori wakai and subrata bhattacharjee effects of ambient condition on flame spread over a thin pmma sheet jsme international journal series b 43 4 2000 556 562,43,3,0.00112,0.0014489380380784361
row-0004108,citation::takahashi shuhei takeshi nagumo kazunori wakai and subrata bhattacharjee effects of ambient condition on flame spread over a thin pmma sheet jsme international journal series b 43 4 2000 556 562,43,3,0.00144,0.0022083662606165867
row-0004119,citation::takahashi shuhei takeshi nagumo kazunori wakai and subrata bhattacharjee effects of ambient condition on flame spread over a thin pmma sheet jsme international journal series b 43 4 2000 556 562,43,3,0.00031,0.0005885197486346578
row-0004120,citation::takahashi shuhei takeshi nagumo kazunori wakai and subrata bhattacharjee effects of ambient condition on flame spread over a thin pmma sheet jsme international journal series b 43 4 2000 556 562,43,3,0.0003,0.0004914957827065813
row-0004121,citation::takahashi shuhei takeshi nagumo kazunori wakai and subrata bhattacharjee effects of ambient condition on flame spread over a thin pmma sheet jsme international journal series b 43 4 2000 556 562,43,3,0.0001,0.0005788230719493585
row-0004125,citation::takahashi shuhei takeshi nagumo kazunori wakai and subrata bhattacharjee effects of ambient condition on flame spread over a thin pmma sheet jsme international journal series b 43 4 2000 556 562,43,3,0.00038,0.00037883247676249077
row-0004129,citation::takahashi shuhei takeshi nagumo kazunori wakai and subrata bhattacharjee effects of ambient condition on flame spread over a thin pmma sheet jsme international journal series b 43 4 2000 556 562,43,3,0.00052,0.0008735684024941096
row-0004131,citation::takahashi shuhei takeshi nagumo kazunori wakai and subrata bhattacharjee effects of ambient condition on flame spread over a thin pmma sheet jsme international journal series b 43 4 2000 556 562,43,3,0.0003,0.0003664719557866314
row-0004136,citation::takahashi shuhei takeshi nagumo kazunori wakai and subrata bhattacharjee effects of ambient condition on flame spread over a thin pmma sheet jsme international journal series b 43 4 2000 556 562,43,3,0.00063,0.001010157134133968
row-0004138,citation::takahashi shuhei takeshi nagumo kazunori wakai and subrata bhattacharjee effects of ambient condition on flame spread over a thin pmma sheet jsme international journal series b 43 4 2000 556 562,43,3,0.00019,0.0003378080279350585
row-0004141,citation::takahashi shuhei takeshi nagumo kazunori wakai and subrata bhattacharjee effects of ambient condition on flame spread over a thin pmma sheet jsme international journal series b 43 4 2000 556 562,43,3,6e-05,0.001711667879823883
row-0004145,citation::takahashi shuhei takeshi nagumo kazunori wakai and subrata bhattacharjee effects of ambient condition on flame spread over a thin pmma sheet jsme international journal series b 43 4 2000 556 562,43,3,0.04648,0.045704200551892456
row-0004150,citation::takahashi shuhei takeshi nagumo kazunori wakai and subrata bhattacharjee effects of ambient condition on flame spread over a thin pmma sheet jsme international journal series b 43 4 2000 556 562,43,3,0.00536,0.004225857330025366
row-0004161,citation::takahashi shuhei takeshi nagumo kazunori wakai and subrata bhattacharjee effects of ambient condition on flame spread over a thin pmma sheet jsme international journal series b 43 4 2000 556 562,43,3,0.00077,0.0013736506115380894
row-0004162,citation::takahashi shuhei takeshi nagumo kazunori wakai and subrata bhattacharjee effects of ambient condition on flame spread over a thin pmma sheet jsme international journal series b 43 4 2000 556 562,43,3,0.00116,0.0009658421291764801
row-0004165,citation::takahashi shuhei takeshi nagumo kazunori wakai and subrata bhattacharjee effects of ambient condition on flame spread over a thin pmma sheet jsme international journal series b 43 4 2000 556 562,43,3,0.00083,0.0009115097675105733
row-0004167,citation::takahashi shuhei takeshi nagumo kazunori wakai and subrata bhattacharjee effects of ambient condition on flame spread over a thin pmma sheet jsme international journal series b 43 4 2000 556 562,43,3,0.00067,0.0007756699835628694
row-0004169,citation::takahashi shuhei takeshi nagumo kazunori wakai and subrata bhattacharjee effects of ambient condition on flame spread over a thin pmma sheet jsme international journal series b 43 4 2000 556 562,43,3,0.00059,0.0008735684024941096
row-0004173,citation::takahashi shuhei takeshi nagumo kazunori wakai and subrata bhattacharjee effects of ambient condition on flame spread over a thin pmma sheet jsme international journal series b 43 4 2000 556 562,43,3,0.00086,0.0008972972171370558
row-0004175,citation::takahashi shuhei takeshi nagumo kazunori wakai and subrata bhattacharjee effects of ambient condition on flame spread over a thin pmma sheet jsme international journal series b 43 4 2000 556 562,43,3,0.00026,0.0008750218695892745
row-0004176,citation::takahashi shuhei takeshi nagumo kazunori wakai and subrata bhattacharjee effects of ambient condition on flame spread over a thin pmma sheet jsme international journal series b 43 4 2000 556 562,43,3,0.00062,0.0010091777792952585
row-0004223,citation::takahashi shuhei et al effect of ambient gas on flame spread over a solid material in microgravity journal of the japanese society for microgravity application vol 24 no 3 2007 pp 225 230,43,3,0.0074,0.005402330234151058
row-0004224,citation::takahashi shuhei et al effect of ambient gas on flame spread over a solid material in microgravity journal of the japanese society for microgravity application vol 24 no 3 2007 pp 225 230,43,3,0.0073,0.002803661570674558
row-0004228,citation::takahashi shuhei et al effect of ambient gas on flame spread over a solid material in microgravity journal of the japanese society for microgravity application vol 24 no 3 2007 pp 225 230,43,3,0.0032,0.0014954752613765526
row-0004233,doi::10.1016/j.proci.2018.06.022,43,3,0.00504,0.0037642621009031448
row-0004239,doi::10.1016/j.proci.2018.06.022,43,3,0.00335,0.003611954483654119
row-0004243,doi::10.1016/j.proci.2018.06.022,43,3,0.0043,0.0041266472539821615
row-0004244,doi::10.1016/j.proci.2018.06.022,43,3,0.00479,0.0062081453149815625
row-0004245,doi::10.1016/j.proci.2018.06.022,43,3,0.00554,0.00630613132967248
row-0004250,doi::10.1016/j.proci.2018.06.022,43,3,0.00371,0.0037187919140081772
row-0004261,doi::10.1016/j.proci.2018.06.022,43,3,0.00355,0.003847003231610708
row-0004265,doi::10.1016/j.proci.2018.06.022,43,3,0.00485,0.004296273910424595
row-0004266,doi::10.1016/j.proci.2018.06.022,43,3,0.0035,0.0039011314477132375
row-0004271,doi::10.1016/j.proci.2018.06.022,43,3,0.00488,0.003909732078066705
row-0004280,doi::10.1016/j.proci.2018.06.022,43,3,0.00337,0.00257372657815421
row-0004285,doi::10.1016/j.proci.2018.06.022,43,3,0.00173,0.002697057971263539
row-0004286,doi::10.1016/j.proci.2018.06.022,43,3,0.00078,0.002693277520135719
row-0004287,doi::10.1016/j.proci.2018.06.022,43,3,0.00057,0.0027420149997722703
row-0004290,doi::10.1016/j.proci.2018.06.022,43,3,0.00146,0.002721352607565732
row-0004307,doi::10.1016/j.proci.2018.06.022,43,3,0.00047,0.001450567019555713
row-0004309,doi::10.1016/j.proci.2018.06.022,43,3,0.00092,0.0014378337853223195
row-0004312,citation::takahashi shuhei et al effect of ambient gas on flame spread over a solid material in microgravity journal of the japanese society for microgravity application vol 24 no 3 2007 pp 225 230,43,3,0.00067,0.0014378337853223195
row-0004320,doi::10.1038/s41598-017-18398-4,43,3,0.00175,0.0014487233831920764
row-0004321,doi::10.1038/s41598-017-18398-4,43,3,0.00169,0.0014487233831920764
row-0004326,doi::10.1038/s41598-017-18398-4,43,3,0.00114,0.0014323666627989802
row-0004327,doi::10.1038/s41598-017-18398-4,43,3,0.00119,0.001430523026435344
row-0004330,doi::10.1038/s41598-017-18398-4,43,3,0.0004,0.001506751000076816
row-0004333,doi::10.1038/s41598-017-18398-4,43,3,0.00196,0.001430523026435344
row-0004335,doi::10.1038/s41598-017-18398-4,43,3,0.00087,0.0014509556105060087
row-0004350,doi::10.1016/s1540-7489(02)80314-5,43,3,0.04284,0.042667640787878644
row-0004357,doi::10.1016/s1540-7489(02)80314-5,43,3,0.01937,0.017562349528790315
row-0004359,doi::10.1016/s1540-7489(02)80314-5,43,3,0.0244,0.017186565203902753
row-0004360,doi::10.1016/s1540-7489(02)80314-5,43,3,0.02371,0.020229798096232616
row-0004366,doi::10.1016/s1540-7489(02)80314-5,43,3,0.00567,0.010416453504751663
row-0004367,doi::10.1016/s1540-7489(02)80314-5,43,3,0.00841,0.010416453504751663
row-0004390,doi::10.1016/s1540-7489(02)80314-5,43,3,0.00621,0.00616899100013506
row-0004396,doi::10.1016/s1540-7489(02)80314-5,43,3,0.00234,0.003541031779210453
row-0004400,doi::10.1016/s1540-7489(02)80314-5,43,3,0.00327,0.004000739143536474
row-0004402,doi::10.1016/s1540-7489(02)80314-5,43,3,0.00406,0.0042636340151401535
row-0004414,doi::10.1016/s1540-7489(02)80314-5,43,3,0.00189,0.0026851471396699095
row-0004416,doi::10.1016/s1540-7489(02)80314-5,43,3,0.00123,0.002699314886624108
row-0004418,doi::10.1016/s1540-7489(02)80314-5,43,3,0.00318,0.002683994041585568
row-0004441,citation::urban david l interactions between flames on parallel solid surfaces nasa 0 combustion workshop n96 15588 1997,43,3,0.01497,0.012413435285651423
row-0004744,doi::10.1007/s10694-019-00878-w,43,3,0.002,0.02647975904761896
row-0004755,doi::10.1007/s12217-015-9419-z,43,3,0.00758,0.01115891184353698
row-0004757,doi::10.1007/s12217-015-9419-z,43,3,0.012,0.01115891184353698
row-0004759,doi::10.1007/s12217-015-9419-z,43,3,0.0128,0.01115891184353698
row-0004761,doi::10.1007/s12217-015-9419-z,43,3,0.0114,0.01115891184353698
row-0004769,doi::10.1007/s10694-019-00896-8,43,3,3e-05,8.960918075270764e-05
row-0004774,doi::10.1007/s10694-019-00896-8,43,3,0.0001,0.00010742762674350048
row-0004779,doi::10.1007/s10694-019-00896-8,43,3,6e-05,0.00010610110352453802
row-0004784,doi::10.1007/s10694-019-00896-8,43,3,0.00057,0.0004210455757817801
row-0004789,doi::10.1007/s10694-019-00896-8,43,3,0.00065,0.00042134559959130385
row-0004796,doi::10.1007/s10694-019-00896-8,43,3,0.0014,0.0014041045652282383
row-0004797,doi::10.1007/s10694-019-00896-8,43,3,0.0015,0.0014041045652282383
row-0004799,doi::10.1007/s10694-019-00896-8,43,3,0.0017,0.0015520612410426509
row-0004802,doi::10.1007/s10694-019-00896-8,43,3,0.0021,0.001646007146384501
row-0004804,doi::10.1007/s10694-019-00896-8,43,3,0.0023,0.0016522404797178337
row-0004806,doi::10.1007/s10694-019-00896-8,43,3,0.00057,0.0004098473027879328
row-0004809,doi::10.1007/s10694-019-00896-8,43,3,7e-05,0.00034757051794006785
row-0004814,doi::10.1007/s10694-019-00896-8,43,3,0.00019,0.0007988743442708595
row-0004829,doi::10.1007/s10694-019-00896-8,43,3,9e-05,0.00010621491587462338
row-0004831,doi::10.1007/s10694-019-00896-8,43,3,0.0004,0.0004109945187603662
row-0004839,doi::10.1007/s10694-019-00896-8,43,3,0.00012,0.00010610110352453802
row-0004843,doi::10.1007/s10694-019-00896-8,43,3,0.00055,0.00042103622121690754
row-0004844,doi::10.1007/s10694-019-00896-8,43,3,0.00056,0.00042103622121690754
row-0004851,doi::10.1007/s10694-019-00896-8,43,3,0.0007,0.00042134559959130385
row-0004857,doi::10.1007/s10694-019-00896-8,43,3,0.0014,0.0013911227355816204
row-0004911,doi::10.1016/j.proci.2024.105199,43,3,0.0046,0.004637826386002986
row-0004912,doi::10.1016/j.proci.2024.105199,43,3,0.0038,0.004633879719336318
row-0004932,doi::10.1016/j.proci.2024.105199,43,3,0.0018,0.001599432172058518
row-0004999,doi::10.1007/s12217-018-9655-0,43,3,0.00075,0.0009494748790140916
row-0005007,doi::10.1007/s12217-018-9655-0,43,3,0.0006,0.00036219215986132194
row-0005010,doi::10.1007/s12217-018-9655-0,43,3,0.00026,0.0003548403747480389
row-0005013,doi::10.1007/s12217-018-9655-0,43,3,0.00051,0.0003591171859368501
row-0005016,doi::10.1007/s12217-018-9655-0,43,3,0.00026,0.000243132178377578
row-0005017,doi::10.1007/s12217-018-9655-0,43,3,0.00033,0.00024323423898363865
row-0005018,doi::10.1007/s12217-018-9655-0,43,3,5e-05,0.00014926458196129442
row-0005020,doi::10.1007/s12217-018-9655-0,43,3,7e-05,0.00014838267719938965
row-0005027,doi::10.1007/s12217-018-9655-0,43,3,5e-05,9.658285493518518e-05
row-0005028,doi::10.1007/s12217-018-9655-0,43,3,7e-05,9.655285493518517e-05
row-0005030,doi::10.1007/s12217-018-9655-0,43,3,3e-05,9.58959397670757e-05
row-0005040,doi::10.1007/s12217-022-09945-4,43,3,0.0065,0.008949032875682078
row-0005053,doi::10.1016/j.combustflame.2019.03.040,43,3,2e-05,0.00020144249101710257
row-0000005,citation::andracchio charles r and john c aydelott comparison of flame spreading over thin flat surfaces in normal gravity and weightlessness in an oxygen environment nasa technical memorandum nasa tm x 1992 1970,43,4,0.06,0.057541975000000085
row-0000006,citation::andracchio charles r and john c aydelott comparison of flame spreading over thin flat surfaces in normal gravity and weightlessness in an oxygen environment nasa technical memorandum nasa tm x 1992 1970,43,4,0.042,0.043792988095238045
row-0000010,citation::andracchio charles r and john c aydelott comparison of flame spreading over thin flat surfaces in normal gravity and weightlessness in an oxygen environment nasa technical memorandum nasa tm x 1992 1970,43,4,0.022,0.022740754649500892
row-0000018,citation::andracchio charles r and john c aydelott comparison of flame spreading over thin flat surfaces in normal gravity and weightlessness in an oxygen environment nasa technical memorandum nasa tm x 1992 1970,43,4,0.087,0.09243680952381012
row-0000035,citation::andracchio charles r and thomas h cochran burning of solids in oxygen rich environments in normal and reduced gravity nasa technical memorandum x 3055 national aeronautics and space administration may 1974,43,4,0.029,0.02956292285714286
row-0000040,citation::andracchio charles r and thomas h cochran burning of solids in oxygen rich environments in normal and reduced gravity nasa technical memorandum x 3055 national aeronautics and space administration may 1974,43,4,0.055,0.0621965333333336
row-0000042,citation::andracchio charles r and thomas h cochran burning of solids in oxygen rich environments in normal and reduced gravity nasa technical memorandum x 3055 national aeronautics and space administration may 1974,43,4,0.02,0.024738179807010024
row-0000043,citation::andracchio charles r and thomas h cochran burning of solids in oxygen rich environments in normal and reduced gravity nasa technical memorandum x 3055 national aeronautics and space administration may 1974,43,4,0.019,0.02226849228108153
row-0000047,citation::andracchio charles r and thomas h cochran burning of solids in oxygen rich environments in normal and reduced gravity nasa technical memorandum x 3055 national aeronautics and space administration may 1974,43,4,0.078,0.05653047555555537
row-0000051,citation::andracchio charles r and thomas h cochran gravity effects on flame spreading over solid surfaces nasa technical note d 8228 national aeronautics and space administration may 1976,43,4,0.0303,0.027267824285714434
row-0000053,citation::andracchio charles r and thomas h cochran gravity effects on flame spreading over solid surfaces nasa technical note d 8228 national aeronautics and space administration may 1976,43,4,0.0279,0.02422447142857146
row-0000061,citation::andracchio charles r and thomas h cochran gravity effects on flame spreading over solid surfaces nasa technical note d 8228 national aeronautics and space administration may 1976,43,4,0.022,0.024223362309721743
row-0000062,citation::andracchio charles r and thomas h cochran gravity effects on flame spreading over solid surfaces nasa technical note d 8228 national aeronautics and space administration may 1976,43,4,0.0127,0.01714362333047869
row-0000065,citation::andracchio charles r and thomas h cochran gravity effects on flame spreading over solid surfaces nasa technical note d 8228 national aeronautics and space administration may 1976,43,4,0.0198,0.015206964302157873
row-0000073,citation::andracchio charles r and thomas h cochran gravity effects on flame spreading over solid surfaces nasa technical note d 8228 national aeronautics and space administration may 1976,43,4,0.0558,0.05608895
row-0000074,citation::andracchio charles r and thomas h cochran gravity effects on flame spreading over solid surfaces nasa technical note d 8228 national aeronautics and space administration may 1976,43,4,0.0172,0.015266824042369825
row-0000077,citation::andracchio charles r and thomas h cochran gravity effects on flame spreading over solid surfaces nasa technical note d 8228 national aeronautics and space administration may 1976,43,4,0.055,0.06191796666666701
row-0000086,citation::andracchio charles r and thomas h cochran gravity effects on flame spreading over solid surfaces nasa technical note d 8228 national aeronautics and space administration may 1976,43,4,0.102,0.07942008666666703
row-0000087,citation::andracchio charles r and thomas h cochran gravity effects on flame spreading over solid surfaces nasa technical note d 8228 national aeronautics and space administration may 1976,43,4,0.097,0.07212809666666709
row-0000089,citation::andracchio charles r and thomas h cochran gravity effects on flame spreading over solid surfaces nasa technical note d 8228 national aeronautics and space administration may 1976,43,4,0.049,0.057294032515151375
row-0000095,citation::andracchio charles r and thomas h cochran gravity effects on flame spreading over solid surfaces nasa technical note d 8228 national aeronautics and space administration may 1976,43,4,0.0473,0.04219711303015881
row-0000100,citation::andracchio charles r and thomas h cochran gravity effects on flame spreading over solid surfaces nasa technical note d 8228 national aeronautics and space administration may 1976,43,4,0.0472,0.047954849673015956
row-0000109,citation::andracchio charles r and thomas h cochran gravity effects on flame spreading over solid surfaces nasa technical note d 8228 national aeronautics and space administration may 1976,43,4,0.0143,0.025531596252251553
row-0000116,citation::andracchio charles r and thomas h cochran gravity effects on flame spreading over solid surfaces nasa technical note d 8228 national aeronautics and space administration may 1976,43,4,0.0128,0.013238988802285101
row-0000121,citation::andracchio charles r and thomas h cochran gravity effects on flame spreading over solid surfaces nasa technical note d 8228 national aeronautics and space administration may 1976,43,4,0.0045,0.008304938050499734
row-0000127,doi::10.1080/01457632.2025.2529751,43,4,0.00172,0.0020735291258009354
row-0000133,doi::10.1016/j.proci.2016.06.025,43,4,0.0004,0.0014510680231006197
row-0000135,doi::10.1016/j.proci.2016.06.025,43,4,0.0019,0.0014888302493006773
row-0000140,doi::10.1016/j.proci.2016.06.025,43,4,0.0017,0.0014811137265891164
row-0000143,doi::10.1016/j.proci.2016.06.025,43,4,0.0004,0.0014411175472956491
row-0000149,doi::10.1016/j.proci.2016.06.025,43,4,0.0014,0.0014437405924673289
row-0000150,doi::10.1016/j.proci.2016.06.025,43,4,0.0011,0.0014437405924673289
row-0000152,doi::10.1016/j.proci.2016.06.025,43,4,0.0007,0.0014437405924673289
row-0000258,doi::10.1016/j.combustflame.2020.12.005,43,4,0.124,0.1340475579815385
row-0000259,doi::10.1016/j.combustflame.2020.12.005,43,4,0.143,0.1340475579815385
row-0000262,doi::10.1016/j.combustflame.2020.12.005,43,4,0.134,0.17496322030598652
row-0000269,doi::10.5802/crmeca.149,43,4,0.0015,0.0014784556453292187
row-0000270,doi::10.5802/crmeca.149,43,4,0.00145,0.0014614794610773238
row-0000274,doi::10.5802/crmeca.149,43,4,0.0013,0.001458642272198017
row-0000276,doi::10.5802/crmeca.149,43,4,0.0018,0.001487445192079028
row-0000279,doi::10.5802/crmeca.149,43,4,0.00195,0.001492899375837943
row-0000281,doi::10.5802/crmeca.149,43,4,0.0013,0.0009093420551396094
row-0000283,doi::10.5802/crmeca.149,43,4,0.00112,0.001458642272198017
row-0000289,doi::10.5802/crmeca.149,43,4,0.00137,0.0014730014615703037
row-0000292,doi::10.5802/crmeca.149,43,4,0.0014,0.0014784556453292187
row-0000301,doi::10.1016/s1540-7489(02)80211-3,43,4,0.015,0.014140618299824853
row-0000302,doi::10.1016/s1540-7489(02)80211-3,43,4,0.012,0.014140618299824853
row-0000306,doi::10.1016/s1540-7489(02)80211-3,43,4,0.007,0.014306502855657903
row-0000307,doi::10.1016/s1540-7489(02)80211-3,43,4,0.0072,0.014306502855657903
row-0000308,doi::10.1016/s1540-7489(02)80211-3,43,4,0.008,0.014140618299824853
row-0000310,doi::10.1016/s1540-7489(02)80211-3,43,4,0.009,0.017161889677541037
row-0000315,doi::10.1016/s1540-7489(02)80211-3,43,4,0.0075,0.01278142199188154
row-0000354,citation::ferkul paul v et al combustion experiments on the mir space station 37th aerospace sciences meeting and exhibit american institute of aeronautics and astronautics 1999 paper aiaa 99 0439,43,4,0.0012,0.0011427692202169556
row-0000368,doi::10.1016/s1540-7489(02)80310-8,43,4,0.002,0.0014947796855908936
row-0000370,doi::10.1016/s1540-7489(02)80310-8,43,4,0.0028,0.002809896539033534
row-0000373,doi::10.1016/s1540-7489(02)80310-8,43,4,0.00375,0.0027893311767666173
row-0000375,doi::10.1016/s1540-7489(02)80310-8,43,4,0.0033,0.0028106755607263923
row-0000378,doi::10.1016/s1540-7489(02)80310-8,43,4,0.0058,0.004793853155609756
row-0000386,doi::10.1016/s1540-7489(02)80310-8,43,4,0.00435,0.00285208787372261
row-0000439,citation::grayson g d k r sacksteder p v ferkul and j s t ien flame spreading over a thin solid in low speed concurrent flow drop tower experimental results and comparison with theory 0 science and technology vii 2 1994,43,4,0.0041,0.0041180714899065485
row-0000440,citation::grayson g d k r sacksteder p v ferkul and j s t ien flame spreading over a thin solid in low speed concurrent flow drop tower experimental results and comparison with theory 0 science and technology vii 2 1994,43,4,0.0057,0.004433215561853564
row-0000441,citation::grayson g d k r sacksteder p v ferkul and j s t ien flame spreading over a thin solid in low speed concurrent flow drop tower experimental results and comparison with theory 0 science and technology vii 2 1994,43,4,0.0055,0.004071277523118091
row-0000444,citation::grayson g d k r sacksteder p v ferkul and j s t ien flame spreading over a thin solid in low speed concurrent flow drop tower experimental results and comparison with theory 0 science and technology vii 2 1994,43,4,0.0075,0.006775482385765293
row-0000458,doi::10.1016/j.combustflame.2020.07.044,43,4,0.00122,0.001458642272198017
row-0000459,doi::10.1016/j.combustflame.2020.07.044,43,4,0.0012,0.001458642272198017
row-0000466,doi::10.1016/j.combustflame.2020.07.044,43,4,0.00135,0.001458642272198017
row-0000479,doi::10.1016/j.combustflame.2020.07.044,43,4,0.00165,0.0014647642361011665
row-0000483,doi::10.1016/j.combustflame.2020.07.044,43,4,0.00111,0.0014584550721980173
row-0000490,doi::10.1016/j.combustflame.2020.07.044,43,4,0.00136,0.001458642272198017
row-0000494,doi::10.1016/j.combustflame.2020.07.044,43,4,0.00135,0.0014584550721980173
row-0000503,doi::10.1016/j.combustflame.2020.07.044,43,4,0.00143,0.0014599171755353003
row-0000507,doi::10.1016/j.combustflame.2020.07.044,43,4,0.00137,0.0014594613088686336
row-0000508,doi::10.1016/j.combustflame.2020.07.044,43,4,0.00137,0.0014594613088686336
row-0000509,doi::10.1016/j.combustflame.2020.07.044,43,4,0.00153,0.0014647642361011665
row-0000514,doi::10.1016/j.combustflame.2020.07.044,43,4,0.00146,0.0014631130692228324
row-0000516,doi::10.1016/j.combustflame.2020.07.044,43,4,0.00131,0.0014626572025561659
row-0000517,doi::10.1016/j.combustflame.2020.07.044,43,4,0.00108,0.001458642272198017
row-0000542,doi::10.1016/j.combustflame.2020.07.044,43,4,0.00157,0.0014626572025561659
row-0000543,doi::10.1016/j.combustflame.2020.07.044,43,4,0.00151,0.0014626572025561659
row-0000555,doi::10.1016/j.proci.2018.06.022,43,4,0.00018,0.00021727514951922739
row-0000561,doi::10.1016/j.proci.2018.06.022,43,4,0.00013,9.080918452381988e-05
row-0000562,doi::10.1016/j.proci.2018.06.022,43,4,0.00014,7.834850413820625e-05
row-0000564,doi::10.1016/j.proci.2018.06.022,43,4,9e-05,7.834850413820625e-05
row-0000569,doi::10.1016/j.proci.2018.06.022,43,4,2e-05,7.35571569783563e-05
row-0000576,doi::10.1016/j.proci.2018.06.022,43,4,3e-05,7.404682830922696e-05
row-0000606,doi::10.1016/j.proci.2018.06.022,43,4,4e-05,7.802684523269952e-05
row-0000610,doi::10.1016/j.proci.2018.06.022,43,4,6e-05,7.802684523269952e-05
row-0000611,doi::10.1016/j.proci.2018.06.022,43,4,8e-05,7.802684523269952e-05
row-0000613,doi::10.1016/j.proci.2018.06.022,43,4,0.00012,7.802684523269952e-05
row-0000618,doi::10.1016/j.proci.2018.06.022,43,4,8e-05,7.802684523269952e-05
row-0000630,doi::10.1016/j.proci.2018.06.022,43,4,0.00011,7.82579376032919e-05
row-0000633,doi::10.1016/j.proci.2018.06.022,43,4,6e-05,7.77127424657504e-05
row-0000650,doi::10.1016/s0082-0784(98)80017-6,43,4,0.0025,0.0031024476540282143
row-0000653,doi::10.1016/s0082-0784(98)80017-6,43,4,0.0048,0.0038456967315503884
row-0000657,doi::10.1016/s0082-0784(98)80017-6,43,4,0.0043,0.0033256539091487507
row-0000658,doi::10.1016/s0082-0784(98)80017-6,43,4,0.0036,0.0032772348790106863
row-0000659,doi::10.1016/s0082-0784(98)80017-6,43,4,0.0028,0.0031024476540282143
row-0000660,doi::10.1016/s0082-0784(98)80017-6,43,4,0.005,0.004858595044565568
row-0000662,doi::10.1016/s0082-0784(98)80017-6,43,4,0.0037,0.00326066105587356
row-0000670,doi::10.1016/s0082-0784(98)80017-6,43,4,0.0028,0.003026069290303062
row-0000682,citation::kimzey john howard flammability during weightlessness nasa technical memorandum nasa tm x 58001 may 1966,43,4,0.01016,0.017006390614379155
row-0000695,citation::kimzey john howard flammability during weightlessness nasa technical memorandum nasa tm x 58001 may 1966,43,4,0.00381,0.007625151632867146
row-0000707,doi::10.1016/j.combustflame.2008.05.023,43,4,0.0016,0.004552370815480127
row-0000712,doi::10.1016/j.combustflame.2008.05.023,43,4,0.0029,0.010198010357429422
row-0000717,doi::10.1016/j.combustflame.2008.05.023,43,4,0.0042,0.00347763067417399
row-0000724,doi::10.1016/j.combustflame.2008.05.023,43,4,0.0012,0.0033151904579147152
row-0000726,doi::10.1016/j.combustflame.2008.05.023,43,4,0.0021,0.003112486243028761
row-0000728,doi::10.1016/j.combustflame.2008.05.023,43,4,0.0015,0.0031234034787645214
row-0000733,doi::10.1016/j.combustflame.2008.05.023,43,4,0.0024,0.00313420945113897
row-0000737,doi::10.1016/j.combustflame.2008.05.023,43,4,0.0041,0.003407107116422418
row-0000742,doi::10.1016/j.combustflame.2008.05.023,43,4,0.0049,0.003467331187325949
row-0000747,doi::10.1016/j.combustflame.2008.05.023,43,4,0.0019,0.003113033839156442
row-0000756,doi::10.1016/j.combustflame.2008.05.023,43,4,0.0049,0.0034912657485639577
row-0000759,doi::10.1016/j.combustflame.2008.05.023,43,4,0.0045,0.0037017772675113324
row-0000776,doi::10.1007/s10694-019-00862-4,43,4,0.00033,0.00011058166679745328
row-0000791,doi::10.1016/j.firesaf.2023.103989,43,4,0.004,0.0030894999202660633
row-0000793,doi::10.1016/j.firesaf.2023.103989,43,4,0.0036,0.003014380904999227
row-0000794,doi::10.1016/j.firesaf.2023.103989,43,4,0.0035,0.00301862227257594
row-0000800,doi::10.1016/j.firesaf.2023.103989,43,4,0.0039,0.0030596235324064818
row-0000805,doi::10.1016/j.firesaf.2023.103989,43,4,0.0021,0.0029579311536651557
row-0000814,doi::10.1016/j.firesaf.2023.103989,43,4,0.0018,0.0029579311536651557
row-0000839,doi::10.1016/j.firesaf.2023.103989,43,4,0.0029,0.002966101656246927
row-0000840,doi::10.1016/j.firesaf.2023.103989,43,4,0.0029,0.0029679445133897835
row-0000841,doi::10.1016/j.firesaf.2023.103989,43,4,0.0031,0.002967444513389784
row-0000892,doi::10.1016/j.firesaf.2023.103989,43,4,0.004,0.0031059310133365946
row-0000900,doi::10.1016/j.firesaf.2023.103989,43,4,0.00175,0.002958427376661671
row-0000902,doi::10.1016/j.firesaf.2023.103989,43,4,0.0028,0.003018360394304917
row-0000905,doi::10.1016/j.firesaf.2023.103989,43,4,0.0037,0.003075342040742886
row-0000906,doi::10.1016/j.firesaf.2023.103989,43,4,0.0038,0.003128198137579255
row-0000910,doi::10.1016/j.firesaf.2023.103989,43,4,0.0022,0.002866853076097912
row-0000915,doi::10.1016/j.firesaf.2023.103989,43,4,0.00275,0.002938483957388486
row-0000916,doi::10.1016/j.firesaf.2023.103989,43,4,0.0026,0.0029389839573884862
row-0000920,doi::10.1016/j.firesaf.2023.103989,43,4,0.0025,0.002979698965794659
row-0000922,doi::10.1016/j.firesaf.2023.103989,43,4,0.0032,0.002960053941859652
row-0000927,doi::10.1016/j.firesaf.2023.103989,43,4,0.0022,0.0029890192531513973
row-0000952,doi::10.1016/j.firesaf.2023.103989,43,4,0.0025,0.002977348565313656
row-0000953,doi::10.1016/j.firesaf.2023.103989,43,4,0.0026,0.002977348565313656
row-0000960,doi::10.1016/j.firesaf.2023.103989,43,4,0.004,0.002985303125585535
row-0000970,doi::10.1016/j.firesaf.2023.103989,43,4,0.0038,0.0030428539852482023
row-0000974,doi::10.1016/j.firesaf.2023.103989,43,4,0.0038,0.0030457893387835556
row-0001031,doi::10.1016/j.firesaf.2023.103989,43,4,0.0032,0.0029890192531513973
row-0001032,doi::10.1016/j.firesaf.2023.103989,43,4,0.0015,0.0029544131970600076
row-0001039,doi::10.1016/j.firesaf.2023.103989,43,4,0.00175,0.0029544131970600076
row-0001040,doi::10.1016/j.firesaf.2023.103989,43,4,0.00225,0.0029716369975945666
row-0001041,doi::10.1016/j.firesaf.2023.103989,43,4,0.0024,0.0029716369975945666
row-0001047,doi::10.1016/j.firesaf.2023.103989,43,4,0.0028,0.003015464792837288
row-0001051,doi::10.1016/j.firesaf.2023.103989,43,4,0.0035,0.0030428539852482023
row-0001054,doi::10.1016/j.firesaf.2023.103989,43,4,0.0032,0.0030428539852482023
row-0001061,doi::10.1016/j.firesaf.2023.103989,43,4,0.001,0.0017788586131438971
row-0001083,doi::10.1016/j.firesaf.2023.103989,43,4,0.0014,0.0021027956596765445
row-0001087,doi::10.1016/j.firesaf.2023.103989,43,4,0.0015,0.0030810234961656012
row-0001121,doi::10.1016/j.firesaf.2023.103989,43,4,0.00125,0.0019371751908007046
row-0001123,doi::10.1016/j.firesaf.2023.103989,43,4,0.00125,0.0022712191950736496
row-0001128,doi::10.1016/j.firesaf.2023.103989,43,4,0.0014,0.0020493429111992667
row-0001129,doi::10.1016/j.firesaf.2023.103989,43,4,0.00125,0.002057221499210633
row-0001131,doi::10.1016/j.firesaf.2023.103989,43,4,0.0014,0.0020738619899147454
row-0001143,doi::10.1016/j.firesaf.2023.103989,43,4,0.0013,0.0014669474148214306
row-0001151,doi::10.1016/j.firesaf.2023.103989,43,4,0.0016,0.0017585397619817407
row-0001157,doi::10.1016/j.firesaf.2023.103989,43,4,0.0016,0.0017585397619817407
row-0001192,doi::10.1016/j.firesaf.2023.103989,43,4,0.0015,0.0014918433786187033
row-0001199,doi::10.1016/j.firesaf.2023.103989,43,4,0.0016,0.0014860382542862525
row-0001207,doi::10.1016/j.proci.2024.105199,43,4,0.0041,0.0040666944524668765
row-0001212,doi::10.1016/j.proci.2024.105199,43,4,0.007,0.004222831903234368
row-0001213,doi::10.1016/j.proci.2024.105199,43,4,0.0032,0.004112361222449202
row-0001216,doi::10.1016/j.proci.2024.105199,43,4,0.0049,0.004163614493405481
row-0001219,doi::10.1016/j.proci.2024.105199,43,4,0.0049,0.00416062592197691
row-0001227,doi::10.1016/j.proci.2024.105199,43,4,0.0021,0.001520657498671192
row-0001261,doi::10.1007/s10694-019-00935-4,43,4,0.00045,0.0005234116251882218
row-0001265,doi::10.1007/s10694-019-00935-4,43,4,0.00055,0.0004955288542631473
row-0001354,doi::10.1016/j.proci.2022.07.002,43,4,0.0025,0.0029842489771450885
row-0001355,doi::10.1016/j.proci.2022.07.002,43,4,0.0036,0.0030064961441281257
row-0001367,doi::10.1016/j.proci.2022.07.002,43,4,0.0042,0.002985905045800726
row-0001368,doi::10.1016/j.proci.2022.07.002,43,4,0.0055,0.0029913613157947524
row-0001371,doi::10.1016/j.proci.2022.07.002,43,4,0.0036,0.00299387893460441
row-0001442,doi::10.1016/j.proci.2022.07.002,43,4,0.002,0.0014947796855908936
row-0001447,doi::10.1016/j.proci.2022.07.002,43,4,0.0021,0.0014928496152893196
row-0001456,doi::10.1016/j.proci.2022.07.002,43,4,0.0014,0.0014918433786187033
row-0001465,doi::10.1016/j.proci.2022.07.002,43,4,0.0015,0.0014922111633782539
row-0001469,doi::10.1016/j.proci.2022.07.002,43,4,0.002,0.0014929742917676565
row-0001482,doi::10.1016/j.proci.2022.07.002,43,4,0.0009,0.0014877403663534382
row-0001493,doi::10.1016/j.proci.2022.07.002,43,4,0.0017,0.0014638761976122352
row-0001494,doi::10.1016/j.proci.2022.07.002,43,4,0.002,0.0014638761976122352
row-0001497,doi::10.1016/j.proci.2022.07.002,43,4,0.0015,0.001461412818084476
row-0001588,doi::10.1016/j.proci.2024.105775,43,4,0.00679,0.008245206463771708
row-0001594,doi::10.1016/j.proci.2024.105775,43,4,0.00688,0.008237120828851073
row-0001597,doi::10.1016/j.proci.2024.105775,43,4,0.00688,0.008237120828851073
row-0001598,doi::10.1016/j.proci.2024.105775,43,4,0.00732,0.008237120828851073
row-0001609,doi::10.1016/j.proci.2024.105775,43,4,0.00613,0.008235680828851075
row-0001611,doi::10.1016/j.proci.2024.105775,43,4,0.00669,0.008235680828851075
row-0001616,doi::10.1016/j.proci.2024.105775,43,4,0.00777,0.00859212291618744
row-0001633,doi::10.1016/j.proci.2024.105775,43,4,0.00801,0.008597731351813676
row-0001637,doi::10.1016/j.proci.2024.105775,43,4,0.00886,0.008679421354443342
row-0001643,doi::10.1007/s12217-024-10147-3,43,4,0.00748,0.008245206463771708
row-0001658,doi::10.1007/s12217-024-10147-3,43,4,0.00704,0.00842082394942777
row-0001662,doi::10.1007/s12217-024-10147-3,43,4,0.01029,0.008695321289402608
row-0001663,doi::10.1007/s12217-024-10147-3,43,4,0.01198,0.008925230261102712
row-0001665,doi::10.1007/s12217-024-10147-3,43,4,0.01006,0.008711952701265598
row-0001675,doi::10.1007/s12217-024-10147-3,43,4,0.01026,0.009079383341127024
row-0001725,doi::10.1016/j.combustflame.2020.12.042,43,4,0.0017,0.0017705919442237122
row-0001727,doi::10.1016/j.combustflame.2020.12.042,43,4,0.0019,0.0017705919442237122
row-0001772,doi::10.1038/s41598-017-18398-4,43,4,3e-05,7.783879740401263e-05
row-0001780,doi::10.1038/s41598-017-18398-4,43,4,3e-05,7.779697922219443e-05
row-0001801,doi::10.1038/s41598-017-18398-4,43,4,3e-05,7.783879740401263e-05
row-0001813,doi::10.1038/s41598-017-18398-4,43,4,0.00011,7.834850413820625e-05
row-0001816,doi::10.1038/s41598-017-18398-4,43,4,4e-05,7.783879740401263e-05
row-0001826,doi::10.1038/s41598-017-18398-4,43,4,6e-05,7.82579376032919e-05
row-0001830,doi::10.1038/s41598-017-18398-4,43,4,3e-05,7.778129740401261e-05
row-0001831,doi::10.1038/s41598-017-18398-4,43,4,5e-05,7.82579376032919e-05
row-0001832,doi::10.1038/s41598-017-18398-4,43,4,8e-05,7.834850413820625e-05
row-0001833,doi::10.1016/j.proci.2024.105766,43,4,0.007,0.010398219824463976
row-0001838,doi::10.1016/j.proci.2024.105766,43,4,0.005,0.00710046451789711
row-0001839,doi::10.1016/j.proci.2024.105766,43,4,0.0055,0.007127111667019917
row-0001843,doi::10.1016/j.proci.2024.105766,43,4,0.005,0.007213724405402119
row-0001847,doi::10.1016/j.proci.2024.105766,43,4,0.009,0.0069145712693084085
row-0001848,doi::10.1016/j.proci.2024.105766,43,4,0.0026,0.0016310357986869446
row-0001855,doi::10.1016/j.proci.2024.105766,43,4,0.002,0.0015289756809616479
row-0001856,doi::10.1016/j.proci.2024.105766,43,4,0.0019,0.0015289756809616479
row-0001874,doi::10.1016/j.firesaf.2024.104329,43,4,0.0015,0.0017795713230432492
row-0001904,doi::10.1016/j.firesaf.2024.104329,43,4,0.0024,0.0017808434402593668
row-0001909,doi::10.1016/j.firesaf.2024.104329,43,4,0.002,0.0017795713230432492
row-0001935,doi::10.1016/j.firesaf.2024.104329,43,4,0.0022,0.0014879789758829383
row-0001953,doi::10.1016/j.firesaf.2024.104329,43,4,0.00155,0.0017755265668967023
row-0001954,doi::10.1016/j.firesaf.2024.104329,43,4,0.0016,0.0017755265668967023
row-0001956,doi::10.1016/j.firesaf.2024.104329,43,4,0.00225,0.0017767986841128191
row-0001958,doi::10.1016/j.firesaf.2024.104329,43,4,0.0021,0.0017755265668967023
row-0001959,doi::10.1016/j.firesaf.2024.104329,43,4,0.0024,0.0017755265668967023
row-0001960,doi::10.1016/j.firesaf.2024.104329,43,4,0.0029,0.0017767986841128191
row-0001962,doi::10.1016/j.firesaf.2024.104329,43,4,0.0021,0.0017755265668967023
row-0001967,doi::10.1016/j.firesaf.2024.104329,43,4,0.0023,0.0017755265668967023
row-0001968,doi::10.1016/j.firesaf.2024.104329,43,4,0.0021,0.0017755265668967023
row-0002040,doi::10.1016/j.firesaf.2024.104329,43,4,0.00095,0.000725999149260759
row-0002048,doi::10.1016/j.firesaf.2024.104329,43,4,0.0005,0.0007704908213934399
row-0002068,doi::10.1016/j.firesaf.2024.104329,43,4,0.00045,0.000731756360473473
row-0002097,doi::10.1016/j.firesaf.2024.104329,43,4,0.0007,0.0007528369904475393
row-0002099,doi::10.1016/j.firesaf.2024.104329,43,4,0.0005,0.0006745161845493692
row-0002141,doi::10.1016/j.firesaf.2024.104329,43,4,0.00055,0.0007332904607875675
row-0002283,citation::mell w e s l olson and t kashiwagi flame spread along free edges of thermally thin samples in 0 proceedings of the combustion institute vol 28 no 2 2000 pp 2843 2849,43,4,0.00145,0.00362165802114129
row-0002287,citation::mell w e s l olson and t kashiwagi flame spread along free edges of thermally thin samples in 0 proceedings of the combustion institute vol 28 no 2 2000 pp 2843 2849,43,4,0.0021,0.0036543728015320963
row-0002288,citation::mell w e s l olson and t kashiwagi flame spread along free edges of thermally thin samples in 0 proceedings of the combustion institute vol 28 no 2 2000 pp 2843 2849,43,4,0.0018,0.0036539728015320965
row-0002291,citation::mell w e s l olson and t kashiwagi flame spread along free edges of thermally thin samples in 0 proceedings of the combustion institute vol 28 no 2 2000 pp 2843 2849,43,4,0.0019,0.005156855553644227
row-0002292,citation::mell w e s l olson and t kashiwagi flame spread along free edges of thermally thin samples in 0 proceedings of the combustion institute vol 28 no 2 2000 pp 2843 2849,43,4,0.0013,0.009541752004630626
row-0002297,citation::meyer florian jan hei meier hans christoph ries and christian eigenbrod sooting behavior in concurrent and upward burning of cylindrical pmma samples 52nd international conference on environmental systems ices 2023 171 calgary canada 16 20 july 2023,43,4,0.00274,0.001402128881733311
row-0002299,citation::meyer florian jan hei meier hans christoph ries and christian eigenbrod sooting behavior in concurrent and upward burning of cylindrical pmma samples 52nd international conference on environmental systems ices 2023 171 calgary canada 16 20 july 2023,43,4,0.00138,0.0036399768367724244
row-0002302,citation::meyer florian jan hei meier hans christoph ries and christian eigenbrod sooting behavior in concurrent and upward burning of cylindrical pmma samples 52nd international conference on environmental systems ices 2023 171 calgary canada 16 20 july 2023,43,4,0.00189,0.004217015701899165
row-0002453,doi::10.1016/j.proci.2018.05.007,43,4,0.0026,0.0029832924172503977
row-0002468,doi::10.1016/j.proci.2018.05.007,43,4,0.0023,0.0014722907250735264
row-0002474,doi::10.1016/j.proci.2018.05.007,43,4,0.0029,0.001482277224394837
row-0002599,citation::nishizawa et al 2003 effect of low external flow on flame spreading over etfe wire under microgravity,43,4,0.0016,0.0030983813716417147
row-0002600,citation::nishizawa et al 2003 effect of low external flow on flame spreading over etfe wire under microgravity,43,4,0.0017,0.0030596937473511207
row-0002602,citation::nishizawa et al 2003 effect of low external flow on flame spreading over etfe wire under microgravity,43,4,0.0019,0.0030461820630016895
row-0002606,citation::nishizawa et al 2003 effect of low external flow on flame spreading over etfe wire under microgravity,43,4,0.0026,0.0031577747055027607
row-0002614,doi::10.1016/j.combustflame.2009.01.015,43,4,0.00076,0.0014326270034917975
row-0002621,doi::10.1016/j.combustflame.2009.01.015,43,4,0.00086,0.0014356539488226574
row-0002624,doi::10.1016/j.combustflame.2009.01.015,43,4,0.0012,0.001435969273497982
row-0002631,doi::10.1016/j.combustflame.2009.01.015,43,4,0.0027,0.0014483104595066024
row-0002644,doi::10.1016/j.combustflame.2009.01.015,43,4,1e-05,0.001435969273497982
row-0002646,doi::10.1016/j.combustflame.2009.01.015,43,4,0.0008,0.001435969273497982
row-0002655,doi::10.1016/j.combustflame.2009.01.015,43,4,0.00098,0.0014385923186696614
row-0002661,doi::10.1016/j.combustflame.2009.01.015,43,4,0.00093,0.0014385923186696614
row-0002700,citation::friedman robert brian jackson and sandra olson testing and selection of fire resistant materials for spacecraft use nasa technical memorandum 2000 209773 mar 2000 nasa sti program office glenn research center cleveland ohio,43,4,0.0055,0.009206693591258024
row-0002701,citation::friedman robert brian jackson and sandra olson testing and selection of fire resistant materials for spacecraft use nasa technical memorandum 2000 209773 mar 2000 nasa sti program office glenn research center cleveland ohio,43,4,0.0054,0.009206693591258024
row-0002702,citation::friedman robert brian jackson and sandra olson testing and selection of fire resistant materials for spacecraft use nasa technical memorandum 2000 209773 mar 2000 nasa sti program office glenn research center cleveland ohio,43,4,0.0056,0.00918120508913329
row-0002705,citation::friedman robert brian jackson and sandra olson testing and selection of fire resistant materials for spacecraft use nasa technical memorandum 2000 209773 mar 2000 nasa sti program office glenn research center cleveland ohio,43,4,0.0174,0.015898612910481575
row-0002707,citation::friedman robert brian jackson and sandra olson testing and selection of fire resistant materials for spacecraft use nasa technical memorandum 2000 209773 mar 2000 nasa sti program office glenn research center cleveland ohio,43,4,0.0186,0.015898612910481575
row-0002708,citation::friedman robert brian jackson and sandra olson testing and selection of fire resistant materials for spacecraft use nasa technical memorandum 2000 209773 mar 2000 nasa sti program office glenn research center cleveland ohio,43,4,0.0172,0.015898612910481575
row-0002710,citation::friedman robert brian jackson and sandra olson testing and selection of fire resistant materials for spacecraft use nasa technical memorandum 2000 209773 mar 2000 nasa sti program office glenn research center cleveland ohio,43,4,0.0184,0.015898612910481575
row-0002718,citation::friedman robert brian jackson and sandra olson testing and selection of fire resistant materials for spacecraft use nasa technical memorandum 2000 209773 mar 2000 nasa sti program office glenn research center cleveland ohio,43,4,0.0378,0.03143318460536359
row-0002722,citation::friedman robert brian jackson and sandra olson testing and selection of fire resistant materials for spacecraft use nasa technical memorandum 2000 209773 mar 2000 nasa sti program office glenn research center cleveland ohio,43,4,0.0611,0.056250507739926514
row-0002724,citation::friedman robert brian jackson and sandra olson testing and selection of fire resistant materials for spacecraft use nasa technical memorandum 2000 209773 mar 2000 nasa sti program office glenn research center cleveland ohio,43,4,0.0709,0.06947517393040284
row-0002726,citation::friedman robert brian jackson and sandra olson testing and selection of fire resistant materials for spacecraft use nasa technical memorandum 2000 209773 mar 2000 nasa sti program office glenn research center cleveland ohio,43,4,0.005,0.005249303888638426
row-0002733,citation::friedman robert brian jackson and sandra olson testing and selection of fire resistant materials for spacecraft use nasa technical memorandum 2000 209773 mar 2000 nasa sti program office glenn research center cleveland ohio,43,4,0.0138,0.010184270685819941
row-0002736,citation::friedman robert brian jackson and sandra olson testing and selection of fire resistant materials for spacecraft use nasa technical memorandum 2000 209773 mar 2000 nasa sti program office glenn research center cleveland ohio,43,4,0.0357,0.027423916079947527
row-0002742,citation::friedman robert brian jackson and sandra olson testing and selection of fire resistant materials for spacecraft use nasa technical memorandum 2000 209773 mar 2000 nasa sti program office glenn research center cleveland ohio,43,4,0.004,0.008260179833597852
row-0002745,citation::friedman robert brian jackson and sandra olson testing and selection of fire resistant materials for spacecraft use nasa technical memorandum 2000 209773 mar 2000 nasa sti program office glenn research center cleveland ohio,43,4,0.0063,0.008494281534691872
row-0002751,citation::friedman robert brian jackson and sandra olson testing and selection of fire resistant materials for spacecraft use nasa technical memorandum 2000 209773 mar 2000 nasa sti program office glenn research center cleveland ohio,43,4,0.0219,0.02351563201824841
row-0002753,citation::friedman robert brian jackson and sandra olson testing and selection of fire resistant materials for spacecraft use nasa technical memorandum 2000 209773 mar 2000 nasa sti program office glenn research center cleveland ohio,43,4,0.0342,0.02674472988324854
row-0002763,citation::friedman robert brian jackson and sandra olson testing and selection of fire resistant materials for spacecraft use nasa technical memorandum 2000 209773 mar 2000 nasa sti program office glenn research center cleveland ohio,43,4,0.0067,0.0091819928244513
row-0002773,citation::friedman robert brian jackson and sandra olson testing and selection of fire resistant materials for spacecraft use nasa technical memorandum 2000 209773 mar 2000 nasa sti program office glenn research center cleveland ohio,43,4,0.029,0.04351520001017375
row-0002786,citation::olson s l and j s t ien near limit flame spread over a thin solid fuel in 0 symposium international on combustion vol 22 no 1 1988 pp 1213 1222 the combustion institute,43,4,0.00503,0.005249303888638426
row-0002787,citation::olson s l and j s t ien near limit flame spread over a thin solid fuel in 0 symposium international on combustion vol 22 no 1 1988 pp 1213 1222 the combustion institute,43,4,0.00613,0.005222265082456303
row-0002794,citation::olson s l and j s t ien near limit flame spread over a thin solid fuel in 0 symposium international on combustion vol 22 no 1 1988 pp 1213 1222 the combustion institute,43,4,0.0306,0.02274515020288458
row-0002801,citation::olson s l and j s t ien near limit flame spread over a thin solid fuel in 0 symposium international on combustion vol 22 no 1 1988 pp 1213 1222 the combustion institute,43,4,0.01107,0.010652156165972117
row-0002804,citation::olson s l and j s t ien near limit flame spread over a thin solid fuel in 0 symposium international on combustion vol 22 no 1 1988 pp 1213 1222 the combustion institute,43,4,0.01796,0.01665567347812317
row-0002821,citation::olson s l and j s t ien near limit flame spread over a thin solid fuel in 0 symposium international on combustion vol 22 no 1 1988 pp 1213 1222 the combustion institute,43,4,0.00945,0.008830839881889957
row-0002823,citation::olson s l and j s t ien near limit flame spread over a thin solid fuel in 0 symposium international on combustion vol 22 no 1 1988 pp 1213 1222 the combustion institute,43,4,0.01206,0.008733092738461496
row-0002826,citation::olson s l and j s t ien near limit flame spread over a thin solid fuel in 0 symposium international on combustion vol 22 no 1 1988 pp 1213 1222 the combustion institute,43,4,0.02298,0.024471936477600747
row-0002830,citation::olson s l and j s t ien near limit flame spread over a thin solid fuel in 0 symposium international on combustion vol 22 no 1 1988 pp 1213 1222 the combustion institute,43,4,0.0026,0.008320545362485098
row-0002832,citation::olson s l and j s t ien near limit flame spread over a thin solid fuel in 0 symposium international on combustion vol 22 no 1 1988 pp 1213 1222 the combustion institute,43,4,0.00406,0.00826157746439971
row-0002835,citation::olson s l and j s t ien near limit flame spread over a thin solid fuel in 0 symposium international on combustion vol 22 no 1 1988 pp 1213 1222 the combustion institute,43,4,0.00627,0.00858852232855698
row-0002839,citation::olson s l and j s t ien near limit flame spread over a thin solid fuel in 0 symposium international on combustion vol 22 no 1 1988 pp 1213 1222 the combustion institute,43,4,0.01988,0.0241771886768604
row-0002851,doi::10.1016/s0082-0784(89)80132-8,43,4,0.0021,0.0034883969627681212
row-0002904,doi::10.1080/00102209108951711,43,4,0.01327,0.00962079586866505
row-0002910,doi::10.1080/00102209108951711,43,4,0.0188,0.01830150039114742
row-0002915,doi::10.1080/00102209108951711,43,4,0.0148,0.009621695868665047
row-0002974,doi::10.1016/j.combustflame.2009.01.015,43,4,0.014,0.018132509583374458
row-0002976,doi::10.1016/j.combustflame.2009.01.015,43,4,0.011,0.014237776049066168
row-0002978,doi::10.1016/j.combustflame.2009.01.015,43,4,0.0086,0.01357150082678796
row-0002979,doi::10.1016/j.combustflame.2009.01.015,43,4,0.0077,0.013217676087277473
row-0002985,doi::10.1016/j.combustflame.2009.01.015,43,4,0.024,0.016571947084280857
row-0002992,doi::10.1016/j.combustflame.2009.01.015,43,4,0.028,0.027626201029605103
row-0003001,doi::10.1016/j.combustflame.2009.01.015,43,4,0.0093,0.01264828482754638
row-0003002,doi::10.1016/j.combustflame.2009.01.015,43,4,0.017,0.015122899413183828
row-0003016,doi::10.1016/j.combustflame.2009.01.015,43,4,0.014,0.018418879373527496
row-0003017,doi::10.1016/j.combustflame.2009.01.015,43,4,0.023,0.025850798166629736
row-0003029,doi::10.1016/s0010-2180(00)00249-2,43,4,0.0012,0.0014404306240151093
row-0003042,doi::10.1016/s0010-2180(00)00249-2,43,4,0.006,0.002907411388842318
row-0003053,doi::10.1016/s0010-2180(00)00249-2,43,4,0.0024,0.0014472222781020017
row-0003083,doi::10.1016/j.combustflame.2018.10.012,43,4,0.00114,0.0014545866356820672
row-0003088,doi::10.1016/j.combustflame.2018.10.012,43,4,0.00116,0.02080416900303428
row-0003089,doi::10.1016/j.combustflame.2018.10.012,43,4,0.00228,0.001453997198895779
row-0003094,doi::10.1016/j.combustflame.2018.10.012,43,4,0.00204,0.0014976127276697527
row-0003098,doi::10.1080/00102200490276773,43,4,0.012,0.010590625426650228
row-0003104,doi::10.1080/00102200490276773,43,4,0.014,0.014771272254304763
row-0003110,doi::10.1080/00102200490276773,43,4,0.02,0.018633820272952913
row-0003116,doi::10.1080/00102200490276773,43,4,0.026,0.025289572898105298
row-0003122,doi::10.1080/00102200490276773,43,4,0.022,0.025139186961455572
row-0003124,doi::10.1080/00102200490276773,43,4,0.023,0.024576380604312702
row-0003126,doi::10.1080/00102200490276773,43,4,0.023,0.02499810089002701
row-0003132,doi::10.1080/00102200490276773,43,4,0.031,0.030775106447049175
row-0003140,doi::10.1080/00102200490276773,43,4,0.059,0.05815439920634941
row-0003142,doi::10.1080/00102200490276773,43,4,0.062,0.05939239920634948
row-0003143,doi::10.1080/00102200490276773,43,4,0.062,0.05661159920634948
row-0003155,doi::10.1016/j.combustflame.2022.112559,43,4,0.0036,0.002044320464449631
row-0003156,doi::10.1016/j.combustflame.2022.112559,43,4,0.0027,0.0019331983177054508
row-0003167,doi::10.1016/j.proci.2024.105358,43,4,0.00177,0.002102725611328759
row-0003170,doi::10.1016/j.proci.2024.105358,43,4,0.00208,0.0021199305889741545
row-0003174,doi::10.1016/j.proci.2024.105358,43,4,0.0021,0.002126482375643187
row-0003177,doi::10.1016/j.proci.2024.105358,43,4,0.00135,0.001752469975468772
row-0003185,doi::10.1016/j.proci.2024.105358,43,4,0.00305,0.0028652344417822743
row-0003192,doi::10.1016/j.proci.2024.105358,43,4,0.0027,0.002657871425473428
row-0003193,doi::10.1016/j.proci.2024.105358,43,4,0.00275,0.0026593444482477554
row-0003201,doi::10.1016/j.combustflame.2022.112009,43,4,0.0013,0.001472083382807259
row-0003203,doi::10.1016/j.combustflame.2022.112009,43,4,0.0014,0.001472083382807259
row-0003217,doi::10.1016/j.combustflame.2022.112009,43,4,0.001,0.0021941034986989673
row-0003222,doi::10.1016/j.combustflame.2022.112009,43,4,0.00071,0.001465690853269128
row-0003227,doi::10.1016/j.combustflame.2022.112009,43,4,0.0005,0.0014539987485948517
row-0003250,doi::10.1016/j.combustflame.2022.112009,43,4,0.012,0.008978673382049171
row-0003390,doi::10.1016/s0082-0784(06)80816-7,43,4,0.01201,0.009940113665185704
row-0003394,doi::10.1016/s0082-0784(06)80816-7,43,4,0.01194,0.009774106064322515
row-0003403,doi::10.1016/s0082-0784(06)80816-7,43,4,0.00769,0.009636348226378464
row-0003407,doi::10.1016/s0082-0784(06)80816-7,43,4,0.0089,0.008664917460017742
row-0003414,doi::10.1016/s0082-0784(06)80816-7,43,4,0.00591,0.005775556970069246
row-0003421,doi::10.1016/s0082-0784(06)80816-7,43,4,0.0046,0.005650872310623778
row-0003424,doi::10.1016/s0082-0784(06)80816-7,43,4,0.00395,0.00572661966922109
row-0003425,doi::10.1016/s0082-0784(06)80816-7,43,4,0.00289,0.00570301166922109
row-0003435,citation::s nchez tarifa c and g l pez juste a study of the combustion problems of solid materials at conditions existing in space stations esa sp 433 1999,43,4,0.00109,0.0006422643020968648
row-0003437,citation::s nchez tarifa c and g l pez juste a study of the combustion problems of solid materials at conditions existing in space stations esa sp 433 1999,43,4,0.0011,0.0006230970871284786
row-0003443,citation::s nchez tarifa c and m rodr guez combustion and flammability characteristics of solids at microgravity in very small velocity flows second european symposium on utilisation of the international space station nov 1998,43,4,0.0002,0.0004190138657277519
row-0003444,citation::s nchez tarifa c and m rodr guez combustion and flammability characteristics of solids at microgravity in very small velocity flows second european symposium on utilisation of the international space station nov 1998,43,4,0.00115,0.0006336260705810708
row-0003445,citation::s nchez tarifa c and m rodr guez combustion and flammability characteristics of solids at microgravity in very small velocity flows second european symposium on utilisation of the international space station nov 1998,43,4,0.0006,0.0006136998175402154
row-0003465,doi::10.1007/s12217-024-10106-y,43,4,0.00114,0.0017246948087943689
row-0003466,doi::10.1007/s12217-024-10106-y,43,4,0.00125,0.0017232879166122381
row-0003471,doi::10.1007/s12217-024-10106-y,43,4,0.00124,0.0017232879166122381
row-0003472,doi::10.1007/s12217-024-10106-y,43,4,0.00125,0.0017246948087943689
row-0003474,doi::10.1016/s1540-7489(02)80315-7,43,4,0.00548,0.013189608086361753
row-0003478,doi::10.1016/s1540-7489(02)80315-7,43,4,0.04771,0.04427554498492418
row-0003489,doi::10.1016/s1540-7489(02)80315-7,43,4,0.00287,0.011145407824331623
row-0003490,doi::10.1016/s1540-7489(02)80315-7,43,4,0.00875,0.01262267840887821
row-0003495,doi::10.1016/s1540-7489(02)80315-7,43,4,0.02599,0.016736070370590012
row-0003503,doi::10.1016/s1540-7489(02)80315-7,43,4,0.045,0.04281736661974098
row-0003508,doi::10.1016/s1540-7489(02)80315-7,43,4,0.0056,0.017036306978276093
row-0003510,doi::10.1016/s1540-7489(02)80315-7,43,4,0.019,0.012306843810925908
row-0003512,doi::10.1016/s1540-7489(02)80315-7,43,4,0.021,0.03197264751994192
row-0003520,citation::son youngjin paul d ronney and suleyman gokoglu comparison of carbon dioxide and helium as fire extinguishing agents for spacecraft nasa cp 2004 213205 vol2 2004 pp 409 418,43,4,0.0055,0.009973428270583331
row-0003536,citation::son youngjin paul d ronney and suleyman gokoglu comparison of carbon dioxide and helium as fire extinguishing agents for spacecraft nasa cp 2004 213205 vol2 2004 pp 409 418,43,4,0.029,0.025589902705561555
row-0003538,citation::son youngjin paul d ronney and suleyman gokoglu comparison of carbon dioxide and helium as fire extinguishing agents for spacecraft nasa cp 2004 213205 vol2 2004 pp 409 418,43,4,0.085,0.06812405803086954
row-0003539,citation::son youngjin paul d ronney and suleyman gokoglu comparison of carbon dioxide and helium as fire extinguishing agents for spacecraft nasa cp 2004 213205 vol2 2004 pp 409 418,43,4,0.05306,0.03898703102782082
row-0003552,citation::son youngjin paul d ronney and suleyman gokoglu comparison of carbon dioxide and helium as fire extinguishing agents for spacecraft nasa cp 2004 213205 vol2 2004 pp 409 418,43,4,0.02859,0.016712245326714985
row-0003555,citation::son youngjin paul d ronney and suleyman gokoglu comparison of carbon dioxide and helium as fire extinguishing agents for spacecraft nasa cp 2004 213205 vol2 2004 pp 409 418,43,4,0.00432,0.008479577768579634
row-0003556,citation::son youngjin paul d ronney and suleyman gokoglu comparison of carbon dioxide and helium as fire extinguishing agents for spacecraft nasa cp 2004 213205 vol2 2004 pp 409 418,43,4,0.02859,0.01657844163464875
row-0003557,citation::son youngjin paul d ronney and suleyman gokoglu comparison of carbon dioxide and helium as fire extinguishing agents for spacecraft nasa cp 2004 213205 vol2 2004 pp 409 418,43,4,0.01495,0.012683640571907781
row-0003562,citation::son youngjin paul d ronney and suleyman gokoglu comparison of carbon dioxide and helium as fire extinguishing agents for spacecraft nasa cp 2004 213205 vol2 2004 pp 409 418,43,4,0.00855,0.014310042934203791
row-0003567,citation::son youngjin paul d ronney and suleyman gokoglu comparison of carbon dioxide and helium as fire extinguishing agents for spacecraft nasa cp 2004 213205 vol2 2004 pp 409 418,43,4,0.02722,0.01513489595510613
row-0003589,citation::son youngjin paul d ronney and suleyman gokoglu comparison of carbon dioxide and helium as fire extinguishing agents for spacecraft nasa cp 2004 213205 vol2 2004 pp 409 418,43,4,0.02049,0.01451486694571251
row-0003590,citation::son youngjin paul d ronney and suleyman gokoglu comparison of carbon dioxide and helium as fire extinguishing agents for spacecraft nasa cp 2004 213205 vol2 2004 pp 409 418,43,4,0.01148,0.013957708674292331
row-0003606,citation::son youngjin paul d ronney and suleyman gokoglu comparison of carbon dioxide and helium as fire extinguishing agents for spacecraft nasa cp 2004 213205 vol2 2004 pp 409 418,43,4,0.01583,0.017687925716833888
row-0003631,doi::10.1016/j.proci.2014.07.017,43,4,0.00043,0.001435738160210172
row-0003633,doi::10.1016/j.proci.2014.07.017,43,4,0.00045,0.0014279257704124704
row-0003645,doi::10.1016/j.proci.2014.07.017,43,4,0.00146,0.0014383127316387437
row-0003647,doi::10.1016/j.proci.2014.07.017,43,4,0.00163,0.0014394838985170777
row-0003653,doi::10.1016/j.proci.2014.07.017,43,4,0.00048,0.0014456183089354736
row-0003654,doi::10.1016/j.proci.2014.07.017,43,4,0.00089,0.0014456183089354736
row-0003656,doi::10.1016/j.proci.2014.07.017,43,4,0.00069,0.0014456183089354736
row-0003660,doi::10.1016/j.proci.2014.07.017,43,4,0.0015,0.0014456183089354736
row-0003666,doi::10.1016/j.proci.2014.07.017,43,4,0.00316,0.0018971874042016308
row-0003674,doi::10.1016/j.proci.2014.07.017,43,4,0.00428,0.002505891930079323
row-0003676,doi::10.1016/j.proci.2014.07.017,43,4,0.00529,0.0025384147734350145
row-0003681,doi::10.1016/j.proci.2014.07.017,43,4,0.00022,0.0014825123612055224
row-0003682,doi::10.1016/j.proci.2014.07.017,43,4,0.00029,0.001492362719216884
row-0003683,doi::10.1016/j.proci.2014.07.017,43,4,0.00033,0.0016373129146335175
row-0003687,doi::10.1016/j.proci.2014.07.017,43,4,0.00048,0.0016373129146335175
row-0003689,doi::10.1016/j.proci.2014.07.017,43,4,0.00089,0.0016373129146335175
row-0003695,doi::10.1016/j.proci.2014.07.017,43,4,0.00104,0.0016424858656346943
row-0003696,doi::10.1016/j.proci.2014.07.017,43,4,0.00153,0.0016424858656346943
row-0003702,doi::10.1016/j.proci.2014.07.017,43,4,0.00185,0.0018006997556839386
row-0003715,doi::10.1016/j.proci.2014.07.017,43,4,0.0011,0.0014369864077974136
row-0003720,doi::10.1016/j.proci.2014.07.017,43,4,0.00045,0.0014359801711267977
row-0003729,doi::10.1016/j.proci.2014.07.017,43,4,0.00078,0.0014359801711267977
row-0003744,doi::10.1016/j.proci.2014.07.017,43,4,0.00119,0.0014359801711267977
row-0003751,doi::10.1016/j.proci.2014.07.017,43,4,0.00048,0.0014357716550747466
row-0003754,doi::10.1016/j.proci.2014.07.017,43,4,0.00113,0.0014730308222720718
row-0003770,doi::10.1016/j.proci.2014.07.017,43,4,0.00088,0.0016373129146335175
row-0004087,citation::takahashi shuhei takeshi nagumo kazunori wakai and subrata bhattacharjee effects of ambient condition on flame spread over a thin pmma sheet jsme international journal series b 43 4 2000 556 562,43,4,0.02873,0.031382447249709934
row-0004088,citation::takahashi shuhei takeshi nagumo kazunori wakai and subrata bhattacharjee effects of ambient condition on flame spread over a thin pmma sheet jsme international journal series b 43 4 2000 556 562,43,4,0.02693,0.031340813916376595
row-0004089,citation::takahashi shuhei takeshi nagumo kazunori wakai and subrata bhattacharjee effects of ambient condition on flame spread over a thin pmma sheet jsme international journal series b 43 4 2000 556 562,43,4,0.01369,0.01702239787087138
row-0004096,citation::takahashi shuhei takeshi nagumo kazunori wakai and subrata bhattacharjee effects of ambient condition on flame spread over a thin pmma sheet jsme international journal series b 43 4 2000 556 562,43,4,0.00347,0.002303136912815774
row-0004097,citation::takahashi shuhei takeshi nagumo kazunori wakai and subrata bhattacharjee effects of ambient condition on flame spread over a thin pmma sheet jsme international journal series b 43 4 2000 556 562,43,4,0.00309,0.0022739368909096202
row-0004100,citation::takahashi shuhei takeshi nagumo kazunori wakai and subrata bhattacharjee effects of ambient condition on flame spread over a thin pmma sheet jsme international journal series b 43 4 2000 556 562,43,4,0.0008,0.0014466784913182377
row-0004102,citation::takahashi shuhei takeshi nagumo kazunori wakai and subrata bhattacharjee effects of ambient condition on flame spread over a thin pmma sheet jsme international journal series b 43 4 2000 556 562,43,4,0.00501,0.004525386487342632
row-0004114,citation::takahashi shuhei takeshi nagumo kazunori wakai and subrata bhattacharjee effects of ambient condition on flame spread over a thin pmma sheet jsme international journal series b 43 4 2000 556 562,43,4,0.00024,0.0014387260439802565
row-0004117,citation::takahashi shuhei takeshi nagumo kazunori wakai and subrata bhattacharjee effects of ambient condition on flame spread over a thin pmma sheet jsme international journal series b 43 4 2000 556 562,43,4,0.00081,0.0006601196838820585
row-0004128,citation::takahashi shuhei takeshi nagumo kazunori wakai and subrata bhattacharjee effects of ambient condition on flame spread over a thin pmma sheet jsme international journal series b 43 4 2000 556 562,43,4,0.00066,0.0007590681218722038
row-0004130,citation::takahashi shuhei takeshi nagumo kazunori wakai and subrata bhattacharjee effects of ambient condition on flame spread over a thin pmma sheet jsme international journal series b 43 4 2000 556 562,43,4,0.00032,0.00037908234083442003
row-0004142,citation::takahashi shuhei takeshi nagumo kazunori wakai and subrata bhattacharjee effects of ambient condition on flame spread over a thin pmma sheet jsme international journal series b 43 4 2000 556 562,43,4,6e-05,0.001356987967467325
row-0004157,citation::takahashi shuhei takeshi nagumo kazunori wakai and subrata bhattacharjee effects of ambient condition on flame spread over a thin pmma sheet jsme international journal series b 43 4 2000 556 562,43,4,0.00182,0.0031022496609796014
row-0004158,citation::takahashi shuhei takeshi nagumo kazunori wakai and subrata bhattacharjee effects of ambient condition on flame spread over a thin pmma sheet jsme international journal series b 43 4 2000 556 562,43,4,0.00165,0.0030613023015234535
row-0004164,citation::takahashi shuhei takeshi nagumo kazunori wakai and subrata bhattacharjee effects of ambient condition on flame spread over a thin pmma sheet jsme international journal series b 43 4 2000 556 562,43,4,0.00121,0.0007667793243046908
row-0004170,citation::takahashi shuhei takeshi nagumo kazunori wakai and subrata bhattacharjee effects of ambient condition on flame spread over a thin pmma sheet jsme international journal series b 43 4 2000 556 562,43,4,0.00053,0.0006996564928619108
row-0004172,citation::takahashi shuhei takeshi nagumo kazunori wakai and subrata bhattacharjee effects of ambient condition on flame spread over a thin pmma sheet jsme international journal series b 43 4 2000 556 562,43,4,0.00082,0.0007002998261952441
row-0004219,citation::takahashi shuhei et al effect of ambient gas on flame spread over a solid material in microgravity journal of the japanese society for microgravity application vol 24 no 3 2007 pp 225 230,43,4,0.0105,0.006135530510610031
row-0004222,citation::takahashi shuhei et al effect of ambient gas on flame spread over a solid material in microgravity journal of the japanese society for microgravity application vol 24 no 3 2007 pp 225 230,43,4,0.0083,0.004798218903263251
row-0004225,citation::takahashi shuhei et al effect of ambient gas on flame spread over a solid material in microgravity journal of the japanese society for microgravity application vol 24 no 3 2007 pp 225 230,43,4,0.0068,0.0023136163741080823
row-0004231,doi::10.1016/j.proci.2018.06.022,43,4,0.0014,0.003906668123021211
row-0004253,doi::10.1016/j.proci.2018.06.022,43,4,0.00501,0.004286707410620774
row-0004257,doi::10.1016/j.proci.2018.06.022,43,4,0.00316,0.003910099654931351
row-0004275,doi::10.1016/j.proci.2018.06.022,43,4,0.00269,0.0022231773771919923
row-0004277,doi::10.1016/j.proci.2018.06.022,43,4,0.00095,0.002265792245998012
row-0004281,doi::10.1016/j.proci.2018.06.022,43,4,0.00328,0.0022523925086796862
row-0004291,doi::10.1016/j.proci.2018.06.022,43,4,0.00193,0.0022790558507065394
row-0004293,doi::10.1016/j.proci.2018.06.022,43,4,0.00143,0.0020447043039829665
row-0004294,doi::10.1016/j.proci.2018.06.022,43,4,0.00145,0.0020447043039829665
row-0004295,doi::10.1016/j.proci.2018.06.022,43,4,0.00125,0.0020447043039829665
row-0004300,doi::10.1016/j.proci.2018.06.022,43,4,0.00251,0.0020497454251950883
row-0004306,doi::10.1016/j.proci.2018.06.022,43,4,0.00193,0.0014507587172761897
row-0004308,doi::10.1016/j.proci.2018.06.022,43,4,0.00101,0.0014497118250940593
row-0004310,doi::10.1016/j.proci.2018.06.022,43,4,0.00045,0.0014483010511368338
row-0004317,doi::10.1038/s41598-017-18398-4,43,4,0.00254,0.0014493479433189645
row-0004324,doi::10.1038/s41598-017-18398-4,43,4,0.00045,0.0014558068435701706
row-0004339,doi::10.1038/s41598-017-18398-4,43,4,0.0009,0.0014507228100158252
row-0004340,doi::10.1038/s41598-017-18398-4,43,4,0.00058,0.0014507228100158252
row-0004341,doi::10.1038/s41598-017-18398-4,43,4,0.00086,0.0014507228100158252
row-0004343,doi::10.1016/s1540-7489(02)80314-5,43,4,0.03828,0.042586384545454624
row-0004347,doi::10.1016/s1540-7489(02)80314-5,43,4,0.03878,0.03926019189466083
row-0004349,doi::10.1016/s1540-7489(02)80314-5,43,4,0.04468,0.03963766256132766
row-0004353,doi::10.1016/s1540-7489(02)80314-5,43,4,0.01529,0.01936330767094545
row-0004355,doi::10.1016/s1540-7489(02)80314-5,43,4,0.01496,0.017069850132520492
row-0004371,doi::10.1016/s1540-7489(02)80314-5,43,4,0.01096,0.01008642043302076
row-0004373,doi::10.1016/s1540-7489(02)80314-5,43,4,0.01188,0.01328767054569188
row-0004381,doi::10.1016/s1540-7489(02)80314-5,43,4,0.01145,0.011011204007180047
row-0004384,doi::10.1016/s1540-7489(02)80314-5,43,4,0.00459,0.006194172601999369
row-0004385,doi::10.1016/s1540-7489(02)80314-5,43,4,0.00349,0.0061047612082795666
row-0004388,doi::10.1016/s1540-7489(02)80314-5,43,4,0.00639,0.006426491473573748
row-0004391,doi::10.1016/s1540-7489(02)80314-5,43,4,0.00465,0.003447542282441332
row-0004399,doi::10.1016/s1540-7489(02)80314-5,43,4,0.00321,0.003714199784488077
row-0004403,doi::10.1016/s1540-7489(02)80314-5,43,4,0.00426,0.003976131039167174
row-0004415,doi::10.1016/s1540-7489(02)80314-5,43,4,0.00217,0.0022591077187364924
row-0004419,doi::10.1016/s1540-7489(02)80314-5,43,4,0.00295,0.0022663098178773065
row-0004420,doi::10.1016/s1540-7489(02)80314-5,43,4,0.00262,0.002276781507472216
row-0004421,doi::10.1016/s1540-7489(02)80314-5,43,4,0.00289,0.002290688990277554
row-0004436,citation::urban david l interactions between flames on parallel solid surfaces nasa 0 combustion workshop n96 15588 1997,43,4,0.00703,0.012209924972516578
row-0004440,citation::urban david l interactions between flames on parallel solid surfaces nasa 0 combustion workshop n96 15588 1997,43,4,0.01714,0.012623524668652356
row-0004746,doi::10.1007/s10694-019-00878-w,43,4,0.0116,0.024582674285714295
row-0004750,doi::10.1007/s10694-019-00878-w,43,4,0.1334,0.11241639405345079
row-0004753,doi::10.1007/s10694-019-00878-w,43,4,0.0358,0.11331664833916501
row-0004754,doi::10.1007/s10694-019-00878-w,43,4,0.0545,0.08661446666666675
row-0004756,doi::10.1007/s12217-015-9419-z,43,4,0.0112,0.011228765387536697
row-0004770,doi::10.1007/s10694-019-00896-8,43,4,3e-05,7.783879740401263e-05
row-0004773,doi::10.1007/s10694-019-00896-8,43,4,0.0001,9.631044956902483e-05
row-0004778,doi::10.1007/s10694-019-00896-8,43,4,7e-05,9.200721952662698e-05
row-0004781,doi::10.1007/s10694-019-00896-8,43,4,0.00051,0.0004539916492398346
row-0004783,doi::10.1007/s10694-019-00896-8,43,4,0.00056,0.00045246174185320157
row-0004792,doi::10.1007/s10694-019-00896-8,43,4,0.0012,0.0014584279054234322
row-0004798,doi::10.1007/s10694-019-00896-8,43,4,0.0016,0.0014810762562773568
row-0004827,doi::10.1007/s10694-019-00896-8,43,4,3e-05,8.190298285915434e-05
row-0004832,doi::10.1007/s10694-019-00896-8,43,4,0.00133,0.0014248224823055035
row-0004834,doi::10.1007/s10694-019-00896-8,43,4,0.00015,9.631044956902483e-05
row-0004840,doi::10.1007/s10694-019-00896-8,43,4,0.00011,8.945464067528394e-05
row-0004842,doi::10.1007/s10694-019-00896-8,43,4,0.00054,0.00045246174185320157
row-0004845,doi::10.1007/s10694-019-00896-8,43,4,0.00056,0.00045347938831784805
row-0004854,doi::10.1007/s10694-019-00896-8,43,4,0.0013,0.0014584279054234322
row-0004913,doi::10.1016/j.proci.2024.105199,43,4,0.006,0.004169789190737787
row-0004917,doi::10.1016/j.proci.2024.105199,43,4,0.0042,0.004064626893758654
row-0004934,doi::10.1016/j.proci.2024.105199,43,4,0.0016,0.001576551504799578
row-0004939,doi::10.1016/j.proci.2016.06.028,43,4,0.00175,0.0014392148203775405
row-0004940,doi::10.1016/j.proci.2016.06.028,43,4,0.0008,0.0014329579408928572
row-0004946,doi::10.1016/j.proci.2016.06.028,43,4,0.00275,0.0014474991943065796
row-0004991,doi::10.1007/s12217-018-9655-0,43,4,0.00016,0.0003747428226654404
row-0004994,doi::10.1007/s12217-018-9655-0,43,4,0.00014,0.0003603360180566759
row-0004995,doi::10.1007/s12217-018-9655-0,43,4,2e-05,0.0002871079014661865
row-0005000,doi::10.1007/s12217-018-9655-0,43,4,0.00093,0.0008077847639603173
row-0005003,doi::10.1007/s12217-018-9655-0,43,4,0.00026,0.0004248978122591428
row-0005005,doi::10.1007/s12217-018-9655-0,43,4,0.00042,0.00042550073110275135
row-0005006,doi::10.1007/s12217-018-9655-0,43,4,0.00051,0.00042696120729322746
row-0005014,doi::10.1007/s12217-018-9655-0,43,4,0.00018,0.00033271385060503123
row-0005021,doi::10.1007/s12217-018-9655-0,43,4,9e-05,0.00011810189627316346
row-0005022,doi::10.1007/s12217-018-9655-0,43,4,0.00012,0.00011843522960649678
row-0005026,doi::10.1007/s12217-018-9655-0,43,4,5e-05,8.2513627671172e-05
row-0005031,doi::10.1007/s12217-018-9655-0,43,4,3e-05,8.216102571143098e-05
row-0005035,doi::10.1007/s12217-022-09945-4,43,4,0.0128,0.008707783376280918
row-0005037,doi::10.1007/s12217-022-09945-4,43,4,0.0108,0.012622199622014543
row-0005043,doi::10.1007/s12217-022-09945-4,43,4,0.002,0.001601980173625194
row-0005044,doi::10.1016/j.combustflame.2019.03.040,43,4,0.00015,0.0003617666483448078
row-0005045,doi::10.1016/j.combustflame.2019.03.040,43,4,0.0001,0.00035560274764840337
row-0005048,doi::10.1016/j.combustflame.2019.03.040,43,4,0.00014,0.0003486506672654552
row-0005049,doi::10.1016/j.combustflame.2019.03.040,43,4,0.0001,0.00034328195887674295
row-0005052,doi::10.1016/j.combustflame.2019.03.040,43,4,3e-05,0.0002814566508434051
row-0000011,citation::andracchio charles r and john c aydelott comparison of flame spreading over thin flat surfaces in normal gravity and weightlessness in an oxygen environment nasa technical memorandum nasa tm x 1992 1970,44,0,0.035,0.030380220991341935
row-0000039,citation::andracchio charles r and thomas h cochran burning of solids in oxygen rich environments in normal and reduced gravity nasa technical memorandum x 3055 national aeronautics and space administration may 1974,44,0,0.07,0.06551841809523817
row-0000042,citation::andracchio charles r and thomas h cochran burning of solids in oxygen rich environments in normal and reduced gravity nasa technical memorandum x 3055 national aeronautics and space administration may 1974,44,0,0.02,0.026172200619047545
row-0000050,citation::andracchio charles r and thomas h cochran burning of solids in oxygen rich environments in normal and reduced gravity nasa technical memorandum x 3055 national aeronautics and space administration may 1974,44,0,0.036,0.05147560057142855
row-0000051,citation::andracchio charles r and thomas h cochran gravity effects on flame spreading over solid surfaces nasa technical note d 8228 national aeronautics and space administration may 1976,44,0,0.0303,0.027732853571428663
row-0000054,citation::andracchio charles r and thomas h cochran gravity effects on flame spreading over solid surfaces nasa technical note d 8228 national aeronautics and space administration may 1976,44,0,0.0192,0.01733185666666677
row-0000068,citation::andracchio charles r and thomas h cochran gravity effects on flame spreading over solid surfaces nasa technical note d 8228 national aeronautics and space administration may 1976,44,0,0.015,0.016948898432095023
row-0000073,citation::andracchio charles r and thomas h cochran gravity effects on flame spreading over solid surfaces nasa technical note d 8228 national aeronautics and space administration may 1976,44,0,0.0558,0.05537624523809521
row-0000077,citation::andracchio charles r and thomas h cochran gravity effects on flame spreading over solid surfaces nasa technical note d 8228 national aeronautics and space administration may 1976,44,0,0.055,0.05889715333333343
row-0000079,citation::andracchio charles r and thomas h cochran gravity effects on flame spreading over solid surfaces nasa technical note d 8228 national aeronautics and space administration may 1976,44,0,0.02,0.02489062261904759
row-0000081,citation::andracchio charles r and thomas h cochran gravity effects on flame spreading over solid surfaces nasa technical note d 8228 national aeronautics and space administration may 1976,44,0,0.012,0.013042835730158648
row-0000092,citation::andracchio charles r and thomas h cochran gravity effects on flame spreading over solid surfaces nasa technical note d 8228 national aeronautics and space administration may 1976,44,0,0.0647,0.056260611428571215
row-0000102,citation::andracchio charles r and thomas h cochran gravity effects on flame spreading over solid surfaces nasa technical note d 8228 national aeronautics and space administration may 1976,44,0,0.0489,0.04811289238095234
row-0000110,citation::andracchio charles r and thomas h cochran gravity effects on flame spreading over solid surfaces nasa technical note d 8228 national aeronautics and space administration may 1976,44,0,0.0156,0.013582805028083065
row-0000117,citation::andracchio charles r and thomas h cochran gravity effects on flame spreading over solid surfaces nasa technical note d 8228 national aeronautics and space administration may 1976,44,0,0.0055,0.00826931516771558
row-0000127,doi::10.1080/01457632.2025.2529751,44,0,0.00172,0.002011092028923826
row-0000132,doi::10.1080/01457632.2025.2529751,44,0,0.00129,0.0019454076961712334
row-0000135,doi::10.1016/j.proci.2016.06.025,44,0,0.0019,0.0014826302090081183
row-0000136,doi::10.1016/j.proci.2016.06.025,44,0,0.002,0.0014826302090081183
row-0000142,doi::10.1016/j.proci.2016.06.025,44,0,0.0007,0.001481465215262027
row-0000148,doi::10.1016/j.proci.2016.06.025,44,0,0.00145,0.0014638584207085086
row-0000149,doi::10.1016/j.proci.2016.06.025,44,0,0.0014,0.0014638584207085086
row-0000176,doi::10.1016/j.firesaf.2015.11.011,44,0,0.0038,0.004328297883227999
row-0000257,doi::10.1016/j.combustflame.2020.12.005,44,0,0.113,0.1373714464665086
row-0000272,doi::10.5802/crmeca.149,44,0,0.0009,0.0006605716406631821
row-0000274,doi::10.5802/crmeca.149,44,0,0.0013,0.0014774475441884812
row-0000276,doi::10.5802/crmeca.149,44,0,0.0018,0.0014973544261126382
row-0000278,doi::10.5802/crmeca.149,44,0,0.0012,0.0007475876557415044
row-0000281,doi::10.5802/crmeca.149,44,0,0.0013,0.0007498491716791615
row-0000282,doi::10.5802/crmeca.149,44,0,0.00115,0.0014707077682913094
row-0000287,doi::10.5802/crmeca.149,44,0,0.00116,0.0014774475441884812
row-0000290,doi::10.5802/crmeca.149,44,0,0.00136,0.0014781014979753874
row-0000295,doi::10.1016/s1540-7489(02)80211-3,44,0,0.011,0.013264734170200087
row-0000296,doi::10.1016/s1540-7489(02)80211-3,44,0,0.01,0.013264734170200087
row-0000297,doi::10.1016/s1540-7489(02)80211-3,44,0,0.014,0.013264734170200087
row-0000306,doi::10.1016/s1540-7489(02)80211-3,44,0,0.007,0.013264734170200087
row-0000313,doi::10.1016/s1540-7489(02)80211-3,44,0,0.0075,0.01390062939573683
row-0000315,doi::10.1016/s1540-7489(02)80211-3,44,0,0.0075,0.013771138092756941
row-0000341,citation::ferkul paul v an experimental study of opposed flow diffusion flame extinction over a thin fuel in 0 nasa cr 182185 1989,44,0,0.0064,0.006568571505359013
row-0000344,citation::ferkul paul v an experimental study of opposed flow diffusion flame extinction over a thin fuel in 0 nasa cr 182185 1989,44,0,0.0036,0.00482050309943539
row-0000345,citation::ferkul paul v an experimental study of opposed flow diffusion flame extinction over a thin fuel in 0 nasa cr 182185 1989,44,0,0.0027,0.003695446295900105
row-0000346,citation::ferkul paul v an experimental study of opposed flow diffusion flame extinction over a thin fuel in 0 nasa cr 182185 1989,44,0,0.0021,0.003683453708660628
row-0000353,citation::ferkul paul v et al combustion experiments on the mir space station 37th aerospace sciences meeting and exhibit american institute of aeronautics and astronautics 1999 paper aiaa 99 0439,44,0,0.0016,0.00080478862927084
row-0000354,citation::ferkul paul v et al combustion experiments on the mir space station 37th aerospace sciences meeting and exhibit american institute of aeronautics and astronautics 1999 paper aiaa 99 0439,44,0,0.0012,0.00089818309800616
row-0000369,doi::10.1016/s1540-7489(02)80310-8,44,0,0.00175,0.0015164814725499693
row-0000370,doi::10.1016/s1540-7489(02)80310-8,44,0,0.0028,0.0026613551960458
row-0000372,doi::10.1016/s1540-7489(02)80310-8,44,0,0.0032,0.0026652154767955643
row-0000375,doi::10.1016/s1540-7489(02)80310-8,44,0,0.0033,0.0026897400155805355
row-0000378,doi::10.1016/s1540-7489(02)80310-8,44,0,0.0058,0.005356784157563162
row-0000380,doi::10.1016/s1540-7489(02)80310-8,44,0,0.0051,0.004846629476966675
row-0000383,doi::10.1016/s1540-7489(02)80310-8,44,0,0.0038,0.0027226168825098223
row-0000385,doi::10.1016/s1540-7489(02)80310-8,44,0,0.0045,0.0027219426214092797
row-0000386,doi::10.1016/s1540-7489(02)80310-8,44,0,0.00435,0.0027368867856645378
row-0000422,citation::grayson g d k r sacksteder p v ferkul and j s t ien flame spreading over a thin solid in low speed concurrent flow drop tower experimental results and comparison with theory 0 science and technology vii 2 1994,44,0,0.0026,0.0040128479396464535
row-0000427,citation::grayson g d k r sacksteder p v ferkul and j s t ien flame spreading over a thin solid in low speed concurrent flow drop tower experimental results and comparison with theory 0 science and technology vii 2 1994,44,0,0.0026,0.004014408489097003
row-0000446,citation::grayson g d k r sacksteder p v ferkul and j s t ien flame spreading over a thin solid in low speed concurrent flow drop tower experimental results and comparison with theory 0 science and technology vii 2 1994,44,0,0.0103,0.014558944069272748
row-0000449,doi::10.1016/j.combustflame.2020.09.003,44,0,0.00143,0.0014781014979753874
row-0000461,doi::10.1016/j.combustflame.2020.07.044,44,0,0.00171,0.0015131145800441749
row-0000467,doi::10.1016/j.combustflame.2020.07.044,44,0,0.00129,0.0014774475441884812
row-0000468,doi::10.1016/j.combustflame.2020.07.044,44,0,0.00134,0.0014774475441884812
row-0000471,doi::10.1016/j.combustflame.2020.07.044,44,0,0.00121,0.0014774475441884812
row-0000474,doi::10.1016/j.combustflame.2020.07.044,44,0,0.00135,0.0014781014979753874
row-0000486,doi::10.1016/j.combustflame.2020.07.044,44,0,0.00115,0.0014707077682913094
row-0000490,doi::10.1016/j.combustflame.2020.07.044,44,0,0.00136,0.0014774475441884812
row-0000502,doi::10.1016/j.combustflame.2020.07.044,44,0,0.00135,0.0014781014979753874
row-0000519,doi::10.1016/j.combustflame.2020.07.044,44,0,0.00123,0.0014853548320638893
row-0000523,doi::10.1016/j.combustflame.2020.07.044,44,0,0.00111,0.0014707077682913094
row-0000528,doi::10.1016/j.combustflame.2020.07.044,44,0,0.00119,0.0014774475441884812
row-0000533,doi::10.1016/j.combustflame.2020.07.044,44,0,0.00118,0.0014774475441884812
row-0000534,doi::10.1016/j.combustflame.2020.07.044,44,0,0.00136,0.0014781014979753874
row-0000537,doi::10.1016/j.combustflame.2020.07.044,44,0,0.00127,0.0014781014979753874
row-0000553,doi::10.1016/j.proci.2018.06.022,44,0,0.00021,0.0002781564682428047
row-0000556,doi::10.1016/j.proci.2018.06.022,44,0,0.00015,0.0002617780023737075
row-0000561,doi::10.1016/j.proci.2018.06.022,44,0,0.00013,0.00010228585725935488
row-0000567,doi::10.1016/j.proci.2018.06.022,44,0,3e-05,9.718553023857551e-05
row-0000573,doi::10.1016/j.proci.2018.06.022,44,0,9e-05,9.903999059268822e-05
row-0000576,doi::10.1016/j.proci.2018.06.022,44,0,3e-05,9.587610426573258e-05
row-0000579,doi::10.1016/j.proci.2018.06.022,44,0,1e-05,9.559706800678456e-05
row-0000581,doi::10.1016/j.proci.2018.06.022,44,0,9e-05,0.000101976618273177
row-0000592,doi::10.1016/j.proci.2018.06.022,44,0,3e-05,9.564822710922894e-05
row-0000595,doi::10.1016/j.proci.2018.06.022,44,0,2e-05,9.547425457577114e-05
row-0000610,doi::10.1016/j.proci.2018.06.022,44,0,6e-05,0.00010013392703868988
row-0000615,doi::10.1016/j.proci.2018.06.022,44,0,4e-05,0.00010013392703868988
row-0000616,doi::10.1016/j.proci.2018.06.022,44,0,5e-05,0.00010013392703868988
row-0000617,doi::10.1016/j.proci.2018.06.022,44,0,7e-05,0.00010013392703868988
row-0000628,doi::10.1016/j.proci.2018.06.022,44,0,7e-05,9.844082992731346e-05
row-0000649,doi::10.1016/s0082-0784(98)80017-6,44,0,0.0058,0.004978105834152574
row-0000658,doi::10.1016/s0082-0784(98)80017-6,44,0,0.0036,0.0032084801348978087
row-0000660,doi::10.1016/s0082-0784(98)80017-6,44,0,0.005,0.004931308149883589
row-0000671,doi::10.1016/s0082-0784(98)80017-6,44,0,0.0045,0.0030534693419080766
row-0000675,citation::kimzey john howard flammability during weightlessness nasa technical memorandum nasa tm x 58001 may 1966,44,0,0.01524,0.013491208897546958
row-0000676,citation::kimzey john howard flammability during weightlessness nasa technical memorandum nasa tm x 58001 may 1966,44,0,0.01778,0.015396565566197699
row-0000681,citation::kimzey john howard flammability during weightlessness nasa technical memorandum nasa tm x 58001 may 1966,44,0,0.00508,0.011418448964809386
row-0000697,citation::kimzey john howard flammability during weightlessness nasa technical memorandum nasa tm x 58001 may 1966,44,0,0.0127,0.017116192419354886
row-0000708,doi::10.1016/j.combustflame.2008.05.023,44,0,0.0026,0.0035836524186672776
row-0000711,doi::10.1016/j.combustflame.2008.05.023,44,0,0.0028,0.003601672068259943
row-0000721,doi::10.1016/j.combustflame.2008.05.023,44,0,0.0044,0.0034007278700545723
row-0000728,doi::10.1016/j.combustflame.2008.05.023,44,0,0.0015,0.002944236872333823
row-0000733,doi::10.1016/j.combustflame.2008.05.023,44,0,0.0024,0.0030327872946343567
row-0000747,doi::10.1016/j.combustflame.2008.05.023,44,0,0.0019,0.003146937401501798
row-0000774,doi::10.1007/s10694-019-00862-4,44,0,0.0,0.00014814613759042832
row-0000795,doi::10.1016/j.firesaf.2023.103989,44,0,0.0034,0.00302405773659743
row-0000796,doi::10.1016/j.firesaf.2023.103989,44,0,0.003,0.0030037244704938537
row-0000800,doi::10.1016/j.firesaf.2023.103989,44,0,0.0039,0.0029848465932299623
row-0000801,doi::10.1016/j.firesaf.2023.103989,44,0,0.0036,0.0029783962316804647
row-0000803,doi::10.1016/j.firesaf.2023.103989,44,0,0.0031,0.0029689114674316714
row-0000806,doi::10.1016/j.firesaf.2023.103989,44,0,0.0023,0.0029360138132296866
row-0000833,doi::10.1016/j.firesaf.2023.103989,44,0,0.0028,0.0029629127349496127
row-0000838,doi::10.1016/j.firesaf.2023.103989,44,0,0.0027,0.0029750130859466945
row-0000899,doi::10.1016/j.firesaf.2023.103989,44,0,0.0039,0.0029700318495059735
row-0000906,doi::10.1016/j.firesaf.2023.103989,44,0,0.0038,0.0029688169833629106
row-0000916,doi::10.1016/j.firesaf.2023.103989,44,0,0.0026,0.0029474033047628447
row-0000919,doi::10.1016/j.firesaf.2023.103989,44,0,0.00275,0.002962013713101826
row-0000927,doi::10.1016/j.firesaf.2023.103989,44,0,0.0022,0.003051199576735097
row-0000934,doi::10.1016/j.firesaf.2023.103989,44,0,0.0024,0.0029942173743145433
row-0000936,doi::10.1016/j.firesaf.2023.103989,44,0,0.0024,0.0029942173743145433
row-0000937,doi::10.1016/j.firesaf.2023.103989,44,0,0.002,0.0029499073631867874
row-0000959,doi::10.1016/j.firesaf.2023.103989,44,0,0.003,0.0030525438525445974
row-0000969,doi::10.1016/j.firesaf.2023.103989,44,0,0.0039,0.003054960245975166
row-0000970,doi::10.1016/j.firesaf.2023.103989,44,0,0.0038,0.003054960245975166
row-0001031,doi::10.1016/j.firesaf.2023.103989,44,0,0.0032,0.0030361335483055237
row-0001039,doi::10.1016/j.firesaf.2023.103989,44,0,0.00175,0.0029477468855399138
row-0001043,doi::10.1016/j.firesaf.2023.103989,44,0,0.0026,0.0030383244048659617
row-0001044,doi::10.1016/j.firesaf.2023.103989,44,0,0.003,0.0030383244048659617
row-0001047,doi::10.1016/j.firesaf.2023.103989,44,0,0.0028,0.003038060815888457
row-0001049,doi::10.1016/j.firesaf.2023.103989,44,0,0.0039,0.0030412350281449362
row-0001054,doi::10.1016/j.firesaf.2023.103989,44,0,0.0032,0.0030419383935295515
row-0001055,doi::10.1016/j.firesaf.2023.103989,44,0,0.0035,0.0030419383935295515
row-0001056,doi::10.1016/j.firesaf.2023.103989,44,0,0.004,0.0030419383935295515
row-0001059,doi::10.1016/j.firesaf.2023.103989,44,0,0.0039,0.0030419383935295515
row-0001087,doi::10.1016/j.firesaf.2023.103989,44,0,0.0015,0.003170521610127995
row-0001128,doi::10.1016/j.firesaf.2023.103989,44,0,0.0014,0.002038149339376163
row-0001143,doi::10.1016/j.firesaf.2023.103989,44,0,0.0013,0.0014812312084939044
row-0001155,doi::10.1016/j.firesaf.2023.103989,44,0,0.0016,0.0016691376294005842
row-0001156,doi::10.1016/j.firesaf.2023.103989,44,0,0.0016,0.0016691376294005842
row-0001196,doi::10.1016/j.firesaf.2023.103989,44,0,0.0015,0.0014812312084939044
row-0001197,doi::10.1016/j.firesaf.2023.103989,44,0,0.00175,0.0015114278742425888
row-0001198,doi::10.1016/j.firesaf.2023.103989,44,0,0.0014,0.0014822720124518512
row-0001202,doi::10.1016/j.firesaf.2023.103989,44,0,0.0016,0.0016643032329315482
row-0001203,doi::10.1016/j.firesaf.2023.103989,44,0,0.0016,0.0016643032329315482
row-0001206,doi::10.1016/j.firesaf.2023.103989,44,0,0.0016,0.0016643032329315482
row-0001207,doi::10.1016/j.proci.2024.105199,44,0,0.0041,0.004126893777223382
row-0001208,doi::10.1016/j.proci.2024.105199,44,0,0.004,0.004126893777223382
row-0001211,doi::10.1016/j.proci.2024.105199,44,0,0.006,0.004230597025197788
row-0001212,doi::10.1016/j.proci.2024.105199,44,0,0.007,0.004261383272074218
row-0001259,doi::10.1007/s10694-019-00935-4,44,0,0.00023,0.0004925647246791658
row-0001264,doi::10.1007/s10694-019-00935-4,44,0,0.00035,0.000501800533852788
row-0001267,doi::10.1007/s10694-019-00935-4,44,0,0.00072,0.0006723848634132334
row-0001345,doi::10.1016/j.proci.2022.07.002,44,0,0.0019,0.0030614967918384008
row-0001353,doi::10.1016/j.proci.2022.07.002,44,0,0.0012,0.0030584156784268525
row-0001369,doi::10.1016/j.proci.2022.07.002,44,0,0.0048,0.0030502965730120745
row-0001370,doi::10.1016/j.proci.2022.07.002,44,0,0.0027,0.003010438720200067
row-0001374,doi::10.1016/j.proci.2022.07.002,44,0,0.0024,0.003008691101152448
row-0001375,doi::10.1016/j.proci.2022.07.002,44,0,0.0035,0.003037551176186678
row-0001378,doi::10.1016/j.proci.2022.07.002,44,0,0.0014,0.002979254598018299
row-0001442,doi::10.1016/j.proci.2022.07.002,44,0,0.002,0.0015164814725499693
row-0001447,doi::10.1016/j.proci.2022.07.002,44,0,0.0021,0.0015154406685920225
row-0001468,doi::10.1016/j.proci.2022.07.002,44,0,0.0024,0.0015172630100842126
row-0001489,doi::10.1016/j.proci.2022.07.002,44,0,0.0015,0.0014801433426495712
row-0001490,doi::10.1016/j.proci.2022.07.002,44,0,0.0015,0.0014815959742285184
row-0001491,doi::10.1016/j.proci.2022.07.002,44,0,0.0018,0.0014815959742285184
row-0001494,doi::10.1016/j.proci.2022.07.002,44,0,0.002,0.0014781014979753874
row-0001496,doi::10.1016/j.proci.2022.07.002,44,0,0.0014,0.0014774475441884812
row-0001499,doi::10.1016/j.proci.2022.07.002,44,0,0.0011,0.0014707077682913094
row-0001585,doi::10.1016/j.proci.2024.105775,44,0,0.0065,0.008411513158483035
row-0001587,doi::10.1016/j.proci.2024.105775,44,0,0.00783,0.008411513158483035
row-0001589,doi::10.1016/j.proci.2024.105775,44,0,0.00786,0.008415794825149701
row-0001597,doi::10.1016/j.proci.2024.105775,44,0,0.00688,0.008441751632707417
row-0001598,doi::10.1016/j.proci.2024.105775,44,0,0.00732,0.008441751632707417
row-0001599,doi::10.1016/j.proci.2024.105775,44,0,0.00701,0.008441751632707417
row-0001601,doi::10.1016/j.proci.2024.105775,44,0,0.00729,0.008440597786553572
row-0001609,doi::10.1016/j.proci.2024.105775,44,0,0.00613,0.008440597786553572
row-0001616,doi::10.1016/j.proci.2024.105775,44,0,0.00777,0.00853793732134371
row-0001618,doi::10.1016/j.proci.2024.105775,44,0,0.00702,0.008506509576056094
row-0001619,doi::10.1016/j.proci.2024.105775,44,0,0.0084,0.008571096540641957
row-0001621,doi::10.1016/j.proci.2024.105775,44,0,0.00759,0.008594540053619181
row-0001626,doi::10.1016/j.proci.2024.105775,44,0,0.01209,0.008802499248777188
row-0001627,doi::10.1016/j.proci.2024.105775,44,0,0.00832,0.008600915577428706
row-0001635,doi::10.1016/j.proci.2024.105775,44,0,0.01153,0.008796274486872426
row-0001639,doi::10.1016/j.proci.2024.105775,44,0,0.00767,0.008605100284499415
row-0001641,doi::10.1016/j.proci.2024.105775,44,0,0.01031,0.008785455820205759
row-0001645,doi::10.1007/s12217-024-10147-3,44,0,0.0082,0.008436235491816367
row-0001647,doi::10.1007/s12217-024-10147-3,44,0,0.00727,0.008441751632707417
row-0001650,doi::10.1007/s12217-024-10147-3,44,0,0.00723,0.008440597786553572
row-0001657,doi::10.1007/s12217-024-10147-3,44,0,0.00889,0.00863213603400708
row-0001659,doi::10.1007/s12217-024-10147-3,44,0,0.00837,0.00854236482134371
row-0001664,doi::10.1007/s12217-024-10147-3,44,0,0.0086,0.008600915577428706
row-0001665,doi::10.1007/s12217-024-10147-3,44,0,0.01006,0.008680266261919598
row-0001669,doi::10.1007/s12217-024-10147-3,44,0,0.0115,0.008786217486872423
row-0001671,doi::10.1007/s12217-024-10147-3,44,0,0.00882,0.008663312401890739
row-0001675,doi::10.1007/s12217-024-10147-3,44,0,0.01026,0.008783650820205758
row-0001726,doi::10.1016/j.combustflame.2020.12.042,44,0,0.0012,0.0017088940957160443
row-0001749,doi::10.1038/s41598-017-18398-4,44,0,6e-05,0.00010194243558015798
row-0001754,doi::10.1038/s41598-017-18398-4,44,0,9e-05,9.873075160651035e-05
row-0001759,doi::10.1038/s41598-017-18398-4,44,0,6e-05,9.828309171037055e-05
row-0001760,doi::10.1038/s41598-017-18398-4,44,0,5e-05,9.808393522419555e-05
row-0001767,doi::10.1038/s41598-017-18398-4,44,0,2e-05,9.548282600434257e-05
row-0001775,doi::10.1038/s41598-017-18398-4,44,0,3e-05,9.838732992731346e-05
row-0001776,doi::10.1038/s41598-017-18398-4,44,0,3e-05,9.838732992731346e-05
row-0001779,doi::10.1038/s41598-017-18398-4,44,0,6e-05,9.869656891349134e-05
row-0001780,doi::10.1038/s41598-017-18398-4,44,0,3e-05,9.869656891349134e-05
row-0001783,doi::10.1038/s41598-017-18398-4,44,0,5e-05,9.864086862778694e-05
row-0001785,doi::10.1038/s41598-017-18398-4,44,0,4e-05,9.838732992731346e-05
row-0001790,doi::10.1038/s41598-017-18398-4,44,0,4e-05,9.869656891349134e-05
row-0001792,doi::10.1038/s41598-017-18398-4,44,0,7e-05,9.869656891349134e-05
row-0001796,doi::10.1038/s41598-017-18398-4,44,0,5e-05,9.869656891349134e-05
row-0001798,doi::10.1038/s41598-017-18398-4,44,0,7e-05,9.869656891349134e-05
row-0001799,doi::10.1038/s41598-017-18398-4,44,0,0.0001,9.887652065744308e-05
row-0001802,doi::10.1038/s41598-017-18398-4,44,0,6e-05,9.869656891349134e-05
row-0001811,doi::10.1038/s41598-017-18398-4,44,0,5e-05,9.869656891349134e-05
row-0001820,doi::10.1038/s41598-017-18398-4,44,0,2e-05,9.838732992731346e-05
row-0001824,doi::10.1038/s41598-017-18398-4,44,0,3e-05,9.838732992731346e-05
row-0001830,doi::10.1038/s41598-017-18398-4,44,0,3e-05,9.838732992731346e-05
row-0001840,doi::10.1016/j.proci.2024.105766,44,0,0.006,0.006930711688055363
row-0001841,doi::10.1016/j.proci.2024.105766,44,0,0.0065,0.0071092687587624315
row-0001845,doi::10.1016/j.proci.2024.105766,44,0,0.0075,0.006934299309225041
row-0001849,doi::10.1016/j.proci.2024.105766,44,0,0.0027,0.0017280266554604597
row-0001857,doi::10.1016/j.proci.2024.105766,44,0,0.0018,0.0015761953493544818
row-0001859,doi::10.1016/j.proci.2024.105766,44,0,0.0016,0.0015653252097727376
row-0001870,doi::10.1016/j.firesaf.2024.104329,44,0,0.0024,0.0016978645815684602
row-0001872,doi::10.1016/j.firesaf.2024.104329,44,0,0.0015,0.0016978645815684602
row-0001874,doi::10.1016/j.firesaf.2024.104329,44,0,0.0015,0.0016978645815684602
row-0001889,doi::10.1016/j.firesaf.2024.104329,44,0,0.00275,0.0016978645815684602
row-0001890,doi::10.1016/j.firesaf.2024.104329,44,0,0.00225,0.0016978645815684602
row-0001892,doi::10.1016/j.firesaf.2024.104329,44,0,0.002,0.0016978645815684602
row-0001893,doi::10.1016/j.firesaf.2024.104329,44,0,0.0024,0.0016978645815684602
row-0001904,doi::10.1016/j.firesaf.2024.104329,44,0,0.0024,0.0016978645815684602
row-0001908,doi::10.1016/j.firesaf.2024.104329,44,0,0.002,0.0016978645815684602
row-0001909,doi::10.1016/j.firesaf.2024.104329,44,0,0.002,0.0016978645815684602
row-0001934,doi::10.1016/j.firesaf.2024.104329,44,0,0.0015,0.001507661863952992
row-0001935,doi::10.1016/j.firesaf.2024.104329,44,0,0.0022,0.0015100224194637337
row-0001949,doi::10.1016/j.firesaf.2024.104329,44,0,0.00275,0.001693030185099424
row-0001958,doi::10.1016/j.firesaf.2024.104329,44,0,0.0021,0.001693030185099424
row-0002064,doi::10.1016/j.firesaf.2024.104329,44,0,0.00065,0.00068769400039991
row-0002108,doi::10.1016/j.firesaf.2024.104329,44,0,0.00058,0.000657312792065007
row-0002110,doi::10.1016/j.firesaf.2024.104329,44,0,0.00115,0.0007089505517898259
row-0002111,doi::10.1016/j.firesaf.2024.104329,44,0,0.00123,0.0007321945558185111
row-0002126,doi::10.1016/j.firesaf.2024.104329,44,0,0.00105,0.0007249684961102585
row-0002133,doi::10.1016/j.firesaf.2024.104329,44,0,0.00056,0.0006875351688794604
row-0002141,doi::10.1016/j.firesaf.2024.104329,44,0,0.00055,0.0006932547985685012
row-0002142,doi::10.1016/j.firesaf.2024.104329,44,0,0.00045,0.0006847508641360252
row-0002281,citation::mell w e s l olson and t kashiwagi flame spread along free edges of thermally thin samples in 0 proceedings of the combustion institute vol 28 no 2 2000 pp 2843 2849,44,0,0.00325,0.00762173564086956
row-0002282,citation::mell w e s l olson and t kashiwagi flame spread along free edges of thermally thin samples in 0 proceedings of the combustion institute vol 28 no 2 2000 pp 2843 2849,44,0,0.0023,0.00762173564086956
row-0002283,citation::mell w e s l olson and t kashiwagi flame spread along free edges of thermally thin samples in 0 proceedings of the combustion institute vol 28 no 2 2000 pp 2843 2849,44,0,0.00145,0.004425753492252572
row-0002288,citation::mell w e s l olson and t kashiwagi flame spread along free edges of thermally thin samples in 0 proceedings of the combustion institute vol 28 no 2 2000 pp 2843 2849,44,0,0.0018,0.004340782495938915
row-0002289,citation::mell w e s l olson and t kashiwagi flame spread along free edges of thermally thin samples in 0 proceedings of the combustion institute vol 28 no 2 2000 pp 2843 2849,44,0,0.0022,0.004452388731522783
row-0002291,citation::mell w e s l olson and t kashiwagi flame spread along free edges of thermally thin samples in 0 proceedings of the combustion institute vol 28 no 2 2000 pp 2843 2849,44,0,0.0019,0.005813380928588394
row-0002459,doi::10.1016/j.proci.2018.05.007,44,0,0.0035,0.00301860549540612
row-0002467,doi::10.1016/j.proci.2018.05.007,44,0,0.0022,0.0015021951613574211
row-0002468,doi::10.1016/j.proci.2018.05.007,44,0,0.0023,0.0015029701613574213
row-0002474,doi::10.1016/j.proci.2018.05.007,44,0,0.0029,0.0015191925571741206
row-0002597,citation::nishizawa et al 2003 effect of low external flow on flame spreading over etfe wire under microgravity,44,0,0.003,0.0030261607501039884
row-0002603,citation::nishizawa et al 2003 effect of low external flow on flame spreading over etfe wire under microgravity,44,0,0.0025,0.0030707822171894754
row-0002627,doi::10.1016/j.combustflame.2009.01.015,44,0,0.00088,0.0014599045933970769
row-0002631,doi::10.1016/j.combustflame.2009.01.015,44,0,0.0027,0.0014717072653186514
row-0002640,doi::10.1016/j.combustflame.2009.01.015,44,0,0.00042,0.0014611147658659652
row-0002643,doi::10.1016/j.combustflame.2009.01.015,44,0,0.00082,0.001451449159923447
row-0002648,doi::10.1016/j.combustflame.2009.01.015,44,0,0.0014,0.0014598822590647428
row-0002649,doi::10.1016/j.combustflame.2009.01.015,44,0,0.00089,0.0014598822590647428
row-0002652,doi::10.1016/j.combustflame.2009.01.015,44,0,0.00061,0.0014598822590647428
row-0002663,doi::10.1016/j.combustflame.2009.01.015,44,0,0.0024,0.0014717072653186514
row-0002702,citation::friedman robert brian jackson and sandra olson testing and selection of fire resistant materials for spacecraft use nasa technical memorandum 2000 209773 mar 2000 nasa sti program office glenn research center cleveland ohio,44,0,0.0056,0.008752121469304031
row-0002708,citation::friedman robert brian jackson and sandra olson testing and selection of fire resistant materials for spacecraft use nasa technical memorandum 2000 209773 mar 2000 nasa sti program office glenn research center cleveland ohio,44,0,0.0172,0.016758828832550674
row-0002712,citation::friedman robert brian jackson and sandra olson testing and selection of fire resistant materials for spacecraft use nasa technical memorandum 2000 209773 mar 2000 nasa sti program office glenn research center cleveland ohio,44,0,0.0263,0.02520880447083976
row-0002716,citation::friedman robert brian jackson and sandra olson testing and selection of fire resistant materials for spacecraft use nasa technical memorandum 2000 209773 mar 2000 nasa sti program office glenn research center cleveland ohio,44,0,0.0286,0.02520880447083976
row-0002721,citation::friedman robert brian jackson and sandra olson testing and selection of fire resistant materials for spacecraft use nasa technical memorandum 2000 209773 mar 2000 nasa sti program office glenn research center cleveland ohio,44,0,0.0455,0.044719070589553406
row-0002740,citation::friedman robert brian jackson and sandra olson testing and selection of fire resistant materials for spacecraft use nasa technical memorandum 2000 209773 mar 2000 nasa sti program office glenn research center cleveland ohio,44,0,0.0751,0.050849719382395235
row-0002758,citation::friedman robert brian jackson and sandra olson testing and selection of fire resistant materials for spacecraft use nasa technical memorandum 2000 209773 mar 2000 nasa sti program office glenn research center cleveland ohio,44,0,0.0028,0.005614514855579798
row-0002760,citation::friedman robert brian jackson and sandra olson testing and selection of fire resistant materials for spacecraft use nasa technical memorandum 2000 209773 mar 2000 nasa sti program office glenn research center cleveland ohio,44,0,0.0032,0.005590819889036789
row-0002764,citation::friedman robert brian jackson and sandra olson testing and selection of fire resistant materials for spacecraft use nasa technical memorandum 2000 209773 mar 2000 nasa sti program office glenn research center cleveland ohio,44,0,0.0068,0.00880873966521037
row-0002788,citation::olson s l and j s t ien near limit flame spread over a thin solid fuel in 0 symposium international on combustion vol 22 no 1 1988 pp 1213 1222 the combustion institute,44,0,0.00755,0.008356313995858948
row-0002794,citation::olson s l and j s t ien near limit flame spread over a thin solid fuel in 0 symposium international on combustion vol 22 no 1 1988 pp 1213 1222 the combustion institute,44,0,0.0306,0.022919500691242427
row-0002796,citation::olson s l and j s t ien near limit flame spread over a thin solid fuel in 0 symposium international on combustion vol 22 no 1 1988 pp 1213 1222 the combustion institute,44,0,0.04342,0.042119962838044395
row-0002798,citation::olson s l and j s t ien near limit flame spread over a thin solid fuel in 0 symposium international on combustion vol 22 no 1 1988 pp 1213 1222 the combustion institute,44,0,0.07704,0.050849719382395235
row-0002799,citation::olson s l and j s t ien near limit flame spread over a thin solid fuel in 0 symposium international on combustion vol 22 no 1 1988 pp 1213 1222 the combustion institute,44,0,0.00544,0.008825571753635653
row-0002802,citation::olson s l and j s t ien near limit flame spread over a thin solid fuel in 0 symposium international on combustion vol 22 no 1 1988 pp 1213 1222 the combustion institute,44,0,0.01283,0.009618701320924999
row-0002803,citation::olson s l and j s t ien near limit flame spread over a thin solid fuel in 0 symposium international on combustion vol 22 no 1 1988 pp 1213 1222 the combustion institute,44,0,0.01714,0.017420373112048273
row-0002809,citation::olson s l and j s t ien near limit flame spread over a thin solid fuel in 0 symposium international on combustion vol 22 no 1 1988 pp 1213 1222 the combustion institute,44,0,0.03869,0.03552337815875255
row-0002812,citation::olson s l and j s t ien near limit flame spread over a thin solid fuel in 0 symposium international on combustion vol 22 no 1 1988 pp 1213 1222 the combustion institute,44,0,0.0633,0.0598475290476189
row-0002823,citation::olson s l and j s t ien near limit flame spread over a thin solid fuel in 0 symposium international on combustion vol 22 no 1 1988 pp 1213 1222 the combustion institute,44,0,0.01206,0.008951447117399154
row-0002829,citation::olson s l and j s t ien near limit flame spread over a thin solid fuel in 0 symposium international on combustion vol 22 no 1 1988 pp 1213 1222 the combustion institute,44,0,0.03844,0.038899854011792634
row-0002834,citation::olson s l and j s t ien near limit flame spread over a thin solid fuel in 0 symposium international on combustion vol 22 no 1 1988 pp 1213 1222 the combustion institute,44,0,0.00547,0.009483976055128704
row-0002837,citation::olson s l and j s t ien near limit flame spread over a thin solid fuel in 0 symposium international on combustion vol 22 no 1 1988 pp 1213 1222 the combustion institute,44,0,0.0142,0.01695492732380539
row-0002848,doi::10.1016/s0082-0784(89)80132-8,44,0,0.0035,0.0047221192027651696
row-0002851,doi::10.1016/s0082-0784(89)80132-8,44,0,0.0021,0.0039099466808640545
row-0002891,doi::10.1080/00102209108951711,44,0,0.01694,0.015939061424601872
row-0002894,doi::10.1080/00102209108951711,44,0,0.01959,0.017701627867480838
row-0002895,doi::10.1080/00102209108951711,44,0,0.01884,0.01770307326294659
row-0002897,doi::10.1080/00102209108951711,44,0,0.01084,0.00846525053343802
row-0002899,doi::10.1080/00102209108951711,44,0,0.01276,0.00905259824932837
row-0002900,doi::10.1080/00102209108951711,44,0,0.01485,0.009079777351892472
row-0002920,doi::10.1080/00102209108951711,44,0,0.003,0.0048239276803279385
row-0002973,doi::10.1016/j.combustflame.2009.01.015,44,0,0.026,0.015754405500686734
row-0002980,doi::10.1016/j.combustflame.2009.01.015,44,0,0.005,0.011987340816043942
row-0002984,doi::10.1016/j.combustflame.2009.01.015,44,0,0.021,0.014374682591815336
row-0002986,doi::10.1016/j.combustflame.2009.01.015,44,0,0.023,0.029098805760507263
row-0002999,doi::10.1016/j.combustflame.2009.01.015,44,0,0.013,0.011393828734299484
row-0003004,doi::10.1016/j.combustflame.2009.01.015,44,0,0.0074,0.011860245645386019
row-0003006,doi::10.1016/j.combustflame.2009.01.015,44,0,0.011,0.014060284397276633
row-0003009,doi::10.1016/j.combustflame.2009.01.015,44,0,0.028,0.021313772104610575
row-0003010,doi::10.1016/j.combustflame.2009.01.015,44,0,0.027,0.025727801582688063
row-0003014,doi::10.1016/j.combustflame.2009.01.015,44,0,0.061,0.03523094039771613
row-0003032,doi::10.1016/s0010-2180(00)00249-2,44,0,0.0023,0.0014644457337025403
row-0003033,doi::10.1016/s0010-2180(00)00249-2,44,0,0.002,0.0014644457337025403
row-0003035,doi::10.1016/s0010-2180(00)00249-2,44,0,0.0017,0.0014788608630604526
row-0003036,doi::10.1016/s0010-2180(00)00249-2,44,0,0.0019,0.002854871435061127
row-0003039,doi::10.1016/s0010-2180(00)00249-2,44,0,0.004,0.002862138476858415
row-0003045,doi::10.1016/s0010-2180(00)00249-2,44,0,0.0033,0.0044141087791791595
row-0003046,doi::10.1016/s0010-2180(00)00249-2,44,0,0.0036,0.0044141087791791595
row-0003051,doi::10.1016/s0010-2180(00)00249-2,44,0,0.0085,0.004955402626179607
row-0003057,doi::10.1016/s0010-2180(00)00249-2,44,0,0.00077,0.0014611903658552602
row-0003062,doi::10.1016/s0010-2180(00)00249-2,44,0,0.0001,0.001502057406119656
row-0003064,doi::10.1016/s0010-2180(00)00249-2,44,0,0.00084,0.0014611903658552602
row-0003065,doi::10.1016/s0010-2180(00)00249-2,44,0,0.00076,0.0014611903658552602
row-0003073,doi::10.1016/j.combustflame.2018.10.012,44,0,0.00529,0.0014855409800896972
row-0003085,doi::10.1016/j.combustflame.2018.10.012,44,0,0.00141,0.0014705194314469535
row-0003097,doi::10.1080/00102200490276773,44,0,0.0045,0.0021584655017060383
row-0003100,doi::10.1080/00102200490276773,44,0,0.012,0.011876602107728021
row-0003107,doi::10.1080/00102200490276773,44,0,0.017,0.015632688762772014
row-0003108,doi::10.1080/00102200490276773,44,0,0.018,0.017987605429438697
row-0003120,doi::10.1080/00102200490276773,44,0,0.013,0.018293024561403443
row-0003121,doi::10.1080/00102200490276773,44,0,0.011,0.018293024561403443
row-0003124,doi::10.1080/00102200490276773,44,0,0.023,0.023673419790058634
row-0003137,doi::10.1080/00102200490276773,44,0,0.045,0.04101391166321608
row-0003142,doi::10.1080/00102200490276773,44,0,0.062,0.061422666666667076
row-0003145,doi::10.1080/00102200490276773,44,0,0.05,0.05559250000000011
row-0003148,doi::10.1080/00102200490276773,44,0,0.004,0.02105634129728875
row-0003150,doi::10.1016/j.combustflame.2022.112559,44,0,0.0034,0.062339651555555355
row-0003153,doi::10.1016/j.combustflame.2022.112559,44,0,0.0026,0.0019792716410843396
row-0003155,doi::10.1016/j.combustflame.2022.112559,44,0,0.0036,0.0017828369842686504
row-0003159,doi::10.1016/j.proci.2024.105358,44,0,0.0015,0.0016763505894012809
row-0003160,doi::10.1016/j.proci.2024.105358,44,0,0.0019,0.0019443300023653267
row-0003161,doi::10.1016/j.proci.2024.105358,44,0,0.0026,0.0026432342192659096
row-0003162,doi::10.1016/j.proci.2024.105358,44,0,0.0013,0.0015164725041323503
row-0003164,doi::10.1016/j.proci.2024.105358,44,0,0.0022,0.001986748199241841
row-0003170,doi::10.1016/j.proci.2024.105358,44,0,0.00208,0.001970634941055965
row-0003172,doi::10.1016/j.proci.2024.105358,44,0,0.0021,0.0019942250759881065
row-0003183,doi::10.1016/j.proci.2024.105358,44,0,0.002,0.0018840846987326558
row-0003191,doi::10.1016/j.proci.2024.105358,44,0,0.00275,0.0026053471534202063
row-0003193,doi::10.1016/j.proci.2024.105358,44,0,0.00275,0.0026432342192659096
row-0003197,doi::10.1016/j.combustflame.2022.112009,44,0,0.0012,0.0015249942857505265
row-0003201,doi::10.1016/j.combustflame.2022.112009,44,0,0.0013,0.001514369841306082
row-0003205,doi::10.1016/j.combustflame.2022.112009,44,0,0.0012,0.001514169841306082
row-0003207,doi::10.1016/j.combustflame.2022.112009,44,0,0.0014,0.0015255085683500737
row-0003210,doi::10.1016/j.combustflame.2022.112009,44,0,0.0011,0.0015096951553799612
row-0003220,doi::10.1016/j.combustflame.2022.112009,44,0,0.00068,0.0014996307567943883
row-0003222,doi::10.1016/j.combustflame.2022.112009,44,0,0.00071,0.0014996307567943883
row-0003228,doi::10.1016/j.combustflame.2022.112009,44,0,0.00036,0.0014732559818229519
row-0003236,doi::10.1016/j.combustflame.2022.112009,44,0,0.00044,0.0014712496521526223
row-0003249,doi::10.1016/j.combustflame.2022.112009,44,0,0.011,0.007529426763612821
row-0003390,doi::10.1016/s0082-0784(06)80816-7,44,0,0.01201,0.009367960741644617
row-0003394,doi::10.1016/s0082-0784(06)80816-7,44,0,0.01194,0.00928301114137047
row-0003406,doi::10.1016/s0082-0784(06)80816-7,44,0,0.00896,0.008570074917984248
row-0003413,doi::10.1016/s0082-0784(06)80816-7,44,0,0.00602,0.005879995700664982
row-0003419,doi::10.1016/s0082-0784(06)80816-7,44,0,0.00504,0.005627942198245621
row-0003426,citation::s nchez tarifa c and b l zaro experiments conducted on combustion at microgravity in the texus 38 sounding rocket results and conclusions first international symposium on microgravity research and applications on physical sciences and biotechnology 2000,44,0,0.00038,0.0006225641361885241
row-0003431,citation::s nchez tarifa c and g l pez juste a study of the combustion problems of solid materials at conditions existing in space stations esa sp 433 1999,44,0,0.001,0.000680610973925366
row-0003435,citation::s nchez tarifa c and g l pez juste a study of the combustion problems of solid materials at conditions existing in space stations esa sp 433 1999,44,0,0.00109,0.0007118093407396184
row-0003440,citation::s nchez tarifa c and g l pez juste a study of the combustion problems of solid materials at conditions existing in space stations esa sp 433 1999,44,0,0.0006,0.0006654706913543274
row-0003447,citation::s nchez tarifa c and m rodr guez combustion and flammability characteristics of solids at microgravity in very small velocity flows second european symposium on utilisation of the international space station nov 1998,44,0,0.0016,0.001656402619939523
row-0003473,doi::10.1007/s12217-024-10106-y,44,0,0.00126,0.0016330700948237774
row-0003474,doi::10.1016/s1540-7489(02)80315-7,44,0,0.00548,0.014390119017454833
row-0003484,doi::10.1016/s1540-7489(02)80315-7,44,0,0.01257,0.01538659030933388
row-0003486,doi::10.1016/s1540-7489(02)80315-7,44,0,0.0254,0.03696217773250316
row-0003491,doi::10.1016/s1540-7489(02)80315-7,44,0,0.00995,0.018579122494910172
row-0003507,doi::10.1016/s1540-7489(02)80315-7,44,0,0.0094,0.021499673998819545
row-0003508,doi::10.1016/s1540-7489(02)80315-7,44,0,0.0056,0.01772491607274569
row-0003518,citation::son youngjin paul d ronney and suleyman gokoglu comparison of carbon dioxide and helium as fire extinguishing agents for spacecraft nasa cp 2004 213205 vol2 2004 pp 409 418,44,0,0.065,0.0695834198036335
row-0003523,citation::son youngjin paul d ronney and suleyman gokoglu comparison of carbon dioxide and helium as fire extinguishing agents for spacecraft nasa cp 2004 213205 vol2 2004 pp 409 418,44,0,0.048,0.054647079620306856
row-0003530,citation::son youngjin paul d ronney and suleyman gokoglu comparison of carbon dioxide and helium as fire extinguishing agents for spacecraft nasa cp 2004 213205 vol2 2004 pp 409 418,44,0,0.0065,0.007280339313831615
row-0003531,citation::son youngjin paul d ronney and suleyman gokoglu comparison of carbon dioxide and helium as fire extinguishing agents for spacecraft nasa cp 2004 213205 vol2 2004 pp 409 418,44,0,0.018,0.01620618332762721
row-0003532,citation::son youngjin paul d ronney and suleyman gokoglu comparison of carbon dioxide and helium as fire extinguishing agents for spacecraft nasa cp 2004 213205 vol2 2004 pp 409 418,44,0,0.035,0.04666021212810465
row-0003534,citation::son youngjin paul d ronney and suleyman gokoglu comparison of carbon dioxide and helium as fire extinguishing agents for spacecraft nasa cp 2004 213205 vol2 2004 pp 409 418,44,0,0.04,0.03919349069179581
row-0003535,citation::son youngjin paul d ronney and suleyman gokoglu comparison of carbon dioxide and helium as fire extinguishing agents for spacecraft nasa cp 2004 213205 vol2 2004 pp 409 418,44,0,0.09,0.06828817068912627
row-0003539,citation::son youngjin paul d ronney and suleyman gokoglu comparison of carbon dioxide and helium as fire extinguishing agents for spacecraft nasa cp 2004 213205 vol2 2004 pp 409 418,44,0,0.05306,0.03767410698692483
row-0003554,citation::son youngjin paul d ronney and suleyman gokoglu comparison of carbon dioxide and helium as fire extinguishing agents for spacecraft nasa cp 2004 213205 vol2 2004 pp 409 418,44,0,0.01291,0.014174175543932705
row-0003555,citation::son youngjin paul d ronney and suleyman gokoglu comparison of carbon dioxide and helium as fire extinguishing agents for spacecraft nasa cp 2004 213205 vol2 2004 pp 409 418,44,0,0.00432,0.009100693330041204
row-0003564,citation::son youngjin paul d ronney and suleyman gokoglu comparison of carbon dioxide and helium as fire extinguishing agents for spacecraft nasa cp 2004 213205 vol2 2004 pp 409 418,44,0,0.02708,0.015545645660297844
row-0003567,citation::son youngjin paul d ronney and suleyman gokoglu comparison of carbon dioxide and helium as fire extinguishing agents for spacecraft nasa cp 2004 213205 vol2 2004 pp 409 418,44,0,0.02722,0.014340871884917884
row-0003568,citation::son youngjin paul d ronney and suleyman gokoglu comparison of carbon dioxide and helium as fire extinguishing agents for spacecraft nasa cp 2004 213205 vol2 2004 pp 409 418,44,0,0.01194,0.01191772254934415
row-0003569,citation::son youngjin paul d ronney and suleyman gokoglu comparison of carbon dioxide and helium as fire extinguishing agents for spacecraft nasa cp 2004 213205 vol2 2004 pp 409 418,44,0,0.0075,0.011374237358653302
row-0003576,citation::son youngjin paul d ronney and suleyman gokoglu comparison of carbon dioxide and helium as fire extinguishing agents for spacecraft nasa cp 2004 213205 vol2 2004 pp 409 418,44,0,0.00595,0.010820881445718574
row-0003577,citation::son youngjin paul d ronney and suleyman gokoglu comparison of carbon dioxide and helium as fire extinguishing agents for spacecraft nasa cp 2004 213205 vol2 2004 pp 409 418,44,0,0.04429,0.03703292441229668
row-0003591,citation::son youngjin paul d ronney and suleyman gokoglu comparison of carbon dioxide and helium as fire extinguishing agents for spacecraft nasa cp 2004 213205 vol2 2004 pp 409 418,44,0,0.03947,0.03547139433707208
row-0003592,citation::son youngjin paul d ronney and suleyman gokoglu comparison of carbon dioxide and helium as fire extinguishing agents for spacecraft nasa cp 2004 213205 vol2 2004 pp 409 418,44,0,0.02989,0.026255385247311965
row-0003595,citation::son youngjin paul d ronney and suleyman gokoglu comparison of carbon dioxide and helium as fire extinguishing agents for spacecraft nasa cp 2004 213205 vol2 2004 pp 409 418,44,0,0.03947,0.04187916331579581
row-0003598,citation::son youngjin paul d ronney and suleyman gokoglu comparison of carbon dioxide and helium as fire extinguishing agents for spacecraft nasa cp 2004 213205 vol2 2004 pp 409 418,44,0,0.01091,0.013101996821428619
row-0003629,doi::10.1016/j.proci.2014.07.017,44,0,0.0002,0.0014483090317539441
row-0003631,doi::10.1016/j.proci.2014.07.017,44,0,0.00043,0.0014524616788127679
row-0003632,doi::10.1016/j.proci.2014.07.017,44,0,0.00047,0.0014487490317539441
row-0003652,doi::10.1016/j.proci.2014.07.017,44,0,2e-05,0.0014592691965495304
row-0003655,doi::10.1016/j.proci.2014.07.017,44,0,0.0008,0.0014592691965495304
row-0003657,doi::10.1016/j.proci.2014.07.017,44,0,0.00085,0.001462287262842469
row-0003660,doi::10.1016/j.proci.2014.07.017,44,0,0.0015,0.001462287262842469
row-0003667,doi::10.1016/j.proci.2014.07.017,44,0,0.00314,0.0017652851962632425
row-0003668,doi::10.1016/j.proci.2014.07.017,44,0,0.00387,0.0017652851962632425
row-0003671,doi::10.1016/j.proci.2014.07.017,44,0,0.00443,0.0019670762757336246
row-0003673,doi::10.1016/j.proci.2014.07.017,44,0,0.00429,0.0021004802230685793
row-0003675,doi::10.1016/j.proci.2014.07.017,44,0,0.00428,0.002116244730824835
row-0003681,doi::10.1016/j.proci.2014.07.017,44,0,0.00022,0.0014702802737285524
row-0003684,doi::10.1016/j.proci.2014.07.017,44,0,0.00047,0.0014702802737285524
row-0003687,doi::10.1016/j.proci.2014.07.017,44,0,0.00048,0.0015000499990145916
row-0003689,doi::10.1016/j.proci.2014.07.017,44,0,0.00089,0.0015594843241554994
row-0003693,doi::10.1016/j.proci.2014.07.017,44,0,0.0009,0.0015618750852963194
row-0003703,doi::10.1016/j.proci.2014.07.017,44,0,0.00209,0.0017011300636346756
row-0003720,doi::10.1016/j.proci.2014.07.017,44,0,0.00045,0.0014521450144770682
row-0003728,doi::10.1016/j.proci.2014.07.017,44,0,0.00079,0.0014521450144770682
row-0003732,doi::10.1016/j.proci.2014.07.017,44,0,0.0005,0.0014521450144770682
row-0003736,doi::10.1016/j.proci.2014.07.017,44,0,0.00083,0.0014521450144770682
row-0003742,doi::10.1016/j.proci.2014.07.017,44,0,0.00209,0.0014803317660147446
row-0003747,doi::10.1016/j.proci.2014.07.017,44,0,0.00117,0.0014661668806060341
row-0003749,doi::10.1016/j.proci.2014.07.017,44,0,0.00065,0.001456096595536503
row-0003751,doi::10.1016/j.proci.2014.07.017,44,0,0.00048,0.0014482162036297535
row-0003753,doi::10.1016/j.proci.2014.07.017,44,0,0.00142,0.0014713005403952193
row-0003757,doi::10.1016/j.proci.2014.07.017,44,0,0.00046,0.0014482162036297535
row-0003763,doi::10.1016/j.proci.2014.07.017,44,0,0.00113,0.001466434759393913
row-0003768,doi::10.1016/j.proci.2014.07.017,44,0,0.00144,0.0015769902708814435
row-0003770,doi::10.1016/j.proci.2014.07.017,44,0,0.00088,0.0015594843241554994
row-0004085,citation::takahashi shuhei takeshi nagumo kazunori wakai and subrata bhattacharjee effects of ambient condition on flame spread over a thin pmma sheet jsme international journal series b 43 4 2000 556 562,44,0,0.05026,0.05835154771428552
row-0004087,citation::takahashi shuhei takeshi nagumo kazunori wakai and subrata bhattacharjee effects of ambient condition on flame spread over a thin pmma sheet jsme international journal series b 43 4 2000 556 562,44,0,0.02873,0.031427651581875805
row-0004088,citation::takahashi shuhei takeshi nagumo kazunori wakai and subrata bhattacharjee effects of ambient condition on flame spread over a thin pmma sheet jsme international journal series b 43 4 2000 556 562,44,0,0.02693,0.03141798229616152
row-0004090,citation::takahashi shuhei takeshi nagumo kazunori wakai and subrata bhattacharjee effects of ambient condition on flame spread over a thin pmma sheet jsme international journal series b 43 4 2000 556 562,44,0,0.02635,0.017707447074410514
row-0004092,citation::takahashi shuhei takeshi nagumo kazunori wakai and subrata bhattacharjee effects of ambient condition on flame spread over a thin pmma sheet jsme international journal series b 43 4 2000 556 562,44,0,0.01088,0.007940030193065292
row-0004097,citation::takahashi shuhei takeshi nagumo kazunori wakai and subrata bhattacharjee effects of ambient condition on flame spread over a thin pmma sheet jsme international journal series b 43 4 2000 556 562,44,0,0.00309,0.002459017534795564
row-0004103,citation::takahashi shuhei takeshi nagumo kazunori wakai and subrata bhattacharjee effects of ambient condition on flame spread over a thin pmma sheet jsme international journal series b 43 4 2000 556 562,44,0,0.00451,0.004545464485500661
row-0004111,citation::takahashi shuhei takeshi nagumo kazunori wakai and subrata bhattacharjee effects of ambient condition on flame spread over a thin pmma sheet jsme international journal series b 43 4 2000 556 562,44,0,0.00052,0.001454623386366953
row-0004125,citation::takahashi shuhei takeshi nagumo kazunori wakai and subrata bhattacharjee effects of ambient condition on flame spread over a thin pmma sheet jsme international journal series b 43 4 2000 556 562,44,0,0.00038,0.0003486124278437803
row-0004128,citation::takahashi shuhei takeshi nagumo kazunori wakai and subrata bhattacharjee effects of ambient condition on flame spread over a thin pmma sheet jsme international journal series b 43 4 2000 556 562,44,0,0.00066,0.0008498840954933155
row-0004131,citation::takahashi shuhei takeshi nagumo kazunori wakai and subrata bhattacharjee effects of ambient condition on flame spread over a thin pmma sheet jsme international journal series b 43 4 2000 556 562,44,0,0.0003,0.00033678787093329224
row-0004136,citation::takahashi shuhei takeshi nagumo kazunori wakai and subrata bhattacharjee effects of ambient condition on flame spread over a thin pmma sheet jsme international journal series b 43 4 2000 556 562,44,0,0.00063,0.0008828084946427108
row-0004147,citation::takahashi shuhei takeshi nagumo kazunori wakai and subrata bhattacharjee effects of ambient condition on flame spread over a thin pmma sheet jsme international journal series b 43 4 2000 556 562,44,0,0.01993,0.021627887848920314
row-0004153,citation::takahashi shuhei takeshi nagumo kazunori wakai and subrata bhattacharjee effects of ambient condition on flame spread over a thin pmma sheet jsme international journal series b 43 4 2000 556 562,44,0,0.00497,0.004546997818833995
row-0004166,citation::takahashi shuhei takeshi nagumo kazunori wakai and subrata bhattacharjee effects of ambient condition on flame spread over a thin pmma sheet jsme international journal series b 43 4 2000 556 562,44,0,0.00075,0.0009479572355324003
row-0004168,citation::takahashi shuhei takeshi nagumo kazunori wakai and subrata bhattacharjee effects of ambient condition on flame spread over a thin pmma sheet jsme international journal series b 43 4 2000 556 562,44,0,0.00052,0.0008498840954933155
row-0004174,citation::takahashi shuhei takeshi nagumo kazunori wakai and subrata bhattacharjee effects of ambient condition on flame spread over a thin pmma sheet jsme international journal series b 43 4 2000 556 562,44,0,0.00046,0.0008768967899325398
row-0004175,citation::takahashi shuhei takeshi nagumo kazunori wakai and subrata bhattacharjee effects of ambient condition on flame spread over a thin pmma sheet jsme international journal series b 43 4 2000 556 562,44,0,0.00026,0.0008854232552301338
row-0004229,citation::takahashi shuhei et al effect of ambient gas on flame spread over a solid material in microgravity journal of the japanese society for microgravity application vol 24 no 3 2007 pp 225 230,44,0,0.002,0.0015129770875092062
row-0004232,doi::10.1016/j.proci.2018.06.022,44,0,0.0001,0.0014634165756518393
row-0004237,doi::10.1016/j.proci.2018.06.022,44,0,0.00277,0.004437427038986613
row-0004238,doi::10.1016/j.proci.2018.06.022,44,0,0.00258,0.004437427038986613
row-0004239,doi::10.1016/j.proci.2018.06.022,44,0,0.00335,0.004437427038986613
row-0004253,doi::10.1016/j.proci.2018.06.022,44,0,0.00501,0.004144399990341174
row-0004256,doi::10.1016/j.proci.2018.06.022,44,0,0.00336,0.004142681199167825
row-0004258,doi::10.1016/j.proci.2018.06.022,44,0,0.00322,0.0040633296548348375
row-0004259,doi::10.1016/j.proci.2018.06.022,44,0,0.00228,0.0048921178224349176
row-0004261,doi::10.1016/j.proci.2018.06.022,44,0,0.00355,0.0040655916193177224
row-0004268,doi::10.1016/j.proci.2018.06.022,44,0,0.00346,0.003908299102930157
row-0004279,doi::10.1016/j.proci.2018.06.022,44,0,0.0032,0.002252395911920664
row-0004283,doi::10.1016/j.proci.2018.06.022,44,0,0.00215,0.0024161127266712663
row-0004297,doi::10.1016/j.proci.2018.06.022,44,0,0.00147,0.0021777656736968916
row-0004300,doi::10.1016/j.proci.2018.06.022,44,0,0.00251,0.0021457034654349767
row-0004304,doi::10.1016/j.proci.2018.06.022,44,0,0.00371,0.0022249969216675144
row-0004306,doi::10.1016/j.proci.2018.06.022,44,0,0.00193,0.0014706464077468156
row-0004309,doi::10.1016/j.proci.2018.06.022,44,0,0.00092,0.0014578758574629242
row-0004312,citation::takahashi shuhei et al effect of ambient gas on flame spread over a solid material in microgravity journal of the japanese society for microgravity application vol 24 no 3 2007 pp 225 230,44,0,0.00067,0.0014578758574629242
row-0004313,doi::10.1038/s41598-017-18398-4,44,0,0.00159,0.0014578758574629242
row-0004317,doi::10.1038/s41598-017-18398-4,44,0,0.00254,0.0014656240301972939
row-0004322,doi::10.1038/s41598-017-18398-4,44,0,0.00148,0.0014777005432020105
row-0004324,doi::10.1038/s41598-017-18398-4,44,0,0.00045,0.0014777005432020105
row-0004339,doi::10.1038/s41598-017-18398-4,44,0,0.0009,0.001468855162396326
row-0004341,doi::10.1038/s41598-017-18398-4,44,0,0.00086,0.001468855162396326
row-0004342,doi::10.1038/s41598-017-18398-4,44,0,0.00119,0.001468855162396326
row-0004347,doi::10.1016/s1540-7489(02)80314-5,44,0,0.03878,0.03980783338095235
row-0004350,doi::10.1016/s1540-7489(02)80314-5,44,0,0.04284,0.041569696428571334
row-0004357,doi::10.1016/s1540-7489(02)80314-5,44,0,0.01937,0.01811328514274301
row-0004366,doi::10.1016/s1540-7489(02)80314-5,44,0,0.00567,0.009209608989054947
row-0004368,doi::10.1016/s1540-7489(02)80314-5,44,0,0.00919,0.009986071778407003
row-0004374,doi::10.1016/s1540-7489(02)80314-5,44,0,0.01437,0.012248337922214077
row-0004375,doi::10.1016/s1540-7489(02)80314-5,44,0,0.00955,0.009963324413921617
row-0004383,doi::10.1016/s1540-7489(02)80314-5,44,0,0.00554,0.005391891252506835
row-0004388,doi::10.1016/s1540-7489(02)80314-5,44,0,0.00639,0.005264953974556537
row-0004389,doi::10.1016/s1540-7489(02)80314-5,44,0,0.00676,0.00561290120254171
row-0004409,doi::10.1016/s1540-7489(02)80314-5,44,0,0.00359,0.004041390582670694
row-0004410,doi::10.1016/s1540-7489(02)80314-5,44,0,0.00426,0.0041716283147052455
row-0004423,doi::10.1016/s1540-7489(02)80314-5,44,0,0.0012,0.0015010142489717399
row-0004436,citation::urban david l interactions between flames on parallel solid surfaces nasa 0 combustion workshop n96 15588 1997,44,0,0.00703,0.013256096918043758
row-0004440,citation::urban david l interactions between flames on parallel solid surfaces nasa 0 combustion workshop n96 15588 1997,44,0,0.01714,0.012862811537472747
row-0004749,doi::10.1007/s10694-019-00878-w,44,0,0.1648,0.06934234476190429
row-0004750,doi::10.1007/s10694-019-00878-w,44,0,0.1334,0.06226828583333265
row-0004751,doi::10.1007/s10694-019-00878-w,44,0,0.1153,0.06930798222222229
row-0004759,doi::10.1007/s12217-015-9419-z,44,0,0.0128,0.010920929012030662
row-0004770,doi::10.1007/s10694-019-00896-8,44,0,3e-05,9.869656891349134e-05
row-0004773,doi::10.1007/s10694-019-00896-8,44,0,0.0001,0.0001225529571900271
row-0004782,doi::10.1007/s10694-019-00896-8,44,0,0.00054,0.00039626252266552353
row-0004783,doi::10.1007/s10694-019-00896-8,44,0,0.00056,0.00039629497901472985
row-0004787,doi::10.1007/s10694-019-00896-8,44,0,0.00063,0.0003989340168101569
row-0004788,doi::10.1007/s10694-019-00896-8,44,0,0.00064,0.0003989340168101569
row-0004789,doi::10.1007/s10694-019-00896-8,44,0,0.00065,0.0003989340168101569
row-0004798,doi::10.1007/s10694-019-00896-8,44,0,0.0016,0.0014489095566295289
row-0004808,doi::10.1007/s10694-019-00896-8,44,0,0.00054,0.00038358995858426436
row-0004809,doi::10.1007/s10694-019-00896-8,44,0,7e-05,0.0003142804797828226
row-0004810,doi::10.1007/s10694-019-00896-8,44,0,0.00056,0.00038204231969537545
row-0004827,doi::10.1007/s10694-019-00896-8,44,0,3e-05,0.00011089401818894404
row-0004828,doi::10.1007/s10694-019-00896-8,44,0,5e-05,0.00011233812930005515
row-0004834,doi::10.1007/s10694-019-00896-8,44,0,0.00015,0.0001225529571900271
row-0004845,doi::10.1007/s10694-019-00896-8,44,0,0.00056,0.00039713141522285534
row-0004846,doi::10.1007/s10694-019-00896-8,44,0,0.00058,0.00039713141522285534
row-0004860,doi::10.1007/s10694-019-00896-8,44,0,0.0015,0.0014489095566295289
row-0004910,doi::10.1016/j.proci.2024.105199,44,0,0.005,0.004221756731730563
row-0004911,doi::10.1016/j.proci.2024.105199,44,0,0.0046,0.00421832339839723
row-0004914,doi::10.1016/j.proci.2024.105199,44,0,0.0032,0.00417102477056842
row-0004942,doi::10.1016/j.proci.2016.06.028,44,0,0.0008,0.0014595978972351106
row-0004944,doi::10.1016/j.proci.2016.06.028,44,0,0.0009,0.001452814373117871
row-0005020,doi::10.1007/s12217-018-9655-0,44,0,7e-05,0.00016165121421052393
row-0005023,doi::10.1007/s12217-018-9655-0,44,0,0.00015,0.00016165121421052393
row-0005028,doi::10.1007/s12217-018-9655-0,44,0,7e-05,0.0001105304675108852
row-0005029,doi::10.1007/s12217-018-9655-0,44,0,9e-05,0.00011026479025047624
row-0000006,citation::andracchio charles r and john c aydelott comparison of flame spreading over thin flat surfaces in normal gravity and weightlessness in an oxygen environment nasa technical memorandum nasa tm x 1992 1970,44,1,0.042,0.045974295424836706
row-0000008,citation::andracchio charles r and john c aydelott comparison of flame spreading over thin flat surfaces in normal gravity and weightlessness in an oxygen environment nasa technical memorandum nasa tm x 1992 1970,44,1,0.043,0.045974295424836706
row-0000013,citation::andracchio charles r and john c aydelott comparison of flame spreading over thin flat surfaces in normal gravity and weightlessness in an oxygen environment nasa technical memorandum nasa tm x 1992 1970,44,1,0.032,0.03179315550793648
row-0000018,citation::andracchio charles r and john c aydelott comparison of flame spreading over thin flat surfaces in normal gravity and weightlessness in an oxygen environment nasa technical memorandum nasa tm x 1992 1970,44,1,0.087,0.09163804050420234
row-0000021,citation::andracchio charles r and john c aydelott comparison of flame spreading over thin flat surfaces in normal gravity and weightlessness in an oxygen environment nasa technical memorandum nasa tm x 1992 1970,44,1,0.105,0.10670564999999985
row-0000027,citation::andracchio charles r and john c aydelott comparison of flame spreading over thin flat surfaces in normal gravity and weightlessness in an oxygen environment nasa technical memorandum nasa tm x 1992 1970,44,1,0.02,0.020844042838583536
row-0000028,citation::andracchio charles r and john c aydelott comparison of flame spreading over thin flat surfaces in normal gravity and weightlessness in an oxygen environment nasa technical memorandum nasa tm x 1992 1970,44,1,0.015,0.014653303830647016
row-0000033,citation::andracchio charles r and thomas h cochran burning of solids in oxygen rich environments in normal and reduced gravity nasa technical memorandum x 3055 national aeronautics and space administration may 1974,44,1,0.067,0.0641914928571429
row-0000034,citation::andracchio charles r and thomas h cochran burning of solids in oxygen rich environments in normal and reduced gravity nasa technical memorandum x 3055 national aeronautics and space administration may 1974,44,1,0.055,0.05427499000000016
row-0000045,citation::andracchio charles r and thomas h cochran burning of solids in oxygen rich environments in normal and reduced gravity nasa technical memorandum x 3055 national aeronautics and space administration may 1974,44,1,0.102,0.09571866666666673
row-0000048,citation::andracchio charles r and thomas h cochran burning of solids in oxygen rich environments in normal and reduced gravity nasa technical memorandum x 3055 national aeronautics and space administration may 1974,44,1,0.049,0.0673373726666666
row-0000059,citation::andracchio charles r and thomas h cochran gravity effects on flame spreading over solid surfaces nasa technical note d 8228 national aeronautics and space administration may 1976,44,1,0.0234,0.023211446682539712
row-0000064,citation::andracchio charles r and thomas h cochran gravity effects on flame spreading over solid surfaces nasa technical note d 8228 national aeronautics and space administration may 1976,44,1,0.0117,0.016197687936508016
row-0000074,citation::andracchio charles r and thomas h cochran gravity effects on flame spreading over solid surfaces nasa technical note d 8228 national aeronautics and space administration may 1976,44,1,0.0172,0.015157883730935776
row-0000078,citation::andracchio charles r and thomas h cochran gravity effects on flame spreading over solid surfaces nasa technical note d 8228 national aeronautics and space administration may 1976,44,1,0.032,0.03004608222222229
row-0000080,citation::andracchio charles r and thomas h cochran gravity effects on flame spreading over solid surfaces nasa technical note d 8228 national aeronautics and space administration may 1976,44,1,0.019,0.017493523524638812
row-0000084,citation::andracchio charles r and thomas h cochran gravity effects on flame spreading over solid surfaces nasa technical note d 8228 national aeronautics and space administration may 1976,44,1,0.0402,0.04349519333333332
row-0000089,citation::andracchio charles r and thomas h cochran gravity effects on flame spreading over solid surfaces nasa technical note d 8228 national aeronautics and space administration may 1976,44,1,0.049,0.061986516666666554
row-0000090,citation::andracchio charles r and thomas h cochran gravity effects on flame spreading over solid surfaces nasa technical note d 8228 national aeronautics and space administration may 1976,44,1,0.0335,0.03548779989715839
row-0000096,citation::andracchio charles r and thomas h cochran gravity effects on flame spreading over solid surfaces nasa technical note d 8228 national aeronautics and space administration may 1976,44,1,0.0582,0.05478408552380934
row-0000098,citation::andracchio charles r and thomas h cochran gravity effects on flame spreading over solid surfaces nasa technical note d 8228 national aeronautics and space administration may 1976,44,1,0.0536,0.05188500838095215
row-0000099,citation::andracchio charles r and thomas h cochran gravity effects on flame spreading over solid surfaces nasa technical note d 8228 national aeronautics and space administration may 1976,44,1,0.0392,0.04315392219047622
row-0000109,citation::andracchio charles r and thomas h cochran gravity effects on flame spreading over solid surfaces nasa technical note d 8228 national aeronautics and space administration may 1976,44,1,0.0143,0.02373881810317464
row-0000121,citation::andracchio charles r and thomas h cochran gravity effects on flame spreading over solid surfaces nasa technical note d 8228 national aeronautics and space administration may 1976,44,1,0.0045,0.008358078041436812
row-0000129,doi::10.1080/01457632.2025.2529751,44,1,0.00739,0.002478658680770873
row-0000134,doi::10.1016/j.proci.2016.06.025,44,1,0.0017,0.0014281930754954067
row-0000141,doi::10.1016/j.proci.2016.06.025,44,1,0.0012,0.0014299444605993035
row-0000151,doi::10.1016/j.proci.2016.06.025,44,1,0.0009,0.0014151054956870702
row-0000172,doi::10.1016/j.firesaf.2015.11.011,44,1,0.00415,0.004838930462798644
row-0000174,doi::10.1016/j.firesaf.2015.11.011,44,1,0.00405,0.004484935652399897
row-0000193,doi::10.1016/j.firesaf.2015.11.011,44,1,0.004,0.004749739609477177
row-0000259,doi::10.1016/j.combustflame.2020.12.005,44,1,0.143,0.12904150573492043
row-0000263,doi::10.1016/j.combustflame.2020.12.005,44,1,0.151,0.13126548293377138
row-0000264,doi::10.1016/j.combustflame.2020.12.005,44,1,0.211,0.13126548293377138
row-0000266,doi::10.5802/crmeca.149,44,1,0.0011,0.0014379266813161094
row-0000270,doi::10.5802/crmeca.149,44,1,0.00145,0.0014397706952900772
row-0000273,doi::10.5802/crmeca.149,44,1,0.0016,0.0014433154801847187
row-0000279,doi::10.5802/crmeca.149,44,1,0.00195,0.001451975529519923
row-0000285,doi::10.5802/crmeca.149,44,1,0.00127,0.001441824946670521
row-0000288,doi::10.5802/crmeca.149,44,1,0.00137,0.001443881011686158
row-0000302,doi::10.1016/s1540-7489(02)80211-3,44,1,0.012,0.013578643420177342
row-0000308,doi::10.1016/s1540-7489(02)80211-3,44,1,0.008,0.013638830776820696
row-0000311,doi::10.1016/s1540-7489(02)80211-3,44,1,0.0095,0.017219500560379873
row-0000314,doi::10.1016/s1540-7489(02)80211-3,44,1,0.0075,0.013541829644156381
row-0000366,doi::10.1016/s1540-7489(02)80310-8,44,1,0.00175,0.0014859823619471357
row-0000367,doi::10.1016/s1540-7489(02)80310-8,44,1,0.0019,0.0014812319314361942
row-0000371,doi::10.1016/s1540-7489(02)80310-8,44,1,0.0031,0.0026325848454383507
row-0000373,doi::10.1016/s1540-7489(02)80310-8,44,1,0.00375,0.0026833546242183326
row-0000377,doi::10.1016/s1540-7489(02)80310-8,44,1,0.0043,0.005079729592619661
row-0000430,citation::grayson g d k r sacksteder p v ferkul and j s t ien flame spreading over a thin solid in low speed concurrent flow drop tower experimental results and comparison with theory 0 science and technology vii 2 1994,44,1,0.003,0.004184993613411146
row-0000431,citation::grayson g d k r sacksteder p v ferkul and j s t ien flame spreading over a thin solid in low speed concurrent flow drop tower experimental results and comparison with theory 0 science and technology vii 2 1994,44,1,0.003,0.004184993613411146
row-0000439,citation::grayson g d k r sacksteder p v ferkul and j s t ien flame spreading over a thin solid in low speed concurrent flow drop tower experimental results and comparison with theory 0 science and technology vii 2 1994,44,1,0.0041,0.004834508344511335
row-0000440,citation::grayson g d k r sacksteder p v ferkul and j s t ien flame spreading over a thin solid in low speed concurrent flow drop tower experimental results and comparison with theory 0 science and technology vii 2 1994,44,1,0.0057,0.004777542081027115
row-0000443,citation::grayson g d k r sacksteder p v ferkul and j s t ien flame spreading over a thin solid in low speed concurrent flow drop tower experimental results and comparison with theory 0 science and technology vii 2 1994,44,1,0.0074,0.005113395115761548
row-0000459,doi::10.1016/j.combustflame.2020.07.044,44,1,0.0012,0.0014379266813161094
row-0000470,doi::10.1016/j.combustflame.2020.07.044,44,1,0.00135,0.001441824946670521
row-0000478,doi::10.1016/j.combustflame.2020.07.044,44,1,0.00167,0.001478625768551367
row-0000480,doi::10.1016/j.combustflame.2020.07.044,44,1,0.00154,0.0014463027829731882
row-0000484,doi::10.1016/j.combustflame.2020.07.044,44,1,0.00119,0.0014379266813161094
row-0000492,doi::10.1016/j.combustflame.2020.07.044,44,1,0.00136,0.001441824946670521
row-0000500,doi::10.1016/j.combustflame.2020.07.044,44,1,0.00122,0.001441824946670521
row-0000501,doi::10.1016/j.combustflame.2020.07.044,44,1,0.0014,0.0014479976801244664
row-0000504,doi::10.1016/j.combustflame.2020.07.044,44,1,0.00142,0.001443881011686158
row-0000506,doi::10.1016/j.combustflame.2020.07.044,44,1,0.00134,0.001443881011686158
row-0000507,doi::10.1016/j.combustflame.2020.07.044,44,1,0.00137,0.001443881011686158
row-0000511,doi::10.1016/j.combustflame.2020.07.044,44,1,0.00146,0.0014449582693129087
row-0000513,doi::10.1016/j.combustflame.2020.07.044,44,1,0.00146,0.0014449582693129087
row-0000515,doi::10.1016/j.combustflame.2020.07.044,44,1,0.00141,0.0014449582693129087
row-0000524,doi::10.1016/j.combustflame.2020.07.044,44,1,0.00115,0.0014379266813161094
row-0000525,doi::10.1016/j.combustflame.2020.07.044,44,1,0.00134,0.001441824946670521
row-0000526,doi::10.1016/j.combustflame.2020.07.044,44,1,0.00137,0.001441824946670521
row-0000530,doi::10.1016/j.combustflame.2020.07.044,44,1,0.00127,0.001441824946670521
row-0000531,doi::10.1016/j.combustflame.2020.07.044,44,1,0.00132,0.001441824946670521
row-0000540,doi::10.1016/j.combustflame.2020.07.044,44,1,0.00141,0.0014449582693129087
row-0000554,doi::10.1016/j.proci.2018.06.022,44,1,0.00024,0.0001730709508217598
row-0000574,doi::10.1016/j.proci.2018.06.022,44,1,7e-05,8.114089153156919e-05
row-0000583,doi::10.1016/j.proci.2018.06.022,44,1,9e-05,8.310030020508907e-05
row-0000584,doi::10.1016/j.proci.2018.06.022,44,1,9e-05,8.310030020508907e-05
row-0000587,doi::10.1016/j.proci.2018.06.022,44,1,6e-05,8.107923249266756e-05
row-0000598,doi::10.1016/j.proci.2018.06.022,44,1,1e-05,0.00021995139629501064
row-0000601,doi::10.1016/j.proci.2018.06.022,44,1,4e-05,8.217121230154942e-05
row-0000602,doi::10.1016/j.proci.2018.06.022,44,1,6e-05,8.217121230154942e-05
row-0000604,doi::10.1016/j.proci.2018.06.022,44,1,8e-05,8.217121230154942e-05
row-0000608,doi::10.1016/j.proci.2018.06.022,44,1,7e-05,8.217121230154942e-05
row-0000612,doi::10.1016/j.proci.2018.06.022,44,1,0.0001,8.23147944173741e-05
row-0000613,doi::10.1016/j.proci.2018.06.022,44,1,0.00012,8.23147944173741e-05
row-0000621,doi::10.1016/j.proci.2018.06.022,44,1,4e-05,8.205120143006796e-05
row-0000622,doi::10.1016/j.proci.2018.06.022,44,1,6e-05,8.205120143006796e-05
row-0000629,doi::10.1016/j.proci.2018.06.022,44,1,0.0001,8.211056794590507e-05
row-0000632,doi::10.1016/j.proci.2018.06.022,44,1,3e-05,8.161031130275461e-05
row-0000633,doi::10.1016/j.proci.2018.06.022,44,1,6e-05,8.161031130275461e-05
row-0000641,doi::10.1016/s0082-0784(98)80017-6,44,1,0.0038,0.0031886558720398903
row-0000646,doi::10.1016/s0082-0784(98)80017-6,44,1,0.0035,0.0031694287422048607
row-0000653,doi::10.1016/s0082-0784(98)80017-6,44,1,0.0048,0.0034543539432522743
row-0000657,doi::10.1016/s0082-0784(98)80017-6,44,1,0.0043,0.0032201769109912307
row-0000674,doi::10.1016/s0082-0784(98)80017-6,44,1,0.0027,0.0030663278309757316
row-0000677,citation::kimzey john howard flammability during weightlessness nasa technical memorandum nasa tm x 58001 may 1966,44,1,0.00203,0.005091193499056499
row-0000691,citation::kimzey john howard flammability during weightlessness nasa technical memorandum nasa tm x 58001 may 1966,44,1,0.01524,0.012349203968253996
row-0000696,citation::kimzey john howard flammability during weightlessness nasa technical memorandum nasa tm x 58001 may 1966,44,1,0.00102,0.0006691863650970356
row-0000704,doi::10.1016/j.combustflame.2008.05.023,44,1,0.002,0.00437063905028518
row-0000710,doi::10.1016/j.combustflame.2008.05.023,44,1,0.0027,0.004456698031507106
row-0000712,doi::10.1016/j.combustflame.2008.05.023,44,1,0.0029,0.009353609628815604
row-0000727,doi::10.1016/j.combustflame.2008.05.023,44,1,0.0025,0.0029740486808952516
row-0000735,doi::10.1016/j.combustflame.2008.05.023,44,1,0.0028,0.0030413126752212092
row-0000737,doi::10.1016/j.combustflame.2008.05.023,44,1,0.0041,0.0034045334335935347
row-0000744,doi::10.1016/j.combustflame.2008.05.023,44,1,0.006,0.003485825003488646
row-0000748,doi::10.1016/j.combustflame.2008.05.023,44,1,0.002,0.003139375997424275
row-0000750,doi::10.1016/j.combustflame.2008.05.023,44,1,0.0029,0.0034762008927845356
row-0000752,doi::10.1016/j.combustflame.2008.05.023,44,1,0.0036,0.003493934377633021
row-0000754,doi::10.1016/j.combustflame.2008.05.023,44,1,0.0039,0.003493934377633021
row-0000793,doi::10.1016/j.firesaf.2023.103989,44,1,0.0036,0.003031752016008972
row-0000816,doi::10.1016/j.firesaf.2023.103989,44,1,0.00225,0.003035865910623732
row-0000817,doi::10.1016/j.firesaf.2023.103989,44,1,0.00225,0.003035865910623732
row-0000827,doi::10.1016/j.firesaf.2023.103989,44,1,0.0027,0.003071256138549499
row-0000832,doi::10.1016/j.firesaf.2023.103989,44,1,0.0028,0.0031031129896365315
row-0000836,doi::10.1016/j.firesaf.2023.103989,44,1,0.0025,0.0031057418785254195
row-0000890,doi::10.1016/j.firesaf.2023.103989,44,1,0.0024,0.0029807089102557834
row-0000893,doi::10.1016/j.firesaf.2023.103989,44,1,0.0024,0.002968592183834315
row-0000895,doi::10.1016/j.firesaf.2023.103989,44,1,0.0028,0.002984942541166684
row-0000897,doi::10.1016/j.firesaf.2023.103989,44,1,0.0035,0.002994254981594287
row-0000900,doi::10.1016/j.firesaf.2023.103989,44,1,0.00175,0.0029990957774147617
row-0000901,doi::10.1016/j.firesaf.2023.103989,44,1,0.0024,0.003012056784589962
row-0000902,doi::10.1016/j.firesaf.2023.103989,44,1,0.0028,0.003021369225017563
row-0000910,doi::10.1016/j.firesaf.2023.103989,44,1,0.0022,0.003025497273061362
row-0000911,doi::10.1016/j.firesaf.2023.103989,44,1,0.0024,0.003025497273061362
row-0000913,doi::10.1016/j.firesaf.2023.103989,44,1,0.0025,0.0030709629450129967
row-0000926,doi::10.1016/j.firesaf.2023.103989,44,1,0.0028,0.0029984704606417635
row-0000930,doi::10.1016/j.firesaf.2023.103989,44,1,0.0031,0.0029875479360515966
row-0000932,doi::10.1016/j.firesaf.2023.103989,44,1,0.0026,0.0030044167362322624
row-0000933,doi::10.1016/j.firesaf.2023.103989,44,1,0.0025,0.0030044167362322624
row-0000941,doi::10.1016/j.firesaf.2023.103989,44,1,0.0026,0.0030227726191970387
row-0000942,doi::10.1016/j.firesaf.2023.103989,44,1,0.0024,0.0030327767886224005
row-0000943,doi::10.1016/j.firesaf.2023.103989,44,1,0.0024,0.0030327767886224005
row-0000945,doi::10.1016/j.firesaf.2023.103989,44,1,0.0018,0.0029175529592130995
row-0000952,doi::10.1016/j.firesaf.2023.103989,44,1,0.0025,0.003008141248926459
row-0000953,doi::10.1016/j.firesaf.2023.103989,44,1,0.0026,0.003008141248926459
row-0000954,doi::10.1016/j.firesaf.2023.103989,44,1,0.0027,0.003008141248926459
row-0000960,doi::10.1016/j.firesaf.2023.103989,44,1,0.004,0.0030277943932963745
row-0000963,doi::10.1016/j.firesaf.2023.103989,44,1,0.0038,0.003134077928718458
row-0000964,doi::10.1016/j.firesaf.2023.103989,44,1,0.0032,0.003134077928718458
row-0001029,doi::10.1016/j.firesaf.2023.103989,44,1,0.0032,0.003016338330183635
row-0001030,doi::10.1016/j.firesaf.2023.103989,44,1,0.0031,0.0030154331786684837
row-0001032,doi::10.1016/j.firesaf.2023.103989,44,1,0.0015,0.0029222996442048
row-0001036,doi::10.1016/j.firesaf.2023.103989,44,1,0.0025,0.003007610953919337
row-0001037,doi::10.1016/j.firesaf.2023.103989,44,1,0.00325,0.003007610953919337
row-0001040,doi::10.1016/j.firesaf.2023.103989,44,1,0.00225,0.002997869613639417
row-0001053,doi::10.1016/j.firesaf.2023.103989,44,1,0.0039,0.003134077928718458
row-0001061,doi::10.1016/j.firesaf.2023.103989,44,1,0.001,0.0018219544603794327
row-0001119,doi::10.1016/j.firesaf.2023.103989,44,1,0.0009,0.0018191069171440146
row-0001132,doi::10.1016/j.firesaf.2023.103989,44,1,0.0014,0.003860373191349247
row-0001133,doi::10.1016/j.firesaf.2023.103989,44,1,0.0014,0.004172715969087555
row-0001150,doi::10.1016/j.firesaf.2023.103989,44,1,0.0016,0.0017950701591535826
row-0001157,doi::10.1016/j.firesaf.2023.103989,44,1,0.0016,0.0018071403000420201
row-0001164,doi::10.1016/j.firesaf.2023.103989,44,1,0.0017,0.0018144441649985109
row-0001193,doi::10.1016/j.firesaf.2023.103989,44,1,0.0016,0.0014791211186115194
row-0001194,doi::10.1016/j.firesaf.2023.103989,44,1,0.0018,0.0014811771836271564
row-0001222,doi::10.1016/j.proci.2024.105199,44,1,0.0016,0.0014897194576158012
row-0001223,doi::10.1016/j.proci.2024.105199,44,1,0.0015,0.001493041967433514
row-0001226,doi::10.1016/j.proci.2024.105199,44,1,0.0021,0.0014928527802581888
row-0001227,doi::10.1016/j.proci.2024.105199,44,1,0.0021,0.0014961752900759016
row-0001338,doi::10.1016/j.proci.2022.07.002,44,1,0.0045,0.0030039187166778494
row-0001348,doi::10.1016/j.proci.2022.07.002,44,1,0.0052,0.0030326473954721263
row-0001356,doi::10.1016/j.proci.2022.07.002,44,1,0.0038,0.003005317090406288
row-0001365,doi::10.1016/j.proci.2022.07.002,44,1,0.002,0.003074497064222378
row-0001443,doi::10.1016/j.proci.2022.07.002,44,1,0.0023,0.001482254441253907
row-0001474,doi::10.1016/j.proci.2022.07.002,44,1,0.0011,0.0014711301092003453
row-0001482,doi::10.1016/j.proci.2022.07.002,44,1,0.0009,0.0014702948705413452
row-0001493,doi::10.1016/j.proci.2022.07.002,44,1,0.0017,0.001445452981152994
row-0001498,doi::10.1016/j.proci.2022.07.002,44,1,0.0012,0.0014379266813161094
row-0001501,doi::10.1016/j.proci.2022.07.002,44,1,0.0011,0.001439852131242715
row-0001582,doi::10.1016/j.proci.2024.105775,44,1,0.00606,0.008260575411709535
row-0001583,doi::10.1016/j.proci.2024.105775,44,1,0.00622,0.008260575411709535
row-0001586,doi::10.1016/j.proci.2024.105775,44,1,0.00751,0.008300409378344004
row-0001595,doi::10.1016/j.proci.2024.105775,44,1,0.00739,0.008289195433921712
row-0001603,doi::10.1016/j.proci.2024.105775,44,1,0.00669,0.00828447378527306
row-0001608,doi::10.1016/j.proci.2024.105775,44,1,0.00666,0.00828205259479687
row-0001612,doi::10.1016/j.proci.2024.105775,44,1,0.00594,0.008515709439017614
row-0001615,doi::10.1016/j.proci.2024.105775,44,1,0.00689,0.008565044592946597
row-0001617,doi::10.1016/j.proci.2024.105775,44,1,0.00865,0.008758366796736142
row-0001620,doi::10.1016/j.proci.2024.105775,44,1,0.01104,0.008737134971339317
row-0001624,doi::10.1016/j.proci.2024.105775,44,1,0.00857,0.008628825239587056
row-0001629,doi::10.1016/j.proci.2024.105775,44,1,0.01203,0.008874492235314248
row-0001633,doi::10.1016/j.proci.2024.105775,44,1,0.00801,0.008639887018363835
row-0001644,doi::10.1007/s12217-024-10147-3,44,1,0.00807,0.008302800729695355
row-0001646,doi::10.1007/s12217-024-10147-3,44,1,0.00739,0.008293054427118989
row-0001652,doi::10.1007/s12217-024-10147-3,44,1,0.00594,0.008498596331591437
row-0001653,doi::10.1007/s12217-024-10147-3,44,1,0.0061,0.008503076302605928
row-0001674,doi::10.1007/s12217-024-10147-3,44,1,0.00844,0.008693557963538651
row-0001744,doi::10.1038/s41598-017-18398-4,44,1,6e-05,8.225415006172975e-05
row-0001745,doi::10.1038/s41598-017-18398-4,44,1,7e-05,8.225415006172975e-05
row-0001748,doi::10.1038/s41598-017-18398-4,44,1,5e-05,8.219478354589264e-05
row-0001757,doi::10.1038/s41598-017-18398-4,44,1,8e-05,8.296868115747002e-05
row-0001762,doi::10.1038/s41598-017-18398-4,44,1,4e-05,7.729633385406558e-05
row-0001772,doi::10.1038/s41598-017-18398-4,44,1,3e-05,8.211056794590507e-05
row-0001801,doi::10.1038/s41598-017-18398-4,44,1,3e-05,8.225415006172975e-05
row-0001817,doi::10.1038/s41598-017-18398-4,44,1,6e-05,8.260064725793371e-05
row-0001821,doi::10.1038/s41598-017-18398-4,44,1,4e-05,8.230706878132696e-05
row-0001822,doi::10.1038/s41598-017-18398-4,44,1,5e-05,8.25389882190321e-05
row-0001832,doi::10.1038/s41598-017-18398-4,44,1,8e-05,8.310030020508907e-05
row-0001833,doi::10.1016/j.proci.2024.105766,44,1,0.007,0.009914669441554582
row-0001837,doi::10.1016/j.proci.2024.105766,44,1,0.012,0.010532745230155268
row-0001848,doi::10.1016/j.proci.2024.105766,44,1,0.0026,0.001550282147856061
row-0001851,doi::10.1016/j.proci.2024.105766,44,1,0.0027,0.0015602000965740097
row-0001852,doi::10.1016/j.proci.2024.105766,44,1,0.0026,0.0015590821478560608
row-0001863,doi::10.1016/j.firesaf.2024.104329,44,1,0.0025,0.0018175215718654121
row-0001891,doi::10.1016/j.firesaf.2024.104329,44,1,0.002,0.0018163569564807966
row-0001907,doi::10.1016/j.firesaf.2024.104329,44,1,0.00275,0.0018163569564807966
row-0001922,doi::10.1016/j.firesaf.2024.104329,44,1,0.00225,0.0018187944168711525
row-0001923,doi::10.1016/j.firesaf.2024.104329,44,1,0.002,0.0018163569564807966
row-0001939,doi::10.1016/j.firesaf.2024.104329,44,1,0.00195,0.0014557691971537712
row-0001948,doi::10.1016/j.firesaf.2024.104329,44,1,0.00205,0.0018146215384477072
row-0001951,doi::10.1016/j.firesaf.2024.104329,44,1,0.00225,0.0018146215384477072
row-0001953,doi::10.1016/j.firesaf.2024.104329,44,1,0.00155,0.0018128310243515212
row-0001959,doi::10.1016/j.firesaf.2024.104329,44,1,0.0024,0.0018128310243515212
row-0001963,doi::10.1016/j.firesaf.2024.104329,44,1,0.002,0.0018128310243515212
row-0002034,doi::10.1016/j.firesaf.2024.104329,44,1,0.0012,0.0008775532673714495
row-0002061,doi::10.1016/j.firesaf.2024.104329,44,1,0.00055,0.0006775079186906545
row-0002078,doi::10.1016/j.firesaf.2024.104329,44,1,0.00075,0.0007625365702118189
row-0002097,doi::10.1016/j.firesaf.2024.104329,44,1,0.0007,0.0007625365702118189
row-0002098,doi::10.1016/j.firesaf.2024.104329,44,1,0.00055,0.0007473638356065332
row-0002109,doi::10.1016/j.firesaf.2024.104329,44,1,0.0009,0.0006757485267686018
row-0002115,doi::10.1016/j.firesaf.2024.104329,44,1,0.00075,0.0006820566099583152
row-0002120,doi::10.1016/j.firesaf.2024.104329,44,1,0.00075,0.0007135656811957326
row-0002121,doi::10.1016/j.firesaf.2024.104329,44,1,0.0008,0.0007915408598028945
row-0002127,doi::10.1016/j.firesaf.2024.104329,44,1,0.00112,0.0007204548179334234
row-0002136,doi::10.1016/j.firesaf.2024.104329,44,1,0.00072,0.0007402872787081987
row-0002137,doi::10.1016/j.firesaf.2024.104329,44,1,0.00062,0.0006746642641170558
row-0002140,doi::10.1016/j.firesaf.2024.104329,44,1,0.00068,0.0007402872787081987
row-0002298,citation::meyer florian jan hei meier hans christoph ries and christian eigenbrod sooting behavior in concurrent and upward burning of cylindrical pmma samples 52nd international conference on environmental systems ices 2023 171 calgary canada 16 20 july 2023,44,1,0.00212,0.002042269345742765
row-0002448,doi::10.1016/j.proci.2018.05.007,44,1,0.0015,0.002931152843177128
row-0002451,doi::10.1016/j.proci.2018.05.007,44,1,0.003,0.002931152843177128
row-0002453,doi::10.1016/j.proci.2018.05.007,44,1,0.0026,0.0030158855700039653
row-0002454,doi::10.1016/j.proci.2018.05.007,44,1,0.0027,0.002931626951876031
row-0002455,doi::10.1016/j.proci.2018.05.007,44,1,0.0035,0.002931626951876031
row-0002461,doi::10.1016/j.proci.2018.05.007,44,1,0.0036,0.0030818154049058145
row-0002462,doi::10.1016/j.proci.2018.05.007,44,1,0.0014,0.001481501682589125
row-0002469,doi::10.1016/j.proci.2018.05.007,44,1,0.0024,0.001459932192710073
row-0002472,doi::10.1016/j.proci.2018.05.007,44,1,0.0026,0.0015006458996469694
row-0002475,doi::10.1016/j.proci.2018.05.007,44,1,0.0029,0.0015034906723742423
row-0002605,citation::nishizawa et al 2003 effect of low external flow on flame spreading over etfe wire under microgravity,44,1,0.0027,0.00307400133304197
row-0002611,doi::10.1016/j.combustflame.2009.01.015,44,1,0.00065,0.001410686574615653
row-0002613,doi::10.1016/j.combustflame.2009.01.015,44,1,0.00082,0.0014092565746156528
row-0002622,doi::10.1016/j.combustflame.2009.01.015,44,1,0.00083,0.0014133282979464155
row-0002632,doi::10.1016/j.combustflame.2009.01.015,44,1,0.0025,0.0014254341971636495
row-0002634,doi::10.1016/j.combustflame.2009.01.015,44,1,0.0026,0.0014240741971636496
row-0002636,doi::10.1016/j.combustflame.2009.01.015,44,1,0.0024,0.0014240741971636496
row-0002645,doi::10.1016/j.combustflame.2009.01.015,44,1,0.00086,0.0014099693164016448
row-0002646,doi::10.1016/j.combustflame.2009.01.015,44,1,0.0008,0.0014099693164016448
row-0002647,doi::10.1016/j.combustflame.2009.01.015,44,1,0.00072,0.0014099693164016448
row-0002658,doi::10.1016/j.combustflame.2009.01.015,44,1,0.00073,0.0014134649579157976
row-0002661,doi::10.1016/j.combustflame.2009.01.015,44,1,0.00093,0.0014171413215521608
row-0002662,doi::10.1016/j.combustflame.2009.01.015,44,1,0.0011,0.0014240670078266707
row-0002709,citation::friedman robert brian jackson and sandra olson testing and selection of fire resistant materials for spacecraft use nasa technical memorandum 2000 209773 mar 2000 nasa sti program office glenn research center cleveland ohio,44,1,0.0188,0.016113424174675327
row-0002710,citation::friedman robert brian jackson and sandra olson testing and selection of fire resistant materials for spacecraft use nasa technical memorandum 2000 209773 mar 2000 nasa sti program office glenn research center cleveland ohio,44,1,0.0184,0.016113424174675327
row-0002720,citation::friedman robert brian jackson and sandra olson testing and selection of fire resistant materials for spacecraft use nasa technical memorandum 2000 209773 mar 2000 nasa sti program office glenn research center cleveland ohio,44,1,0.0494,0.04250968393799842
row-0002723,citation::friedman robert brian jackson and sandra olson testing and selection of fire resistant materials for spacecraft use nasa technical memorandum 2000 209773 mar 2000 nasa sti program office glenn research center cleveland ohio,44,1,0.0613,0.056588713047948734
row-0002724,citation::friedman robert brian jackson and sandra olson testing and selection of fire resistant materials for spacecraft use nasa technical memorandum 2000 209773 mar 2000 nasa sti program office glenn research center cleveland ohio,44,1,0.0709,0.06943066288366893
row-0002725,citation::friedman robert brian jackson and sandra olson testing and selection of fire resistant materials for spacecraft use nasa technical memorandum 2000 209773 mar 2000 nasa sti program office glenn research center cleveland ohio,44,1,0.0674,0.06943066288366893
row-0002727,citation::friedman robert brian jackson and sandra olson testing and selection of fire resistant materials for spacecraft use nasa technical memorandum 2000 209773 mar 2000 nasa sti program office glenn research center cleveland ohio,44,1,0.0061,0.005284645683667241
row-0002728,citation::friedman robert brian jackson and sandra olson testing and selection of fire resistant materials for spacecraft use nasa technical memorandum 2000 209773 mar 2000 nasa sti program office glenn research center cleveland ohio,44,1,0.0075,0.008353163782606777
row-0002730,citation::friedman robert brian jackson and sandra olson testing and selection of fire resistant materials for spacecraft use nasa technical memorandum 2000 209773 mar 2000 nasa sti program office glenn research center cleveland ohio,44,1,0.0155,0.008638944875340029
row-0002732,citation::friedman robert brian jackson and sandra olson testing and selection of fire resistant materials for spacecraft use nasa technical memorandum 2000 209773 mar 2000 nasa sti program office glenn research center cleveland ohio,44,1,0.0154,0.008638944875340029
row-0002733,citation::friedman robert brian jackson and sandra olson testing and selection of fire resistant materials for spacecraft use nasa technical memorandum 2000 209773 mar 2000 nasa sti program office glenn research center cleveland ohio,44,1,0.0138,0.008638944875340029
row-0002746,citation::friedman robert brian jackson and sandra olson testing and selection of fire resistant materials for spacecraft use nasa technical memorandum 2000 209773 mar 2000 nasa sti program office glenn research center cleveland ohio,44,1,0.0054,0.009414958447120121
row-0002762,citation::friedman robert brian jackson and sandra olson testing and selection of fire resistant materials for spacecraft use nasa technical memorandum 2000 209773 mar 2000 nasa sti program office glenn research center cleveland ohio,44,1,0.0059,0.008586486442258436
row-0002763,citation::friedman robert brian jackson and sandra olson testing and selection of fire resistant materials for spacecraft use nasa technical memorandum 2000 209773 mar 2000 nasa sti program office glenn research center cleveland ohio,44,1,0.0067,0.008586486442258436
row-0002770,citation::friedman robert brian jackson and sandra olson testing and selection of fire resistant materials for spacecraft use nasa technical memorandum 2000 209773 mar 2000 nasa sti program office glenn research center cleveland ohio,44,1,0.018,0.024728889610540147
row-0002780,citation::friedman robert brian jackson and sandra olson testing and selection of fire resistant materials for spacecraft use nasa technical memorandum 2000 209773 mar 2000 nasa sti program office glenn research center cleveland ohio,44,1,0.021,0.03670821116104295
row-0002790,citation::olson s l and j s t ien near limit flame spread over a thin solid fuel in 0 symposium international on combustion vol 22 no 1 1988 pp 1213 1222 the combustion institute,44,1,0.01415,0.008719745146234276
row-0002795,citation::olson s l and j s t ien near limit flame spread over a thin solid fuel in 0 symposium international on combustion vol 22 no 1 1988 pp 1213 1222 the combustion institute,44,1,0.03622,0.03347210688701279
row-0002814,citation::olson s l and j s t ien near limit flame spread over a thin solid fuel in 0 symposium international on combustion vol 22 no 1 1988 pp 1213 1222 the combustion institute,44,1,0.00288,0.00528646693039278
row-0002815,citation::olson s l and j s t ien near limit flame spread over a thin solid fuel in 0 symposium international on combustion vol 22 no 1 1988 pp 1213 1222 the combustion institute,44,1,0.00329,0.005279341078744428
row-0002819,citation::olson s l and j s t ien near limit flame spread over a thin solid fuel in 0 symposium international on combustion vol 22 no 1 1988 pp 1213 1222 the combustion institute,44,1,0.00853,0.0085110004714874
row-0002820,citation::olson s l and j s t ien near limit flame spread over a thin solid fuel in 0 symposium international on combustion vol 22 no 1 1988 pp 1213 1222 the combustion institute,44,1,0.00915,0.008482559076868698
row-0002824,citation::olson s l and j s t ien near limit flame spread over a thin solid fuel in 0 symposium international on combustion vol 22 no 1 1988 pp 1213 1222 the combustion institute,44,1,0.01688,0.017184692815984642
row-0002830,citation::olson s l and j s t ien near limit flame spread over a thin solid fuel in 0 symposium international on combustion vol 22 no 1 1988 pp 1213 1222 the combustion institute,44,1,0.0026,0.008289481464867935
row-0002831,citation::olson s l and j s t ien near limit flame spread over a thin solid fuel in 0 symposium international on combustion vol 22 no 1 1988 pp 1213 1222 the combustion institute,44,1,0.00373,0.008667480396827382
row-0002833,citation::olson s l and j s t ien near limit flame spread over a thin solid fuel in 0 symposium international on combustion vol 22 no 1 1988 pp 1213 1222 the combustion institute,44,1,0.00471,0.010295815514248451
row-0002835,citation::olson s l and j s t ien near limit flame spread over a thin solid fuel in 0 symposium international on combustion vol 22 no 1 1988 pp 1213 1222 the combustion institute,44,1,0.00627,0.010293046342361513
row-0002840,citation::olson s l and j s t ien near limit flame spread over a thin solid fuel in 0 symposium international on combustion vol 22 no 1 1988 pp 1213 1222 the combustion institute,44,1,0.02183,0.022864502585927166
row-0002846,doi::10.1016/s0082-0784(89)80132-8,44,1,0.0054,0.003589144682049569
row-0002847,doi::10.1016/s0082-0784(89)80132-8,44,1,0.0087,0.008390762544664051
row-0002853,doi::10.1016/s0082-0784(89)80132-8,44,1,0.0036,0.00508822795735893
row-0002896,doi::10.1080/00102209108951711,44,1,0.01888,0.018772751714094794
row-0002902,doi::10.1080/00102209108951711,44,1,0.01417,0.009326182824183377
row-0002903,doi::10.1080/00102209108951711,44,1,0.01401,0.009326182824183377
row-0002904,doi::10.1080/00102209108951711,44,1,0.01327,0.00931541106660762
row-0002907,doi::10.1080/00102209108951711,44,1,0.00639,0.008937478671452663
row-0002910,doi::10.1080/00102209108951711,44,1,0.0188,0.01893191377571944
row-0002918,doi::10.1080/00102209108951711,44,1,0.0073,0.008941297004785994
row-0002993,doi::10.1016/j.combustflame.2009.01.015,44,1,0.034,0.027127738539804117
row-0002996,doi::10.1016/j.combustflame.2009.01.015,44,1,0.0071,0.00752248191102498
row-0003000,doi::10.1016/j.combustflame.2009.01.015,44,1,0.015,0.011921567920139634
row-0003001,doi::10.1016/j.combustflame.2009.01.015,44,1,0.0093,0.012721517563718282
row-0003011,doi::10.1016/j.combustflame.2009.01.015,44,1,0.037,0.026760945024824852
row-0003013,doi::10.1016/j.combustflame.2009.01.015,44,1,0.042,0.02733009969842335
row-0003016,doi::10.1016/j.combustflame.2009.01.015,44,1,0.014,0.019244703190855972
row-0003018,doi::10.1016/j.combustflame.2009.01.015,44,1,0.027,0.02579705148275564
row-0003029,doi::10.1016/s0010-2180(00)00249-2,44,1,0.0012,0.0014171743865232908
row-0003042,doi::10.1016/s0010-2180(00)00249-2,44,1,0.006,0.00270259146323869
row-0003043,doi::10.1016/s0010-2180(00)00249-2,44,1,0.0059,0.002778114724082637
row-0003048,doi::10.1016/s0010-2180(00)00249-2,44,1,0.0045,0.00411360646480381
row-0003049,doi::10.1016/s0010-2180(00)00249-2,44,1,0.0052,0.0042132320980847165
row-0003056,doi::10.1016/s0010-2180(00)00249-2,44,1,0.00082,0.0014171743865232908
row-0003058,doi::10.1016/s0010-2180(00)00249-2,44,1,0.00064,0.0014171743865232908
row-0003069,doi::10.1016/s0010-2180(00)00249-2,44,1,0.0019,0.0014171743865232908
row-0003075,doi::10.1016/j.combustflame.2018.10.012,44,1,0.00187,0.0014346130989102716
row-0003078,doi::10.1016/j.combustflame.2018.10.012,44,1,0.00314,0.0014524319840141682
row-0003083,doi::10.1016/j.combustflame.2018.10.012,44,1,0.00114,0.0014268559496276908
row-0003091,doi::10.1016/j.combustflame.2018.10.012,44,1,0.00123,0.0016643583691608405
row-0003092,doi::10.1016/j.combustflame.2018.10.012,44,1,0.00094,0.002420670633300497
row-0003098,doi::10.1080/00102200490276773,44,1,0.012,0.010215323345519533
row-0003102,doi::10.1080/00102200490276773,44,1,0.013,0.012521241198064576
row-0003104,doi::10.1080/00102200490276773,44,1,0.014,0.014779482531397943
row-0003109,doi::10.1080/00102200490276773,44,1,0.019,0.018787880540055896
row-0003111,doi::10.1080/00102200490276773,44,1,0.022,0.02241532420952362
row-0003116,doi::10.1080/00102200490276773,44,1,0.026,0.025137814685714088
row-0003123,doi::10.1080/00102200490276773,44,1,0.023,0.02401283055245723
row-0003126,doi::10.1080/00102200490276773,44,1,0.023,0.024782812552457206
row-0003130,doi::10.1080/00102200490276773,44,1,0.027,0.026406085310351664
row-0003140,doi::10.1080/00102200490276773,44,1,0.059,0.05885616269841291
row-0003152,doi::10.1016/j.combustflame.2022.112559,44,1,0.0021,0.0019678782720189826
row-0003157,doi::10.1016/j.combustflame.2022.112559,44,1,0.0051,0.001983595268975431
row-0003158,doi::10.1016/j.proci.2024.105358,44,1,0.00145,0.0014315029137494726
row-0003175,doi::10.1016/j.proci.2024.105358,44,1,0.00235,0.0021755157932496355
row-0003180,doi::10.1016/j.proci.2024.105358,44,1,0.0029,0.0027729763438121436
row-0003189,doi::10.1016/j.proci.2024.105358,44,1,0.0025,0.002592274202444265
row-0003206,doi::10.1016/j.combustflame.2022.112009,44,1,0.0014,0.0014652152394092422
row-0003211,doi::10.1016/j.combustflame.2022.112009,44,1,0.001,0.0014300513176665301
row-0003223,doi::10.1016/j.combustflame.2022.112009,44,1,0.00079,0.001423669021072773
row-0003230,doi::10.1016/j.combustflame.2022.112009,44,1,0.00044,0.0014176991343188322
row-0003234,doi::10.1016/j.combustflame.2022.112009,44,1,0.00055,0.0014180151343188324
row-0003235,doi::10.1016/j.combustflame.2022.112009,44,1,0.00048,0.0014180151343188324
row-0003245,doi::10.1016/j.combustflame.2022.112009,44,1,0.006,0.004111551468882194
row-0003247,doi::10.1016/j.combustflame.2022.112009,44,1,0.0053,0.004216685531724414
row-0003391,doi::10.1016/s0082-0784(06)80816-7,44,1,0.01254,0.009612360939111476
row-0003393,doi::10.1016/s0082-0784(06)80816-7,44,1,0.01341,0.00967068478942783
row-0003397,doi::10.1016/s0082-0784(06)80816-7,44,1,0.01057,0.0094514125412419
row-0003402,doi::10.1016/s0082-0784(06)80816-7,44,1,0.00812,0.009350918379403736
row-0003403,doi::10.1016/s0082-0784(06)80816-7,44,1,0.00769,0.009350918379403736
row-0003404,doi::10.1016/s0082-0784(06)80816-7,44,1,0.00874,0.008718854895267289
row-0003405,doi::10.1016/s0082-0784(06)80816-7,44,1,0.00869,0.008718854895267289
row-0003411,doi::10.1016/s0082-0784(06)80816-7,44,1,0.00648,0.005782208990951137
row-0003414,doi::10.1016/s0082-0784(06)80816-7,44,1,0.00591,0.005704023836780143
row-0003415,doi::10.1016/s0082-0784(06)80816-7,44,1,0.00553,0.005689259074875381
row-0003423,doi::10.1016/s0082-0784(06)80816-7,44,1,0.00317,0.005375385003143262
row-0003428,citation::s nchez tarifa c and b l zaro experiments conducted on combustion at microgravity in the texus 38 sounding rocket results and conclusions first international symposium on microgravity research and applications on physical sciences and biotechnology 2000,44,1,0.00069,0.000527468986914303
row-0003430,citation::s nchez tarifa c and b l zaro experiments conducted on combustion at microgravity in the texus 38 sounding rocket results and conclusions first international symposium on microgravity research and applications on physical sciences and biotechnology 2000,44,1,0.00081,0.0005106301353513959
row-0003438,citation::s nchez tarifa c and g l pez juste a study of the combustion problems of solid materials at conditions existing in space stations esa sp 433 1999,44,1,0.00085,0.0006413671392263757
row-0003441,citation::s nchez tarifa c and g l pez juste a study of the combustion problems of solid materials at conditions existing in space stations esa sp 433 1999,44,1,0.00105,0.0007150415292423707
row-0003443,citation::s nchez tarifa c and m rodr guez combustion and flammability characteristics of solids at microgravity in very small velocity flows second european symposium on utilisation of the international space station nov 1998,44,1,0.0002,0.0003151197875636812
row-0003455,doi::10.1007/s12217-024-10106-y,44,1,4e-05,0.00014816880563605833
row-0003466,doi::10.1007/s12217-024-10106-y,44,1,0.00125,0.0017586711329971793
row-0003468,doi::10.1007/s12217-024-10106-y,44,1,0.00108,0.0017586711329971793
row-0003472,doi::10.1007/s12217-024-10106-y,44,1,0.00125,0.0017562336726068236
row-0003477,doi::10.1016/s1540-7489(02)80315-7,44,1,0.03293,0.03761588693218509
row-0003485,doi::10.1016/s1540-7489(02)80315-7,44,1,0.01869,0.020722691121429427
row-0003494,doi::10.1016/s1540-7489(02)80315-7,44,1,0.04897,0.046874471019037856
row-0003497,doi::10.1016/s1540-7489(02)80315-7,44,1,0.06137,0.03697320844528368
row-0003499,doi::10.1016/s1540-7489(02)80315-7,44,1,0.014,0.02904389216154529
row-0003502,doi::10.1016/s1540-7489(02)80315-7,44,1,0.047,0.03590734506919693
row-0003503,doi::10.1016/s1540-7489(02)80315-7,44,1,0.045,0.03751551075340167
row-0003513,doi::10.1016/s1540-7489(02)80315-7,44,1,0.034,0.031498264858539717
row-0003521,citation::son youngjin paul d ronney and suleyman gokoglu comparison of carbon dioxide and helium as fire extinguishing agents for spacecraft nasa cp 2004 213205 vol2 2004 pp 409 418,44,1,0.021,0.017511215738316786
row-0003529,citation::son youngjin paul d ronney and suleyman gokoglu comparison of carbon dioxide and helium as fire extinguishing agents for spacecraft nasa cp 2004 213205 vol2 2004 pp 409 418,44,1,0.0028,0.0072794371159827145
row-0003533,citation::son youngjin paul d ronney and suleyman gokoglu comparison of carbon dioxide and helium as fire extinguishing agents for spacecraft nasa cp 2004 213205 vol2 2004 pp 409 418,44,1,0.062,0.07599311434772683
row-0003546,citation::son youngjin paul d ronney and suleyman gokoglu comparison of carbon dioxide and helium as fire extinguishing agents for spacecraft nasa cp 2004 213205 vol2 2004 pp 409 418,44,1,0.0175,0.016830723160996115
row-0003550,citation::son youngjin paul d ronney and suleyman gokoglu comparison of carbon dioxide and helium as fire extinguishing agents for spacecraft nasa cp 2004 213205 vol2 2004 pp 409 418,44,1,0.01694,0.03011917945178098
row-0003551,citation::son youngjin paul d ronney and suleyman gokoglu comparison of carbon dioxide and helium as fire extinguishing agents for spacecraft nasa cp 2004 213205 vol2 2004 pp 409 418,44,1,0.0075,0.023950217379833598
row-0003552,citation::son youngjin paul d ronney and suleyman gokoglu comparison of carbon dioxide and helium as fire extinguishing agents for spacecraft nasa cp 2004 213205 vol2 2004 pp 409 418,44,1,0.02859,0.015563813872214366
row-0003557,citation::son youngjin paul d ronney and suleyman gokoglu comparison of carbon dioxide and helium as fire extinguishing agents for spacecraft nasa cp 2004 213205 vol2 2004 pp 409 418,44,1,0.01495,0.017426859907690856
row-0003558,citation::son youngjin paul d ronney and suleyman gokoglu comparison of carbon dioxide and helium as fire extinguishing agents for spacecraft nasa cp 2004 213205 vol2 2004 pp 409 418,44,1,0.00895,0.016752152470805665
row-0003561,citation::son youngjin paul d ronney and suleyman gokoglu comparison of carbon dioxide and helium as fire extinguishing agents for spacecraft nasa cp 2004 213205 vol2 2004 pp 409 418,44,1,0.00718,0.01979236638268172
row-0003562,citation::son youngjin paul d ronney and suleyman gokoglu comparison of carbon dioxide and helium as fire extinguishing agents for spacecraft nasa cp 2004 213205 vol2 2004 pp 409 418,44,1,0.00855,0.020478502285836916
row-0003582,citation::son youngjin paul d ronney and suleyman gokoglu comparison of carbon dioxide and helium as fire extinguishing agents for spacecraft nasa cp 2004 213205 vol2 2004 pp 409 418,44,1,0.04405,0.0371506119925598
row-0003589,citation::son youngjin paul d ronney and suleyman gokoglu comparison of carbon dioxide and helium as fire extinguishing agents for spacecraft nasa cp 2004 213205 vol2 2004 pp 409 418,44,1,0.02049,0.013432664825871653
row-0003599,citation::son youngjin paul d ronney and suleyman gokoglu comparison of carbon dioxide and helium as fire extinguishing agents for spacecraft nasa cp 2004 213205 vol2 2004 pp 409 418,44,1,0.0217,0.01610211228361414
row-0003600,citation::son youngjin paul d ronney and suleyman gokoglu comparison of carbon dioxide and helium as fire extinguishing agents for spacecraft nasa cp 2004 213205 vol2 2004 pp 409 418,44,1,0.0183,0.014111767806529755
row-0003601,citation::son youngjin paul d ronney and suleyman gokoglu comparison of carbon dioxide and helium as fire extinguishing agents for spacecraft nasa cp 2004 213205 vol2 2004 pp 409 418,44,1,0.00435,0.00898924521042997
row-0003606,citation::son youngjin paul d ronney and suleyman gokoglu comparison of carbon dioxide and helium as fire extinguishing agents for spacecraft nasa cp 2004 213205 vol2 2004 pp 409 418,44,1,0.01583,0.020385905756339872
row-0003607,citation::son youngjin paul d ronney and suleyman gokoglu comparison of carbon dioxide and helium as fire extinguishing agents for spacecraft nasa cp 2004 213205 vol2 2004 pp 409 418,44,1,0.00735,0.013698892227562662
row-0003635,doi::10.1016/j.proci.2014.07.017,44,1,0.00071,0.001385918615985636
row-0003640,doi::10.1016/j.proci.2014.07.017,44,1,0.00122,0.0013977798353291728
row-0003641,doi::10.1016/j.proci.2014.07.017,44,1,0.00125,0.0013890523316719109
row-0003642,doi::10.1016/j.proci.2014.07.017,44,1,0.00134,0.0013953119983385772
row-0003644,doi::10.1016/j.proci.2014.07.017,44,1,0.00115,0.00139994355250089
row-0003650,doi::10.1016/j.proci.2014.07.017,44,1,0.0001,0.0014115502106969134
row-0003658,doi::10.1016/j.proci.2014.07.017,44,1,0.00107,0.0014162984453753528
row-0003659,doi::10.1016/j.proci.2014.07.017,44,1,0.00111,0.0014115502106969134
row-0003662,doi::10.1016/j.proci.2014.07.017,44,1,0.00295,0.0014399893797106497
row-0003674,doi::10.1016/j.proci.2014.07.017,44,1,0.00428,0.0027900782849811377
row-0003677,doi::10.1016/j.proci.2014.07.017,44,1,1e-05,0.001465086578975701
row-0003683,doi::10.1016/j.proci.2014.07.017,44,1,0.00033,0.0015302111314616999
row-0003688,doi::10.1016/j.proci.2014.07.017,44,1,0.00079,0.0014673392176859316
row-0003690,doi::10.1016/j.proci.2014.07.017,44,1,0.00101,0.0015302111314616999
row-0003691,doi::10.1016/j.proci.2014.07.017,44,1,0.00115,0.0015302111314616999
row-0003692,doi::10.1016/j.proci.2014.07.017,44,1,0.00115,0.0015457425955547597
row-0003695,doi::10.1016/j.proci.2014.07.017,44,1,0.00104,0.0015457425955547597
row-0003702,doi::10.1016/j.proci.2014.07.017,44,1,0.00185,0.001779075622030937
row-0003717,doi::10.1016/j.proci.2014.07.017,44,1,0.00067,0.0014044109415007812
row-0003730,doi::10.1016/j.proci.2014.07.017,44,1,0.0008,0.0014044109415007812
row-0003755,doi::10.1016/j.proci.2014.07.017,44,1,0.00097,0.001465086578975701
row-0003756,doi::10.1016/j.proci.2014.07.017,44,1,0.00075,0.0014544205771430416
row-0003759,doi::10.1016/j.proci.2014.07.017,44,1,0.00035,0.0013983415097210984
row-0003762,doi::10.1016/j.proci.2014.07.017,44,1,0.00117,0.001465086578975701
row-0003772,doi::10.1016/j.proci.2014.07.017,44,1,0.00048,0.001465086578975701
row-0004084,citation::takahashi shuhei takeshi nagumo kazunori wakai and subrata bhattacharjee effects of ambient condition on flame spread over a thin pmma sheet jsme international journal series b 43 4 2000 556 562,44,1,0.0611,0.05198121613492091
row-0004091,citation::takahashi shuhei takeshi nagumo kazunori wakai and subrata bhattacharjee effects of ambient condition on flame spread over a thin pmma sheet jsme international journal series b 43 4 2000 556 562,44,1,0.01953,0.02254840612265522
row-0004093,citation::takahashi shuhei takeshi nagumo kazunori wakai and subrata bhattacharjee effects of ambient condition on flame spread over a thin pmma sheet jsme international journal series b 43 4 2000 556 562,44,1,0.0098,0.011595190183705523
row-0004094,citation::takahashi shuhei takeshi nagumo kazunori wakai and subrata bhattacharjee effects of ambient condition on flame spread over a thin pmma sheet jsme international journal series b 43 4 2000 556 562,44,1,0.00861,0.011593552652681015
row-0004095,citation::takahashi shuhei takeshi nagumo kazunori wakai and subrata bhattacharjee effects of ambient condition on flame spread over a thin pmma sheet jsme international journal series b 43 4 2000 556 562,44,1,0.00426,0.01010992217303221
row-0004096,citation::takahashi shuhei takeshi nagumo kazunori wakai and subrata bhattacharjee effects of ambient condition on flame spread over a thin pmma sheet jsme international journal series b 43 4 2000 556 562,44,1,0.00347,0.002635693581006764
row-0004099,citation::takahashi shuhei takeshi nagumo kazunori wakai and subrata bhattacharjee effects of ambient condition on flame spread over a thin pmma sheet jsme international journal series b 43 4 2000 556 562,44,1,0.00143,0.0014619951613004188
row-0004100,citation::takahashi shuhei takeshi nagumo kazunori wakai and subrata bhattacharjee effects of ambient condition on flame spread over a thin pmma sheet jsme international journal series b 43 4 2000 556 562,44,1,0.0008,0.001422495202988305
row-0004101,citation::takahashi shuhei takeshi nagumo kazunori wakai and subrata bhattacharjee effects of ambient condition on flame spread over a thin pmma sheet jsme international journal series b 43 4 2000 556 562,44,1,0.00071,0.001422495202988305
row-0004107,citation::takahashi shuhei takeshi nagumo kazunori wakai and subrata bhattacharjee effects of ambient condition on flame spread over a thin pmma sheet jsme international journal series b 43 4 2000 556 562,44,1,0.00092,0.0014308717054040306
row-0004113,citation::takahashi shuhei takeshi nagumo kazunori wakai and subrata bhattacharjee effects of ambient condition on flame spread over a thin pmma sheet jsme international journal series b 43 4 2000 556 562,44,1,0.00028,0.0014194534541632393
row-0004123,citation::takahashi shuhei takeshi nagumo kazunori wakai and subrata bhattacharjee effects of ambient condition on flame spread over a thin pmma sheet jsme international journal series b 43 4 2000 556 562,44,1,0.00104,0.0009092303838551004
row-0004137,citation::takahashi shuhei takeshi nagumo kazunori wakai and subrata bhattacharjee effects of ambient condition on flame spread over a thin pmma sheet jsme international journal series b 43 4 2000 556 562,44,1,0.00022,0.0003786205382468558
row-0004146,citation::takahashi shuhei takeshi nagumo kazunori wakai and subrata bhattacharjee effects of ambient condition on flame spread over a thin pmma sheet jsme international journal series b 43 4 2000 556 562,44,1,0.02681,0.020128480907647878
row-0004151,citation::takahashi shuhei takeshi nagumo kazunori wakai and subrata bhattacharjee effects of ambient condition on flame spread over a thin pmma sheet jsme international journal series b 43 4 2000 556 562,44,1,0.0049,0.0045802387776855405
row-0004152,citation::takahashi shuhei takeshi nagumo kazunori wakai and subrata bhattacharjee effects of ambient condition on flame spread over a thin pmma sheet jsme international journal series b 43 4 2000 556 562,44,1,0.00425,0.004756680621601563
row-0004225,citation::takahashi shuhei et al effect of ambient gas on flame spread over a solid material in microgravity journal of the japanese society for microgravity application vol 24 no 3 2007 pp 225 230,44,1,0.0068,0.0026564218631998475
row-0004228,citation::takahashi shuhei et al effect of ambient gas on flame spread over a solid material in microgravity journal of the japanese society for microgravity application vol 24 no 3 2007 pp 225 230,44,1,0.0032,0.0014616814433253218
row-0004230,doi::10.1016/j.proci.2018.06.022,44,1,0.0016,0.0014644681761739919
row-0004243,doi::10.1016/j.proci.2018.06.022,44,1,0.0043,0.0037845499419714287
row-0004246,doi::10.1016/j.proci.2018.06.022,44,1,0.00407,0.0038300718810446058
row-0004249,doi::10.1016/j.proci.2018.06.022,44,1,0.00267,0.0037692397710955687
row-0004254,doi::10.1016/j.proci.2018.06.022,44,1,0.00505,0.004566750446749314
row-0004257,doi::10.1016/j.proci.2018.06.022,44,1,0.00316,0.003946548158171876
row-0004260,doi::10.1016/j.proci.2018.06.022,44,1,0.00327,0.003954883398498499
row-0004264,doi::10.1016/j.proci.2018.06.022,44,1,0.00422,0.004543077277046687
row-0004265,doi::10.1016/j.proci.2018.06.022,44,1,0.00485,0.00458680908428521
row-0004269,doi::10.1016/j.proci.2018.06.022,44,1,0.00294,0.0038922406818586667
row-0004271,doi::10.1016/j.proci.2018.06.022,44,1,0.00488,0.003873793175905727
row-0004278,doi::10.1016/j.proci.2018.06.022,44,1,0.00238,0.002417125783440844
row-0004286,doi::10.1016/j.proci.2018.06.022,44,1,0.00078,0.0025639247474031953
row-0004288,doi::10.1016/j.proci.2018.06.022,44,1,0.00033,0.002582417358677482
row-0004289,doi::10.1016/j.proci.2018.06.022,44,1,0.00132,0.002571111020589007
row-0004295,doi::10.1016/j.proci.2018.06.022,44,1,0.00125,0.0022898207231238097
row-0004296,doi::10.1016/j.proci.2018.06.022,44,1,0.00152,0.0022898207231238097
row-0004303,doi::10.1016/j.proci.2018.06.022,44,1,0.00353,0.002362725831514315
row-0004307,doi::10.1016/j.proci.2018.06.022,44,1,0.00047,0.0014302171751706977
row-0004315,doi::10.1038/s41598-017-18398-4,44,1,0.00178,0.001419792313851129
row-0004321,doi::10.1038/s41598-017-18398-4,44,1,0.00169,0.001424581379446577
row-0004323,doi::10.1038/s41598-017-18398-4,44,1,0.00103,0.001428044872114025
row-0004332,doi::10.1038/s41598-017-18398-4,44,1,0.00163,0.0014244790763899035
row-0004343,doi::10.1016/s1540-7489(02)80314-5,44,1,0.03828,0.040580792647058994
row-0004360,doi::10.1016/s1540-7489(02)80314-5,44,1,0.02371,0.022635046695611543
row-0004377,doi::10.1016/s1540-7489(02)80314-5,44,1,0.0075,0.009650155487189156
row-0004378,doi::10.1016/s1540-7489(02)80314-5,44,1,0.00947,0.010007518855321028
row-0004384,doi::10.1016/s1540-7489(02)80314-5,44,1,0.00459,0.005945728487993498
row-0004385,doi::10.1016/s1540-7489(02)80314-5,44,1,0.00349,0.00581630486000384
row-0004399,doi::10.1016/s1540-7489(02)80314-5,44,1,0.00321,0.0039663068703385375
row-0004400,doi::10.1016/s1540-7489(02)80314-5,44,1,0.00327,0.003983052577885706
row-0004401,doi::10.1016/s1540-7489(02)80314-5,44,1,0.00339,0.004208693295883905
row-0004403,doi::10.1016/s1540-7489(02)80314-5,44,1,0.00426,0.004208693295883905
row-0004404,doi::10.1016/s1540-7489(02)80314-5,44,1,0.00376,0.004269233840545431
row-0004411,doi::10.1016/s1540-7489(02)80314-5,44,1,0.00424,0.004542817448102742
row-0004413,doi::10.1016/s1540-7489(02)80314-5,44,1,0.00213,0.0025894224037768636
row-0004414,doi::10.1016/s1540-7489(02)80314-5,44,1,0.00189,0.0025756217175023533
row-0004415,doi::10.1016/s1540-7489(02)80314-5,44,1,0.00217,0.0025756217175023533
row-0004420,doi::10.1016/s1540-7489(02)80314-5,44,1,0.00262,0.0026241374478559766
row-0004434,citation::urban david l interactions between flames on parallel solid surfaces nasa 0 combustion workshop n96 15588 1997,44,1,0.00896,0.011559017262750477
row-0004441,citation::urban david l interactions between flames on parallel solid surfaces nasa 0 combustion workshop n96 15588 1997,44,1,0.01497,0.013631418803290786
row-0004746,doi::10.1007/s10694-019-00878-w,44,1,0.0116,0.021993892380952406
row-0004758,doi::10.1007/s12217-015-9419-z,44,1,0.01325,0.010430329408573576
row-0004760,doi::10.1007/s12217-015-9419-z,44,1,0.0117,0.010430329408573576
row-0004761,doi::10.1007/s12217-015-9419-z,44,1,0.0114,0.010430329408573576
row-0004775,doi::10.1007/s10694-019-00896-8,44,1,0.0001,0.00011312507282372983
row-0004781,doi::10.1007/s10694-019-00896-8,44,1,0.00051,0.0004483367295256187
row-0004793,doi::10.1007/s10694-019-00896-8,44,1,0.0014,0.0013600720690545166
row-0004795,doi::10.1007/s10694-019-00896-8,44,1,0.0014,0.001369199386710716
row-0004800,doi::10.1007/s10694-019-00896-8,44,1,0.0018,0.0014648803769405955
row-0004801,doi::10.1007/s10694-019-00896-8,44,1,0.002,0.0015514972568352102
row-0004804,doi::10.1007/s10694-019-00896-8,44,1,0.0023,0.00173329953100417
row-0004830,doi::10.1007/s10694-019-00896-8,44,1,0.00013,0.00020841098973750863
row-0004831,doi::10.1007/s10694-019-00896-8,44,1,0.0004,0.00043565939688597474
row-0004837,doi::10.1007/s10694-019-00896-8,44,1,0.00016,0.00011653512813895303
row-0004838,doi::10.1007/s10694-019-00896-8,44,1,0.00016,0.00011443964137000416
row-0004839,doi::10.1007/s10694-019-00896-8,44,1,0.00012,0.00011382622577699589
row-0004840,doi::10.1007/s10694-019-00896-8,44,1,0.00011,0.00011178764290484493
row-0004842,doi::10.1007/s10694-019-00896-8,44,1,0.00054,0.0004517550588510551
row-0004844,doi::10.1007/s10694-019-00896-8,44,1,0.00056,0.00044867178380467306
row-0004853,doi::10.1007/s10694-019-00896-8,44,1,0.00055,0.0004559410716068793
row-0004859,doi::10.1007/s10694-019-00896-8,44,1,0.0014,0.0013942277672242087
row-0004861,doi::10.1007/s10694-019-00896-8,44,1,0.0017,0.001466203710273929
row-0004912,doi::10.1016/j.proci.2024.105199,44,1,0.0038,0.004636050617034824
row-0004930,doi::10.1016/j.proci.2024.105199,44,1,0.00225,0.0015209569821312057
row-0004938,doi::10.1016/j.proci.2016.06.028,44,1,0.00275,0.001431785114697098
row-0004943,doi::10.1016/j.proci.2016.06.028,44,1,0.001,0.0014084054628937994
row-0004991,doi::10.1007/s12217-018-9655-0,44,1,0.00016,0.00034780755626767564
row-0004992,doi::10.1007/s12217-018-9655-0,44,1,2e-05,0.00033912755553737624
row-0004997,doi::10.1007/s12217-018-9655-0,44,1,0.00048,0.0002820846953777098
row-0005003,doi::10.1007/s12217-018-9655-0,44,1,0.00026,0.00040498572744907
row-0005006,doi::10.1007/s12217-018-9655-0,44,1,0.00051,0.00040420452542886797
row-0005015,doi::10.1007/s12217-018-9655-0,44,1,0.00022,0.0002813034933575079
row-0005019,doi::10.1007/s12217-018-9655-0,44,1,6e-05,0.00017307459240352552
row-0005032,doi::10.1007/s12217-018-9655-0,44,1,3e-05,8.93594549341618e-05
row-0005036,doi::10.1007/s12217-022-09945-4,44,1,0.0125,0.01390425227817461
row-0005038,doi::10.1007/s12217-022-09945-4,44,1,0.0095,0.01171900208186497
row-0005040,doi::10.1007/s12217-022-09945-4,44,1,0.0065,0.00863103062026423
row-0005041,doi::10.1007/s12217-022-09945-4,44,1,0.003,0.00776111021746295
row-0005044,doi::10.1016/j.combustflame.2019.03.040,44,1,0.00015,0.000340437038997401
row-0005050,doi::10.1016/j.combustflame.2019.03.040,44,1,2e-05,0.0003312281565007199
row-0005053,doi::10.1016/j.combustflame.2019.03.040,44,1,2e-05,0.0002440495331411467
row-0000005,citation::andracchio charles r and john c aydelott comparison of flame spreading over thin flat surfaces in normal gravity and weightlessness in an oxygen environment nasa technical memorandum nasa tm x 1992 1970,44,2,0.06,0.057007661645021704
row-0000012,citation::andracchio charles r and john c aydelott comparison of flame spreading over thin flat surfaces in normal gravity and weightlessness in an oxygen environment nasa technical memorandum nasa tm x 1992 1970,44,2,0.023,0.02227330898290602
row-0000016,citation::andracchio charles r and john c aydelott comparison of flame spreading over thin flat surfaces in normal gravity and weightlessness in an oxygen environment nasa technical memorandum nasa tm x 1992 1970,44,2,0.09,0.09090919047619096
row-0000022,citation::andracchio charles r and john c aydelott comparison of flame spreading over thin flat surfaces in normal gravity and weightlessness in an oxygen environment nasa technical memorandum nasa tm x 1992 1970,44,2,0.093,0.09619341380952327
row-0000025,citation::andracchio charles r and john c aydelott comparison of flame spreading over thin flat surfaces in normal gravity and weightlessness in an oxygen environment nasa technical memorandum nasa tm x 1992 1970,44,2,0.102,0.10612441523809485
row-0000041,citation::andracchio charles r and thomas h cochran burning of solids in oxygen rich environments in normal and reduced gravity nasa technical memorandum x 3055 national aeronautics and space administration may 1974,44,2,0.032,0.03239367490476191
row-0000046,citation::andracchio charles r and thomas h cochran burning of solids in oxygen rich environments in normal and reduced gravity nasa technical memorandum x 3055 national aeronautics and space administration may 1974,44,2,0.097,0.08675539999999948
row-0000057,citation::andracchio charles r and thomas h cochran gravity effects on flame spreading over solid surfaces nasa technical note d 8228 national aeronautics and space administration may 1976,44,2,0.0263,0.02839760474891784
row-0000058,citation::andracchio charles r and thomas h cochran gravity effects on flame spreading over solid surfaces nasa technical note d 8228 national aeronautics and space administration may 1976,44,2,0.0162,0.0192654466666667
row-0000061,citation::andracchio charles r and thomas h cochran gravity effects on flame spreading over solid surfaces nasa technical note d 8228 national aeronautics and space administration may 1976,44,2,0.022,0.023774285557535402
row-0000062,citation::andracchio charles r and thomas h cochran gravity effects on flame spreading over solid surfaces nasa technical note d 8228 national aeronautics and space administration may 1976,44,2,0.0127,0.01791256138870419
row-0000065,citation::andracchio charles r and thomas h cochran gravity effects on flame spreading over solid surfaces nasa technical note d 8228 national aeronautics and space administration may 1976,44,2,0.0198,0.01390728060462938
row-0000067,citation::andracchio charles r and thomas h cochran gravity effects on flame spreading over solid surfaces nasa technical note d 8228 national aeronautics and space administration may 1976,44,2,0.0224,0.017277162780190355
row-0000071,citation::andracchio charles r and thomas h cochran gravity effects on flame spreading over solid surfaces nasa technical note d 8228 national aeronautics and space administration may 1976,44,2,0.0054,0.013600772983894161
row-0000072,citation::andracchio charles r and thomas h cochran gravity effects on flame spreading over solid surfaces nasa technical note d 8228 national aeronautics and space administration may 1976,44,2,0.067,0.06305450164502167
row-0000076,citation::andracchio charles r and thomas h cochran gravity effects on flame spreading over solid surfaces nasa technical note d 8228 national aeronautics and space administration may 1976,44,2,0.07,0.06616109212121218
row-0000082,citation::andracchio charles r and thomas h cochran gravity effects on flame spreading over solid surfaces nasa technical note d 8228 national aeronautics and space administration may 1976,44,2,0.0763,0.07452042933333329
row-0000083,citation::andracchio charles r and thomas h cochran gravity effects on flame spreading over solid surfaces nasa technical note d 8228 national aeronautics and space administration may 1976,44,2,0.0633,0.06550270961904757
row-0000085,citation::andracchio charles r and thomas h cochran gravity effects on flame spreading over solid surfaces nasa technical note d 8228 national aeronautics and space administration may 1976,44,2,0.024,0.04152007026984112
row-0000087,citation::andracchio charles r and thomas h cochran gravity effects on flame spreading over solid surfaces nasa technical note d 8228 national aeronautics and space administration may 1976,44,2,0.097,0.08140696666666628
row-0000094,citation::andracchio charles r and thomas h cochran gravity effects on flame spreading over solid surfaces nasa technical note d 8228 national aeronautics and space administration may 1976,44,2,0.058,0.04828059724384951
row-0000101,citation::andracchio charles r and thomas h cochran gravity effects on flame spreading over solid surfaces nasa technical note d 8228 national aeronautics and space administration may 1976,44,2,0.0328,0.04239825707627154
row-0000104,citation::andracchio charles r and thomas h cochran gravity effects on flame spreading over solid surfaces nasa technical note d 8228 national aeronautics and space administration may 1976,44,2,0.0444,0.03750988735760891
row-0000106,citation::andracchio charles r and thomas h cochran gravity effects on flame spreading over solid surfaces nasa technical note d 8228 national aeronautics and space administration may 1976,44,2,0.0333,0.023740779698503613
row-0000126,doi::10.1080/01457632.2025.2529751,44,2,0.00285,0.002312661864460279
row-0000133,doi::10.1016/j.proci.2016.06.025,44,2,0.0004,0.0015329172188423268
row-0000143,doi::10.1016/j.proci.2016.06.025,44,2,0.0004,0.00143064158073395
row-0000144,doi::10.1016/j.proci.2016.06.025,44,2,0.001,0.00143064158073395
row-0000150,doi::10.1016/j.proci.2016.06.025,44,2,0.0011,0.0014319671747189122
row-0000171,doi::10.1016/j.firesaf.2015.11.011,44,2,0.0043,0.005096115761409138
row-0000173,doi::10.1016/j.firesaf.2015.11.011,44,2,0.00405,0.004565826327483311
row-0000185,doi::10.1016/j.firesaf.2015.11.011,44,2,0.00223,0.0016518539724274866
row-0000187,doi::10.1016/j.firesaf.2015.11.011,44,2,0.00069,0.0014391789911970916
row-0000188,doi::10.1016/j.firesaf.2015.11.011,44,2,0.00045,0.0014391789911970916
row-0000190,doi::10.1016/j.firesaf.2015.11.011,44,2,0.0068,0.007342005698653345
row-0000258,doi::10.1016/j.combustflame.2020.12.005,44,2,0.124,0.14040855333333355
row-0000262,doi::10.1016/j.combustflame.2020.12.005,44,2,0.134,0.17438404761904713
row-0000267,doi::10.5802/crmeca.149,44,2,0.00125,0.001465967766387344
row-0000275,doi::10.5802/crmeca.149,44,2,0.0009,0.0008177669312698998
row-0000283,doi::10.5802/crmeca.149,44,2,0.00112,0.0014617196887711315
row-0000291,doi::10.5802/crmeca.149,44,2,0.0015,0.0014729039608275467
row-0000292,doi::10.5802/crmeca.149,44,2,0.0014,0.0014920333220574337
row-0000304,doi::10.1016/s1540-7489(02)80211-3,44,2,0.033,0.010691984354247277
row-0000305,doi::10.1016/s1540-7489(02)80211-3,44,2,0.036,0.010691984354247277
row-0000310,doi::10.1016/s1540-7489(02)80211-3,44,2,0.009,0.010691984354247277
row-0000356,citation::ferkul paul v et al combustion experiments on the mir space station 37th aerospace sciences meeting and exhibit american institute of aeronautics and astronautics 1999 paper aiaa 99 0439,44,2,0.0011,0.0012664126269886884
row-0000374,doi::10.1016/s1540-7489(02)80310-8,44,2,0.00345,0.003040033743210472
row-0000376,doi::10.1016/s1540-7489(02)80310-8,44,2,0.00355,0.004026712469486328
row-0000379,doi::10.1016/s1540-7489(02)80310-8,44,2,0.00625,0.004883544964180304
row-0000384,doi::10.1016/s1540-7489(02)80310-8,44,2,0.0042,0.0030996219036927455
row-0000433,citation::grayson g d k r sacksteder p v ferkul and j s t ien flame spreading over a thin solid in low speed concurrent flow drop tower experimental results and comparison with theory 0 science and technology vii 2 1994,44,2,0.0053,0.00399605353185959
row-0000435,citation::grayson g d k r sacksteder p v ferkul and j s t ien flame spreading over a thin solid in low speed concurrent flow drop tower experimental results and comparison with theory 0 science and technology vii 2 1994,44,2,0.0047,0.005432510618058775
row-0000441,citation::grayson g d k r sacksteder p v ferkul and j s t ien flame spreading over a thin solid in low speed concurrent flow drop tower experimental results and comparison with theory 0 science and technology vii 2 1994,44,2,0.0055,0.00423106744888156
row-0000445,citation::grayson g d k r sacksteder p v ferkul and j s t ien flame spreading over a thin solid in low speed concurrent flow drop tower experimental results and comparison with theory 0 science and technology vii 2 1994,44,2,0.009,0.007500399224063205
row-0000452,doi::10.1016/j.combustflame.2020.09.003,44,2,0.00138,0.0014693719759997015
row-0000453,doi::10.1016/j.combustflame.2020.07.044,44,2,0.00145,0.0014998231892288075
row-0000454,doi::10.1016/j.combustflame.2020.07.044,44,2,0.00124,0.0014626289401273702
row-0000455,doi::10.1016/j.combustflame.2020.07.044,44,2,0.00129,0.0014817583013572572
row-0000457,doi::10.1016/j.combustflame.2020.07.044,44,2,0.00136,0.0014626289401273702
row-0000462,doi::10.1016/j.combustflame.2020.07.044,44,2,0.00146,0.001505774487624241
row-0000463,doi::10.1016/j.combustflame.2020.07.044,44,2,0.00139,0.001470692942954042
row-0000464,doi::10.1016/j.combustflame.2020.07.044,44,2,0.00123,0.001470692942954042
row-0000469,doi::10.1016/j.combustflame.2020.07.044,44,2,0.0013,0.0014668770177435828
row-0000472,doi::10.1016/j.combustflame.2020.07.044,44,2,0.00149,0.001509178697236598
row-0000477,doi::10.1016/j.combustflame.2020.07.044,44,2,0.00131,0.0014702812273559402
row-0000483,doi::10.1016/j.combustflame.2020.07.044,44,2,0.00111,0.0014617196887711315
row-0000487,doi::10.1016/j.combustflame.2020.07.044,44,2,0.00111,0.0014617196887711315
row-0000489,doi::10.1016/j.combustflame.2020.07.044,44,2,0.00131,0.001469783691597803
row-0000497,doi::10.1016/j.combustflame.2020.07.044,44,2,0.00126,0.001465967766387344
row-0000510,doi::10.1016/j.combustflame.2020.07.044,44,2,0.00142,0.0014729039608275467
row-0000522,doi::10.1016/j.combustflame.2020.07.044,44,2,0.00112,0.0014617196887711315
row-0000532,doi::10.1016/j.combustflame.2020.07.044,44,2,0.00109,0.001465967766387344
row-0000535,doi::10.1016/j.combustflame.2020.07.044,44,2,0.00133,0.0014693719759997015
row-0000539,doi::10.1016/j.combustflame.2020.07.044,44,2,0.00129,0.0014693719759997015
row-0000542,doi::10.1016/j.combustflame.2020.07.044,44,2,0.00157,0.0014729039608275467
row-0000543,doi::10.1016/j.combustflame.2020.07.044,44,2,0.00151,0.0014729039608275467
row-0000586,doi::10.1016/j.proci.2018.06.022,44,2,8e-05,9.26065930163278e-05
row-0000588,doi::10.1016/j.proci.2018.06.022,44,2,5e-05,9.198210187106259e-05
row-0000589,doi::10.1016/j.proci.2018.06.022,44,2,5e-05,9.177095470030957e-05
row-0000591,doi::10.1016/j.proci.2018.06.022,44,2,4e-05,9.061507290353343e-05
row-0000593,doi::10.1016/j.proci.2018.06.022,44,2,3e-05,8.927135002407185e-05
row-0000594,doi::10.1016/j.proci.2018.06.022,44,2,2e-05,8.922635002407186e-05
row-0000596,doi::10.1016/j.proci.2018.06.022,44,2,2e-05,8.913539764311947e-05
row-0000597,doi::10.1016/j.proci.2018.06.022,44,2,1e-05,8.913539764311947e-05
row-0000611,doi::10.1016/j.proci.2018.06.022,44,2,8e-05,9.212940998670714e-05
row-0000614,doi::10.1016/j.proci.2018.06.022,44,2,0.00013,9.212940998670714e-05
row-0000618,doi::10.1016/j.proci.2018.06.022,44,2,8e-05,9.212940998670714e-05
row-0000624,doi::10.1016/j.proci.2018.06.022,44,2,0.0001,9.17831209624518e-05
row-0000630,doi::10.1016/j.proci.2018.06.022,44,2,0.00011,9.22264093563058e-05
row-0000635,doi::10.1016/j.proci.2018.06.022,44,2,0.00011,9.268400197991323e-05
row-0000637,doi::10.1016/s0082-0784(98)80017-6,44,2,0.0053,0.0031670581859005106
row-0000639,doi::10.1016/s0082-0784(98)80017-6,44,2,0.0068,0.0033604778131548253
row-0000645,doi::10.1016/s0082-0784(98)80017-6,44,2,0.0027,0.0031019712210869836
row-0000650,doi::10.1016/s0082-0784(98)80017-6,44,2,0.0025,0.0031019712210869836
row-0000652,doi::10.1016/s0082-0784(98)80017-6,44,2,0.0039,0.003222342256776873
row-0000661,doi::10.1016/s0082-0784(98)80017-6,44,2,0.0045,0.004795076617405141
row-0000672,doi::10.1016/s0082-0784(98)80017-6,44,2,0.0028,0.00310340385301451
row-0000682,citation::kimzey john howard flammability during weightlessness nasa technical memorandum nasa tm x 58001 may 1966,44,2,0.01016,0.01701597665984023
row-0000694,citation::kimzey john howard flammability during weightlessness nasa technical memorandum nasa tm x 58001 may 1966,44,2,0.00203,0.0038350406982699866
row-0000706,doi::10.1016/j.combustflame.2008.05.023,44,2,0.0021,0.004405334016874761
row-0000719,doi::10.1016/j.combustflame.2008.05.023,44,2,0.0044,0.0032653850746040903
row-0000724,doi::10.1016/j.combustflame.2008.05.023,44,2,0.0012,0.003094827104228725
row-0000731,doi::10.1016/j.combustflame.2008.05.023,44,2,0.0024,0.003108004292729624
row-0000732,doi::10.1016/j.combustflame.2008.05.023,44,2,0.0022,0.0031343654971675754
row-0000736,doi::10.1016/j.combustflame.2008.05.023,44,2,0.0032,0.003114641146842037
row-0000742,doi::10.1016/j.combustflame.2008.05.023,44,2,0.0049,0.003423317981758228
row-0000746,doi::10.1016/j.combustflame.2008.05.023,44,2,0.0015,0.0031185574525070406
row-0000753,doi::10.1016/j.combustflame.2008.05.023,44,2,0.0038,0.0034808630819204893
row-0000761,doi::10.1016/j.combustflame.2008.05.023,44,2,0.0046,0.00343394892047352
row-0000763,doi::10.1007/s10694-019-00862-4,44,2,3e-05,0.00025462395660096857
row-0000765,doi::10.1007/s10694-019-00862-4,44,2,0.00015,0.000256314213011225
row-0000769,doi::10.1007/s10694-019-00862-4,44,2,6e-05,0.00024095045028110076
row-0000775,doi::10.1007/s10694-019-00862-4,44,2,0.00019,0.00019066963221520746
row-0000779,doi::10.1007/s10694-019-00862-4,44,2,6e-05,0.0001827553075155831
row-0000781,doi::10.1007/s10694-019-00862-4,44,2,0.00011,0.00018402225506803063
row-0000792,doi::10.1016/j.firesaf.2023.103989,44,2,0.0039,0.0031247542174134262
row-0000794,doi::10.1016/j.firesaf.2023.103989,44,2,0.0035,0.00309485182581199
row-0000821,doi::10.1016/j.firesaf.2023.103989,44,2,0.0012,0.002983412937837348
row-0000823,doi::10.1016/j.firesaf.2023.103989,44,2,0.0015,0.0029810695179239284
row-0000829,doi::10.1016/j.firesaf.2023.103989,44,2,0.0025,0.003005653015369884
row-0000839,doi::10.1016/j.firesaf.2023.103989,44,2,0.0029,0.0030231691376502016
row-0000840,doi::10.1016/j.firesaf.2023.103989,44,2,0.0029,0.0030240215186025823
row-0000894,doi::10.1016/j.firesaf.2023.103989,44,2,0.0022,0.002995075651426478
row-0000917,doi::10.1016/j.firesaf.2023.103989,44,2,0.0027,0.0030084118576024295
row-0000920,doi::10.1016/j.firesaf.2023.103989,44,2,0.0025,0.003041367845163398
row-0000944,doi::10.1016/j.firesaf.2023.103989,44,2,0.0022,0.002990069600777518
row-0000975,doi::10.1016/j.firesaf.2023.103989,44,2,0.003,0.003072857209409849
row-0000976,doi::10.1016/j.firesaf.2023.103989,44,2,0.0024,0.003072857209409849
row-0001034,doi::10.1016/j.firesaf.2023.103989,44,2,0.0024,0.0029967008124884616
row-0001045,doi::10.1016/j.firesaf.2023.103989,44,2,0.00375,0.0029674078231247732
row-0001052,doi::10.1016/j.firesaf.2023.103989,44,2,0.0037,0.00306837476906754
row-0001057,doi::10.1016/j.firesaf.2023.103989,44,2,0.00275,0.003072857209409849
row-0001058,doi::10.1016/j.firesaf.2023.103989,44,2,0.003,0.003072857209409849
row-0001062,doi::10.1016/j.firesaf.2023.103989,44,2,0.0012,0.001909909271894645
row-0001078,doi::10.1016/j.firesaf.2023.103989,44,2,0.0012,0.0021522635542646183
row-0001082,doi::10.1016/j.firesaf.2023.103989,44,2,0.0014,0.0021748293557495354
row-0001124,doi::10.1016/j.firesaf.2023.103989,44,2,0.0012,0.0023461991766076627
row-0001125,doi::10.1016/j.firesaf.2023.103989,44,2,0.00125,0.0023478719038803903
row-0001127,doi::10.1016/j.firesaf.2023.103989,44,2,0.00125,0.0021424225938029085
row-0001137,doi::10.1016/j.firesaf.2023.103989,44,2,0.0016,0.001475898207525899
row-0001139,doi::10.1016/j.firesaf.2023.103989,44,2,0.0017,0.0014782541997594208
row-0001141,doi::10.1016/j.firesaf.2023.103989,44,2,0.0018,0.0015036155105148039
row-0001149,doi::10.1016/j.firesaf.2023.103989,44,2,0.0014,0.0015036155105148039
row-0001151,doi::10.1016/j.firesaf.2023.103989,44,2,0.0016,0.0017906925410548767
row-0001158,doi::10.1016/j.firesaf.2023.103989,44,2,0.0017,0.0017906925410548767
row-0001195,doi::10.1016/j.firesaf.2023.103989,44,2,0.00125,0.0014793024171382565
row-0001213,doi::10.1016/j.proci.2024.105199,44,2,0.0032,0.004547237642655007
row-0001216,doi::10.1016/j.proci.2024.105199,44,2,0.0049,0.004621580353179778
row-0001219,doi::10.1016/j.proci.2024.105199,44,2,0.0049,0.0046181994007988255
row-0001231,doi::10.1016/j.proci.2024.105199,44,2,0.0019,0.0015508555691457402
row-0001347,doi::10.1016/j.proci.2022.07.002,44,2,0.0042,0.0030556363724307985
row-0001354,doi::10.1016/j.proci.2022.07.002,44,2,0.0025,0.0030005942913804815
row-0001359,doi::10.1016/j.proci.2022.07.002,44,2,0.0025,0.0029644731290101377
row-0001366,doi::10.1016/j.proci.2022.07.002,44,2,0.003,0.003017623526273096
row-0001368,doi::10.1016/j.proci.2022.07.002,44,2,0.0055,0.00306659849201388
row-0001449,doi::10.1016/j.proci.2022.07.002,44,2,0.0019,0.001506211368609218
row-0001450,doi::10.1016/j.proci.2022.07.002,44,2,0.0016,0.001506211368609218
row-0001451,doi::10.1016/j.proci.2022.07.002,44,2,0.0018,0.0014974339248331563
row-0001452,doi::10.1016/j.proci.2022.07.002,44,2,0.0017,0.0015017760981788073
row-0001455,doi::10.1016/j.proci.2022.07.002,44,2,0.0015,0.0014974339248331563
row-0001456,doi::10.1016/j.proci.2022.07.002,44,2,0.0014,0.0015017760981788073
row-0001467,doi::10.1016/j.proci.2022.07.002,44,2,0.002,0.0015095159975126251
row-0001476,doi::10.1016/j.proci.2022.07.002,44,2,0.0011,0.0014940343222638282
row-0001591,doi::10.1016/j.proci.2024.105775,44,2,0.00732,0.008103271566816833
row-0001602,doi::10.1016/j.proci.2024.105775,44,2,0.0066,0.008100861324392592
row-0001614,doi::10.1016/j.proci.2024.105775,44,2,0.00842,0.008536396162598275
row-0001622,doi::10.1016/j.proci.2024.105775,44,2,0.00847,0.008651430920558796
row-0001625,doi::10.1016/j.proci.2024.105775,44,2,0.01036,0.008719359481806317
row-0001628,doi::10.1016/j.proci.2024.105775,44,2,0.01008,0.008723511981806317
row-0001630,doi::10.1016/j.proci.2024.105775,44,2,0.0081,0.008584669363973917
row-0001632,doi::10.1016/j.proci.2024.105775,44,2,0.01181,0.009084189943514842
row-0001636,doi::10.1016/j.proci.2024.105775,44,2,0.00792,0.008582629554450107
row-0001643,doi::10.1007/s12217-024-10147-3,44,2,0.00748,0.008083467885353515
row-0001649,doi::10.1007/s12217-024-10147-3,44,2,0.00723,0.008096105861499508
row-0001655,doi::10.1007/s12217-024-10147-3,44,2,0.00693,0.00825473757967075
row-0001668,doi::10.1007/s12217-024-10147-3,44,2,0.00952,0.008697660500013601
row-0001672,doi::10.1007/s12217-024-10147-3,44,2,0.01117,0.009281678579832512
row-0001673,doi::10.1007/s12217-024-10147-3,44,2,0.00801,0.00857947538778344
row-0001725,doi::10.1016/j.combustflame.2020.12.042,44,2,0.0017,0.0019154489132728824
row-0001732,doi::10.1016/j.proci.2024.105255,44,2,0.00138,0.001475898207525899
row-0001734,doi::10.1016/j.proci.2024.105255,44,2,0.00169,0.0014829104442770585
row-0001738,doi::10.1016/j.proci.2024.105255,44,2,0.0018,0.0015132236053603777
row-0001739,doi::10.1016/j.proci.2024.105255,44,2,0.00202,0.0015278519000681164
row-0001740,doi::10.1016/j.proci.2024.105255,44,2,0.00188,0.0015126996367821393
row-0001741,doi::10.1016/j.proci.2024.105255,44,2,0.00191,0.0015132236053603777
row-0001743,doi::10.1016/j.proci.2024.105255,44,2,0.00192,0.0015126996367821393
row-0001752,doi::10.1038/s41598-017-18398-4,44,2,9e-05,9.275076789692303e-05
row-0001755,doi::10.1038/s41598-017-18398-4,44,2,9e-05,9.275076789692303e-05
row-0001758,doi::10.1038/s41598-017-18398-4,44,2,6e-05,9.205982682861779e-05
row-0001761,doi::10.1038/s41598-017-18398-4,44,2,4e-05,9.077764073874833e-05
row-0001765,doi::10.1038/s41598-017-18398-4,44,2,2e-05,8.922635002407186e-05
row-0001768,doi::10.1038/s41598-017-18398-4,44,2,2e-05,8.913539764311947e-05
row-0001773,doi::10.1038/s41598-017-18398-4,44,2,3e-05,9.166237360795446e-05
row-0001782,doi::10.1038/s41598-017-18398-4,44,2,6e-05,9.25819493997606e-05
row-0001803,doi::10.1038/s41598-017-18398-4,44,2,8e-05,9.227747284836929e-05
row-0001807,doi::10.1038/s41598-017-18398-4,44,2,3e-05,9.175260376668462e-05
row-0001815,doi::10.1038/s41598-017-18398-4,44,2,3e-05,9.171343710001794e-05
row-0001816,doi::10.1038/s41598-017-18398-4,44,2,4e-05,9.171343710001794e-05
row-0001826,doi::10.1038/s41598-017-18398-4,44,2,6e-05,9.22264093563058e-05
row-0001831,doi::10.1038/s41598-017-18398-4,44,2,5e-05,9.22264093563058e-05
row-0001844,doi::10.1016/j.proci.2024.105766,44,2,0.007,0.005845477101710154
row-0001847,doi::10.1016/j.proci.2024.105766,44,2,0.009,0.006078840653670921
row-0001853,doi::10.1016/j.proci.2024.105766,44,2,0.0017,0.0015564720506957804
row-0001862,doi::10.1016/j.proci.2024.105766,44,2,0.0025,0.0015529536927321695
row-0001873,doi::10.1016/j.firesaf.2024.104329,44,2,0.0015,0.001812513299056338
row-0001924,doi::10.1016/j.firesaf.2024.104329,44,2,0.0022,0.0018132039634802233
row-0001936,doi::10.1016/j.firesaf.2024.104329,44,2,0.00228,0.0018050892713216845
row-0001937,doi::10.1016/j.firesaf.2024.104329,44,2,0.00235,0.0018062740332264462
row-0001941,doi::10.1016/j.firesaf.2024.104329,44,2,0.00235,0.001806964697650332
row-0001943,doi::10.1016/j.firesaf.2024.104329,44,2,0.002,0.001506375483009162
row-0001956,doi::10.1016/j.firesaf.2024.104329,44,2,0.00225,0.0018057799357455702
row-0001960,doi::10.1016/j.firesaf.2024.104329,44,2,0.0029,0.0018057799357455702
row-0001961,doi::10.1016/j.firesaf.2024.104329,44,2,0.00275,0.0018057799357455702
row-0001967,doi::10.1016/j.firesaf.2024.104329,44,2,0.0023,0.0018057799357455702
row-0002040,doi::10.1016/j.firesaf.2024.104329,44,2,0.00095,0.0006915205140210073
row-0002052,doi::10.1016/j.firesaf.2024.104329,44,2,0.0005,0.000744837217979916
row-0002068,doi::10.1016/j.firesaf.2024.104329,44,2,0.00045,0.000729587557137812
row-0002079,doi::10.1016/j.firesaf.2024.104329,44,2,0.00065,0.0007357314103090876
row-0002113,doi::10.1016/j.firesaf.2024.104329,44,2,0.00045,0.0006723589327397237
row-0002119,doi::10.1016/j.firesaf.2024.104329,44,2,0.00065,0.0007225775043527351
row-0002128,doi::10.1016/j.firesaf.2024.104329,44,2,0.00095,0.0006881010279144926
row-0002129,doi::10.1016/j.firesaf.2024.104329,44,2,0.00068,0.000685356358140487
row-0002131,doi::10.1016/j.firesaf.2024.104329,44,2,0.00077,0.0007426900210753458
row-0002138,doi::10.1016/j.firesaf.2024.104329,44,2,0.00045,0.0006596024962661967
row-0002287,citation::mell w e s l olson and t kashiwagi flame spread along free edges of thermally thin samples in 0 proceedings of the combustion institute vol 28 no 2 2000 pp 2843 2849,44,2,0.0021,0.002782268698547824
row-0002299,citation::meyer florian jan hei meier hans christoph ries and christian eigenbrod sooting behavior in concurrent and upward burning of cylindrical pmma samples 52nd international conference on environmental systems ices 2023 171 calgary canada 16 20 july 2023,44,2,0.00138,0.0038794555710487066
row-0002476,doi::10.1016/j.proci.2018.05.007,44,2,0.0024,0.0015467096176413194
row-0002598,citation::nishizawa et al 2003 effect of low external flow on flame spreading over etfe wire under microgravity,44,2,0.0019,0.003131178559335179
row-0002599,citation::nishizawa et al 2003 effect of low external flow on flame spreading over etfe wire under microgravity,44,2,0.0016,0.003118313982201984
row-0002606,citation::nishizawa et al 2003 effect of low external flow on flame spreading over etfe wire under microgravity,44,2,0.0026,0.0031845484041010726
row-0002609,doi::10.1016/j.combustflame.2009.01.015,44,2,0.00083,0.0014340192212607124
row-0002610,doi::10.1016/j.combustflame.2009.01.015,44,2,0.00072,0.0014340192212607124
row-0002614,doi::10.1016/j.combustflame.2009.01.015,44,2,0.00076,0.0014340192212607124
row-0002619,doi::10.1016/j.combustflame.2009.01.015,44,2,0.00098,0.0014340192212607124
row-0002620,doi::10.1016/j.combustflame.2009.01.015,44,2,0.00093,0.0014340192212607124
row-0002623,doi::10.1016/j.combustflame.2009.01.015,44,2,0.0014,0.0014342417212607121
row-0002624,doi::10.1016/j.combustflame.2009.01.015,44,2,0.0012,0.0014342417212607121
row-0002629,doi::10.1016/j.combustflame.2009.01.015,44,2,0.00092,0.0014342417212607121
row-0002637,doi::10.1016/j.combustflame.2009.01.015,44,2,0.0023,0.0014422440881769248
row-0002639,doi::10.1016/j.combustflame.2009.01.015,44,2,0.001,0.0014334192212607122
row-0002641,doi::10.1016/j.combustflame.2009.01.015,44,2,0.00015,0.0014333629574434683
row-0002642,doi::10.1016/j.combustflame.2009.01.015,44,2,0.0,0.0014333629574434683
row-0002651,doi::10.1016/j.combustflame.2009.01.015,44,2,0.00062,0.0014352754574434683
row-0002656,doi::10.1016/j.combustflame.2009.01.015,44,2,0.00094,0.0014367485514284308
row-0002659,doi::10.1016/j.combustflame.2009.01.015,44,2,0.00069,0.0014365285514284308
row-0002660,doi::10.1016/j.combustflame.2009.01.015,44,2,0.00055,0.0014367485514284308
row-0002703,citation::friedman robert brian jackson and sandra olson testing and selection of fire resistant materials for spacecraft use nasa technical memorandum 2000 209773 mar 2000 nasa sti program office glenn research center cleveland ohio,44,2,0.0109,0.009509673204328918
row-0002711,citation::friedman robert brian jackson and sandra olson testing and selection of fire resistant materials for spacecraft use nasa technical memorandum 2000 209773 mar 2000 nasa sti program office glenn research center cleveland ohio,44,2,0.0217,0.01906720929746753
row-0002714,citation::friedman robert brian jackson and sandra olson testing and selection of fire resistant materials for spacecraft use nasa technical memorandum 2000 209773 mar 2000 nasa sti program office glenn research center cleveland ohio,44,2,0.0285,0.025878482963231416
row-0002717,citation::friedman robert brian jackson and sandra olson testing and selection of fire resistant materials for spacecraft use nasa technical memorandum 2000 209773 mar 2000 nasa sti program office glenn research center cleveland ohio,44,2,0.0272,0.025878482963231416
row-0002726,citation::friedman robert brian jackson and sandra olson testing and selection of fire resistant materials for spacecraft use nasa technical memorandum 2000 209773 mar 2000 nasa sti program office glenn research center cleveland ohio,44,2,0.005,0.005154017933830499
row-0002729,citation::friedman robert brian jackson and sandra olson testing and selection of fire resistant materials for spacecraft use nasa technical memorandum 2000 209773 mar 2000 nasa sti program office glenn research center cleveland ohio,44,2,0.0112,0.008423816075527822
row-0002731,citation::friedman robert brian jackson and sandra olson testing and selection of fire resistant materials for spacecraft use nasa technical memorandum 2000 209773 mar 2000 nasa sti program office glenn research center cleveland ohio,44,2,0.0139,0.009576170360191547
row-0002734,citation::friedman robert brian jackson and sandra olson testing and selection of fire resistant materials for spacecraft use nasa technical memorandum 2000 209773 mar 2000 nasa sti program office glenn research center cleveland ohio,44,2,0.0192,0.015592043601655524
row-0002736,citation::friedman robert brian jackson and sandra olson testing and selection of fire resistant materials for spacecraft use nasa technical memorandum 2000 209773 mar 2000 nasa sti program office glenn research center cleveland ohio,44,2,0.0357,0.03203144408126293
row-0002737,citation::friedman robert brian jackson and sandra olson testing and selection of fire resistant materials for spacecraft use nasa technical memorandum 2000 209773 mar 2000 nasa sti program office glenn research center cleveland ohio,44,2,0.0428,0.03471792383872374
row-0002738,citation::friedman robert brian jackson and sandra olson testing and selection of fire resistant materials for spacecraft use nasa technical memorandum 2000 209773 mar 2000 nasa sti program office glenn research center cleveland ohio,44,2,0.0518,0.04790124602637896
row-0002743,citation::friedman robert brian jackson and sandra olson testing and selection of fire resistant materials for spacecraft use nasa technical memorandum 2000 209773 mar 2000 nasa sti program office glenn research center cleveland ohio,44,2,0.0036,0.007587885629882101
row-0002745,citation::friedman robert brian jackson and sandra olson testing and selection of fire resistant materials for spacecraft use nasa technical memorandum 2000 209773 mar 2000 nasa sti program office glenn research center cleveland ohio,44,2,0.0063,0.00807471993483317
row-0002748,citation::friedman robert brian jackson and sandra olson testing and selection of fire resistant materials for spacecraft use nasa technical memorandum 2000 209773 mar 2000 nasa sti program office glenn research center cleveland ohio,44,2,0.0129,0.016627414690890706
row-0002750,citation::friedman robert brian jackson and sandra olson testing and selection of fire resistant materials for spacecraft use nasa technical memorandum 2000 209773 mar 2000 nasa sti program office glenn research center cleveland ohio,44,2,0.02,0.02387419322836875
row-0002752,citation::friedman robert brian jackson and sandra olson testing and selection of fire resistant materials for spacecraft use nasa technical memorandum 2000 209773 mar 2000 nasa sti program office glenn research center cleveland ohio,44,2,0.0226,0.034040955317519696
row-0002755,citation::friedman robert brian jackson and sandra olson testing and selection of fire resistant materials for spacecraft use nasa technical memorandum 2000 209773 mar 2000 nasa sti program office glenn research center cleveland ohio,44,2,0.0355,0.03518339455902982
row-0002757,citation::friedman robert brian jackson and sandra olson testing and selection of fire resistant materials for spacecraft use nasa technical memorandum 2000 209773 mar 2000 nasa sti program office glenn research center cleveland ohio,44,2,0.0272,0.04446247477863131
row-0002771,citation::friedman robert brian jackson and sandra olson testing and selection of fire resistant materials for spacecraft use nasa technical memorandum 2000 209773 mar 2000 nasa sti program office glenn research center cleveland ohio,44,2,0.0172,0.02495021145767538
row-0002772,citation::friedman robert brian jackson and sandra olson testing and selection of fire resistant materials for spacecraft use nasa technical memorandum 2000 209773 mar 2000 nasa sti program office glenn research center cleveland ohio,44,2,0.0228,0.03203144408126293
row-0002778,citation::friedman robert brian jackson and sandra olson testing and selection of fire resistant materials for spacecraft use nasa technical memorandum 2000 209773 mar 2000 nasa sti program office glenn research center cleveland ohio,44,2,0.0384,0.03216403096221533
row-0002789,citation::olson s l and j s t ien near limit flame spread over a thin solid fuel in 0 symposium international on combustion vol 22 no 1 1988 pp 1213 1222 the combustion institute,44,2,0.01147,0.00838312104213732
row-0002797,citation::olson s l and j s t ien near limit flame spread over a thin solid fuel in 0 symposium international on combustion vol 22 no 1 1988 pp 1213 1222 the combustion institute,44,2,0.0529,0.055861200396320775
row-0002801,citation::olson s l and j s t ien near limit flame spread over a thin solid fuel in 0 symposium international on combustion vol 22 no 1 1988 pp 1213 1222 the combustion institute,44,2,0.01107,0.009967671751289217
row-0002804,citation::olson s l and j s t ien near limit flame spread over a thin solid fuel in 0 symposium international on combustion vol 22 no 1 1988 pp 1213 1222 the combustion institute,44,2,0.01796,0.016509592324066808
row-0002807,citation::olson s l and j s t ien near limit flame spread over a thin solid fuel in 0 symposium international on combustion vol 22 no 1 1988 pp 1213 1222 the combustion institute,44,2,0.02669,0.02653922312547345
row-0002821,citation::olson s l and j s t ien near limit flame spread over a thin solid fuel in 0 symposium international on combustion vol 22 no 1 1988 pp 1213 1222 the combustion institute,44,2,0.00945,0.008263913734708066
row-0002825,citation::olson s l and j s t ien near limit flame spread over a thin solid fuel in 0 symposium international on combustion vol 22 no 1 1988 pp 1213 1222 the combustion institute,44,2,0.01769,0.016316206996126206
row-0002841,citation::olson s l and j s t ien near limit flame spread over a thin solid fuel in 0 symposium international on combustion vol 22 no 1 1988 pp 1213 1222 the combustion institute,44,2,0.02256,0.03286842147928783
row-0002844,citation::olson s l and j s t ien near limit flame spread over a thin solid fuel in 0 symposium international on combustion vol 22 no 1 1988 pp 1213 1222 the combustion institute,44,2,0.03617,0.035258040794050864
row-0002849,doi::10.1016/s0082-0784(89)80132-8,44,2,0.004,0.0043006260956331395
row-0002852,doi::10.1016/s0082-0784(89)80132-8,44,2,0.0027,0.0033662388048662614
row-0002892,doi::10.1080/00102209108951711,44,2,0.0202,0.016980463257331036
row-0002893,doi::10.1080/00102209108951711,44,2,0.0203,0.017866788913952564
row-0002898,doi::10.1080/00102209108951711,44,2,0.0114,0.009550473893727667
row-0002906,doi::10.1080/00102209108951711,44,2,0.00307,0.004082291258177973
row-0002908,doi::10.1080/00102209108951711,44,2,0.00845,0.00888491691969753
row-0002909,doi::10.1080/00102209108951711,44,2,0.0192,0.019511062465109606
row-0002914,doi::10.1080/00102209108951711,44,2,0.0132,0.009700762452074373
row-0002916,doi::10.1080/00102209108951711,44,2,0.0108,0.005289046429504206
row-0002917,doi::10.1080/00102209108951711,44,2,0.0075,0.00885586491945884
row-0002974,doi::10.1016/j.combustflame.2009.01.015,44,2,0.014,0.020510619278057304
row-0002975,doi::10.1016/j.combustflame.2009.01.015,44,2,0.013,0.019663038929772274
row-0002983,doi::10.1016/j.combustflame.2009.01.015,44,2,0.011,0.012173736697276498
row-0002987,doi::10.1016/j.combustflame.2009.01.015,44,2,0.024,0.09478725817612371
row-0002988,doi::10.1016/j.combustflame.2009.01.015,44,2,0.022,0.017113819357879624
row-0002994,doi::10.1016/j.combustflame.2009.01.015,44,2,0.034,0.03030161530405013
row-0003002,doi::10.1016/j.combustflame.2009.01.015,44,2,0.017,0.013274313290069797
row-0003003,doi::10.1016/j.combustflame.2009.01.015,44,2,0.055,0.026191134772861994
row-0003008,doi::10.1016/j.combustflame.2009.01.015,44,2,0.021,0.019963840464428735
row-0003021,doi::10.1016/j.combustflame.2009.01.015,44,2,0.022,0.015493083733193328
row-0003024,doi::10.1016/j.combustflame.2009.01.015,44,2,0.03,0.03401205400430227
row-0003027,doi::10.1016/s0010-2180(00)00249-2,44,2,0.00088,0.0014375728298380362
row-0003028,doi::10.1016/s0010-2180(00)00249-2,44,2,0.00075,0.0014375728298380362
row-0003034,doi::10.1016/s0010-2180(00)00249-2,44,2,0.0022,0.001441728152629142
row-0003037,doi::10.1016/s0010-2180(00)00249-2,44,2,0.0022,0.0032009489456999033
row-0003038,doi::10.1016/s0010-2180(00)00249-2,44,2,0.0037,0.0031910173064515182
row-0003041,doi::10.1016/s0010-2180(00)00249-2,44,2,0.0045,0.003236383445404004
row-0003044,doi::10.1016/s0010-2180(00)00249-2,44,2,0.0032,0.004171781628036029
row-0003047,doi::10.1016/s0010-2180(00)00249-2,44,2,0.0037,0.004171781628036029
row-0003050,doi::10.1016/s0010-2180(00)00249-2,44,2,0.0077,0.004190410856740767
row-0003053,doi::10.1016/s0010-2180(00)00249-2,44,2,0.0024,0.0014388984238229985
row-0003074,doi::10.1016/j.combustflame.2018.10.012,44,2,0.00289,0.001603744091803945
row-0003076,doi::10.1016/j.combustflame.2018.10.012,44,2,0.00136,0.0015310242942315185
row-0003077,doi::10.1016/j.combustflame.2018.10.012,44,2,0.00116,0.001527477114744339
row-0003082,doi::10.1016/j.combustflame.2018.10.012,44,2,0.001,0.0015150287589662855
row-0003090,doi::10.1016/j.combustflame.2018.10.012,44,2,0.00172,0.0022850025115142584
row-0003095,doi::10.1080/00102200490276773,44,2,0.0019,0.0031097193427772176
row-0003096,doi::10.1080/00102200490276773,44,2,0.0032,0.0031106839190662874
row-0003105,doi::10.1080/00102200490276773,44,2,0.015,0.0141806118861284
row-0003112,doi::10.1080/00102200490276773,44,2,0.024,0.024219265367965353
row-0003119,doi::10.1080/00102200490276773,44,2,0.016,0.018508721717171536
row-0003133,doi::10.1080/00102200490276773,44,2,0.032,0.030000853805545905
row-0003134,doi::10.1080/00102200490276773,44,2,0.034,0.031206834083323698
row-0003135,doi::10.1080/00102200490276773,44,2,0.036,0.04050098251837069
row-0003136,doi::10.1080/00102200490276773,44,2,0.039,0.044332668404151586
row-0003139,doi::10.1080/00102200490276773,44,2,0.056,0.047065490626373496
row-0003143,doi::10.1080/00102200490276773,44,2,0.062,0.058988077705628014
row-0003151,doi::10.1016/j.combustflame.2022.112559,44,2,0.0018,0.0034384292189103983
row-0003154,doi::10.1016/j.combustflame.2022.112559,44,2,0.0023,0.002560919147306227
row-0003163,doi::10.1016/j.proci.2024.105358,44,2,0.0017,0.0018530263169860275
row-0003165,doi::10.1016/j.proci.2024.105358,44,2,0.00325,0.002969377267434607
row-0003167,doi::10.1016/j.proci.2024.105358,44,2,0.00177,0.0020986815746154644
row-0003171,doi::10.1016/j.proci.2024.105358,44,2,0.00208,0.002136949642043949
row-0003176,doi::10.1016/j.proci.2024.105358,44,2,0.00102,0.0014572306941039014
row-0003179,doi::10.1016/j.proci.2024.105358,44,2,0.00195,0.0020986815746154644
row-0003190,doi::10.1016/j.proci.2024.105358,44,2,0.00265,0.002844737075434447
row-0003200,doi::10.1016/j.combustflame.2022.112009,44,2,0.0014,0.0014483051378384145
row-0003203,doi::10.1016/j.combustflame.2022.112009,44,2,0.0014,0.001451752908108685
row-0003212,doi::10.1016/j.combustflame.2022.112009,44,2,0.0012,0.0014448020554011386
row-0003214,doi::10.1016/j.combustflame.2022.112009,44,2,0.0012,0.0014568558387433041
row-0003215,doi::10.1016/j.combustflame.2022.112009,44,2,0.0013,0.0015579222556307674
row-0003221,doi::10.1016/j.combustflame.2022.112009,44,2,0.0007,0.0014383022022265355
row-0003227,doi::10.1016/j.combustflame.2022.112009,44,2,0.0005,0.0014265509131317908
row-0003248,doi::10.1016/j.combustflame.2022.112009,44,2,0.008,0.004698145482933645
row-0003259,doi::10.1016/j.combustflame.2022.112009,44,2,0.0037,0.009897137046329264
row-0003395,doi::10.1016/s0082-0784(06)80816-7,44,2,0.01123,0.009891554450219367
row-0003398,doi::10.1016/s0082-0784(06)80816-7,44,2,0.0107,0.009685427574150205
row-0003410,doi::10.1016/s0082-0784(06)80816-7,44,2,0.00741,0.00578552092756879
row-0003417,doi::10.1016/s0082-0784(06)80816-7,44,2,0.00395,0.005730790208053174
row-0003418,doi::10.1016/s0082-0784(06)80816-7,44,2,0.0057,0.00509837475045056
row-0003421,doi::10.1016/s0082-0784(06)80816-7,44,2,0.0046,0.0050812958059996685
row-0003437,citation::s nchez tarifa c and g l pez juste a study of the combustion problems of solid materials at conditions existing in space stations esa sp 433 1999,44,2,0.0011,0.0006797872190951116
row-0003442,citation::s nchez tarifa c and m rodr guez combustion and flammability characteristics of solids at microgravity in very small velocity flows second european symposium on utilisation of the international space station nov 1998,44,2,0.0001,0.0004646110645881439
row-0003444,citation::s nchez tarifa c and m rodr guez combustion and flammability characteristics of solids at microgravity in very small velocity flows second european symposium on utilisation of the international space station nov 1998,44,2,0.00115,0.00068931112011037
row-0003445,citation::s nchez tarifa c and m rodr guez combustion and flammability characteristics of solids at microgravity in very small velocity flows second european symposium on utilisation of the international space station nov 1998,44,2,0.0006,0.0006595969351919889
row-0003449,citation::s nchez tarifa c and m rodr guez combustion and flammability characteristics of solids at microgravity in very small velocity flows second european symposium on utilisation of the international space station nov 1998,44,2,0.0016,0.0032064039715073477
row-0003450,citation::s nchez tarifa c and m rodr guez combustion and flammability characteristics of solids at microgravity in very small velocity flows second european symposium on utilisation of the international space station nov 1998,44,2,0.0017,0.0037078096519029837
row-0003451,citation::s nchez tarifa c and m rodr guez combustion and flammability characteristics of solids at microgravity in very small velocity flows second european symposium on utilisation of the international space station nov 1998,44,2,0.0019,0.0039021005142328797
row-0003452,citation::s nchez tarifa c and m rodr guez combustion and flammability characteristics of solids at microgravity in very small velocity flows second european symposium on utilisation of the international space station nov 1998,44,2,0.0018,0.003915269180899546
row-0003456,doi::10.1007/s12217-024-10106-y,44,2,4e-05,0.0002245853504673227
row-0003458,doi::10.1007/s12217-024-10106-y,44,2,4e-05,0.0002245853504673227
row-0003460,doi::10.1007/s12217-024-10106-y,44,2,3e-05,0.0002257961504673227
row-0003462,doi::10.1007/s12217-024-10106-y,44,2,3e-05,0.00022574301152060355
row-0003470,doi::10.1007/s12217-024-10106-y,44,2,0.00118,0.0017234481145584253
row-0003471,doi::10.1007/s12217-024-10106-y,44,2,0.00124,0.0017234481145584253
row-0003476,doi::10.1016/s1540-7489(02)80315-7,44,2,0.01642,0.02283142324694007
row-0003480,doi::10.1016/s1540-7489(02)80315-7,44,2,0.05751,0.052445751320232895
row-0003489,doi::10.1016/s1540-7489(02)80315-7,44,2,0.00287,0.010274327524332534
row-0003500,doi::10.1016/s1540-7489(02)80315-7,44,2,0.031,0.011677510746120875
row-0003506,doi::10.1016/s1540-7489(02)80315-7,44,2,0.024,0.010602380893251486
row-0003512,doi::10.1016/s1540-7489(02)80315-7,44,2,0.021,0.032826363914223715
row-0003517,citation::son youngjin paul d ronney and suleyman gokoglu comparison of carbon dioxide and helium as fire extinguishing agents for spacecraft nasa cp 2004 213205 vol2 2004 pp 409 418,44,2,0.049,0.04675250550385034
row-0003526,citation::son youngjin paul d ronney and suleyman gokoglu comparison of carbon dioxide and helium as fire extinguishing agents for spacecraft nasa cp 2004 213205 vol2 2004 pp 409 418,44,2,0.0115,0.03036404730138561
row-0003540,citation::son youngjin paul d ronney and suleyman gokoglu comparison of carbon dioxide and helium as fire extinguishing agents for spacecraft nasa cp 2004 213205 vol2 2004 pp 409 418,44,2,0.03694,0.03046698814773753
row-0003541,citation::son youngjin paul d ronney and suleyman gokoglu comparison of carbon dioxide and helium as fire extinguishing agents for spacecraft nasa cp 2004 213205 vol2 2004 pp 409 418,44,2,0.00667,0.021466573313598445
row-0003547,citation::son youngjin paul d ronney and suleyman gokoglu comparison of carbon dioxide and helium as fire extinguishing agents for spacecraft nasa cp 2004 213205 vol2 2004 pp 409 418,44,2,0.01417,0.018342605901858745
row-0003560,citation::son youngjin paul d ronney and suleyman gokoglu comparison of carbon dioxide and helium as fire extinguishing agents for spacecraft nasa cp 2004 213205 vol2 2004 pp 409 418,44,2,0.02845,0.019832417853716564
row-0003565,citation::son youngjin paul d ronney and suleyman gokoglu comparison of carbon dioxide and helium as fire extinguishing agents for spacecraft nasa cp 2004 213205 vol2 2004 pp 409 418,44,2,0.01333,0.013230524917490554
row-0003584,citation::son youngjin paul d ronney and suleyman gokoglu comparison of carbon dioxide and helium as fire extinguishing agents for spacecraft nasa cp 2004 213205 vol2 2004 pp 409 418,44,2,0.01762,0.016183328463672444
row-0003593,citation::son youngjin paul d ronney and suleyman gokoglu comparison of carbon dioxide and helium as fire extinguishing agents for spacecraft nasa cp 2004 213205 vol2 2004 pp 409 418,44,2,0.0186,0.04421514067087627
row-0003594,citation::son youngjin paul d ronney and suleyman gokoglu comparison of carbon dioxide and helium as fire extinguishing agents for spacecraft nasa cp 2004 213205 vol2 2004 pp 409 418,44,2,0.00826,0.012445050563781078
row-0003597,citation::son youngjin paul d ronney and suleyman gokoglu comparison of carbon dioxide and helium as fire extinguishing agents for spacecraft nasa cp 2004 213205 vol2 2004 pp 409 418,44,2,0.01708,0.016569607115466845
row-0003626,doi::10.1016/j.proci.2014.07.017,44,2,1e-05,0.001432432141355381
row-0003627,doi::10.1016/j.proci.2014.07.017,44,2,1e-05,0.0014084989041223926
row-0003637,doi::10.1016/j.proci.2014.07.017,44,2,0.00085,0.0014088529041223928
row-0003647,doi::10.1016/j.proci.2014.07.017,44,2,0.00163,0.00142041757388929
row-0003649,doi::10.1016/j.proci.2014.07.017,44,2,0.00573,0.0020437359076721324
row-0003656,doi::10.1016/j.proci.2014.07.017,44,2,0.00069,0.001421586781062128
row-0003664,doi::10.1016/j.proci.2014.07.017,44,2,0.00361,0.0015220598003834662
row-0003666,doi::10.1016/j.proci.2014.07.017,44,2,0.00316,0.0019396705334953903
row-0003672,doi::10.1016/j.proci.2014.07.017,44,2,0.0039,0.002252049924733684
row-0003678,doi::10.1016/j.proci.2014.07.017,44,2,1e-05,0.001421595695545374
row-0003686,doi::10.1016/j.proci.2014.07.017,44,2,0.00057,0.0014239630784330084
row-0003696,doi::10.1016/j.proci.2014.07.017,44,2,0.00153,0.0014582363397152194
row-0003699,doi::10.1016/j.proci.2014.07.017,44,2,0.00152,0.0014624682432130094
row-0003701,doi::10.1016/j.proci.2014.07.017,44,2,0.00185,0.0014644882805264423
row-0003705,doi::10.1016/j.proci.2014.07.017,44,2,0.00253,0.0019656301312124358
row-0003716,doi::10.1016/j.proci.2014.07.017,44,2,0.00081,0.0014184088667543466
row-0003731,doi::10.1016/j.proci.2014.07.017,44,2,0.00063,0.0014184088667543466
row-0003735,doi::10.1016/j.proci.2014.07.017,44,2,0.001,0.00141947407663089
row-0003737,doi::10.1016/j.proci.2014.07.017,44,2,0.00083,0.0014184088667543466
row-0003744,doi::10.1016/j.proci.2014.07.017,44,2,0.00119,0.00141947407663089
row-0003748,doi::10.1016/j.proci.2014.07.017,44,2,0.00106,0.001421595695545374
row-0003758,doi::10.1016/j.proci.2014.07.017,44,2,0.00031,0.0014164615882449952
row-0003761,doi::10.1016/j.proci.2014.07.017,44,2,0.00188,0.0014569615446332522
row-0003764,doi::10.1016/j.proci.2014.07.017,44,2,0.0008,0.0014176233464867534
row-0004098,citation::takahashi shuhei takeshi nagumo kazunori wakai and subrata bhattacharjee effects of ambient condition on flame spread over a thin pmma sheet jsme international journal series b 43 4 2000 556 562,44,2,0.00165,0.0016226015181244262
row-0004104,citation::takahashi shuhei takeshi nagumo kazunori wakai and subrata bhattacharjee effects of ambient condition on flame spread over a thin pmma sheet jsme international journal series b 43 4 2000 556 562,44,2,0.00407,0.0044269293333838566
row-0004105,citation::takahashi shuhei takeshi nagumo kazunori wakai and subrata bhattacharjee effects of ambient condition on flame spread over a thin pmma sheet jsme international journal series b 43 4 2000 556 562,44,2,0.00112,0.0014563642843136073
row-0004109,citation::takahashi shuhei takeshi nagumo kazunori wakai and subrata bhattacharjee effects of ambient condition on flame spread over a thin pmma sheet jsme international journal series b 43 4 2000 556 562,44,2,0.0012,0.002198103662081985
row-0004112,citation::takahashi shuhei takeshi nagumo kazunori wakai and subrata bhattacharjee effects of ambient condition on flame spread over a thin pmma sheet jsme international journal series b 43 4 2000 556 562,44,2,0.00049,0.0014347570722677983
row-0004116,citation::takahashi shuhei takeshi nagumo kazunori wakai and subrata bhattacharjee effects of ambient condition on flame spread over a thin pmma sheet jsme international journal series b 43 4 2000 556 562,44,2,0.00166,0.0029455231083949478
row-0004117,citation::takahashi shuhei takeshi nagumo kazunori wakai and subrata bhattacharjee effects of ambient condition on flame spread over a thin pmma sheet jsme international journal series b 43 4 2000 556 562,44,2,0.00081,0.0008277836180915411
row-0004118,citation::takahashi shuhei takeshi nagumo kazunori wakai and subrata bhattacharjee effects of ambient condition on flame spread over a thin pmma sheet jsme international journal series b 43 4 2000 556 562,44,2,0.00032,0.0012232540578370101
row-0004121,citation::takahashi shuhei takeshi nagumo kazunori wakai and subrata bhattacharjee effects of ambient condition on flame spread over a thin pmma sheet jsme international journal series b 43 4 2000 556 562,44,2,0.0001,0.0006382900523089181
row-0004122,citation::takahashi shuhei takeshi nagumo kazunori wakai and subrata bhattacharjee effects of ambient condition on flame spread over a thin pmma sheet jsme international journal series b 43 4 2000 556 562,44,2,0.00113,0.0008720819501754165
row-0004127,citation::takahashi shuhei takeshi nagumo kazunori wakai and subrata bhattacharjee effects of ambient condition on flame spread over a thin pmma sheet jsme international journal series b 43 4 2000 556 562,44,2,0.00025,0.00015308469911593924
row-0004129,citation::takahashi shuhei takeshi nagumo kazunori wakai and subrata bhattacharjee effects of ambient condition on flame spread over a thin pmma sheet jsme international journal series b 43 4 2000 556 562,44,2,0.00052,0.0007324019382034494
row-0004130,citation::takahashi shuhei takeshi nagumo kazunori wakai and subrata bhattacharjee effects of ambient condition on flame spread over a thin pmma sheet jsme international journal series b 43 4 2000 556 562,44,2,0.00032,0.0003284086858099699
row-0004134,citation::takahashi shuhei takeshi nagumo kazunori wakai and subrata bhattacharjee effects of ambient condition on flame spread over a thin pmma sheet jsme international journal series b 43 4 2000 556 562,44,2,0.00084,0.0007311834064574179
row-0004135,citation::takahashi shuhei takeshi nagumo kazunori wakai and subrata bhattacharjee effects of ambient condition on flame spread over a thin pmma sheet jsme international journal series b 43 4 2000 556 562,44,2,0.0001,0.00012780415982070005
row-0004140,citation::takahashi shuhei takeshi nagumo kazunori wakai and subrata bhattacharjee effects of ambient condition on flame spread over a thin pmma sheet jsme international journal series b 43 4 2000 556 562,44,2,6e-05,0.002436539913385849
row-0004144,citation::takahashi shuhei takeshi nagumo kazunori wakai and subrata bhattacharjee effects of ambient condition on flame spread over a thin pmma sheet jsme international journal series b 43 4 2000 556 562,44,2,0.05023,0.05909399488035611
row-0004145,citation::takahashi shuhei takeshi nagumo kazunori wakai and subrata bhattacharjee effects of ambient condition on flame spread over a thin pmma sheet jsme international journal series b 43 4 2000 556 562,44,2,0.04648,0.04842247047466061
row-0004157,citation::takahashi shuhei takeshi nagumo kazunori wakai and subrata bhattacharjee effects of ambient condition on flame spread over a thin pmma sheet jsme international journal series b 43 4 2000 556 562,44,2,0.00182,0.0029459239276339736
row-0004160,citation::takahashi shuhei takeshi nagumo kazunori wakai and subrata bhattacharjee effects of ambient condition on flame spread over a thin pmma sheet jsme international journal series b 43 4 2000 556 562,44,2,0.00156,0.0013514330131816884
row-0004161,citation::takahashi shuhei takeshi nagumo kazunori wakai and subrata bhattacharjee effects of ambient condition on flame spread over a thin pmma sheet jsme international journal series b 43 4 2000 556 562,44,2,0.00077,0.0014100372607948972
row-0004163,citation::takahashi shuhei takeshi nagumo kazunori wakai and subrata bhattacharjee effects of ambient condition on flame spread over a thin pmma sheet jsme international journal series b 43 4 2000 556 562,44,2,0.00104,0.0007305985189021689
row-0004169,citation::takahashi shuhei takeshi nagumo kazunori wakai and subrata bhattacharjee effects of ambient condition on flame spread over a thin pmma sheet jsme international journal series b 43 4 2000 556 562,44,2,0.00059,0.0007324019382034494
row-0004222,citation::takahashi shuhei et al effect of ambient gas on flame spread over a solid material in microgravity journal of the japanese society for microgravity application vol 24 no 3 2007 pp 225 230,44,2,0.0083,0.005259832183640047
row-0004223,citation::takahashi shuhei et al effect of ambient gas on flame spread over a solid material in microgravity journal of the japanese society for microgravity application vol 24 no 3 2007 pp 225 230,44,2,0.0074,0.005259832183640047
row-0004226,citation::takahashi shuhei et al effect of ambient gas on flame spread over a solid material in microgravity journal of the japanese society for microgravity application vol 24 no 3 2007 pp 225 230,44,2,0.005,0.002091775048609093
row-0004227,citation::takahashi shuhei et al effect of ambient gas on flame spread over a solid material in microgravity journal of the japanese society for microgravity application vol 24 no 3 2007 pp 225 230,44,2,0.0017,0.001958161912291174
row-0004231,doi::10.1016/j.proci.2018.06.022,44,2,0.0014,0.004477369688693824
row-0004236,doi::10.1016/j.proci.2018.06.022,44,2,0.00274,0.003542639238562328
row-0004240,doi::10.1016/j.proci.2018.06.022,44,2,0.0027,0.0035360489342000146
row-0004247,doi::10.1016/j.proci.2018.06.022,44,2,0.00346,0.0038484281974812255
row-0004252,doi::10.1016/j.proci.2018.06.022,44,2,0.00425,0.003974251707544809
row-0004270,doi::10.1016/j.proci.2018.06.022,44,2,0.00425,0.0039050163036626444
row-0004273,doi::10.1016/j.proci.2018.06.022,44,2,0.00582,0.004405225455041876
row-0004276,doi::10.1016/j.proci.2018.06.022,44,2,0.00164,0.0019548606690239067
row-0004277,doi::10.1016/j.proci.2018.06.022,44,2,0.00095,0.002036434749418086
row-0004280,doi::10.1016/j.proci.2018.06.022,44,2,0.00337,0.0020093230223608306
row-0004281,doi::10.1016/j.proci.2018.06.022,44,2,0.00328,0.0020217257676535625
row-0004287,doi::10.1016/j.proci.2018.06.022,44,2,0.00057,0.0025510063623034184
row-0004290,doi::10.1016/j.proci.2018.06.022,44,2,0.00146,0.002447608508127219
row-0004292,doi::10.1016/j.proci.2018.06.022,44,2,0.00218,0.002487020559639683
row-0004301,doi::10.1016/j.proci.2018.06.022,44,2,0.00268,0.001917286264699867
row-0004308,doi::10.1016/j.proci.2018.06.022,44,2,0.00101,0.0014499296903784224
row-0004320,doi::10.1038/s41598-017-18398-4,44,2,0.00175,0.0014470999615722791
row-0004326,doi::10.1038/s41598-017-18398-4,44,2,0.00114,0.0014564074832433401
row-0004327,doi::10.1038/s41598-017-18398-4,44,2,0.00119,0.0014522521604522344
row-0004333,doi::10.1038/s41598-017-18398-4,44,2,0.00196,0.0014522521604522344
row-0004345,doi::10.1016/s1540-7489(02)80314-5,44,2,0.03325,0.03603764684048861
row-0004346,doi::10.1016/s1540-7489(02)80314-5,44,2,0.0339,0.037253346070647
row-0004348,doi::10.1016/s1540-7489(02)80314-5,44,2,0.04266,0.03781805333812952
row-0004349,doi::10.1016/s1540-7489(02)80314-5,44,2,0.04468,0.03890234200571234
row-0004351,doi::10.1016/s1540-7489(02)80314-5,44,2,0.04937,0.040504538301587546
row-0004358,doi::10.1016/s1540-7489(02)80314-5,44,2,0.02189,0.016702439800343655
row-0004381,doi::10.1016/s1540-7489(02)80314-5,44,2,0.01145,0.011799505439634471
row-0004382,doi::10.1016/s1540-7489(02)80314-5,44,2,0.01276,0.01638959490500241
row-0004387,doi::10.1016/s1540-7489(02)80314-5,44,2,0.00553,0.00575079890224474
row-0004390,doi::10.1016/s1540-7489(02)80314-5,44,2,0.00621,0.006921328169438161
row-0004406,doi::10.1016/s1540-7489(02)80314-5,44,2,0.00317,0.003943403013261793
row-0004412,doi::10.1016/s1540-7489(02)80314-5,44,2,0.0051,0.004450524279400118
row-0004418,doi::10.1016/s1540-7489(02)80314-5,44,2,0.00318,0.0024134241268288868
row-0004419,doi::10.1016/s1540-7489(02)80314-5,44,2,0.00295,0.002443874667600653
row-0004438,citation::urban david l interactions between flames on parallel solid surfaces nasa 0 combustion workshop n96 15588 1997,44,2,0.01259,0.012038111425215351
row-0004442,citation::urban david l interactions between flames on parallel solid surfaces nasa 0 combustion workshop n96 15588 1997,44,2,0.01619,0.01085578467828606
row-0004744,doi::10.1007/s10694-019-00878-w,44,2,0.002,0.02807327238095231
row-0004753,doi::10.1007/s10694-019-00878-w,44,2,0.0358,0.11648345167922436
row-0004771,doi::10.1007/s10694-019-00896-8,44,2,6e-05,9.265319827666986e-05
row-0004776,doi::10.1007/s10694-019-00896-8,44,2,0.0001,0.00015228036682942615
row-0004777,doi::10.1007/s10694-019-00896-8,44,2,9e-05,0.00015228036682942615
row-0004778,doi::10.1007/s10694-019-00896-8,44,2,7e-05,0.00015220759668523617
row-0004779,doi::10.1007/s10694-019-00896-8,44,2,6e-05,0.00015193784332748284
row-0004786,doi::10.1007/s10694-019-00896-8,44,2,0.00061,0.00044461808885801023
row-0004796,doi::10.1007/s10694-019-00896-8,44,2,0.0014,0.001397194945068551
row-0004797,doi::10.1007/s10694-019-00896-8,44,2,0.0015,0.001397194945068551
row-0004799,doi::10.1007/s10694-019-00896-8,44,2,0.0017,0.0016038401577310095
row-0004807,doi::10.1007/s10694-019-00896-8,44,2,9e-05,0.00033299969357553495
row-0004813,doi::10.1007/s10694-019-00896-8,44,2,0.00141,0.0013093326386262618
row-0004829,doi::10.1007/s10694-019-00896-8,44,2,9e-05,0.0001155211194858458
row-0004841,doi::10.1007/s10694-019-00896-8,44,2,0.00054,0.00044309281673856065
row-0004843,doi::10.1007/s10694-019-00896-8,44,2,0.00055,0.00044309281673856065
row-0004849,doi::10.1007/s10694-019-00896-8,44,2,0.00065,0.00044479408885801023
row-0004854,doi::10.1007/s10694-019-00896-8,44,2,0.0013,0.0013816738178777338
row-0004855,doi::10.1007/s10694-019-00896-8,44,2,0.0013,0.0013866279289888451
row-0004857,doi::10.1007/s10694-019-00896-8,44,2,0.0014,0.0013924471999248057
row-0004916,doi::10.1016/j.proci.2024.105199,44,2,0.0035,0.004549000118438482
row-0004929,doi::10.1016/j.proci.2024.105199,44,2,0.0021,0.0016141830028227023
row-0004932,doi::10.1016/j.proci.2024.105199,44,2,0.0018,0.0016119564388828373
row-0004945,doi::10.1016/j.proci.2016.06.028,44,2,0.002,0.0014630163157837537
row-0004946,doi::10.1016/j.proci.2016.06.028,44,2,0.00275,0.001475047885329446
row-0004994,doi::10.1007/s12217-018-9655-0,44,2,0.00014,0.0003079800985335855
row-0004995,doi::10.1007/s12217-018-9655-0,44,2,2e-05,0.00021484644035699605
row-0005000,doi::10.1007/s12217-018-9655-0,44,2,0.00093,0.0008067186697412162
row-0005002,doi::10.1007/s12217-018-9655-0,44,2,0.0013,0.0008093443613120974
row-0005010,doi::10.1007/s12217-018-9655-0,44,2,0.00026,0.0003771925219211395
row-0005011,doi::10.1007/s12217-018-9655-0,44,2,0.00033,0.00037737852192113954
row-0005012,doi::10.1007/s12217-018-9655-0,44,2,0.00037,0.0003778557600163776
row-0005014,doi::10.1007/s12217-018-9655-0,44,2,0.00018,0.00024994082905665973
row-0005018,doi::10.1007/s12217-018-9655-0,44,2,5e-05,0.0001760116115052741
row-0005026,doi::10.1007/s12217-018-9655-0,44,2,5e-05,9.513652477145579e-05
row-0005030,doi::10.1007/s12217-018-9655-0,44,2,3e-05,9.402032095867767e-05
row-0005035,doi::10.1007/s12217-022-09945-4,44,2,0.0128,0.009167917791833619
row-0005037,doi::10.1007/s12217-022-09945-4,44,2,0.0108,0.01228509955011389
row-0005043,doi::10.1007/s12217-022-09945-4,44,2,0.002,0.0016899310367806278
row-0005046,doi::10.1016/j.combustflame.2019.03.040,44,2,4e-05,0.00030758562907851446
row-0000003,citation::andracchio charles r and john c aydelott comparison of flame spreading over thin flat surfaces in normal gravity and weightlessness in an oxygen environment nasa technical memorandum nasa tm x 1992 1970,44,3,0.056,0.06138036147186115
row-0000004,citation::andracchio charles r and john c aydelott comparison of flame spreading over thin flat surfaces in normal gravity and weightlessness in an oxygen environment nasa technical memorandum nasa tm x 1992 1970,44,3,0.036,0.046021473190476135
row-0000009,citation::andracchio charles r and john c aydelott comparison of flame spreading over thin flat surfaces in normal gravity and weightlessness in an oxygen environment nasa technical memorandum nasa tm x 1992 1970,44,3,0.03,0.03230025124857274
row-0000010,citation::andracchio charles r and john c aydelott comparison of flame spreading over thin flat surfaces in normal gravity and weightlessness in an oxygen environment nasa technical memorandum nasa tm x 1992 1970,44,3,0.022,0.021616131111110964
row-0000024,citation::andracchio charles r and john c aydelott comparison of flame spreading over thin flat surfaces in normal gravity and weightlessness in an oxygen environment nasa technical memorandum nasa tm x 1992 1970,44,3,0.099,0.09343855000000083
row-0000037,citation::andracchio charles r and thomas h cochran burning of solids in oxygen rich environments in normal and reduced gravity nasa technical memorandum x 3055 national aeronautics and space administration may 1974,44,3,0.017,0.01769177266450217
row-0000043,citation::andracchio charles r and thomas h cochran burning of solids in oxygen rich environments in normal and reduced gravity nasa technical memorandum x 3055 national aeronautics and space administration may 1974,44,3,0.019,0.020069805092007054
row-0000047,citation::andracchio charles r and thomas h cochran burning of solids in oxygen rich environments in normal and reduced gravity nasa technical memorandum x 3055 national aeronautics and space administration may 1974,44,3,0.078,0.045883297987734356
row-0000049,citation::andracchio charles r and thomas h cochran burning of solids in oxygen rich environments in normal and reduced gravity nasa technical memorandum x 3055 national aeronautics and space administration may 1974,44,3,0.069,0.033743667283029355
row-0000052,citation::andracchio charles r and thomas h cochran gravity effects on flame spreading over solid surfaces nasa technical note d 8228 national aeronautics and space administration may 1976,44,3,0.0204,0.019911030158730008
row-0000053,citation::andracchio charles r and thomas h cochran gravity effects on flame spreading over solid surfaces nasa technical note d 8228 national aeronautics and space administration may 1976,44,3,0.0279,0.025078641575757704
row-0000056,citation::andracchio charles r and thomas h cochran gravity effects on flame spreading over solid surfaces nasa technical note d 8228 national aeronautics and space administration may 1976,44,3,0.0176,0.016810457460317427
row-0000060,citation::andracchio charles r and thomas h cochran gravity effects on flame spreading over solid surfaces nasa technical note d 8228 national aeronautics and space administration may 1976,44,3,0.0152,0.016932435285714226
row-0000063,citation::andracchio charles r and thomas h cochran gravity effects on flame spreading over solid surfaces nasa technical note d 8228 national aeronautics and space administration may 1976,44,3,0.02,0.02408361724242439
row-0000075,citation::andracchio charles r and thomas h cochran gravity effects on flame spreading over solid surfaces nasa technical note d 8228 national aeronautics and space administration may 1976,44,3,0.009,0.008278813423354413
row-0000088,citation::andracchio charles r and thomas h cochran gravity effects on flame spreading over solid surfaces nasa technical note d 8228 national aeronautics and space administration may 1976,44,3,0.078,0.04600208677310356
row-0000091,citation::andracchio charles r and thomas h cochran gravity effects on flame spreading over solid surfaces nasa technical note d 8228 national aeronautics and space administration may 1976,44,3,0.0176,0.03114228142486739
row-0000093,citation::andracchio charles r and thomas h cochran gravity effects on flame spreading over solid surfaces nasa technical note d 8228 national aeronautics and space administration may 1976,44,3,0.0473,0.048981009333333395
row-0000097,citation::andracchio charles r and thomas h cochran gravity effects on flame spreading over solid surfaces nasa technical note d 8228 national aeronautics and space administration may 1976,44,3,0.0432,0.04688447452380955
row-0000111,citation::andracchio charles r and thomas h cochran gravity effects on flame spreading over solid surfaces nasa technical note d 8228 national aeronautics and space administration may 1976,44,3,0.009,0.006928936886058397
row-0000112,citation::andracchio charles r and thomas h cochran gravity effects on flame spreading over solid surfaces nasa technical note d 8228 national aeronautics and space administration may 1976,44,3,0.0134,0.013940124355729848
row-0000114,citation::andracchio charles r and thomas h cochran gravity effects on flame spreading over solid surfaces nasa technical note d 8228 national aeronautics and space administration may 1976,44,3,0.0137,0.016613823871246422
row-0000115,citation::andracchio charles r and thomas h cochran gravity effects on flame spreading over solid surfaces nasa technical note d 8228 national aeronautics and space administration may 1976,44,3,0.0079,0.007887792590416127
row-0000118,citation::andracchio charles r and thomas h cochran gravity effects on flame spreading over solid surfaces nasa technical note d 8228 national aeronautics and space administration may 1976,44,3,0.0086,0.012107342105815627
row-0000130,doi::10.1080/01457632.2025.2529751,44,3,0.00374,0.0021248195289768983
row-0000131,doi::10.1080/01457632.2025.2529751,44,3,0.00212,0.0018932847405253692
row-0000139,doi::10.1016/j.proci.2016.06.025,44,3,0.00195,0.0014650177619236345
row-0000140,doi::10.1016/j.proci.2016.06.025,44,3,0.0017,0.0014560691904950628
row-0000147,doi::10.1016/j.proci.2016.06.025,44,3,0.00135,0.0014401975409302084
row-0000152,doi::10.1016/j.proci.2016.06.025,44,3,0.0007,0.0014401975409302084
row-0000191,doi::10.1016/j.firesaf.2015.11.011,44,3,0.0066,0.0047654331640594435
row-0000194,doi::10.1016/j.firesaf.2015.11.011,44,3,0.0021,0.0014895186812539439
row-0000256,doi::10.1016/j.combustflame.2020.12.005,44,3,0.083,0.08807469746031756
row-0000260,doi::10.1016/j.combustflame.2020.12.005,44,3,0.161,0.12543708879900106
row-0000268,doi::10.5802/crmeca.149,44,3,0.0014,0.001462398870930416
row-0000284,doi::10.5802/crmeca.149,44,3,0.00107,0.0014386912517050778
row-0000289,doi::10.5802/crmeca.149,44,3,0.00137,0.001462398870930416
row-0000293,doi::10.5802/crmeca.149,44,3,0.00137,0.001454074334600132
row-0000294,doi::10.1016/s1540-7489(02)80211-3,44,3,0.012,0.012695770222815256
row-0000298,doi::10.1016/s1540-7489(02)80211-3,44,3,0.013,0.013008355925307191
row-0000299,doi::10.1016/s1540-7489(02)80211-3,44,3,0.015,0.013145022178822552
row-0000309,doi::10.1016/s1540-7489(02)80211-3,44,3,0.0075,0.013145022178822552
row-0000342,citation::ferkul paul v an experimental study of opposed flow diffusion flame extinction over a thin fuel in 0 nasa cr 182185 1989,44,3,0.004,0.004467776182668703
row-0000343,citation::ferkul paul v an experimental study of opposed flow diffusion flame extinction over a thin fuel in 0 nasa cr 182185 1989,44,3,0.0035,0.004057610530678912
row-0000355,citation::ferkul paul v et al combustion experiments on the mir space station 37th aerospace sciences meeting and exhibit american institute of aeronautics and astronautics 1999 paper aiaa 99 0439,44,3,0.0015,0.0010018027136312168
row-0000381,doi::10.1016/s1540-7489(02)80310-8,44,3,0.0052,0.004279162430621002
row-0000382,doi::10.1016/s1540-7489(02)80310-8,44,3,0.0052,0.004205002976609036
row-0000387,doi::10.1016/s1540-7489(02)80310-8,44,3,0.0041,0.0032991283191926794
row-0000428,citation::grayson g d k r sacksteder p v ferkul and j s t ien flame spreading over a thin solid in low speed concurrent flow drop tower experimental results and comparison with theory 0 science and technology vii 2 1994,44,3,0.0029,0.0037855978578393416
row-0000432,citation::grayson g d k r sacksteder p v ferkul and j s t ien flame spreading over a thin solid in low speed concurrent flow drop tower experimental results and comparison with theory 0 science and technology vii 2 1994,44,3,0.0043,0.004241036451327772
row-0000438,citation::grayson g d k r sacksteder p v ferkul and j s t ien flame spreading over a thin solid in low speed concurrent flow drop tower experimental results and comparison with theory 0 science and technology vii 2 1994,44,3,0.0047,0.004680898914804475
row-0000442,citation::grayson g d k r sacksteder p v ferkul and j s t ien flame spreading over a thin solid in low speed concurrent flow drop tower experimental results and comparison with theory 0 science and technology vii 2 1994,44,3,0.0071,0.005246365299103962
row-0000448,doi::10.1016/j.combustflame.2020.09.003,44,3,0.00136,0.0014512504222584943
row-0000456,doi::10.1016/j.combustflame.2020.07.044,44,3,0.00127,0.001439554766856593
row-0000458,doi::10.1016/j.combustflame.2020.07.044,44,3,0.00122,0.001439554766856593
row-0000473,doi::10.1016/j.combustflame.2020.07.044,44,3,0.00154,0.0014512504222584943
row-0000481,doi::10.1016/j.combustflame.2020.07.044,44,3,0.0014,0.0014554814411151845
row-0000485,doi::10.1016/j.combustflame.2020.07.044,44,3,0.00131,0.0014498397003769995
row-0000491,doi::10.1016/j.combustflame.2020.07.044,44,3,0.0012,0.0014451474254152873
row-0000495,doi::10.1016/j.combustflame.2020.07.044,44,3,0.00122,0.0014451474254152873
row-0000503,doi::10.1016/j.combustflame.2020.07.044,44,3,0.00143,0.0014512504222584943
row-0000512,doi::10.1016/j.combustflame.2020.07.044,44,3,0.0014,0.001454074334600132
row-0000514,doi::10.1016/j.combustflame.2020.07.044,44,3,0.00146,0.0014554814411151845
row-0000529,doi::10.1016/j.combustflame.2020.07.044,44,3,0.00115,0.0014465545319303401
row-0000538,doi::10.1016/j.combustflame.2020.07.044,44,3,0.00127,0.0014512504222584943
row-0000555,doi::10.1016/j.proci.2018.06.022,44,3,0.00018,0.00028397580489824013
row-0000559,doi::10.1016/j.proci.2018.06.022,44,3,3e-05,0.0002761335887707087
row-0000563,doi::10.1016/j.proci.2018.06.022,44,3,0.00011,9.236404872447172e-05
row-0000568,doi::10.1016/j.proci.2018.06.022,44,3,2e-05,8.938945820437651e-05
row-0000569,doi::10.1016/j.proci.2018.06.022,44,3,2e-05,8.855255758300443e-05
row-0000577,doi::10.1016/j.proci.2018.06.022,44,3,2e-05,8.855255758300443e-05
row-0000580,doi::10.1016/j.proci.2018.06.022,44,3,1e-05,8.855255758300443e-05
row-0000582,doi::10.1016/j.proci.2018.06.022,44,3,9e-05,9.206695508194509e-05
row-0000585,doi::10.1016/j.proci.2018.06.022,44,3,9e-05,9.206695508194509e-05
row-0000609,doi::10.1016/j.proci.2018.06.022,44,3,7e-05,9.190907047238626e-05
row-0000623,doi::10.1016/j.proci.2018.06.022,44,3,7e-05,9.155754370090584e-05
row-0000627,doi::10.1016/j.proci.2018.06.022,44,3,6e-05,9.155754370090584e-05
row-0000634,doi::10.1016/j.proci.2018.06.022,44,3,8e-05,9.190907047238626e-05
row-0000640,doi::10.1016/s0082-0784(98)80017-6,44,3,0.0071,0.0047563174717722406
row-0000643,doi::10.1016/s0082-0784(98)80017-6,44,3,0.006,0.0035997045239968962
row-0000647,doi::10.1016/s0082-0784(98)80017-6,44,3,0.0042,0.003262372331208377
row-0000648,doi::10.1016/s0082-0784(98)80017-6,44,3,0.0049,0.003555577213133889
row-0000651,doi::10.1016/s0082-0784(98)80017-6,44,3,0.0032,0.0032092891406442672
row-0000663,doi::10.1016/s0082-0784(98)80017-6,44,3,0.0032,0.003225814633444604
row-0000664,doi::10.1016/s0082-0784(98)80017-6,44,3,0.0027,0.0031097069349508987
row-0000666,doi::10.1016/s0082-0784(98)80017-6,44,3,0.0025,0.0025601428519963563
row-0000668,doi::10.1016/s0082-0784(98)80017-6,44,3,0.0027,0.0025818048578505315
row-0000670,doi::10.1016/s0082-0784(98)80017-6,44,3,0.0028,0.0030668257590144915
row-0000673,doi::10.1016/s0082-0784(98)80017-6,44,3,0.0044,0.003020095325505994
row-0000698,citation::kimzey john howard flammability during weightlessness nasa technical memorandum nasa tm x 58001 may 1966,44,3,0.02794,0.013256655333333324
row-0000705,doi::10.1016/j.combustflame.2008.05.023,44,3,0.0018,0.003414180989428039
row-0000707,doi::10.1016/j.combustflame.2008.05.023,44,3,0.0016,0.003513812896127696
row-0000713,doi::10.1016/j.combustflame.2008.05.023,44,3,0.0029,0.0177626286804115
row-0000715,doi::10.1016/j.combustflame.2008.05.023,44,3,0.0029,0.006172577052634191
row-0000716,doi::10.1016/j.combustflame.2008.05.023,44,3,0.0041,0.0033028138259512054
row-0000718,doi::10.1016/j.combustflame.2008.05.023,44,3,0.0048,0.0032804696300757
row-0000720,doi::10.1016/j.combustflame.2008.05.023,44,3,0.0042,0.003129447135903205
row-0000722,doi::10.1016/j.combustflame.2008.05.023,44,3,0.0047,0.003129447135903205
row-0000723,doi::10.1016/j.combustflame.2008.05.023,44,3,0.0051,0.003129447135903205
row-0000725,doi::10.1016/j.combustflame.2008.05.023,44,3,0.0019,0.0029576728241674133
row-0000726,doi::10.1016/j.combustflame.2008.05.023,44,3,0.0021,0.0029576728241674133
row-0000730,doi::10.1016/j.combustflame.2008.05.023,44,3,0.002,0.002840317063582109
row-0000734,doi::10.1016/j.combustflame.2008.05.023,44,3,0.0033,0.002881014659223278
row-0000738,doi::10.1016/j.combustflame.2008.05.023,44,3,0.0044,0.003345081384032659
row-0000739,doi::10.1016/j.combustflame.2008.05.023,44,3,0.0037,0.003517559630262736
row-0000743,doi::10.1016/j.combustflame.2008.05.023,44,3,0.0051,0.003507481623123677
row-0000745,doi::10.1016/j.combustflame.2008.05.023,44,3,0.0009,0.0029643758803209255
row-0000764,doi::10.1007/s10694-019-00862-4,44,3,8e-05,0.00015162490038293065
row-0000776,doi::10.1007/s10694-019-00862-4,44,3,0.00033,0.00012049284167976175
row-0000798,doi::10.1016/j.firesaf.2023.103989,44,3,0.0016,0.0029607488759701493
row-0000802,doi::10.1016/j.firesaf.2023.103989,44,3,0.0035,0.003056691333074579
row-0000805,doi::10.1016/j.firesaf.2023.103989,44,3,0.0021,0.002935192069862018
row-0000808,doi::10.1016/j.firesaf.2023.103989,44,3,0.0037,0.0030741818595693277
row-0000809,doi::10.1016/j.firesaf.2023.103989,44,3,0.0036,0.0030590669526496814
row-0000812,doi::10.1016/j.firesaf.2023.103989,44,3,0.0029,0.003012266133909044
row-0000837,doi::10.1016/j.firesaf.2023.103989,44,3,0.0026,0.002946905578435474
row-0000841,doi::10.1016/j.firesaf.2023.103989,44,3,0.0031,0.0029536655784354743
row-0000891,doi::10.1016/j.firesaf.2023.103989,44,3,0.0034,0.003042425167508399
row-0000892,doi::10.1016/j.firesaf.2023.103989,44,3,0.004,0.003107741744868249
row-0000905,doi::10.1016/j.firesaf.2023.103989,44,3,0.0037,0.003057519431641278
row-0000912,doi::10.1016/j.firesaf.2023.103989,44,3,0.0026,0.0028612469409732065
row-0000914,doi::10.1016/j.firesaf.2023.103989,44,3,0.0026,0.0028978254187505673
row-0000918,doi::10.1016/j.firesaf.2023.103989,44,3,0.00275,0.0029443617872060633
row-0000922,doi::10.1016/j.firesaf.2023.103989,44,3,0.0032,0.0029812245568150157
row-0000923,doi::10.1016/j.firesaf.2023.103989,44,3,0.0031,0.0029808862186005074
row-0000924,doi::10.1016/j.firesaf.2023.103989,44,3,0.0031,0.0029838002186005075
row-0000931,doi::10.1016/j.firesaf.2023.103989,44,3,0.0032,0.002963970349449541
row-0000935,doi::10.1016/j.firesaf.2023.103989,44,3,0.0024,0.002953553943877621
row-0000938,doi::10.1016/j.firesaf.2023.103989,44,3,0.0015,0.0029348152755394098
row-0000966,doi::10.1016/j.firesaf.2023.103989,44,3,0.003,0.003094079951750573
row-0000974,doi::10.1016/j.firesaf.2023.103989,44,3,0.0038,0.003103973520180935
row-0001027,doi::10.1016/j.firesaf.2023.103989,44,3,0.0024,0.0029741232181193043
row-0001028,doi::10.1016/j.firesaf.2023.103989,44,3,0.00275,0.0029808971640749088
row-0001041,doi::10.1016/j.firesaf.2023.103989,44,3,0.0024,0.002956083360676357
row-0001046,doi::10.1016/j.firesaf.2023.103989,44,3,0.00275,0.0030866849553910637
row-0001050,doi::10.1016/j.firesaf.2023.103989,44,3,0.003,0.00309567280889343
row-0001051,doi::10.1016/j.firesaf.2023.103989,44,3,0.0035,0.00309567280889343
row-0001075,doi::10.1016/j.firesaf.2023.103989,44,3,0.0014,0.002014254542275543
row-0001083,doi::10.1016/j.firesaf.2023.103989,44,3,0.0014,0.002081936603020879
row-0001120,doi::10.1016/j.firesaf.2023.103989,44,3,0.001,0.00173601280582013
row-0001121,doi::10.1016/j.firesaf.2023.103989,44,3,0.00125,0.0017524120858425846
row-0001129,doi::10.1016/j.firesaf.2023.103989,44,3,0.00125,0.002012398613977795
row-0001131,doi::10.1016/j.firesaf.2023.103989,44,3,0.0014,0.002054157781067329
row-0001152,doi::10.1016/j.firesaf.2023.103989,44,3,0.0016,0.0016977246267043656
row-0001165,doi::10.1016/j.firesaf.2023.103989,44,3,0.0017,0.0017083349257460167
row-0001192,doi::10.1016/j.firesaf.2023.103989,44,3,0.0015,0.0015004781646881845
row-0001209,doi::10.1016/j.proci.2024.105199,44,3,0.0036,0.004429608696389728
row-0001210,doi::10.1016/j.proci.2024.105199,44,3,0.0058,0.004502611927763741
row-0001217,doi::10.1016/j.proci.2024.105199,44,3,0.0051,0.004326020996030858
row-0001220,doi::10.1016/j.proci.2024.105199,44,3,0.004,0.004326020996030858
row-0001224,doi::10.1016/j.proci.2024.105199,44,3,0.0019,0.0015215904410264185
row-0001228,doi::10.1016/j.proci.2024.105199,44,3,0.002,0.0015236543539252755
row-0001230,doi::10.1016/j.proci.2024.105199,44,3,0.0018,0.0015236543539252755
row-0001260,doi::10.1007/s10694-019-00935-4,44,3,0.0003,0.0004625165784071874
row-0001262,doi::10.1007/s10694-019-00935-4,44,3,0.00064,0.0008775184103985318
row-0001265,doi::10.1007/s10694-019-00935-4,44,3,0.00055,0.0004882926784670641
row-0001266,doi::10.1007/s10694-019-00935-4,44,3,0.00057,0.0004952996617402958
row-0001335,doi::10.1016/j.proci.2022.07.002,44,3,0.0021,0.002979566232355136
row-0001336,doi::10.1016/j.proci.2022.07.002,44,3,0.0035,0.0029772445101329133
row-0001337,doi::10.1016/j.proci.2022.07.002,44,3,0.0039,0.0030755466711352535
row-0001349,doi::10.1016/j.proci.2022.07.002,44,3,0.005,0.003109180147894184
row-0001358,doi::10.1016/j.proci.2022.07.002,44,3,0.0018,0.0029684865170501664
row-0001360,doi::10.1016/j.proci.2022.07.002,44,3,0.0028,0.0030737156838245116
row-0001371,doi::10.1016/j.proci.2022.07.002,44,3,0.0036,0.0030927027035214487
row-0001379,doi::10.1016/j.proci.2022.07.002,44,3,0.0024,0.0030491971532924616
row-0001458,doi::10.1016/j.proci.2022.07.002,44,3,0.0013,0.0014934233688520381
row-0001465,doi::10.1016/j.proci.2022.07.002,44,3,0.0015,0.0015030433340370484
row-0001466,doi::10.1016/j.proci.2022.07.002,44,3,0.0016,0.0015062761884094644
row-0001471,doi::10.1016/j.proci.2022.07.002,44,3,0.0015,0.001497467958549328
row-0001472,doi::10.1016/j.proci.2022.07.002,44,3,0.0015,0.001497467958549328
row-0001475,doi::10.1016/j.proci.2022.07.002,44,3,0.0011,0.001483770125199241
row-0001480,doi::10.1016/j.proci.2022.07.002,44,3,0.001,0.0014828495987707685
row-0001492,doi::10.1016/j.proci.2022.07.002,44,3,0.0024,0.0014587142954876006
row-0001497,doi::10.1016/j.proci.2022.07.002,44,3,0.0015,0.0014488115638452332
row-0001584,doi::10.1016/j.proci.2024.105775,44,3,0.00569,0.008101150911700973
row-0001593,doi::10.1016/j.proci.2024.105775,44,3,0.00802,0.008145242974895734
row-0001605,doi::10.1016/j.proci.2024.105775,44,3,0.00672,0.008142523811334658
row-0001606,doi::10.1016/j.proci.2024.105775,44,3,0.00628,0.008142523811334658
row-0001623,doi::10.1016/j.proci.2024.105775,44,3,0.01117,0.008853073329319032
row-0001631,doi::10.1016/j.proci.2024.105775,44,3,0.01014,0.008595748783820162
row-0001634,doi::10.1016/j.proci.2024.105775,44,3,0.00955,0.008585915450486826
row-0001638,doi::10.1016/j.proci.2024.105775,44,3,0.01122,0.008831498834610036
row-0001651,doi::10.1007/s12217-024-10147-3,44,3,0.00717,0.008140852078001325
row-0001656,doi::10.1007/s12217-024-10147-3,44,3,0.00776,0.00847240606626649
row-0001658,doi::10.1007/s12217-024-10147-3,44,3,0.00704,0.008267906815038277
row-0001666,doi::10.1007/s12217-024-10147-3,44,3,0.01182,0.008853283025086226
row-0001670,doi::10.1007/s12217-024-10147-3,44,3,0.00808,0.00847290039838618
row-0001727,doi::10.1016/j.combustflame.2020.12.042,44,3,0.0019,0.0017272609459047276
row-0001728,doi::10.1016/j.combustflame.2020.12.042,44,3,0.0022,0.0017272609459047276
row-0001746,doi::10.1038/s41598-017-18398-4,44,3,8e-05,9.190019965346288e-05
row-0001747,doi::10.1038/s41598-017-18398-4,44,3,7e-05,9.185463734343248e-05
row-0001750,doi::10.1038/s41598-017-18398-4,44,3,7e-05,9.190019965346288e-05
row-0001753,doi::10.1038/s41598-017-18398-4,44,3,9e-05,9.206695508194509e-05
row-0001764,doi::10.1038/s41598-017-18398-4,44,3,3e-05,8.846077163278548e-05
row-0001771,doi::10.1038/s41598-017-18398-4,44,3,3e-05,9.160310601093625e-05
row-0001777,doi::10.1038/s41598-017-18398-4,44,3,1e-05,9.155754370090584e-05
row-0001781,doi::10.1038/s41598-017-18398-4,44,3,2e-05,9.155754370090584e-05
row-0001784,doi::10.1038/s41598-017-18398-4,44,3,7e-05,9.190019965346288e-05
row-0001808,doi::10.1038/s41598-017-18398-4,44,3,6e-05,9.220616411491291e-05
row-0001810,doi::10.1038/s41598-017-18398-4,44,3,3e-05,9.185463734343248e-05
row-0001835,doi::10.1016/j.proci.2024.105766,44,3,0.0115,0.008190332715950975
row-0001836,doi::10.1016/j.proci.2024.105766,44,3,0.012,0.008293860079587342
row-0001843,doi::10.1016/j.proci.2024.105766,44,3,0.005,0.006467448240418796
row-0001846,doi::10.1016/j.proci.2024.105766,44,3,0.008,0.006529285692320757
row-0001850,doi::10.1016/j.proci.2024.105766,44,3,0.0029,0.0015501351875044775
row-0001855,doi::10.1016/j.proci.2024.105766,44,3,0.002,0.0015399423717597286
row-0001856,doi::10.1016/j.proci.2024.105766,44,3,0.0019,0.0015399423717597286
row-0001860,doi::10.1016/j.proci.2024.105766,44,3,0.002,0.0015259195424771803
row-0001861,doi::10.1016/j.proci.2024.105766,44,3,0.0027,0.0015259195424771803
row-0001871,doi::10.1016/j.firesaf.2024.104329,44,3,0.00225,0.001705191515383081
row-0001880,doi::10.1016/j.firesaf.2024.104329,44,3,0.0015,0.001469247897657334
row-0001888,doi::10.1016/j.firesaf.2024.104329,44,3,0.0024,0.0017104575155186803
row-0001906,doi::10.1016/j.firesaf.2024.104329,44,3,0.0029,0.0017063442961317442
row-0001918,doi::10.1016/j.firesaf.2024.104329,44,3,0.00275,0.0017104575155186803
row-0001925,doi::10.1016/j.firesaf.2024.104329,44,3,0.0021,0.0017063442961317442
row-0001928,doi::10.1016/j.firesaf.2024.104329,44,3,0.0015,0.001471566876397389
row-0001945,doi::10.1016/j.firesaf.2024.104329,44,3,0.00235,0.0017009353109147967
row-0001947,doi::10.1016/j.firesaf.2024.104329,44,3,0.0015,0.0014839542968807255
row-0001954,doi::10.1016/j.firesaf.2024.104329,44,3,0.0016,0.0016997825301661336
row-0001955,doi::10.1016/j.firesaf.2024.104329,44,3,0.0027,0.0017009353109147967
row-0001965,doi::10.1016/j.firesaf.2024.104329,44,3,0.00235,0.0017009353109147967
row-0001968,doi::10.1016/j.firesaf.2024.104329,44,3,0.0021,0.0017009353109147967
row-0002039,doi::10.1016/j.firesaf.2024.104329,44,3,0.00125,0.0007591903330064445
row-0002041,doi::10.1016/j.firesaf.2024.104329,44,3,0.0007,0.0007465927288869099
row-0002048,doi::10.1016/j.firesaf.2024.104329,44,3,0.0005,0.0007214619111841121
row-0002056,doi::10.1016/j.firesaf.2024.104329,44,3,0.0011,0.0007558541410685257
row-0002059,doi::10.1016/j.firesaf.2024.104329,44,3,0.0008,0.0007135819021982914
row-0002062,doi::10.1016/j.firesaf.2024.104329,44,3,0.0008,0.0006948456893237409
row-0002080,doi::10.1016/j.firesaf.2024.104329,44,3,0.0005,0.0006962545729695071
row-0002099,doi::10.1016/j.firesaf.2024.104329,44,3,0.0005,0.0006962545729695071
row-0002116,doi::10.1016/j.firesaf.2024.104329,44,3,0.00112,0.0007280309385558096
row-0002118,doi::10.1016/j.firesaf.2024.104329,44,3,0.0004,0.0006982023166685965
row-0002124,doi::10.1016/j.firesaf.2024.104329,44,3,0.0007,0.0007105279194711348
row-0002134,doi::10.1016/j.firesaf.2024.104329,44,3,0.0004,0.000692568968222673
row-0002286,citation::mell w e s l olson and t kashiwagi flame spread along free edges of thermally thin samples in 0 proceedings of the combustion institute vol 28 no 2 2000 pp 2843 2849,44,3,0.0023,0.0032739315554875625
row-0002290,citation::mell w e s l olson and t kashiwagi flame spread along free edges of thermally thin samples in 0 proceedings of the combustion institute vol 28 no 2 2000 pp 2843 2849,44,3,0.002,0.004869673942413965
row-0002301,citation::meyer florian jan hei meier hans christoph ries and christian eigenbrod sooting behavior in concurrent and upward burning of cylindrical pmma samples 52nd international conference on environmental systems ices 2023 171 calgary canada 16 20 july 2023,44,3,0.00123,0.0025795385129668597
row-0002450,doi::10.1016/j.proci.2018.05.007,44,3,0.0028,0.002983358230481386
row-0002463,doi::10.1016/j.proci.2018.05.007,44,3,0.0021,0.0014854582720163828
row-0002470,doi::10.1016/j.proci.2018.05.007,44,3,0.0026,0.0014715842356910521
row-0002471,doi::10.1016/j.proci.2018.05.007,44,3,0.0026,0.0014715842356910521
row-0002477,doi::10.1016/j.proci.2018.05.007,44,3,0.003,0.00151919282021746
row-0002596,citation::nishizawa et al 2003 effect of low external flow on flame spreading over etfe wire under microgravity,44,3,0.0019,0.0030881410045607107
row-0002601,citation::nishizawa et al 2003 effect of low external flow on flame spreading over etfe wire under microgravity,44,3,0.0018,0.00305840593269993
row-0002602,citation::nishizawa et al 2003 effect of low external flow on flame spreading over etfe wire under microgravity,44,3,0.0019,0.00305840593269993
row-0002607,citation::nishizawa et al 2003 effect of low external flow on flame spreading over etfe wire under microgravity,44,3,0.0027,0.003087954624845387
row-0002608,doi::10.1016/j.combustflame.2009.01.015,44,3,0.00088,0.0014306315514655038
row-0002612,doi::10.1016/j.combustflame.2009.01.015,44,3,0.0006,0.0014306315514655038
row-0002617,doi::10.1016/j.combustflame.2009.01.015,44,3,0.0011,0.0014366835508933828
row-0002621,doi::10.1016/j.combustflame.2009.01.015,44,3,0.00086,0.001435367169941002
row-0002625,doi::10.1016/j.combustflame.2009.01.015,44,3,0.0011,0.0014366835508933828
row-0002628,doi::10.1016/j.combustflame.2009.01.015,44,3,0.0011,0.0014357662175600492
row-0002630,doi::10.1016/j.combustflame.2009.01.015,44,3,0.00072,0.0014357662175600492
row-0002633,doi::10.1016/j.combustflame.2009.01.015,44,3,0.0024,0.0014576655299904351
row-0002638,doi::10.1016/j.combustflame.2009.01.015,44,3,0.0006,0.001432550234927739
row-0002644,doi::10.1016/j.combustflame.2009.01.015,44,3,1e-05,0.001434959634226716
row-0002650,doi::10.1016/j.combustflame.2009.01.015,44,3,0.00063,0.0014342008463479278
row-0002653,doi::10.1016/j.combustflame.2009.01.015,44,3,0.0011,0.0014371627668024736
row-0002699,citation::friedman robert brian jackson and sandra olson testing and selection of fire resistant materials for spacecraft use nasa technical memorandum 2000 209773 mar 2000 nasa sti program office glenn research center cleveland ohio,44,3,0.0053,0.008697968166825686
row-0002704,citation::friedman robert brian jackson and sandra olson testing and selection of fire resistant materials for spacecraft use nasa technical memorandum 2000 209773 mar 2000 nasa sti program office glenn research center cleveland ohio,44,3,0.0126,0.010055657316758441
row-0002707,citation::friedman robert brian jackson and sandra olson testing and selection of fire resistant materials for spacecraft use nasa technical memorandum 2000 209773 mar 2000 nasa sti program office glenn research center cleveland ohio,44,3,0.0186,0.016371251636140706
row-0002713,citation::friedman robert brian jackson and sandra olson testing and selection of fire resistant materials for spacecraft use nasa technical memorandum 2000 209773 mar 2000 nasa sti program office glenn research center cleveland ohio,44,3,0.0267,0.025243740295252937
row-0002722,citation::friedman robert brian jackson and sandra olson testing and selection of fire resistant materials for spacecraft use nasa technical memorandum 2000 209773 mar 2000 nasa sti program office glenn research center cleveland ohio,44,3,0.0611,0.056788374289321486
row-0002735,citation::friedman robert brian jackson and sandra olson testing and selection of fire resistant materials for spacecraft use nasa technical memorandum 2000 209773 mar 2000 nasa sti program office glenn research center cleveland ohio,44,3,0.0297,0.020971335566011138
row-0002741,citation::friedman robert brian jackson and sandra olson testing and selection of fire resistant materials for spacecraft use nasa technical memorandum 2000 209773 mar 2000 nasa sti program office glenn research center cleveland ohio,44,3,0.0025,0.008278658742717694
row-0002742,citation::friedman robert brian jackson and sandra olson testing and selection of fire resistant materials for spacecraft use nasa technical memorandum 2000 209773 mar 2000 nasa sti program office glenn research center cleveland ohio,44,3,0.004,0.007811053116415384
row-0002747,citation::friedman robert brian jackson and sandra olson testing and selection of fire resistant materials for spacecraft use nasa technical memorandum 2000 209773 mar 2000 nasa sti program office glenn research center cleveland ohio,44,3,0.0142,0.01748878016112966
row-0002751,citation::friedman robert brian jackson and sandra olson testing and selection of fire resistant materials for spacecraft use nasa technical memorandum 2000 209773 mar 2000 nasa sti program office glenn research center cleveland ohio,44,3,0.0219,0.02400124516948259
row-0002753,citation::friedman robert brian jackson and sandra olson testing and selection of fire resistant materials for spacecraft use nasa technical memorandum 2000 209773 mar 2000 nasa sti program office glenn research center cleveland ohio,44,3,0.0342,0.026492173555569442
row-0002775,citation::friedman robert brian jackson and sandra olson testing and selection of fire resistant materials for spacecraft use nasa technical memorandum 2000 209773 mar 2000 nasa sti program office glenn research center cleveland ohio,44,3,0.0386,0.07409380594372297
row-0002786,citation::olson s l and j s t ien near limit flame spread over a thin solid fuel in 0 symposium international on combustion vol 22 no 1 1988 pp 1213 1222 the combustion institute,44,3,0.00503,0.00551070901241655
row-0002791,citation::olson s l and j s t ien near limit flame spread over a thin solid fuel in 0 symposium international on combustion vol 22 no 1 1988 pp 1213 1222 the combustion institute,44,3,0.0147,0.010343354182149236
row-0002793,citation::olson s l and j s t ien near limit flame spread over a thin solid fuel in 0 symposium international on combustion vol 22 no 1 1988 pp 1213 1222 the combustion institute,44,3,0.01974,0.015703546771727542
row-0002800,citation::olson s l and j s t ien near limit flame spread over a thin solid fuel in 0 symposium international on combustion vol 22 no 1 1988 pp 1213 1222 the combustion institute,44,3,0.00571,0.008922681741393067
row-0002805,citation::olson s l and j s t ien near limit flame spread over a thin solid fuel in 0 symposium international on combustion vol 22 no 1 1988 pp 1213 1222 the combustion institute,44,3,0.0191,0.01673908216393238
row-0002808,citation::olson s l and j s t ien near limit flame spread over a thin solid fuel in 0 symposium international on combustion vol 22 no 1 1988 pp 1213 1222 the combustion institute,44,3,0.02758,0.02656172917981118
row-0002810,citation::olson s l and j s t ien near limit flame spread over a thin solid fuel in 0 symposium international on combustion vol 22 no 1 1988 pp 1213 1222 the combustion institute,44,3,0.04662,0.04545222622601803
row-0002811,citation::olson s l and j s t ien near limit flame spread over a thin solid fuel in 0 symposium international on combustion vol 22 no 1 1988 pp 1213 1222 the combustion institute,44,3,0.04979,0.04584125791432972
row-0002813,citation::olson s l and j s t ien near limit flame spread over a thin solid fuel in 0 symposium international on combustion vol 22 no 1 1988 pp 1213 1222 the combustion institute,44,3,0.07383,0.06955371551515156
row-0002817,citation::olson s l and j s t ien near limit flame spread over a thin solid fuel in 0 symposium international on combustion vol 22 no 1 1988 pp 1213 1222 the combustion institute,44,3,0.00601,0.008295168901175693
row-0002822,citation::olson s l and j s t ien near limit flame spread over a thin solid fuel in 0 symposium international on combustion vol 22 no 1 1988 pp 1213 1222 the combustion institute,44,3,0.01028,0.007917919843527875
row-0002826,citation::olson s l and j s t ien near limit flame spread over a thin solid fuel in 0 symposium international on combustion vol 22 no 1 1988 pp 1213 1222 the combustion institute,44,3,0.02298,0.02265653908145516
row-0002828,citation::olson s l and j s t ien near limit flame spread over a thin solid fuel in 0 symposium international on combustion vol 22 no 1 1988 pp 1213 1222 the combustion institute,44,3,0.03468,0.03561686601915919
row-0002832,citation::olson s l and j s t ien near limit flame spread over a thin solid fuel in 0 symposium international on combustion vol 22 no 1 1988 pp 1213 1222 the combustion institute,44,3,0.00406,0.007779821991984903
row-0002836,citation::olson s l and j s t ien near limit flame spread over a thin solid fuel in 0 symposium international on combustion vol 22 no 1 1988 pp 1213 1222 the combustion institute,44,3,0.01275,0.017144783514692737
row-0002838,citation::olson s l and j s t ien near limit flame spread over a thin solid fuel in 0 symposium international on combustion vol 22 no 1 1988 pp 1213 1222 the combustion institute,44,3,0.01537,0.017493066356037503
row-0002845,citation::olson s l and j s t ien near limit flame spread over a thin solid fuel in 0 symposium international on combustion vol 22 no 1 1988 pp 1213 1222 the combustion institute,44,3,0.04569,0.03679896969431736
row-0002854,doi::10.1016/s0082-0784(89)80132-8,44,3,0.0019,0.005098137623325744
row-0002901,doi::10.1080/00102209108951711,44,3,0.0144,0.009298478783713923
row-0002905,doi::10.1080/00102209108951711,44,3,0.01286,0.00928577403598853
row-0002911,doi::10.1080/00102209108951711,44,3,0.0194,0.018193362426921558
row-0002912,doi::10.1080/00102209108951711,44,3,0.0156,0.01556497143579327
row-0002913,doi::10.1080/00102209108951711,44,3,0.0112,0.009888450140619677
row-0002915,doi::10.1080/00102209108951711,44,3,0.0148,0.00927051001744803
row-0002976,doi::10.1016/j.combustflame.2009.01.015,44,3,0.011,0.014394490848278622
row-0002977,doi::10.1016/j.combustflame.2009.01.015,44,3,0.0086,0.014420556323235443
row-0002991,doi::10.1016/j.combustflame.2009.01.015,44,3,0.026,0.026414654787092578
row-0002992,doi::10.1016/j.combustflame.2009.01.015,44,3,0.028,0.028383199979055806
row-0002995,doi::10.1016/j.combustflame.2009.01.015,44,3,0.01,0.009750217508027192
row-0002997,doi::10.1016/j.combustflame.2009.01.015,44,3,0.0047,0.009750217508027192
row-0002998,doi::10.1016/j.combustflame.2009.01.015,44,3,0.0042,0.009750217508027192
row-0003017,doi::10.1016/j.combustflame.2009.01.015,44,3,0.023,0.02524995965077653
row-0003020,doi::10.1016/j.combustflame.2009.01.015,44,3,0.052,0.03197813792289555
row-0003022,doi::10.1016/j.combustflame.2009.01.015,44,3,0.021,0.021722648397812454
row-0003025,doi::10.1016/j.combustflame.2009.01.015,44,3,0.031,0.03215115201805633
row-0003052,doi::10.1016/s0010-2180(00)00249-2,44,3,0.0088,0.0050355921791826845
row-0003063,doi::10.1016/s0010-2180(00)00249-2,44,3,0.00088,0.0014498671495697688
row-0003070,doi::10.1016/s0010-2180(00)00249-2,44,3,0.0023,0.0014498671495697688
row-0003080,doi::10.1016/j.combustflame.2018.10.012,44,3,0.00056,0.0014660460718618961
row-0003084,doi::10.1016/j.combustflame.2018.10.012,44,3,0.00113,0.0014731041086189771
row-0003129,doi::10.1080/00102200490276773,44,3,0.025,0.025348631906419193
row-0003144,doi::10.1080/00102200490276773,44,3,0.059,0.05933704761904805
row-0003146,doi::10.1080/00102200490276773,44,3,0.043,0.05447104761904802
row-0003147,doi::10.1080/00102200490276773,44,3,0.031,0.05447104761904802
row-0003166,doi::10.1016/j.proci.2024.105358,44,3,0.00175,0.002044630505575633
row-0003168,doi::10.1016/j.proci.2024.105358,44,3,0.00192,0.0020453019341470616
row-0003173,doi::10.1016/j.proci.2024.105358,44,3,0.0022,0.002080804577057393
row-0003177,doi::10.1016/j.proci.2024.105358,44,3,0.00135,0.0016809404832038859
row-0003185,doi::10.1016/j.proci.2024.105358,44,3,0.00305,0.0032921701586496317
row-0003186,doi::10.1016/j.proci.2024.105358,44,3,0.0022,0.0030342025803457126
row-0003188,doi::10.1016/j.proci.2024.105358,44,3,0.0026,0.00305194450995292
row-0003195,doi::10.1016/j.proci.2024.105358,44,3,0.0028,0.0031966918574477953
row-0003199,doi::10.1016/j.combustflame.2022.112009,44,3,0.0012,0.0014539918932393295
row-0003204,doi::10.1016/j.combustflame.2022.112009,44,3,0.0013,0.0014546926258400621
row-0003213,doi::10.1016/j.combustflame.2022.112009,44,3,0.0011,0.0014480328021189862
row-0003219,doi::10.1016/j.combustflame.2022.112009,44,3,0.00068,0.001435838235866398
row-0003224,doi::10.1016/j.combustflame.2022.112009,44,3,0.00085,0.0015520622768880855
row-0003229,doi::10.1016/j.combustflame.2022.112009,44,3,0.00039,0.0014131498386857546
row-0003231,doi::10.1016/j.combustflame.2022.112009,44,3,0.00048,0.0014133298386857546
row-0003246,doi::10.1016/j.combustflame.2022.112009,44,3,0.0054,0.005369057087666226
row-0003250,doi::10.1016/j.combustflame.2022.112009,44,3,0.012,0.008881786307715446
row-0003258,doi::10.1016/j.combustflame.2022.112009,44,3,0.0033,0.0049178077143656445
row-0003408,doi::10.1016/s0082-0784(06)80816-7,44,3,0.00885,0.008702077944621488
row-0003409,doi::10.1016/s0082-0784(06)80816-7,44,3,0.0076,0.008702077944621488
row-0003412,doi::10.1016/s0082-0784(06)80816-7,44,3,0.0064,0.006053474769636142
row-0003416,doi::10.1016/s0082-0784(06)80816-7,44,3,0.00549,0.005716816090701042
row-0003420,doi::10.1016/s0082-0784(06)80816-7,44,3,0.00507,0.005749185851184024
row-0003422,doi::10.1016/s0082-0784(06)80816-7,44,3,0.00335,0.005704799917010353
row-0003424,doi::10.1016/s0082-0784(06)80816-7,44,3,0.00395,0.006142116662506248
row-0003425,doi::10.1016/s0082-0784(06)80816-7,44,3,0.00289,0.006014056296493176
row-0003434,citation::s nchez tarifa c and g l pez juste a study of the combustion problems of solid materials at conditions existing in space stations esa sp 433 1999,44,3,0.00018,0.0008179673683511508
row-0003439,citation::s nchez tarifa c and g l pez juste a study of the combustion problems of solid materials at conditions existing in space stations esa sp 433 1999,44,3,0.0002,0.0008285319928726079
row-0003448,citation::s nchez tarifa c and m rodr guez combustion and flammability characteristics of solids at microgravity in very small velocity flows second european symposium on utilisation of the international space station nov 1998,44,3,0.0028,0.007045501147890782
row-0003453,citation::s nchez tarifa c and m rodr guez combustion and flammability characteristics of solids at microgravity in very small velocity flows second european symposium on utilisation of the international space station nov 1998,44,3,0.0056,0.011890513904761918
row-0003454,citation::s nchez tarifa c and m rodr guez combustion and flammability characteristics of solids at microgravity in very small velocity flows second european symposium on utilisation of the international space station nov 1998,44,3,0.0029,0.0032859159834054885
row-0003457,doi::10.1007/s12217-024-10106-y,44,3,5e-05,0.00012761476676765327
row-0003464,doi::10.1007/s12217-024-10106-y,44,3,0.00103,0.001667604139353125
row-0003465,doi::10.1007/s12217-024-10106-y,44,3,0.00114,0.001667604139353125
row-0003467,doi::10.1007/s12217-024-10106-y,44,3,0.00111,0.0016668088563839224
row-0003475,doi::10.1016/s1540-7489(02)80315-7,44,3,0.00945,0.01469298437538393
row-0003478,doi::10.1016/s1540-7489(02)80315-7,44,3,0.04771,0.04044847447133409
row-0003479,doi::10.1016/s1540-7489(02)80315-7,44,3,0.05214,0.03948476883497044
row-0003483,doi::10.1016/s1540-7489(02)80315-7,44,3,0.00453,0.006819394274476702
row-0003488,doi::10.1016/s1540-7489(02)80315-7,44,3,0.03917,0.04248718550668298
row-0003493,doi::10.1016/s1540-7489(02)80315-7,44,3,0.05752,0.04553715135275586
row-0003495,doi::10.1016/s1540-7489(02)80315-7,44,3,0.02599,0.01660604826766234
row-0003496,doi::10.1016/s1540-7489(02)80315-7,44,3,0.03866,0.02054901225392713
row-0003498,doi::10.1016/s1540-7489(02)80315-7,44,3,0.03449,0.040102302038284354
row-0003501,doi::10.1016/s1540-7489(02)80315-7,44,3,0.043,0.03771227608447095
row-0003504,doi::10.1016/s1540-7489(02)80315-7,44,3,0.046,0.04041452154228766
row-0003505,doi::10.1016/s1540-7489(02)80315-7,44,3,0.048,0.04158984298610588
row-0003509,doi::10.1016/s1540-7489(02)80315-7,44,3,0.0043,0.012550341326253898
row-0003510,doi::10.1016/s1540-7489(02)80315-7,44,3,0.019,0.012550341326253898
row-0003514,citation::son youngjin paul d ronney and suleyman gokoglu comparison of carbon dioxide and helium as fire extinguishing agents for spacecraft nasa cp 2004 213205 vol2 2004 pp 409 418,44,3,0.0065,0.010944292202985803
row-0003515,citation::son youngjin paul d ronney and suleyman gokoglu comparison of carbon dioxide and helium as fire extinguishing agents for spacecraft nasa cp 2004 213205 vol2 2004 pp 409 418,44,3,0.026,0.0117719813899505
row-0003516,citation::son youngjin paul d ronney and suleyman gokoglu comparison of carbon dioxide and helium as fire extinguishing agents for spacecraft nasa cp 2004 213205 vol2 2004 pp 409 418,44,3,0.042,0.017530954874104512
row-0003522,citation::son youngjin paul d ronney and suleyman gokoglu comparison of carbon dioxide and helium as fire extinguishing agents for spacecraft nasa cp 2004 213205 vol2 2004 pp 409 418,44,3,0.025,0.02514323031855551
row-0003524,citation::son youngjin paul d ronney and suleyman gokoglu comparison of carbon dioxide and helium as fire extinguishing agents for spacecraft nasa cp 2004 213205 vol2 2004 pp 409 418,44,3,0.1,0.059899860519777755
row-0003528,citation::son youngjin paul d ronney and suleyman gokoglu comparison of carbon dioxide and helium as fire extinguishing agents for spacecraft nasa cp 2004 213205 vol2 2004 pp 409 418,44,3,0.07,0.06877748929148632
row-0003537,citation::son youngjin paul d ronney and suleyman gokoglu comparison of carbon dioxide and helium as fire extinguishing agents for spacecraft nasa cp 2004 213205 vol2 2004 pp 409 418,44,3,0.044,0.03324130425077143
row-0003538,citation::son youngjin paul d ronney and suleyman gokoglu comparison of carbon dioxide and helium as fire extinguishing agents for spacecraft nasa cp 2004 213205 vol2 2004 pp 409 418,44,3,0.085,0.06624652002200496
row-0003548,citation::son youngjin paul d ronney and suleyman gokoglu comparison of carbon dioxide and helium as fire extinguishing agents for spacecraft nasa cp 2004 213205 vol2 2004 pp 409 418,44,3,0.05278,0.03686979585370021
row-0003556,citation::son youngjin paul d ronney and suleyman gokoglu comparison of carbon dioxide and helium as fire extinguishing agents for spacecraft nasa cp 2004 213205 vol2 2004 pp 409 418,44,3,0.02859,0.017898866196918474
row-0003566,citation::son youngjin paul d ronney and suleyman gokoglu comparison of carbon dioxide and helium as fire extinguishing agents for spacecraft nasa cp 2004 213205 vol2 2004 pp 409 418,44,3,0.01222,0.013859609987918691
row-0003570,citation::son youngjin paul d ronney and suleyman gokoglu comparison of carbon dioxide and helium as fire extinguishing agents for spacecraft nasa cp 2004 213205 vol2 2004 pp 409 418,44,3,0.02708,0.014145352358944537
row-0003574,citation::son youngjin paul d ronney and suleyman gokoglu comparison of carbon dioxide and helium as fire extinguishing agents for spacecraft nasa cp 2004 213205 vol2 2004 pp 409 418,44,3,0.01786,0.0133816873498999
row-0003575,citation::son youngjin paul d ronney and suleyman gokoglu comparison of carbon dioxide and helium as fire extinguishing agents for spacecraft nasa cp 2004 213205 vol2 2004 pp 409 418,44,3,0.01381,0.01157260603679862
row-0003585,citation::son youngjin paul d ronney and suleyman gokoglu comparison of carbon dioxide and helium as fire extinguishing agents for spacecraft nasa cp 2004 213205 vol2 2004 pp 409 418,44,3,0.00905,0.013135551354681923
row-0003588,citation::son youngjin paul d ronney and suleyman gokoglu comparison of carbon dioxide and helium as fire extinguishing agents for spacecraft nasa cp 2004 213205 vol2 2004 pp 409 418,44,3,0.03026,0.03486839181851805
row-0003590,citation::son youngjin paul d ronney and suleyman gokoglu comparison of carbon dioxide and helium as fire extinguishing agents for spacecraft nasa cp 2004 213205 vol2 2004 pp 409 418,44,3,0.01148,0.01172047117277461
row-0003602,citation::son youngjin paul d ronney and suleyman gokoglu comparison of carbon dioxide and helium as fire extinguishing agents for spacecraft nasa cp 2004 213205 vol2 2004 pp 409 418,44,3,0.0217,0.017553829948806637
row-0003628,doi::10.1016/j.proci.2014.07.017,44,3,1e-05,0.00139984177774799
row-0003630,doi::10.1016/j.proci.2014.07.017,44,3,0.00023,0.0014023399595661714
row-0003638,doi::10.1016/j.proci.2014.07.017,44,3,0.00079,0.0014114823286543547
row-0003646,doi::10.1016/j.proci.2014.07.017,44,3,0.00164,0.0014152076344596605
row-0003648,doi::10.1016/j.proci.2014.07.017,44,3,0.00269,0.0014250995972834746
row-0003651,doi::10.1016/j.proci.2014.07.017,44,3,2e-05,0.0014151758263923307
row-0003653,doi::10.1016/j.proci.2014.07.017,44,3,0.00048,0.0014151758263923307
row-0003661,doi::10.1016/j.proci.2014.07.017,44,3,0.00195,0.0014302134236123974
row-0003663,doi::10.1016/j.proci.2014.07.017,44,3,0.00324,0.0015041938934373291
row-0003669,doi::10.1016/j.proci.2014.07.017,44,3,0.00359,0.0018760709307580662
row-0003670,doi::10.1016/j.proci.2014.07.017,44,3,0.00447,0.0020095288831820097
row-0003679,doi::10.1016/j.proci.2014.07.017,44,3,1e-05,0.0014237730934177728
row-0003680,doi::10.1016/j.proci.2014.07.017,44,3,0.0002,0.0014237730934177728
row-0003698,doi::10.1016/j.proci.2014.07.017,44,3,0.00173,0.001494012947011896
row-0003700,doi::10.1016/j.proci.2014.07.017,44,3,0.00145,0.001513927668704524
row-0003715,doi::10.1016/j.proci.2014.07.017,44,3,0.0011,0.00142969465405566
row-0003718,doi::10.1016/j.proci.2014.07.017,44,3,0.0005,0.0014101019307668444
row-0003726,doi::10.1016/j.proci.2014.07.017,44,3,0.0017,0.0014488425885417016
row-0003727,doi::10.1016/j.proci.2014.07.017,44,3,0.00115,0.0014101019307668444
row-0003729,doi::10.1016/j.proci.2014.07.017,44,3,0.00078,0.0014101019307668444
row-0003738,doi::10.1016/j.proci.2014.07.017,44,3,0.00063,0.0014101019307668444
row-0003743,doi::10.1016/j.proci.2014.07.017,44,3,0.00162,0.00142969465405566
row-0003754,doi::10.1016/j.proci.2014.07.017,44,3,0.00113,0.0014237730934177728
row-0003765,doi::10.1016/j.proci.2014.07.017,44,3,0.00046,0.0014030576046613029
row-0003769,doi::10.1016/j.proci.2014.07.017,44,3,0.00096,0.0014949650898690389
row-0004086,citation::takahashi shuhei takeshi nagumo kazunori wakai and subrata bhattacharjee effects of ambient condition on flame spread over a thin pmma sheet jsme international journal series b 43 4 2000 556 562,44,3,0.03538,0.026779472188644727
row-0004089,citation::takahashi shuhei takeshi nagumo kazunori wakai and subrata bhattacharjee effects of ambient condition on flame spread over a thin pmma sheet jsme international journal series b 43 4 2000 556 562,44,3,0.01369,0.014857750094026238
row-0004106,citation::takahashi shuhei takeshi nagumo kazunori wakai and subrata bhattacharjee effects of ambient condition on flame spread over a thin pmma sheet jsme international journal series b 43 4 2000 556 562,44,3,0.001,0.001437469573430088
row-0004119,citation::takahashi shuhei takeshi nagumo kazunori wakai and subrata bhattacharjee effects of ambient condition on flame spread over a thin pmma sheet jsme international journal series b 43 4 2000 556 562,44,3,0.00031,0.0005445973480887929
row-0004120,citation::takahashi shuhei takeshi nagumo kazunori wakai and subrata bhattacharjee effects of ambient condition on flame spread over a thin pmma sheet jsme international journal series b 43 4 2000 556 562,44,3,0.0003,0.00043643538009067805
row-0004132,citation::takahashi shuhei takeshi nagumo kazunori wakai and subrata bhattacharjee effects of ambient condition on flame spread over a thin pmma sheet jsme international journal series b 43 4 2000 556 562,44,3,0.00018,0.0001091003044816942
row-0004133,citation::takahashi shuhei takeshi nagumo kazunori wakai and subrata bhattacharjee effects of ambient condition on flame spread over a thin pmma sheet jsme international journal series b 43 4 2000 556 562,44,3,0.00017,0.0001091003044816942
row-0004142,citation::takahashi shuhei takeshi nagumo kazunori wakai and subrata bhattacharjee effects of ambient condition on flame spread over a thin pmma sheet jsme international journal series b 43 4 2000 556 562,44,3,6e-05,0.0012896307004710659
row-0004148,citation::takahashi shuhei takeshi nagumo kazunori wakai and subrata bhattacharjee effects of ambient condition on flame spread over a thin pmma sheet jsme international journal series b 43 4 2000 556 562,44,3,0.01115,0.021479148711095904
row-0004154,citation::takahashi shuhei takeshi nagumo kazunori wakai and subrata bhattacharjee effects of ambient condition on flame spread over a thin pmma sheet jsme international journal series b 43 4 2000 556 562,44,3,0.00448,0.004221829921298136
row-0004155,citation::takahashi shuhei takeshi nagumo kazunori wakai and subrata bhattacharjee effects of ambient condition on flame spread over a thin pmma sheet jsme international journal series b 43 4 2000 556 562,44,3,0.00399,0.004321124550346807
row-0004158,citation::takahashi shuhei takeshi nagumo kazunori wakai and subrata bhattacharjee effects of ambient condition on flame spread over a thin pmma sheet jsme international journal series b 43 4 2000 556 562,44,3,0.00165,0.0026240925066451956
row-0004162,citation::takahashi shuhei takeshi nagumo kazunori wakai and subrata bhattacharjee effects of ambient condition on flame spread over a thin pmma sheet jsme international journal series b 43 4 2000 556 562,44,3,0.00116,0.0008887095285018461
row-0004164,citation::takahashi shuhei takeshi nagumo kazunori wakai and subrata bhattacharjee effects of ambient condition on flame spread over a thin pmma sheet jsme international journal series b 43 4 2000 556 562,44,3,0.00121,0.0008654352249548203
row-0004165,citation::takahashi shuhei takeshi nagumo kazunori wakai and subrata bhattacharjee effects of ambient condition on flame spread over a thin pmma sheet jsme international journal series b 43 4 2000 556 562,44,3,0.00083,0.0008422286203251856
row-0004167,citation::takahashi shuhei takeshi nagumo kazunori wakai and subrata bhattacharjee effects of ambient condition on flame spread over a thin pmma sheet jsme international journal series b 43 4 2000 556 562,44,3,0.00067,0.0006879081892376084
row-0004171,citation::takahashi shuhei takeshi nagumo kazunori wakai and subrata bhattacharjee effects of ambient condition on flame spread over a thin pmma sheet jsme international journal series b 43 4 2000 556 562,44,3,0.00044,0.0008214727378371351
row-0004172,citation::takahashi shuhei takeshi nagumo kazunori wakai and subrata bhattacharjee effects of ambient condition on flame spread over a thin pmma sheet jsme international journal series b 43 4 2000 556 562,44,3,0.00082,0.000687846998993706
row-0004217,citation::takahashi shuhei et al effect of ambient gas on flame spread over a solid material in microgravity journal of the japanese society for microgravity application vol 24 no 3 2007 pp 225 230,44,3,0.012,0.004750165972418633
row-0004218,citation::takahashi shuhei et al effect of ambient gas on flame spread over a solid material in microgravity journal of the japanese society for microgravity application vol 24 no 3 2007 pp 225 230,44,3,0.0108,0.004839866485701563
row-0004224,citation::takahashi shuhei et al effect of ambient gas on flame spread over a solid material in microgravity journal of the japanese society for microgravity application vol 24 no 3 2007 pp 225 230,44,3,0.0073,0.002667914848002413
row-0004233,doi::10.1016/j.proci.2018.06.022,44,3,0.00504,0.003825793570339813
row-0004234,doi::10.1016/j.proci.2018.06.022,44,3,0.00353,0.0037907260654833665
row-0004241,doi::10.1016/j.proci.2018.06.022,44,3,0.00256,0.003650517728497495
row-0004242,doi::10.1016/j.proci.2018.06.022,44,3,0.00371,0.0038989059432379645
row-0004245,doi::10.1016/j.proci.2018.06.022,44,3,0.00554,0.005355270640580795
row-0004250,doi::10.1016/j.proci.2018.06.022,44,3,0.00371,0.003624951206461485
row-0004255,doi::10.1016/j.proci.2018.06.022,44,3,0.00377,0.004143401405626168
row-0004263,doi::10.1016/j.proci.2018.06.022,44,3,0.0045,0.004291813501586617
row-0004266,doi::10.1016/j.proci.2018.06.022,44,3,0.0035,0.004065587193370393
row-0004267,doi::10.1016/j.proci.2018.06.022,44,3,0.00371,0.00390767405214332
row-0004275,doi::10.1016/j.proci.2018.06.022,44,3,0.00269,0.002648709457681468
row-0004285,doi::10.1016/j.proci.2018.06.022,44,3,0.00173,0.0026075398703878636
row-0004293,doi::10.1016/j.proci.2018.06.022,44,3,0.00143,0.002463842422630787
row-0004294,doi::10.1016/j.proci.2018.06.022,44,3,0.00145,0.0024424632015742687
row-0004305,doi::10.1016/j.proci.2018.06.022,44,3,0.00283,0.0014151257635008707
row-0004310,doi::10.1016/j.proci.2018.06.022,44,3,0.00045,0.0014138599829366077
row-0004316,doi::10.1038/s41598-017-18398-4,44,3,0.00229,0.0014151257635008707
row-0004319,doi::10.1038/s41598-017-18398-4,44,3,0.00184,0.0014183316881302812
row-0004329,doi::10.1038/s41598-017-18398-4,44,3,0.00063,0.0014842914759908739
row-0004330,doi::10.1038/s41598-017-18398-4,44,3,0.0004,0.0015035161557906142
row-0004331,doi::10.1038/s41598-017-18398-4,44,3,0.00151,0.001431939832440853
row-0004335,doi::10.1038/s41598-017-18398-4,44,3,0.00087,0.001436493750972565
row-0004340,doi::10.1038/s41598-017-18398-4,44,3,0.00058,0.001436493750972565
row-0004344,doi::10.1016/s1540-7489(02)80314-5,44,3,0.03123,0.0359407874242424
row-0004354,doi::10.1016/s1540-7489(02)80314-5,44,3,0.0127,0.017635588729387853
row-0004356,doi::10.1016/s1540-7489(02)80314-5,44,3,0.01623,0.01622703356792359
row-0004359,doi::10.1016/s1540-7489(02)80314-5,44,3,0.0244,0.018552943042060576
row-0004367,doi::10.1016/s1540-7489(02)80314-5,44,3,0.00841,0.007420175372595811
row-0004369,doi::10.1016/s1540-7489(02)80314-5,44,3,0.01056,0.009618763320800684
row-0004370,doi::10.1016/s1540-7489(02)80314-5,44,3,0.00996,0.010536245736027119
row-0004376,doi::10.1016/s1540-7489(02)80314-5,44,3,0.00874,0.009650009724008347
row-0004380,doi::10.1016/s1540-7489(02)80314-5,44,3,0.01168,0.010004820229502864
row-0004386,doi::10.1016/s1540-7489(02)80314-5,44,3,0.00462,0.005772506508706925
row-0004391,doi::10.1016/s1540-7489(02)80314-5,44,3,0.00465,0.0035392280232258034
row-0004402,doi::10.1016/s1540-7489(02)80314-5,44,3,0.00406,0.00402732034240908
row-0004405,doi::10.1016/s1540-7489(02)80314-5,44,3,0.00347,0.004019068425123571
row-0004407,doi::10.1016/s1540-7489(02)80314-5,44,3,0.00178,0.003939660222482586
row-0004416,doi::10.1016/s1540-7489(02)80314-5,44,3,0.00123,0.0026114939092120744
row-0004421,doi::10.1016/s1540-7489(02)80314-5,44,3,0.00289,0.002668332784233929
row-0004443,citation::urban david l interactions between flames on parallel solid surfaces nasa 0 combustion workshop n96 15588 1997,44,3,0.01466,0.011424624313744946
row-0004745,doi::10.1007/s10694-019-00878-w,44,3,0.0208,0.018909549841269805
row-0004747,doi::10.1007/s10694-019-00878-w,44,3,0.1268,0.045363766154609284
row-0004748,doi::10.1007/s10694-019-00878-w,44,3,0.1194,0.029426723788394945
row-0004756,doi::10.1007/s12217-015-9419-z,44,3,0.0112,0.010977823263333693
row-0004757,doi::10.1007/s12217-015-9419-z,44,3,0.012,0.010977823263333693
row-0004772,doi::10.1007/s10694-019-00896-8,44,3,0.0001,0.00010234526082615168
row-0004784,doi::10.1007/s10694-019-00896-8,44,3,0.00057,0.00038966102673785197
row-0004785,doi::10.1007/s10694-019-00896-8,44,3,0.00059,0.00038983822953505474
row-0004802,doi::10.1007/s10694-019-00896-8,44,3,0.0021,0.0016551140376120487
row-0004803,doi::10.1007/s10694-019-00896-8,44,3,0.0022,0.0017405455191673855
row-0004806,doi::10.1007/s10694-019-00896-8,44,3,0.00057,0.0003787228090687635
row-0004814,doi::10.1007/s10694-019-00896-8,44,3,0.00019,0.000848744060905208
row-0004815,doi::10.1007/s10694-019-00896-8,44,3,0.00136,0.0013779665881120617
row-0004832,doi::10.1007/s10694-019-00896-8,44,3,0.00133,0.0013660088345892694
row-0004833,doi::10.1007/s10694-019-00896-8,44,3,0.00014,0.00010234526082615168
row-0004848,doi::10.1007/s10694-019-00896-8,44,3,0.00064,0.00039000822953505476
row-0004851,doi::10.1007/s10694-019-00896-8,44,3,0.0007,0.00039000822953505476
row-0004915,doi::10.1016/j.proci.2024.105199,44,3,0.0058,0.004498647282441228
row-0004917,doi::10.1016/j.proci.2024.105199,44,3,0.0042,0.004425644051067215
row-0004918,doi::10.1016/j.proci.2024.105199,44,3,0.004,0.004425644051067215
row-0004919,doi::10.1016/j.proci.2024.105199,44,3,0.0034,0.004425644051067215
row-0004933,doi::10.1016/j.proci.2024.105199,44,3,0.00175,0.0015606727045757453
row-0004934,doi::10.1016/j.proci.2024.105199,44,3,0.0016,0.00156365341567073
row-0004940,doi::10.1016/j.proci.2016.06.028,44,3,0.0008,0.0014249496575687913
row-0004989,doi::10.1007/s12217-018-9655-0,44,3,4e-05,0.0003169194052153815
row-0004998,doi::10.1007/s12217-018-9655-0,44,3,0.00058,0.0009732616602666822
row-0004999,doi::10.1007/s12217-018-9655-0,44,3,0.00075,0.0009610497436000154
row-0005008,doi::10.1007/s12217-018-9655-0,44,3,0.00078,0.0003481957438296958
row-0005009,doi::10.1007/s12217-018-9655-0,44,3,0.0008,0.00034736407716302913
row-0005013,doi::10.1007/s12217-018-9655-0,44,3,0.00051,0.000341765162283132
row-0005022,doi::10.1007/s12217-018-9655-0,44,3,0.00012,0.0001170480779350991
row-0005025,doi::10.1007/s12217-018-9655-0,44,3,4e-05,0.00010156238385203513
row-0005031,doi::10.1007/s12217-018-9655-0,44,3,3e-05,0.00010092285708055465
row-0005033,doi::10.1007/s12217-022-09945-4,44,3,0.0162,0.013040719571599796
row-0005039,doi::10.1007/s12217-022-09945-4,44,3,0.0075,0.011037047835293582
row-0005042,doi::10.1007/s12217-022-09945-4,44,3,0.0025,0.0024533533591788305
row-0005045,doi::10.1016/j.combustflame.2019.03.040,44,3,0.0001,0.000310543259899815
row-0005049,doi::10.1016/j.combustflame.2019.03.040,44,3,0.0001,0.0003088448926389656
row-0005052,doi::10.1016/j.combustflame.2019.03.040,44,3,3e-05,0.00021284885074760582
row-0000015,citation::andracchio charles r and john c aydelott comparison of flame spreading over thin flat surfaces in normal gravity and weightlessness in an oxygen environment nasa technical memorandum nasa tm x 1992 1970,44,4,0.098,0.09392537857142874
row-0000017,citation::andracchio charles r and john c aydelott comparison of flame spreading over thin flat surfaces in normal gravity and weightlessness in an oxygen environment nasa technical memorandum nasa tm x 1992 1970,44,4,0.106,0.09392537857142874
row-0000023,citation::andracchio charles r and john c aydelott comparison of flame spreading over thin flat surfaces in normal gravity and weightlessness in an oxygen environment nasa technical memorandum nasa tm x 1992 1970,44,4,0.116,0.1014696063492057
row-0000029,citation::andracchio charles r and john c aydelott comparison of flame spreading over thin flat surfaces in normal gravity and weightlessness in an oxygen environment nasa technical memorandum nasa tm x 1992 1970,44,4,0.023,0.019204828868304782
row-0000030,citation::andracchio charles r and john c aydelott comparison of flame spreading over thin flat surfaces in normal gravity and weightlessness in an oxygen environment nasa technical memorandum nasa tm x 1992 1970,44,4,0.012,0.016287152029920978
row-0000035,citation::andracchio charles r and thomas h cochran burning of solids in oxygen rich environments in normal and reduced gravity nasa technical memorandum x 3055 national aeronautics and space administration may 1974,44,4,0.029,0.030952389920635058
row-0000036,citation::andracchio charles r and thomas h cochran burning of solids in oxygen rich environments in normal and reduced gravity nasa technical memorandum x 3055 national aeronautics and space administration may 1974,44,4,0.02,0.021378115277777797
row-0000038,citation::andracchio charles r and thomas h cochran burning of solids in oxygen rich environments in normal and reduced gravity nasa technical memorandum x 3055 national aeronautics and space administration may 1974,44,4,0.009,0.012815302855206894
row-0000040,citation::andracchio charles r and thomas h cochran burning of solids in oxygen rich environments in normal and reduced gravity nasa technical memorandum x 3055 national aeronautics and space administration may 1974,44,4,0.055,0.05752581499999998
row-0000044,citation::andracchio charles r and thomas h cochran burning of solids in oxygen rich environments in normal and reduced gravity nasa technical memorandum x 3055 national aeronautics and space administration may 1974,44,4,0.012,0.01705695783972553
row-0000055,citation::andracchio charles r and thomas h cochran gravity effects on flame spreading over solid surfaces nasa technical note d 8228 national aeronautics and space administration may 1976,44,4,0.0266,0.02405722394444453
row-0000066,citation::andracchio charles r and thomas h cochran gravity effects on flame spreading over solid surfaces nasa technical note d 8228 national aeronautics and space administration may 1976,44,4,0.0079,0.015754626917480665
row-0000070,citation::andracchio charles r and thomas h cochran gravity effects on flame spreading over solid surfaces nasa technical note d 8228 national aeronautics and space administration may 1976,44,4,0.0143,0.012247677282402263
row-0000086,citation::andracchio charles r and thomas h cochran gravity effects on flame spreading over solid surfaces nasa technical note d 8228 national aeronautics and space administration may 1976,44,4,0.102,0.0908208000000003
row-0000095,citation::andracchio charles r and thomas h cochran gravity effects on flame spreading over solid surfaces nasa technical note d 8228 national aeronautics and space administration may 1976,44,4,0.0473,0.04397275816666676
row-0000100,citation::andracchio charles r and thomas h cochran gravity effects on flame spreading over solid surfaces nasa technical note d 8228 national aeronautics and space administration may 1976,44,4,0.0472,0.04373117603132838
row-0000103,citation::andracchio charles r and thomas h cochran gravity effects on flame spreading over solid surfaces nasa technical note d 8228 national aeronautics and space administration may 1976,44,4,0.0317,0.042220989797618985
row-0000107,citation::andracchio charles r and thomas h cochran gravity effects on flame spreading over solid surfaces nasa technical note d 8228 national aeronautics and space administration may 1976,44,4,0.0169,0.027145365144270663
row-0000108,citation::andracchio charles r and thomas h cochran gravity effects on flame spreading over solid surfaces nasa technical note d 8228 national aeronautics and space administration may 1976,44,4,0.0311,0.024082878447049143
row-0000113,citation::andracchio charles r and thomas h cochran gravity effects on flame spreading over solid surfaces nasa technical note d 8228 national aeronautics and space administration may 1976,44,4,0.0078,0.009273936648090125
row-0000116,citation::andracchio charles r and thomas h cochran gravity effects on flame spreading over solid surfaces nasa technical note d 8228 national aeronautics and space administration may 1976,44,4,0.0128,0.010997800678301072
row-0000125,doi::10.1080/01457632.2025.2529751,44,4,0.0059,0.002866698311567122
row-0000128,doi::10.1080/01457632.2025.2529751,44,4,0.00116,0.001956906468650853
row-0000137,doi::10.1016/j.proci.2016.06.025,44,4,0.0021,0.0014658974093920744
row-0000138,doi::10.1016/j.proci.2016.06.025,44,4,0.002,0.0014658974093920744
row-0000145,doi::10.1016/j.proci.2016.06.025,44,4,0.0011,0.0014120031308217395
row-0000146,doi::10.1016/j.proci.2016.06.025,44,4,0.0013,0.0014120031308217395
row-0000175,doi::10.1016/j.firesaf.2015.11.011,44,4,0.0038,0.004799268359272185
row-0000177,doi::10.1016/j.firesaf.2015.11.011,44,4,0.0036,0.004792762450181277
row-0000186,doi::10.1016/j.firesaf.2015.11.011,44,4,0.0011,0.0014300234597543044
row-0000189,doi::10.1016/j.firesaf.2015.11.011,44,4,0.0096,0.010824738191333476
row-0000192,doi::10.1016/j.firesaf.2015.11.011,44,4,0.0048,0.005833479911151961
row-0000269,doi::10.5802/crmeca.149,44,4,0.0015,0.001444912911850378
row-0000286,doi::10.5802/crmeca.149,44,4,0.00126,0.001431611269291369
row-0000301,doi::10.1016/s1540-7489(02)80211-3,44,4,0.015,0.011921034707781617
row-0000303,doi::10.1016/s1540-7489(02)80211-3,44,4,0.03,0.013102628608787874
row-0000307,doi::10.1016/s1540-7489(02)80211-3,44,4,0.0072,0.011904519538733999
row-0000312,doi::10.1016/s1540-7489(02)80211-3,44,4,0.008,0.012503506795909074
row-0000340,citation::ferkul paul v an experimental study of opposed flow diffusion flame extinction over a thin fuel in 0 nasa cr 182185 1989,44,4,0.0087,0.0053108584758030705
row-0000348,citation::ferkul paul v an experimental study of opposed flow diffusion flame extinction over a thin fuel in 0 nasa cr 182185 1989,44,4,0.0019,0.003859057144051119
row-0000365,doi::10.1016/s1540-7489(02)80310-8,44,4,0.0019,0.001512256460753959
row-0000368,doi::10.1016/s1540-7489(02)80310-8,44,4,0.002,0.0014800839896890851
row-0000434,citation::grayson g d k r sacksteder p v ferkul and j s t ien flame spreading over a thin solid in low speed concurrent flow drop tower experimental results and comparison with theory 0 science and technology vii 2 1994,44,4,0.0056,0.0041317988776862335
row-0000444,citation::grayson g d k r sacksteder p v ferkul and j s t ien flame spreading over a thin solid in low speed concurrent flow drop tower experimental results and comparison with theory 0 science and technology vii 2 1994,44,4,0.0075,0.005876909859428446
row-0000447,doi::10.1016/j.combustflame.2020.09.003,44,4,0.0014,0.001434706717332387
row-0000450,doi::10.1016/j.combustflame.2020.09.003,44,4,0.00142,0.001434706717332387
row-0000451,doi::10.1016/j.combustflame.2020.09.003,44,4,0.00139,0.001434706717332387
row-0000460,doi::10.1016/j.combustflame.2020.07.044,44,4,0.00123,0.0014292634683557887
row-0000465,doi::10.1016/j.combustflame.2020.07.044,44,4,0.00137,0.001431611269291369
row-0000466,doi::10.1016/j.combustflame.2020.07.044,44,4,0.00135,0.001430492716771582
row-0000475,doi::10.1016/j.combustflame.2020.07.044,44,4,0.00131,0.001434706717332387
row-0000476,doi::10.1016/j.combustflame.2020.07.044,44,4,0.00133,0.001434706717332387
row-0000479,doi::10.1016/j.combustflame.2020.07.044,44,4,0.00165,0.001434706717332387
row-0000482,doi::10.1016/j.combustflame.2020.07.044,44,4,0.00108,0.001430382020875576
row-0000488,doi::10.1016/j.combustflame.2020.07.044,44,4,0.00106,0.0014292634683557887
row-0000493,doi::10.1016/j.combustflame.2020.07.044,44,4,0.00126,0.001431611269291369
row-0000494,doi::10.1016/j.combustflame.2020.07.044,44,4,0.00135,0.001430492716771582
row-0000496,doi::10.1016/j.combustflame.2020.07.044,44,4,0.00125,0.001430492716771582
row-0000498,doi::10.1016/j.combustflame.2020.07.044,44,4,0.00127,0.001430492716771582
row-0000499,doi::10.1016/j.combustflame.2020.07.044,44,4,0.00125,0.001430492716771582
row-0000505,doi::10.1016/j.combustflame.2020.07.044,44,4,0.00142,0.001434706717332387
row-0000508,doi::10.1016/j.combustflame.2020.07.044,44,4,0.00137,0.0014335881648126
row-0000509,doi::10.1016/j.combustflame.2020.07.044,44,4,0.00153,0.001434706717332387
row-0000516,doi::10.1016/j.combustflame.2020.07.044,44,4,0.00131,0.0014335881648126
row-0000517,doi::10.1016/j.combustflame.2020.07.044,44,4,0.00108,0.001430382020875576
row-0000518,doi::10.1016/j.combustflame.2020.07.044,44,4,0.00111,0.001430382020875576
row-0000520,doi::10.1016/j.combustflame.2020.07.044,44,4,0.00118,0.0014292634683557887
row-0000521,doi::10.1016/j.combustflame.2020.07.044,44,4,0.00112,0.0014292634683557887
row-0000527,doi::10.1016/j.combustflame.2020.07.044,44,4,0.00121,0.001431611269291369
row-0000536,doi::10.1016/j.combustflame.2020.07.044,44,4,0.00132,0.001434706717332387
row-0000541,doi::10.1016/j.combustflame.2020.07.044,44,4,0.00141,0.001434706717332387
row-0000557,doi::10.1016/j.proci.2018.06.022,44,4,4e-05,0.0003116188969944669
row-0000558,doi::10.1016/j.proci.2018.06.022,44,4,3e-05,0.0003116188969944669
row-0000562,doi::10.1016/j.proci.2018.06.022,44,4,0.00014,8.551357001472679e-05
row-0000564,doi::10.1016/j.proci.2018.06.022,44,4,9e-05,8.551357001472679e-05
row-0000565,doi::10.1016/j.proci.2018.06.022,44,4,8e-05,8.551357001472679e-05
row-0000566,doi::10.1016/j.proci.2018.06.022,44,4,5e-05,8.526587923978604e-05
row-0000570,doi::10.1016/j.proci.2018.06.022,44,4,1e-05,8.397387726826636e-05
row-0000571,doi::10.1016/j.proci.2018.06.022,44,4,0.0001,8.594937559730556e-05
row-0000572,doi::10.1016/j.proci.2018.06.022,44,4,0.00011,8.551357001472679e-05
row-0000575,doi::10.1016/j.proci.2018.06.022,44,4,4e-05,8.526587923978604e-05
row-0000578,doi::10.1016/j.proci.2018.06.022,44,4,2e-05,8.397387726826636e-05
row-0000590,doi::10.1016/j.proci.2018.06.022,44,4,4e-05,8.44141457497322e-05
row-0000600,doi::10.1016/j.proci.2018.06.022,44,4,3e-05,8.545551087031106e-05
row-0000603,doi::10.1016/j.proci.2018.06.022,44,4,7e-05,8.545551087031106e-05
row-0000605,doi::10.1016/j.proci.2018.06.022,44,4,4e-05,8.545551087031106e-05
row-0000606,doi::10.1016/j.proci.2018.06.022,44,4,4e-05,8.545551087031106e-05
row-0000607,doi::10.1016/j.proci.2018.06.022,44,4,6e-05,8.545551087031106e-05
row-0000619,doi::10.1016/j.proci.2018.06.022,44,4,9e-05,8.545551087031106e-05
row-0000626,doi::10.1016/j.proci.2018.06.022,44,4,3e-05,8.537368472897272e-05
row-0000636,doi::10.1016/s0082-0784(98)80102-1,44,4,0.0042,0.0031231022169647374
row-0000638,doi::10.1016/s0082-0784(98)80017-6,44,4,0.006,0.003199005363084098
row-0000642,doi::10.1016/s0082-0784(98)80017-6,44,4,0.005,0.003199005363084098
row-0000644,doi::10.1016/s0082-0784(98)80017-6,44,4,0.0065,0.004567917290183598
row-0000654,doi::10.1016/s0082-0784(98)80017-6,44,4,0.0054,0.004567917290183598
row-0000655,doi::10.1016/s0082-0784(98)80017-6,44,4,0.0057,0.004567917290183598
row-0000656,doi::10.1016/s0082-0784(98)80017-6,44,4,0.0048,0.004498622255984253
row-0000659,doi::10.1016/s0082-0784(98)80017-6,44,4,0.0028,0.0031351311393265483
row-0000662,doi::10.1016/s0082-0784(98)80017-6,44,4,0.0037,0.003180680667116718
row-0000665,doi::10.1016/s0082-0784(98)80017-6,44,4,0.0,0.0032019865555445604
row-0000667,doi::10.1016/s0082-0784(98)80017-6,44,4,0.0,0.003178638497230108
row-0000669,doi::10.1016/s0082-0784(98)80017-6,44,4,0.0043,0.0031578314466192883
row-0000678,citation::kimzey john howard flammability during weightlessness nasa technical memorandum nasa tm x 58001 may 1966,44,4,0.00381,0.01162500686724392
row-0000683,citation::kimzey john howard flammability during weightlessness nasa technical memorandum nasa tm x 58001 may 1966,44,4,0.00254,0.004186444824952804
row-0000692,citation::kimzey john howard flammability during weightlessness nasa technical memorandum nasa tm x 58001 may 1966,44,4,0.01778,0.018894556358974388
row-0000695,citation::kimzey john howard flammability during weightlessness nasa technical memorandum nasa tm x 58001 may 1966,44,4,0.00381,0.011192135972250007
row-0000700,citation::kimzey john howard flammability during weightlessness nasa technical memorandum nasa tm x 58001 may 1966,44,4,0.00203,0.0064334484440004315
row-0000714,doi::10.1016/j.combustflame.2008.05.023,44,4,0.0032,0.004841586425442882
row-0000717,doi::10.1016/j.combustflame.2008.05.023,44,4,0.0042,0.003294762265328859
row-0000729,doi::10.1016/j.combustflame.2008.05.023,44,4,0.0016,0.0029636165246229736
row-0000740,doi::10.1016/j.combustflame.2008.05.023,44,4,0.004,0.0034562405397889464
row-0000741,doi::10.1016/j.combustflame.2008.05.023,44,4,0.0044,0.0034562405397889464
row-0000749,doi::10.1016/j.combustflame.2008.05.023,44,4,0.0025,0.0034306941666179948
row-0000751,doi::10.1016/j.combustflame.2008.05.023,44,4,0.0035,0.003437819439345268
row-0000755,doi::10.1016/j.combustflame.2008.05.023,44,4,0.0045,0.003437819439345268
row-0000756,doi::10.1016/j.combustflame.2008.05.023,44,4,0.0049,0.003437819439345268
row-0000757,doi::10.1016/j.combustflame.2008.05.023,44,4,0.0032,0.0034523499627252974
row-0000758,doi::10.1016/j.combustflame.2008.05.023,44,4,0.0039,0.0034605808777161047
row-0000759,doi::10.1016/j.combustflame.2008.05.023,44,4,0.0045,0.003524917933115881
row-0000791,doi::10.1016/j.firesaf.2023.103989,44,4,0.004,0.0031359795919920076
row-0000797,doi::10.1016/j.firesaf.2023.103989,44,4,0.0024,0.0030205413906440113
row-0000804,doi::10.1016/j.firesaf.2023.103989,44,4,0.0029,0.003023446390064104
row-0000810,doi::10.1016/j.firesaf.2023.103989,44,4,0.0034,0.003059064894722819
row-0000811,doi::10.1016/j.firesaf.2023.103989,44,4,0.0033,0.0030532345390464266
row-0000813,doi::10.1016/j.firesaf.2023.103989,44,4,0.0024,0.003009740926907387
row-0000814,doi::10.1016/j.firesaf.2023.103989,44,4,0.0018,0.0029707670248494897
row-0000822,doi::10.1016/j.firesaf.2023.103989,44,4,0.0013,0.0029118597386902957
row-0000828,doi::10.1016/j.firesaf.2023.103989,44,4,0.0025,0.0029486376687531315
row-0000889,doi::10.1016/j.firesaf.2023.103989,44,4,0.0016,0.0030156316922050155
row-0000896,doi::10.1016/j.firesaf.2023.103989,44,4,0.0031,0.0030593680734907255
row-0000898,doi::10.1016/j.firesaf.2023.103989,44,4,0.0036,0.003083286089007332
row-0000903,doi::10.1016/j.firesaf.2023.103989,44,4,0.0033,0.0030539911121643284
row-0000904,doi::10.1016/j.firesaf.2023.103989,44,4,0.0034,0.003061373390917644
row-0000907,doi::10.1016/j.firesaf.2023.103989,44,4,0.0023,0.0030897276885168794
row-0000908,doi::10.1016/j.firesaf.2023.103989,44,4,0.0024,0.0030897276885168794
row-0000909,doi::10.1016/j.firesaf.2023.103989,44,4,0.0026,0.0030971099672701947
row-0000915,doi::10.1016/j.firesaf.2023.103989,44,4,0.00275,0.0029468292215481624
row-0000921,doi::10.1016/j.firesaf.2023.103989,44,4,0.003,0.0030015641819761316
row-0000925,doi::10.1016/j.firesaf.2023.103989,44,4,0.0032,0.003022018813603851
row-0000958,doi::10.1016/j.firesaf.2023.103989,44,4,0.0027,0.0030333368601733416
row-0000965,doi::10.1016/j.firesaf.2023.103989,44,4,0.0036,0.0030605365178116347
row-0001033,doi::10.1016/j.firesaf.2023.103989,44,4,0.002,0.0029187017577541083
row-0001035,doi::10.1016/j.firesaf.2023.103989,44,4,0.0027,0.0029669162110971315
row-0001038,doi::10.1016/j.firesaf.2023.103989,44,4,0.003,0.002973912388616564
row-0001042,doi::10.1016/j.firesaf.2023.103989,44,4,0.0025,0.0029728445008902547
row-0001048,doi::10.1016/j.firesaf.2023.103989,44,4,0.0031,0.0030322169489012145
row-0001063,doi::10.1016/j.firesaf.2023.103989,44,4,0.001,0.0018465910687608695
row-0001074,doi::10.1016/j.firesaf.2023.103989,44,4,0.0013,0.002102311794688648
row-0001122,doi::10.1016/j.firesaf.2023.103989,44,4,0.0011,0.002052244867157878
row-0001123,doi::10.1016/j.firesaf.2023.103989,44,4,0.00125,0.002305973570514914
row-0001126,doi::10.1016/j.firesaf.2023.103989,44,4,0.0013,0.0023077918107042707
row-0001130,doi::10.1016/j.firesaf.2023.103989,44,4,0.0013,0.0021261175807357133
row-0001142,doi::10.1016/j.firesaf.2023.103989,44,4,0.0015,0.001443619527223681
row-0001199,doi::10.1016/j.firesaf.2023.103989,44,4,0.0016,0.001454713272060956
row-0001200,doi::10.1016/j.firesaf.2023.103989,44,4,0.0017,0.00176493907743117
row-0001201,doi::10.1016/j.firesaf.2023.103989,44,4,0.0015,0.00176493907743117
row-0001204,doi::10.1016/j.firesaf.2023.103989,44,4,0.0017,0.0017683181266589692
row-0001205,doi::10.1016/j.firesaf.2023.103989,44,4,0.0016,0.0017808862443044757
row-0001215,doi::10.1016/j.proci.2024.105199,44,4,0.0035,0.004164291269699741
row-0001218,doi::10.1016/j.proci.2024.105199,44,4,0.0045,0.004251015941807314
row-0001225,doi::10.1016/j.proci.2024.105199,44,4,0.002,0.0015361721354242679
row-0001261,doi::10.1007/s10694-019-00935-4,44,4,0.00045,0.0005183006556066807
row-0001334,doi::10.1016/j.proci.2022.07.002,44,4,0.0025,0.0030204152123569084
row-0001346,doi::10.1016/j.proci.2022.07.002,44,4,0.0026,0.003028326893089245
row-0001350,doi::10.1016/j.proci.2022.07.002,44,4,0.0028,0.003026930509135824
row-0001351,doi::10.1016/j.proci.2022.07.002,44,4,0.0038,0.0030712654189467767
row-0001352,doi::10.1016/j.proci.2022.07.002,44,4,0.0042,0.0030884003945459483
row-0001355,doi::10.1016/j.proci.2022.07.002,44,4,0.0036,0.003056619590383265
row-0001367,doi::10.1016/j.proci.2022.07.002,44,4,0.0042,0.003032182859558591
row-0001372,doi::10.1016/j.proci.2022.07.002,44,4,0.0046,0.0030468665912010175
row-0001373,doi::10.1016/j.proci.2022.07.002,44,4,0.0018,0.0029712145880720275
row-0001376,doi::10.1016/j.proci.2022.07.002,44,4,0.0038,0.003034071131083553
row-0001444,doi::10.1016/j.proci.2022.07.002,44,4,0.0022,0.001480599709343898
row-0001445,doi::10.1016/j.proci.2022.07.002,44,4,0.0022,0.001480599709343898
row-0001446,doi::10.1016/j.proci.2022.07.002,44,4,0.0021,0.001480599709343898
row-0001448,doi::10.1016/j.proci.2022.07.002,44,4,0.002,0.00147750426130288
row-0001469,doi::10.1016/j.proci.2022.07.002,44,4,0.002,0.001471271418959901
row-0001470,doi::10.1016/j.proci.2022.07.002,44,4,0.0013,0.0014681759709188832
row-0001473,doi::10.1016/j.proci.2022.07.002,44,4,0.0012,0.0014649684909639408
row-0001495,doi::10.1016/j.proci.2022.07.002,44,4,0.0012,0.0014335895008305184
row-0001588,doi::10.1016/j.proci.2024.105775,44,4,0.00679,0.00839829579325699
row-0001590,doi::10.1016/j.proci.2024.105775,44,4,0.00814,0.00839829579325699
row-0001592,doi::10.1016/j.proci.2024.105775,44,4,0.0082,0.008401511143643837
row-0001594,doi::10.1016/j.proci.2024.105775,44,4,0.00688,0.008401511143643837
row-0001596,doi::10.1016/j.proci.2024.105775,44,4,0.0072,0.008401511143643837
row-0001600,doi::10.1016/j.proci.2024.105775,44,4,0.00691,0.008401511143643837
row-0001604,doi::10.1016/j.proci.2024.105775,44,4,0.00723,0.008401511143643837
row-0001607,doi::10.1016/j.proci.2024.105775,44,4,0.00723,0.008401511143643837
row-0001610,doi::10.1016/j.proci.2024.105775,44,4,0.00729,0.008401511143643837
row-0001611,doi::10.1016/j.proci.2024.105775,44,4,0.00669,0.008401511143643837
row-0001613,doi::10.1016/j.proci.2024.105775,44,4,0.0061,0.008529918316675912
row-0001637,doi::10.1016/j.proci.2024.105775,44,4,0.00886,0.008842777492265277
row-0001640,doi::10.1016/j.proci.2024.105775,44,4,0.00842,0.008851256937864123
row-0001642,doi::10.1007/s12217-024-10147-3,44,4,0.006,0.008364093903733359
row-0001648,doi::10.1007/s12217-024-10147-3,44,4,0.00728,0.008401511143643837
row-0001654,doi::10.1007/s12217-024-10147-3,44,4,0.00839,0.008724210133648502
row-0001660,doi::10.1007/s12217-024-10147-3,44,4,0.01105,0.009026238023467666
row-0001661,doi::10.1007/s12217-024-10147-3,44,4,0.00763,0.008709756736463526
row-0001662,doi::10.1007/s12217-024-10147-3,44,4,0.01029,0.008875296656935611
row-0001663,doi::10.1007/s12217-024-10147-3,44,4,0.01198,0.009126669719982258
row-0001667,doi::10.1007/s12217-024-10147-3,44,4,0.00833,0.008712596792019082
row-0001733,doi::10.1016/j.proci.2024.105255,44,4,0.00151,0.001443619527223681
row-0001736,doi::10.1016/j.proci.2024.105255,44,4,0.00122,0.0014756383878870869
row-0001737,doi::10.1016/j.proci.2024.105255,44,4,0.00144,0.00147750426130288
row-0001742,doi::10.1016/j.proci.2024.105255,44,4,0.00182,0.001483028370207949
row-0001751,doi::10.1038/s41598-017-18398-4,44,4,5e-05,8.537368472897272e-05
row-0001756,doi::10.1038/s41598-017-18398-4,44,4,9e-05,8.551357001472679e-05
row-0001763,doi::10.1038/s41598-017-18398-4,44,4,3e-05,8.399787726826636e-05
row-0001766,doi::10.1038/s41598-017-18398-4,44,4,2e-05,8.397387726826636e-05
row-0001769,doi::10.1038/s41598-017-18398-4,44,4,1e-05,0.00021537347871304795
row-0001774,doi::10.1038/s41598-017-18398-4,44,4,3e-05,8.537368472897272e-05
row-0001793,doi::10.1038/s41598-017-18398-4,44,4,9e-05,8.537368472897272e-05
row-0001795,doi::10.1038/s41598-017-18398-4,44,4,3e-05,8.537368472897272e-05
row-0001797,doi::10.1038/s41598-017-18398-4,44,4,6e-05,8.537368472897272e-05
row-0001804,doi::10.1038/s41598-017-18398-4,44,4,0.00011,8.551357001472679e-05
row-0001812,doi::10.1038/s41598-017-18398-4,44,4,8e-05,8.551357001472679e-05
row-0001813,doi::10.1038/s41598-017-18398-4,44,4,0.00011,8.551357001472679e-05
row-0001818,doi::10.1038/s41598-017-18398-4,44,4,9e-05,8.551357001472679e-05
row-0001825,doi::10.1038/s41598-017-18398-4,44,4,4e-05,8.537368472897272e-05
row-0001829,doi::10.1038/s41598-017-18398-4,44,4,1e-05,8.537368472897272e-05
row-0001834,doi::10.1016/j.proci.2024.105766,44,4,0.01,0.009045491478342242
row-0001838,doi::10.1016/j.proci.2024.105766,44,4,0.005,0.006632510197000428
row-0001839,doi::10.1016/j.proci.2024.105766,44,4,0.0055,0.0067834742614998784
row-0001842,doi::10.1016/j.proci.2024.105766,44,4,0.0065,0.00754471489751593
row-0001854,doi::10.1016/j.proci.2024.105766,44,4,0.0018,0.0015626261759429708
row-0001858,doi::10.1016/j.proci.2024.105766,44,4,0.0015,0.0016616707125128884
row-0001895,doi::10.1016/j.firesaf.2024.104329,44,4,0.002,0.0014755664169254382
row-0001912,doi::10.1016/j.firesaf.2024.104329,44,4,0.002,0.0014755664169254382
row-0001940,doi::10.1016/j.firesaf.2024.104329,44,4,0.0022,0.0018000874446067357
row-0001944,doi::10.1016/j.firesaf.2024.104329,44,4,0.0022,0.0018000874446067357
row-0001950,doi::10.1016/j.firesaf.2024.104329,44,4,0.0024,0.0018016117769654102
row-0001952,doi::10.1016/j.firesaf.2024.104329,44,4,0.00155,0.0018000874446067357
row-0001957,doi::10.1016/j.firesaf.2024.104329,44,4,0.0021,0.0018000874446067357
row-0001962,doi::10.1016/j.firesaf.2024.104329,44,4,0.0021,0.0018000874446067357
row-0002038,doi::10.1016/j.firesaf.2024.104329,44,4,0.0011,0.000765216208617269
row-0002044,doi::10.1016/j.firesaf.2024.104329,44,4,0.0009,0.0007316956999147673
row-0002060,doi::10.1016/j.firesaf.2024.104329,44,4,0.00075,0.0007161020990804517
row-0002107,doi::10.1016/j.firesaf.2024.104329,44,4,0.00048,0.0006947850003345801
row-0002114,doi::10.1016/j.firesaf.2024.104329,44,4,0.00065,0.0006794949941125442
row-0002123,doi::10.1016/j.firesaf.2024.104329,44,4,0.0006,0.000701329682201685
row-0002125,doi::10.1016/j.firesaf.2024.104329,44,4,0.00076,0.0007875052706881657
row-0002284,citation::mell w e s l olson and t kashiwagi flame spread along free edges of thermally thin samples in 0 proceedings of the combustion institute vol 28 no 2 2000 pp 2843 2849,44,4,0.00125,0.0032074649539884266
row-0002292,citation::mell w e s l olson and t kashiwagi flame spread along free edges of thermally thin samples in 0 proceedings of the combustion institute vol 28 no 2 2000 pp 2843 2849,44,4,0.0013,0.00908856786491231
row-0002297,citation::meyer florian jan hei meier hans christoph ries and christian eigenbrod sooting behavior in concurrent and upward burning of cylindrical pmma samples 52nd international conference on environmental systems ices 2023 171 calgary canada 16 20 july 2023,44,4,0.00274,0.0012034535450708179
row-0002300,citation::meyer florian jan hei meier hans christoph ries and christian eigenbrod sooting behavior in concurrent and upward burning of cylindrical pmma samples 52nd international conference on environmental systems ices 2023 171 calgary canada 16 20 july 2023,44,4,0.00197,0.010628559395744152
row-0002302,citation::meyer florian jan hei meier hans christoph ries and christian eigenbrod sooting behavior in concurrent and upward burning of cylindrical pmma samples 52nd international conference on environmental systems ices 2023 171 calgary canada 16 20 july 2023,44,4,0.00189,0.011073584707625511
row-0002449,doi::10.1016/j.proci.2018.05.007,44,4,0.0025,0.003013241769575279
row-0002452,doi::10.1016/j.proci.2018.05.007,44,4,0.0026,0.0030160158953484837
row-0002456,doi::10.1016/j.proci.2018.05.007,44,4,0.003,0.0030293957851160705
row-0002457,doi::10.1016/j.proci.2018.05.007,44,4,0.0031,0.0030438330412923334
row-0002458,doi::10.1016/j.proci.2018.05.007,44,4,0.0029,0.0030047772772247975
row-0002460,doi::10.1016/j.proci.2018.05.007,44,4,0.0038,0.0030293957851160705
row-0002464,doi::10.1016/j.proci.2018.05.007,44,4,0.0021,0.0014719950807330561
row-0002465,doi::10.1016/j.proci.2018.05.007,44,4,0.0026,0.0014763197771898674
row-0002466,doi::10.1016/j.proci.2018.05.007,44,4,0.0019,0.001499277040413014
row-0002473,doi::10.1016/j.proci.2018.05.007,44,4,0.0026,0.0015414624960917527
row-0002600,citation::nishizawa et al 2003 effect of low external flow on flame spreading over etfe wire under microgravity,44,4,0.0017,0.0030891323593741265
row-0002604,citation::nishizawa et al 2003 effect of low external flow on flame spreading over etfe wire under microgravity,44,4,0.0032,0.003145249440569417
row-0002615,doi::10.1016/j.combustflame.2009.01.015,44,4,0.0013,0.0014104836290210194
row-0002616,doi::10.1016/j.combustflame.2009.01.015,44,4,0.0012,0.0014104836290210194
row-0002626,doi::10.1016/j.combustflame.2009.01.015,44,4,0.001,0.0014104836290210194
row-0002655,doi::10.1016/j.combustflame.2009.01.015,44,4,0.00098,0.0014120031308217395
row-0002657,doi::10.1016/j.combustflame.2009.01.015,44,4,0.00086,0.0014120031308217395
row-0002700,citation::friedman robert brian jackson and sandra olson testing and selection of fire resistant materials for spacecraft use nasa technical memorandum 2000 209773 mar 2000 nasa sti program office glenn research center cleveland ohio,44,4,0.0055,0.009143862284913196
row-0002701,citation::friedman robert brian jackson and sandra olson testing and selection of fire resistant materials for spacecraft use nasa technical memorandum 2000 209773 mar 2000 nasa sti program office glenn research center cleveland ohio,44,4,0.0054,0.009143862284913196
row-0002705,citation::friedman robert brian jackson and sandra olson testing and selection of fire resistant materials for spacecraft use nasa technical memorandum 2000 209773 mar 2000 nasa sti program office glenn research center cleveland ohio,44,4,0.0174,0.01684884882476548
row-0002706,citation::friedman robert brian jackson and sandra olson testing and selection of fire resistant materials for spacecraft use nasa technical memorandum 2000 209773 mar 2000 nasa sti program office glenn research center cleveland ohio,44,4,0.0181,0.01684884882476548
row-0002718,citation::friedman robert brian jackson and sandra olson testing and selection of fire resistant materials for spacecraft use nasa technical memorandum 2000 209773 mar 2000 nasa sti program office glenn research center cleveland ohio,44,4,0.0378,0.02905459201212462
row-0002719,citation::friedman robert brian jackson and sandra olson testing and selection of fire resistant materials for spacecraft use nasa technical memorandum 2000 209773 mar 2000 nasa sti program office glenn research center cleveland ohio,44,4,0.0389,0.02905459201212462
row-0002739,citation::friedman robert brian jackson and sandra olson testing and selection of fire resistant materials for spacecraft use nasa technical memorandum 2000 209773 mar 2000 nasa sti program office glenn research center cleveland ohio,44,4,0.0575,0.054361791396769936
row-0002744,citation::friedman robert brian jackson and sandra olson testing and selection of fire resistant materials for spacecraft use nasa technical memorandum 2000 209773 mar 2000 nasa sti program office glenn research center cleveland ohio,44,4,0.0047,0.008436287088530215
row-0002749,citation::friedman robert brian jackson and sandra olson testing and selection of fire resistant materials for spacecraft use nasa technical memorandum 2000 209773 mar 2000 nasa sti program office glenn research center cleveland ohio,44,4,0.0155,0.016699770795586325
row-0002754,citation::friedman robert brian jackson and sandra olson testing and selection of fire resistant materials for spacecraft use nasa technical memorandum 2000 209773 mar 2000 nasa sti program office glenn research center cleveland ohio,44,4,0.0344,0.03495760605750144
row-0002756,citation::friedman robert brian jackson and sandra olson testing and selection of fire resistant materials for spacecraft use nasa technical memorandum 2000 209773 mar 2000 nasa sti program office glenn research center cleveland ohio,44,4,0.0459,0.03706690908852605
row-0002759,citation::friedman robert brian jackson and sandra olson testing and selection of fire resistant materials for spacecraft use nasa technical memorandum 2000 209773 mar 2000 nasa sti program office glenn research center cleveland ohio,44,4,0.0033,0.005165408516639563
row-0002766,citation::friedman robert brian jackson and sandra olson testing and selection of fire resistant materials for spacecraft use nasa technical memorandum 2000 209773 mar 2000 nasa sti program office glenn research center cleveland ohio,44,4,0.0085,0.009905641549907392
row-0002767,citation::friedman robert brian jackson and sandra olson testing and selection of fire resistant materials for spacecraft use nasa technical memorandum 2000 209773 mar 2000 nasa sti program office glenn research center cleveland ohio,44,4,0.0094,0.009905641549907392
row-0002768,citation::friedman robert brian jackson and sandra olson testing and selection of fire resistant materials for spacecraft use nasa technical memorandum 2000 209773 mar 2000 nasa sti program office glenn research center cleveland ohio,44,4,0.0091,0.009905641549907392
row-0002769,citation::friedman robert brian jackson and sandra olson testing and selection of fire resistant materials for spacecraft use nasa technical memorandum 2000 209773 mar 2000 nasa sti program office glenn research center cleveland ohio,44,4,0.0121,0.016898004698654465
row-0002773,citation::friedman robert brian jackson and sandra olson testing and selection of fire resistant materials for spacecraft use nasa technical memorandum 2000 209773 mar 2000 nasa sti program office glenn research center cleveland ohio,44,4,0.029,0.043985592762248706
row-0002774,citation::friedman robert brian jackson and sandra olson testing and selection of fire resistant materials for spacecraft use nasa technical memorandum 2000 209773 mar 2000 nasa sti program office glenn research center cleveland ohio,44,4,0.0334,0.054361791396769936
row-0002787,citation::olson s l and j s t ien near limit flame spread over a thin solid fuel in 0 symposium international on combustion vol 22 no 1 1988 pp 1213 1222 the combustion institute,44,4,0.00613,0.005165408516639563
row-0002792,citation::olson s l and j s t ien near limit flame spread over a thin solid fuel in 0 symposium international on combustion vol 22 no 1 1988 pp 1213 1222 the combustion institute,44,4,0.01533,0.009940337316430839
row-0002806,citation::olson s l and j s t ien near limit flame spread over a thin solid fuel in 0 symposium international on combustion vol 22 no 1 1988 pp 1213 1222 the combustion institute,44,4,0.02184,0.020857379539901015
row-0002816,citation::olson s l and j s t ien near limit flame spread over a thin solid fuel in 0 symposium international on combustion vol 22 no 1 1988 pp 1213 1222 the combustion institute,44,4,0.00338,0.004975496476043256
row-0002818,citation::olson s l and j s t ien near limit flame spread over a thin solid fuel in 0 symposium international on combustion vol 22 no 1 1988 pp 1213 1222 the combustion institute,44,4,0.00675,0.008592680654046033
row-0002827,citation::olson s l and j s t ien near limit flame spread over a thin solid fuel in 0 symposium international on combustion vol 22 no 1 1988 pp 1213 1222 the combustion institute,44,4,0.02931,0.027008924220706568
row-0002839,citation::olson s l and j s t ien near limit flame spread over a thin solid fuel in 0 symposium international on combustion vol 22 no 1 1988 pp 1213 1222 the combustion institute,44,4,0.01988,0.022699223775252342
row-0002842,citation::olson s l and j s t ien near limit flame spread over a thin solid fuel in 0 symposium international on combustion vol 22 no 1 1988 pp 1213 1222 the combustion institute,44,4,0.0342,0.0269199779501438
row-0002843,citation::olson s l and j s t ien near limit flame spread over a thin solid fuel in 0 symposium international on combustion vol 22 no 1 1988 pp 1213 1222 the combustion institute,44,4,0.03372,0.03555075615273952
row-0002850,doi::10.1016/s0082-0784(89)80132-8,44,4,0.0064,0.008342659132237877
row-0002919,doi::10.1080/00102209108951711,44,4,0.0083,0.008941001844282499
row-0002978,doi::10.1016/j.combustflame.2009.01.015,44,4,0.0086,0.012884513654418474
row-0002979,doi::10.1016/j.combustflame.2009.01.015,44,4,0.0077,0.011944182785115224
row-0002981,doi::10.1016/j.combustflame.2009.01.015,44,4,0.012,0.014776807776379448
row-0002982,doi::10.1016/j.combustflame.2009.01.015,44,4,0.01,0.014775607776379446
row-0002985,doi::10.1016/j.combustflame.2009.01.015,44,4,0.024,0.0160368601010724
row-0002990,doi::10.1016/j.combustflame.2009.01.015,44,4,0.023,0.02525760513753598
row-0003005,doi::10.1016/j.combustflame.2009.01.015,44,4,0.011,0.013797051364132052
row-0003007,doi::10.1016/j.combustflame.2009.01.015,44,4,0.011,0.015195911937089539
row-0003012,doi::10.1016/j.combustflame.2009.01.015,44,4,0.036,0.030942038263756532
row-0003015,doi::10.1016/j.combustflame.2009.01.015,44,4,0.013,0.01685425203981917
row-0003019,doi::10.1016/j.combustflame.2009.01.015,44,4,0.034,0.028801073587963334
row-0003023,doi::10.1016/j.combustflame.2009.01.015,44,4,0.026,0.026805686431430824
row-0003026,doi::10.1016/s0010-2180(00)00249-2,44,4,0.00085,0.0014104836290210194
row-0003030,doi::10.1016/s0010-2180(00)00249-2,44,4,0.0011,0.0014104836290210194
row-0003031,doi::10.1016/s0010-2180(00)00249-2,44,4,0.0019,0.0014104836290210194
row-0003040,doi::10.1016/s0010-2180(00)00249-2,44,4,0.0052,0.003266944487048708
row-0003054,doi::10.1016/s0010-2180(00)00249-2,44,4,0.0014,0.0014104836290210194
row-0003055,doi::10.1016/s0010-2180(00)00249-2,44,4,0.0012,0.0014104836290210194
row-0003068,doi::10.1016/s0010-2180(00)00249-2,44,4,0.0019,0.0014104836290210194
row-0003079,doi::10.1016/j.combustflame.2018.10.012,44,4,0.00209,0.0014775060525753748
row-0003081,doi::10.1016/j.combustflame.2018.10.012,44,4,0.00086,0.0014248896727231612
row-0003086,doi::10.1016/j.combustflame.2018.10.012,44,4,0.00153,0.001489996751323647
row-0003087,doi::10.1016/j.combustflame.2018.10.012,44,4,0.00157,0.001606469869491241
row-0003088,doi::10.1016/j.combustflame.2018.10.012,44,4,0.00116,0.03845239359743692
row-0003089,doi::10.1016/j.combustflame.2018.10.012,44,4,0.00228,0.0014387159924272783
row-0003093,doi::10.1016/j.combustflame.2018.10.012,44,4,0.00254,0.0014775060525753748
row-0003094,doi::10.1016/j.combustflame.2018.10.012,44,4,0.00204,0.0014775060525753748
row-0003099,doi::10.1080/00102200490276773,44,4,0.012,0.011080052922817836
row-0003101,doi::10.1080/00102200490276773,44,4,0.012,0.012578966461279364
row-0003103,doi::10.1080/00102200490276773,44,4,0.014,0.014071052121212109
row-0003106,doi::10.1080/00102200490276773,44,4,0.016,0.016134998787878815
row-0003110,doi::10.1080/00102200490276773,44,4,0.02,0.018612458787878827
row-0003113,doi::10.1080/00102200490276773,44,4,0.026,0.022743425454545368
row-0003114,doi::10.1080/00102200490276773,44,4,0.027,0.023294908787878675
row-0003115,doi::10.1080/00102200490276773,44,4,0.028,0.02444857545454533
row-0003117,doi::10.1080/00102200490276773,44,4,0.024,0.022310658787878697
row-0003118,doi::10.1080/00102200490276773,44,4,0.02,0.015293025454545443
row-0003122,doi::10.1080/00102200490276773,44,4,0.022,0.024830157258718424
row-0003125,doi::10.1080/00102200490276773,44,4,0.023,0.02432326567141684
row-0003127,doi::10.1080/00102200490276773,44,4,0.024,0.024706099258718445
row-0003128,doi::10.1080/00102200490276773,44,4,0.025,0.024706099258718445
row-0003131,doi::10.1080/00102200490276773,44,4,0.03,0.027862352514129683
row-0003132,doi::10.1080/00102200490276773,44,4,0.031,0.03207277261151175
row-0003138,doi::10.1080/00102200490276773,44,4,0.051,0.046257293373766
row-0003141,doi::10.1080/00102200490276773,44,4,0.062,0.05872760952380982
row-0003156,doi::10.1016/j.combustflame.2022.112559,44,4,0.0027,0.002086902040976817
row-0003169,doi::10.1016/j.proci.2024.105358,44,4,0.0019,0.00219864511856581
row-0003174,doi::10.1016/j.proci.2024.105358,44,4,0.0021,0.0022402128648087633
row-0003178,doi::10.1016/j.proci.2024.105358,44,4,0.0017,0.0019052057748905147
row-0003181,doi::10.1016/j.proci.2024.105358,44,4,0.0012,0.0014639821999220032
row-0003182,doi::10.1016/j.proci.2024.105358,44,4,0.0016,0.0018157087100650572
row-0003187,doi::10.1016/j.proci.2024.105358,44,4,0.00235,0.002964883255515686
row-0003192,doi::10.1016/j.proci.2024.105358,44,4,0.0027,0.0030020761784948858
row-0003194,doi::10.1016/j.proci.2024.105358,44,4,0.00275,0.003000764198266279
row-0003196,doi::10.1016/j.combustflame.2022.112009,44,4,0.0013,0.0014323165689610722
row-0003198,doi::10.1016/j.combustflame.2022.112009,44,4,0.0013,0.0014323165689610722
row-0003202,doi::10.1016/j.combustflame.2022.112009,44,4,0.0013,0.0014323165689610722
row-0003216,doi::10.1016/j.combustflame.2022.112009,44,4,0.0013,0.003226454732739557
row-0003217,doi::10.1016/j.combustflame.2022.112009,44,4,0.001,0.0034426642162775295
row-0003232,doi::10.1016/j.combustflame.2022.112009,44,4,0.00045,0.0014176880888220485
row-0003233,doi::10.1016/j.combustflame.2022.112009,44,4,0.00052,0.0014159990093241407
row-0003244,doi::10.1016/j.combustflame.2022.112009,44,4,0.0066,0.005006774469963074
row-0003389,doi::10.1016/s0082-0784(06)80816-7,44,4,0.01165,0.009844672134706776
row-0003392,doi::10.1016/s0082-0784(06)80816-7,44,4,0.01325,0.009894391334706777
row-0003396,doi::10.1016/s0082-0784(06)80816-7,44,4,0.01123,0.009764870559768322
row-0003399,doi::10.1016/s0082-0784(06)80816-7,44,4,0.00964,0.00975713927771704
row-0003400,doi::10.1016/s0082-0784(06)80816-7,44,4,0.00907,0.009731269277717043
row-0003401,doi::10.1016/s0082-0784(06)80816-7,44,4,0.00817,0.009704505027717044
row-0003407,doi::10.1016/s0082-0784(06)80816-7,44,4,0.0089,0.008902785166222199
row-0003427,citation::s nchez tarifa c and b l zaro experiments conducted on combustion at microgravity in the texus 38 sounding rocket results and conclusions first international symposium on microgravity research and applications on physical sciences and biotechnology 2000,44,4,0.00072,0.0006086769772685006
row-0003429,citation::s nchez tarifa c and b l zaro experiments conducted on combustion at microgravity in the texus 38 sounding rocket results and conclusions first international symposium on microgravity research and applications on physical sciences and biotechnology 2000,44,4,0.00068,0.0006104115175761878
row-0003432,citation::s nchez tarifa c and g l pez juste a study of the combustion problems of solid materials at conditions existing in space stations esa sp 433 1999,44,4,0.0006,0.0007746828266844199
row-0003433,citation::s nchez tarifa c and g l pez juste a study of the combustion problems of solid materials at conditions existing in space stations esa sp 433 1999,44,4,0.0002,0.0007746828266844199
row-0003436,citation::s nchez tarifa c and g l pez juste a study of the combustion problems of solid materials at conditions existing in space stations esa sp 433 1999,44,4,0.0007,0.000780783865017698
row-0003446,citation::s nchez tarifa c and m rodr guez combustion and flammability characteristics of solids at microgravity in very small velocity flows second european symposium on utilisation of the international space station nov 1998,44,4,0.0011,0.0007831702715414915
row-0003461,doi::10.1007/s12217-024-10106-y,44,4,4e-05,0.00010799567806331764
row-0003469,doi::10.1007/s12217-024-10106-y,44,4,0.00113,0.0017171611950704208
row-0003481,doi::10.1016/s1540-7489(02)80315-7,44,4,0.05887,0.04906857172242954
row-0003482,doi::10.1016/s1540-7489(02)80315-7,44,4,0.00429,0.010076867334043015
row-0003487,doi::10.1016/s1540-7489(02)80315-7,44,4,0.03317,0.03467960519345861
row-0003490,doi::10.1016/s1540-7489(02)80315-7,44,4,0.00875,0.01207683277366351
row-0003492,doi::10.1016/s1540-7489(02)80315-7,44,4,0.02101,0.02661873468654283
row-0003511,doi::10.1016/s1540-7489(02)80315-7,44,4,0.024,0.027467157281413523
row-0003519,citation::son youngjin paul d ronney and suleyman gokoglu comparison of carbon dioxide and helium as fire extinguishing agents for spacecraft nasa cp 2004 213205 vol2 2004 pp 409 418,44,4,0.084,0.06711629578292246
row-0003520,citation::son youngjin paul d ronney and suleyman gokoglu comparison of carbon dioxide and helium as fire extinguishing agents for spacecraft nasa cp 2004 213205 vol2 2004 pp 409 418,44,4,0.0055,0.008822690931194378
row-0003525,citation::son youngjin paul d ronney and suleyman gokoglu comparison of carbon dioxide and helium as fire extinguishing agents for spacecraft nasa cp 2004 213205 vol2 2004 pp 409 418,44,4,0.003,0.017412364660525217
row-0003527,citation::son youngjin paul d ronney and suleyman gokoglu comparison of carbon dioxide and helium as fire extinguishing agents for spacecraft nasa cp 2004 213205 vol2 2004 pp 409 418,44,4,0.035,0.036011609484994524
row-0003536,citation::son youngjin paul d ronney and suleyman gokoglu comparison of carbon dioxide and helium as fire extinguishing agents for spacecraft nasa cp 2004 213205 vol2 2004 pp 409 418,44,4,0.029,0.03176935783807639
row-0003543,citation::son youngjin paul d ronney and suleyman gokoglu comparison of carbon dioxide and helium as fire extinguishing agents for spacecraft nasa cp 2004 213205 vol2 2004 pp 409 418,44,4,0.05278,0.029895145347787012
row-0003544,citation::son youngjin paul d ronney and suleyman gokoglu comparison of carbon dioxide and helium as fire extinguishing agents for spacecraft nasa cp 2004 213205 vol2 2004 pp 409 418,44,4,0.03417,0.027596680878507456
row-0003545,citation::son youngjin paul d ronney and suleyman gokoglu comparison of carbon dioxide and helium as fire extinguishing agents for spacecraft nasa cp 2004 213205 vol2 2004 pp 409 418,44,4,0.02333,0.027131793412708435
row-0003549,citation::son youngjin paul d ronney and suleyman gokoglu comparison of carbon dioxide and helium as fire extinguishing agents for spacecraft nasa cp 2004 213205 vol2 2004 pp 409 418,44,4,0.02778,0.033610401534898714
row-0003553,citation::son youngjin paul d ronney and suleyman gokoglu comparison of carbon dioxide and helium as fire extinguishing agents for spacecraft nasa cp 2004 213205 vol2 2004 pp 409 418,44,4,0.01114,0.015418980612069526
row-0003571,citation::son youngjin paul d ronney and suleyman gokoglu comparison of carbon dioxide and helium as fire extinguishing agents for spacecraft nasa cp 2004 213205 vol2 2004 pp 409 418,44,4,0.01208,0.016597468544502413
row-0003572,citation::son youngjin paul d ronney and suleyman gokoglu comparison of carbon dioxide and helium as fire extinguishing agents for spacecraft nasa cp 2004 213205 vol2 2004 pp 409 418,44,4,0.00944,0.015524354302155131
row-0003573,citation::son youngjin paul d ronney and suleyman gokoglu comparison of carbon dioxide and helium as fire extinguishing agents for spacecraft nasa cp 2004 213205 vol2 2004 pp 409 418,44,4,0.04405,0.044201922361663426
row-0003578,citation::son youngjin paul d ronney and suleyman gokoglu comparison of carbon dioxide and helium as fire extinguishing agents for spacecraft nasa cp 2004 213205 vol2 2004 pp 409 418,44,4,0.03143,0.033121185368732486
row-0003579,citation::son youngjin paul d ronney and suleyman gokoglu comparison of carbon dioxide and helium as fire extinguishing agents for spacecraft nasa cp 2004 213205 vol2 2004 pp 409 418,44,4,0.01952,0.017269259584760565
row-0003580,citation::son youngjin paul d ronney and suleyman gokoglu comparison of carbon dioxide and helium as fire extinguishing agents for spacecraft nasa cp 2004 213205 vol2 2004 pp 409 418,44,4,0.00833,0.013061381539173406
row-0003583,citation::son youngjin paul d ronney and suleyman gokoglu comparison of carbon dioxide and helium as fire extinguishing agents for spacecraft nasa cp 2004 213205 vol2 2004 pp 409 418,44,4,0.03167,0.023119749395680518
row-0003587,citation::son youngjin paul d ronney and suleyman gokoglu comparison of carbon dioxide and helium as fire extinguishing agents for spacecraft nasa cp 2004 213205 vol2 2004 pp 409 418,44,4,0.03947,0.045347436138660116
row-0003596,citation::son youngjin paul d ronney and suleyman gokoglu comparison of carbon dioxide and helium as fire extinguishing agents for spacecraft nasa cp 2004 213205 vol2 2004 pp 409 418,44,4,0.03576,0.04334632462579461
row-0003603,citation::son youngjin paul d ronney and suleyman gokoglu comparison of carbon dioxide and helium as fire extinguishing agents for spacecraft nasa cp 2004 213205 vol2 2004 pp 409 418,44,4,0.01596,0.013915848677629777
row-0003604,citation::son youngjin paul d ronney and suleyman gokoglu comparison of carbon dioxide and helium as fire extinguishing agents for spacecraft nasa cp 2004 213205 vol2 2004 pp 409 418,44,4,0.00513,0.010450942666376872
row-0003605,citation::son youngjin paul d ronney and suleyman gokoglu comparison of carbon dioxide and helium as fire extinguishing agents for spacecraft nasa cp 2004 213205 vol2 2004 pp 409 418,44,4,0.02183,0.02405402068190555
row-0003633,doi::10.1016/j.proci.2014.07.017,44,4,0.00045,0.0014130205507702793
row-0003634,doi::10.1016/j.proci.2014.07.017,44,4,0.00044,0.0014130205507702793
row-0003636,doi::10.1016/j.proci.2014.07.017,44,4,0.00078,0.0014130205507702793
row-0003639,doi::10.1016/j.proci.2014.07.017,44,4,0.00101,0.0014149651230204589
row-0003643,doi::10.1016/j.proci.2014.07.017,44,4,0.00117,0.0014149651230204589
row-0003645,doi::10.1016/j.proci.2014.07.017,44,4,0.00146,0.0014149651230204589
row-0003654,doi::10.1016/j.proci.2014.07.017,44,4,0.00089,0.001406279393849337
row-0003665,doi::10.1016/j.proci.2014.07.017,44,4,0.00313,0.0018340407758874536
row-0003676,doi::10.1016/j.proci.2014.07.017,44,4,0.00529,0.0029687186191402503
row-0003682,doi::10.1016/j.proci.2014.07.017,44,4,0.00029,0.001423069110363163
row-0003685,doi::10.1016/j.proci.2014.07.017,44,4,0.00044,0.0014182024648798054
row-0003694,doi::10.1016/j.proci.2014.07.017,44,4,0.00096,0.001464009981985561
row-0003697,doi::10.1016/j.proci.2014.07.017,44,4,0.00171,0.001464009981985561
row-0003704,doi::10.1016/j.proci.2014.07.017,44,4,0.00222,0.00173525204308725
row-0003711,doi::10.1016/j.proci.2014.07.017,44,4,0.00049,0.0014032770853007295
row-0003722,doi::10.1016/j.proci.2014.07.017,44,4,0.00038,0.0014032770853007295
row-0003745,doi::10.1016/j.proci.2014.07.017,44,4,0.00026,0.0014032770853007295
row-0003771,doi::10.1016/j.proci.2014.07.017,44,4,0.00056,0.0014182024648798054
row-0004102,citation::takahashi shuhei takeshi nagumo kazunori wakai and subrata bhattacharjee effects of ambient condition on flame spread over a thin pmma sheet jsme international journal series b 43 4 2000 556 562,44,4,0.00501,0.0041425355578087256
row-0004108,citation::takahashi shuhei takeshi nagumo kazunori wakai and subrata bhattacharjee effects of ambient condition on flame spread over a thin pmma sheet jsme international journal series b 43 4 2000 556 562,44,4,0.00144,0.0023873181420937142
row-0004110,citation::takahashi shuhei takeshi nagumo kazunori wakai and subrata bhattacharjee effects of ambient condition on flame spread over a thin pmma sheet jsme international journal series b 43 4 2000 556 562,44,4,0.00056,0.0014199469488301224
row-0004114,citation::takahashi shuhei takeshi nagumo kazunori wakai and subrata bhattacharjee effects of ambient condition on flame spread over a thin pmma sheet jsme international journal series b 43 4 2000 556 562,44,4,0.00024,0.0014156222523733113
row-0004115,citation::takahashi shuhei takeshi nagumo kazunori wakai and subrata bhattacharjee effects of ambient condition on flame spread over a thin pmma sheet jsme international journal series b 43 4 2000 556 562,44,4,0.00194,0.0030677572865680782
row-0004124,citation::takahashi shuhei takeshi nagumo kazunori wakai and subrata bhattacharjee effects of ambient condition on flame spread over a thin pmma sheet jsme international journal series b 43 4 2000 556 562,44,4,0.00049,0.0003914842601587988
row-0004126,citation::takahashi shuhei takeshi nagumo kazunori wakai and subrata bhattacharjee effects of ambient condition on flame spread over a thin pmma sheet jsme international journal series b 43 4 2000 556 562,44,4,0.0003,0.00011660214935426842
row-0004138,citation::takahashi shuhei takeshi nagumo kazunori wakai and subrata bhattacharjee effects of ambient condition on flame spread over a thin pmma sheet jsme international journal series b 43 4 2000 556 562,44,4,0.00019,0.0003775159233905115
row-0004139,citation::takahashi shuhei takeshi nagumo kazunori wakai and subrata bhattacharjee effects of ambient condition on flame spread over a thin pmma sheet jsme international journal series b 43 4 2000 556 562,44,4,6e-05,0.00014218757511505478
row-0004141,citation::takahashi shuhei takeshi nagumo kazunori wakai and subrata bhattacharjee effects of ambient condition on flame spread over a thin pmma sheet jsme international journal series b 43 4 2000 556 562,44,4,6e-05,0.0020292061638911207
row-0004143,citation::takahashi shuhei takeshi nagumo kazunori wakai and subrata bhattacharjee effects of ambient condition on flame spread over a thin pmma sheet jsme international journal series b 43 4 2000 556 562,44,4,0.06336,0.051498445761904404
row-0004149,citation::takahashi shuhei takeshi nagumo kazunori wakai and subrata bhattacharjee effects of ambient condition on flame spread over a thin pmma sheet jsme international journal series b 43 4 2000 556 562,44,4,0.0061,0.004181313669696837
row-0004150,citation::takahashi shuhei takeshi nagumo kazunori wakai and subrata bhattacharjee effects of ambient condition on flame spread over a thin pmma sheet jsme international journal series b 43 4 2000 556 562,44,4,0.00536,0.004157241555680329
row-0004156,citation::takahashi shuhei takeshi nagumo kazunori wakai and subrata bhattacharjee effects of ambient condition on flame spread over a thin pmma sheet jsme international journal series b 43 4 2000 556 562,44,4,0.00202,0.0030625301028946094
row-0004159,citation::takahashi shuhei takeshi nagumo kazunori wakai and subrata bhattacharjee effects of ambient condition on flame spread over a thin pmma sheet jsme international journal series b 43 4 2000 556 562,44,4,0.00139,0.003296864738810521
row-0004170,citation::takahashi shuhei takeshi nagumo kazunori wakai and subrata bhattacharjee effects of ambient condition on flame spread over a thin pmma sheet jsme international journal series b 43 4 2000 556 562,44,4,0.00053,0.0007330735764563477
row-0004173,citation::takahashi shuhei takeshi nagumo kazunori wakai and subrata bhattacharjee effects of ambient condition on flame spread over a thin pmma sheet jsme international journal series b 43 4 2000 556 562,44,4,0.00086,0.0008252549031113811
row-0004176,citation::takahashi shuhei takeshi nagumo kazunori wakai and subrata bhattacharjee effects of ambient condition on flame spread over a thin pmma sheet jsme international journal series b 43 4 2000 556 562,44,4,0.00062,0.0009251970672557284
row-0004219,citation::takahashi shuhei et al effect of ambient gas on flame spread over a solid material in microgravity journal of the japanese society for microgravity application vol 24 no 3 2007 pp 225 230,44,4,0.0105,0.004820626253621925
row-0004220,citation::takahashi shuhei et al effect of ambient gas on flame spread over a solid material in microgravity journal of the japanese society for microgravity application vol 24 no 3 2007 pp 225 230,44,4,0.0083,0.004088718934992039
row-0004221,citation::takahashi shuhei et al effect of ambient gas on flame spread over a solid material in microgravity journal of the japanese society for microgravity application vol 24 no 3 2007 pp 225 230,44,4,0.0053,0.0038323260693142788
row-0004235,doi::10.1016/j.proci.2018.06.022,44,4,0.00292,0.003604866841166968
row-0004244,doi::10.1016/j.proci.2018.06.022,44,4,0.00479,0.00510650417087014
row-0004248,doi::10.1016/j.proci.2018.06.022,44,4,0.00281,0.003484327022598015
row-0004251,doi::10.1016/j.proci.2018.06.022,44,4,0.00404,0.003490880270827436
row-0004262,doi::10.1016/j.proci.2018.06.022,44,4,0.00421,0.0039749823397064255
row-0004272,doi::10.1016/j.proci.2018.06.022,44,4,0.00535,0.0037764845726369557
row-0004274,doi::10.1016/j.proci.2018.06.022,44,4,0.00278,0.0025189950066959407
row-0004282,doi::10.1016/j.proci.2018.06.022,44,4,0.00312,0.0026012174064465685
row-0004284,doi::10.1016/j.proci.2018.06.022,44,4,0.00191,0.002642437257603872
row-0004291,doi::10.1016/j.proci.2018.06.022,44,4,0.00193,0.002721966693872161
row-0004298,doi::10.1016/j.proci.2018.06.022,44,4,0.00142,0.0024055879653279016
row-0004299,doi::10.1016/j.proci.2018.06.022,44,4,0.002,0.0023908848634314347
row-0004302,doi::10.1016/j.proci.2018.06.022,44,4,0.00315,0.0024491998124890756
row-0004314,doi::10.1038/s41598-017-18398-4,44,4,0.00173,0.0014171547494951724
row-0004318,doi::10.1038/s41598-017-18398-4,44,4,0.00262,0.0014186742512958925
row-0004325,doi::10.1038/s41598-017-18398-4,44,4,0.00153,0.0014312932548122997
row-0004328,doi::10.1038/s41598-017-18398-4,44,4,0.00097,0.0014273609440131633
row-0004334,doi::10.1038/s41598-017-18398-4,44,4,0.00141,0.001431019270134631
row-0004352,doi::10.1016/s1540-7489(02)80314-5,44,4,0.02333,0.021496734260461788
row-0004353,doi::10.1016/s1540-7489(02)80314-5,44,4,0.01529,0.01832422626034677
row-0004355,doi::10.1016/s1540-7489(02)80314-5,44,4,0.01496,0.016454070930676478
row-0004371,doi::10.1016/s1540-7489(02)80314-5,44,4,0.01096,0.011538640303004475
row-0004372,doi::10.1016/s1540-7489(02)80314-5,44,4,0.00898,0.011895864969671165
row-0004373,doi::10.1016/s1540-7489(02)80314-5,44,4,0.01188,0.013436226437918227
row-0004379,doi::10.1016/s1540-7489(02)80314-5,44,4,0.01029,0.010114026932448296
row-0004396,doi::10.1016/s1540-7489(02)80314-5,44,4,0.00234,0.004763264022722968
row-0004397,doi::10.1016/s1540-7489(02)80314-5,44,4,0.0023,0.00491696248245305
row-0004398,doi::10.1016/s1540-7489(02)80314-5,44,4,0.00223,0.004917166029739097
row-0004435,citation::urban david l interactions between flames on parallel solid surfaces nasa 0 combustion workshop n96 15588 1997,44,4,0.00802,0.015288223315433062
row-0004437,citation::urban david l interactions between flames on parallel solid surfaces nasa 0 combustion workshop n96 15588 1997,44,4,0.01095,0.03537868817877149
row-0004439,citation::urban david l interactions between flames on parallel solid surfaces nasa 0 combustion workshop n96 15588 1997,44,4,0.01304,0.015109396815289267
row-0004752,doi::10.1007/s10694-019-00878-w,44,4,0.0825,0.08853727285714226
row-0004754,doi::10.1007/s10694-019-00878-w,44,4,0.0545,0.08853727285714226
row-0004755,doi::10.1007/s12217-015-9419-z,44,4,0.00758,0.01170261878116522
row-0004769,doi::10.1007/s10694-019-00896-8,44,4,3e-05,8.537368472897272e-05
row-0004774,doi::10.1007/s10694-019-00896-8,44,4,0.0001,9.36275279091572e-05
row-0004780,doi::10.1007/s10694-019-00896-8,44,4,5e-05,9.338329092913153e-05
row-0004790,doi::10.1007/s10694-019-00896-8,44,4,0.00059,0.00044256733031352213
row-0004791,doi::10.1007/s10694-019-00896-8,44,4,0.00054,0.00044256733031352213
row-0004792,doi::10.1007/s10694-019-00896-8,44,4,0.0012,0.0014501359994713537
row-0004794,doi::10.1007/s10694-019-00896-8,44,4,0.0014,0.00145276916613802
row-0004805,doi::10.1007/s10694-019-00896-8,44,4,0.00013,0.00032579271965686116
row-0004812,doi::10.1007/s10694-019-00896-8,44,4,0.00033,0.0011452358178618857
row-0004816,doi::10.1007/s10694-019-00896-8,44,4,0.00014,0.001105275687407545
row-0004817,doi::10.1007/s10694-019-00896-8,44,4,0.00133,0.0014417079809272244
row-0004835,doi::10.1007/s10694-019-00896-8,44,4,0.00016,9.36275279091572e-05
row-0004836,doi::10.1007/s10694-019-00896-8,44,4,0.00016,9.36275279091572e-05
row-0004847,doi::10.1007/s10694-019-00896-8,44,4,0.00061,0.0004424098303135221
row-0004850,doi::10.1007/s10694-019-00896-8,44,4,0.00066,0.00044256733031352213
row-0004852,doi::10.1007/s10694-019-00896-8,44,4,0.00062,0.00044256733031352213
row-0004856,doi::10.1007/s10694-019-00896-8,44,4,0.0013,0.00145276916613802
row-0004909,doi::10.1016/j.proci.2024.105199,44,4,0.0069,0.004221629154218562
row-0004913,doi::10.1016/j.proci.2024.105199,44,4,0.006,0.004140764482110988
row-0004931,doi::10.1016/j.proci.2024.105199,44,4,0.0021,0.0016013137836080613
row-0004939,doi::10.1016/j.proci.2016.06.028,44,4,0.00175,0.0014103285499998772
row-0004941,doi::10.1016/j.proci.2016.06.028,44,4,0.0007,0.0014030048342542677
row-0004947,doi::10.1016/j.proci.2016.06.028,44,4,0.0015,0.001465935573136806
row-0004990,doi::10.1007/s12217-018-9655-0,44,4,0.0001,0.00031569166957258867
row-0004993,doi::10.1007/s12217-018-9655-0,44,4,0.0001,0.00031177219718448677
row-0004996,doi::10.1007/s12217-018-9655-0,44,4,3e-05,0.00023400598612359678
row-0005004,doi::10.1007/s12217-018-9655-0,44,4,0.00038,0.000399480619750944
row-0005005,doi::10.1007/s12217-018-9655-0,44,4,0.00042,0.00039998061975094406
row-0005007,doi::10.1007/s12217-018-9655-0,44,4,0.0006,0.00040133559559635463
row-0005016,doi::10.1007/s12217-018-9655-0,44,4,0.00026,0.00029927386381213566
row-0005017,doi::10.1007/s12217-018-9655-0,44,4,0.00033,0.0003001933743016462
row-0005021,doi::10.1007/s12217-018-9655-0,44,4,9e-05,0.00012011005613842612
row-0005024,doi::10.1007/s12217-018-9655-0,44,4,0.00023,0.0001202400561384261
row-0005027,doi::10.1007/s12217-018-9655-0,44,4,5e-05,9.140731144665356e-05
row-0005034,doi::10.1007/s12217-022-09945-4,44,4,0.0149,0.01196288139171426
row-0005048,doi::10.1016/j.combustflame.2019.03.040,44,4,0.00014,0.0003009160152910201
